source_event_id,event_name,event_date_iso,event_url,source_matchup_id,fighter_1_name,fighter_2_name,fighter_1_url,fighter_2_url,pair_key
ufc-3123,UFC,2024-01-13,https://www.bestfightodds.com/events/ufc-3123,33361,Johnny Walker,Magomed Ankalaev,/fighters/johnny-walker-8542,/fighters/magomed-ankalaev-7794,"('johnny walker', 'magomed ankalaev')"
ufc-3123,UFC,2024-01-13,https://www.bestfightodds.com/events/ufc-3123,33474,Gabriel Benitez,Jim Miller,/fighters/gabriel-benitez-5295,/fighters/jim-miller-265,"('gabriel benitez', 'jim miller')"
ufc-3123,UFC,2024-01-13,https://www.bestfightodds.com/events/ufc-3123,33475,Mario Bautista,Ricky Simon,/fighters/mario-bautista-8867,/fighters/ricky-simon-5780,"('mario bautista', 'ricky simon')"
ufc-3123,UFC,2024-01-13,https://www.bestfightodds.com/events/ufc-3123,33473,Manel Kape,Matheus Nicolau,/fighters/manel-kape-7510,/fighters/matheus-nicolau-5923,"('manel kape', 'matheus nicolau')"
ufc-3123,UFC,2024-01-13,https://www.bestfightodds.com/events/ufc-3123,33477,Brunno Ferreira,Phil Hawes,/fighters/brunno-ferreira-14404,/fighters/phil-hawes-5712,"('brunno ferreira', 'phil hawes')"
ufc-3123,UFC,2024-01-13,https://www.bestfightodds.com/events/ufc-3123,33479,Andrei Arlovski,Waldo Cortes-Acosta,/fighters/andrei-arlovski-487,/fighters/waldo-cortes-acosta-12830,"('andrei arlovski', 'waldo cortes acosta')"
ufc-3123,UFC,2024-01-13,https://www.bestfightodds.com/events/ufc-3123,33725,Matthew Semelsberger,Preston Parsons,/fighters/matthew-semelsberger-10268,/fighters/preston-parsons-6472,"('matt semelsberger', 'preston parsons')"
ufc-3123,UFC,2024-01-13,https://www.bestfightodds.com/events/ufc-3123,33485,Gaston Bolanos,Marcus McGhee,/fighters/gaston-bolanos-6991,/fighters/marcus-mcghee-14050,"('gaston bolanos', 'marcus mcghee')"
ufc-3123,UFC,2024-01-13,https://www.bestfightodds.com/events/ufc-3123,33476,Ketlen Vieira,Macy Chiasson,/fighters/ketlen-vieira-6585,/fighters/macy-chiasson-8148,"('ketlen vieira', 'macy chiasson')"
ufc-3123,UFC,2024-01-13,https://www.bestfightodds.com/events/ufc-3123,33480,Farid Basharat,Taylor Lapilus,/fighters/farid-basharat-11791,/fighters/taylor-lapilus-5164,"('farid basharat', 'taylor lapilus')"
ufc-3123,UFC,2024-01-13,https://www.bestfightodds.com/events/ufc-3123,33652,Jean Silva,Westin Wilson,/fighters/jean-silva-554,/fighters/westin-wilson-7567,"('jean silva', 'westin wilson')"
ufc-3123,UFC,2024-01-13,https://www.bestfightodds.com/events/ufc-3123,33483,Nikolas Motta,Tom Nolan,/fighters/nikolas-motta-9314,/fighters/tom-nolan-16303,"('nikolas motta', 'tom nolan')"
ufc-3123,UFC,2024-01-13,https://www.bestfightodds.com/events/ufc-3123,33726,Felipe Bunes,Joshua van,/fighters/felipe-bunes-13242,/fighters/joshua-van-14745,"('felipe bunes', 'joshua van')"
ufc-3122,UFC,2024-01-20,https://www.bestfightodds.com/events/ufc-3122,33360,Jimmy Flick,Malcolm Gordon,/fighters/jimmy-flick-1923,/fighters/malcolm-gordon-3630,"('jimmy flick', 'malcolm gordon')"
ufc-297-3106,UFC 297,2024-01-21,https://www.bestfightodds.com/events/ufc-297-3106,33198,Dricus Du Plessis,Sean Strickland,/fighters/dricus-du-plessis-7951,/fighters/sean-strickland-4733,"('dricus du plessis', 'sean strickland')"
ufc-297-3106,UFC 297,2024-01-21,https://www.bestfightodds.com/events/ufc-297-3106,33349,Mayra Bueno Silva,Raquel Pennington,/fighters/mayra-bueno-silva-9839,/fighters/raquel-pennington-3353,"('mayra bueno silva', 'raquel pennington')"
ufc-297-3106,UFC 297,2024-01-21,https://www.bestfightodds.com/events/ufc-297-3106,33354,Mike Malott,Neil Magny,/fighters/mike-malott-5196,/fighters/neil-magny-3807,"('mike malott', 'neil magny')"
ufc-297-3106,UFC 297,2024-01-21,https://www.bestfightodds.com/events/ufc-297-3106,33356,Chris Curtis,Marc-Andre Barriault,/fighters/chris-curtis-6020,/fighters/marc-andre-barriault-8960,"('chris curtis', 'marc andre barriault')"
ufc-297-3106,UFC 297,2024-01-21,https://www.bestfightodds.com/events/ufc-297-3106,33355,Arnold Allen,Movsar Evloev,/fighters/arnold-allen-4218,/fighters/movsar-evloev-8457,"('arnold allen', 'movsar evloev')"
ufc-297-3106,UFC 297,2024-01-21,https://www.bestfightodds.com/events/ufc-297-3106,33357,Brad Katona,Garrett Armfield,/fighters/brad-katona-8426,/fighters/garrett-armfield-9084,"('brad katona', 'garrett armfield')"
ufc-297-3106,UFC 297,2024-01-21,https://www.bestfightodds.com/events/ufc-297-3106,33351,Charles Jourdain,Sean Woodson,/fighters/charles-jourdain-9131,/fighters/sean-woodson-9342,"('charles jourdain', 'sean woodson')"
ufc-297-3106,UFC 297,2024-01-21,https://www.bestfightodds.com/events/ufc-297-3106,33353,Ramon Taveras,Serhiy Sidey,/fighters/ramon-taveras-16460,/fighters/serhiy-sidey-13707,"('ramon taveras', 'serhiy sidey')"
ufc-297-3106,UFC 297,2024-01-21,https://www.bestfightodds.com/events/ufc-297-3106,33359,Gillian Robertson,Polyana Viana,/fighters/gillian-robertson-7784,/fighters/polyana-viana-7817,"('gillian robertson', 'polyana viana')"
ufc-297-3106,UFC 297,2024-01-21,https://www.bestfightodds.com/events/ufc-297-3106,33358,Sam Patterson,Yohan Lainesse,/fighters/sam-patterson-11410,/fighters/yohan-lainesse-9952,"('sam patterson', 'yohan lainesse')"
ufc-297-3106,UFC 297,2024-01-21,https://www.bestfightodds.com/events/ufc-297-3106,33653,Jasmine Jasudavicius,Priscila Cachoeira,/fighters/jasmine-jasudavicius-9869,/fighters/priscila-cachoeira-7754,"('jasmine jasudavicius', 'priscila cachoeira')"
ufc-fight-night-3158,UFC Fight Night,2024-02-03,https://www.bestfightodds.com/events/ufc-fight-night-3158,33719,Diana Belbita,Molly McCann,/fighters/diana-belbita-9450,/fighters/molly-mccann-5311,"('diana belbita', 'molly mccann')"
ufc-fight-night-3158,UFC Fight Night,2024-02-03,https://www.bestfightodds.com/events/ufc-fight-night-3158,33744,Azat Maksum,Charles Johnson,/fighters/azat-maksum-10897,/fighters/charles-johnson-7494,"('azat maksum', 'charles johnson')"
ufc-fight-night-3158,UFC Fight Night,2024-02-03,https://www.bestfightodds.com/events/ufc-fight-night-3158,33871,Pete Rodriguez,Themba Gorimbo,/fighters/pete-rodriguez-14497,/fighters/themba-gorimbo-12770,"('pete rodriguez', 'themba gorimbo')"
ufc-fight-night-3158,UFC Fight Night,2024-02-03,https://www.bestfightodds.com/events/ufc-fight-night-3158,33718,Blake Bilder,Jeongyeong Lee,/fighters/blake-bilder-13013,/fighters/jeongyeong-lee-14611,"('blake bilder', 'jeongyeong lee')"
ufc-fight-night-3158,UFC Fight Night,2024-02-03,https://www.bestfightodds.com/events/ufc-fight-night-3158,33712,Julija Stoliarenko,Luana Carolina,/fighters/julija-stoliarenko-9926,/fighters/luana-carolina-8992,"('julija stoliarenko', 'luana carolina')"
ufc-fight-night-3158,UFC Fight Night,2024-02-03,https://www.bestfightodds.com/events/ufc-fight-night-3158,33713,Landon Quinones,Marquel Mederos,/fighters/landon-quinones-9461,/fighters/marquel-mederos-10796,"('landon quinones', 'marquel mederos')"
ufc-fight-night-3158,UFC Fight Night,2024-02-03,https://www.bestfightodds.com/events/ufc-fight-night-3158,33711,Jamal Pogues,Thomas Petersen,/fighters/jamal-pogues-8230,/fighters/thomas-petersen-10546,"('jamal pogues', 'thomas petersen')"
road-to-ufc-3188,Road to UFC,2024-02-04,https://www.bestfightodds.com/events/road-to-ufc-3188,33934,Jiniushiyue,Rei Tsuruya,/fighters/jiniushiyue-15863,/fighters/rei-tsuruya-15872,"('jiniushiyue', 'rei tsuruya')"
road-to-ufc-3188,Road to UFC,2024-02-04,https://www.bestfightodds.com/events/road-to-ufc-3188,33935,Kaiwen Li,Zha Yi,/fighters/kaiwen-li-15871,/fighters/zha-yi-13926,"('kaiwen li', 'zha yi')"
road-to-ufc-3188,Road to UFC,2024-02-04,https://www.bestfightodds.com/events/road-to-ufc-3188,33936,Shin Haraguchi,Zhu Rong,/fighters/shin-haraguchi-15881,/fighters/zhu-rong-10936,"('shin haraguchi', 'zhu rong')"
road-to-ufc-3188,Road to UFC,2024-02-04,https://www.bestfightodds.com/events/road-to-ufc-3188,33937,Kaiwen Li,Yizha,/fighters/kaiwen-li-15871,/fighters/yizha-17111,"('kaiwen li', 'yizha')"
road-to-ufc-3188,Road to UFC,2024-02-04,https://www.bestfightodds.com/events/road-to-ufc-3188,33938,Rongzhu,Shin Haraguchi,/fighters/rongzhu-17112,/fighters/shin-haraguchi-15881,"('rongzhu', 'shin haraguchi')"
ufc-fight-night-3160,UFC Fight Night,2024-02-04,https://www.bestfightodds.com/events/ufc-fight-night-3160,33705,Nassourdine Imavov,Roman Dolidze,/fighters/nassourdine-imavov-10307,/fighters/roman-dolidze-9094,"('nassourdine imavov', 'roman dolidze')"
ufc-fight-night-3160,UFC Fight Night,2024-02-04,https://www.bestfightodds.com/events/ufc-fight-night-3160,33721,Drew Dober,Renato Moicano,/fighters/drew-dober-1576,/fighters/renato-moicano-5598,"('drew dober', 'renato moicano')"
ufc-fight-night-3160,UFC Fight Night,2024-02-04,https://www.bestfightodds.com/events/ufc-fight-night-3160,33806,Muslim Salikhov,Randy Brown,/fighters/muslim-salikhov-7701,/fighters/randy-brown-6139,"('muslim salikhov', 'randy brown')"
ufc-fight-night-3160,UFC Fight Night,2024-02-04,https://www.bestfightodds.com/events/ufc-fight-night-3160,33716,Natalia Silva,Viviane Araujo,/fighters/natalia-silva-10547,/fighters/viviane-araujo-9155,"('natalia silva', 'viviane araujo')"
ufc-fight-night-3160,UFC Fight Night,2024-02-04,https://www.bestfightodds.com/events/ufc-fight-night-3160,33715,Aliaskhab Khizriev,Makhmud Muradov,/fighters/aliaskhab-khizriev-8002,/fighters/makhmud-muradov-8383,"('aliaskhab khizriev', 'makhmud muradov')"
ufc-fight-night-3160,UFC Fight Night,2024-02-04,https://www.bestfightodds.com/events/ufc-fight-night-3160,33722,Charles Radtke,Gilbert Urbina,/fighters/charles-radtke-10622,/fighters/gilbert-urbina-8520,"('charles radtke', 'gilbert urbina')"
ufc-3163,UFC,2024-02-10,https://www.bestfightodds.com/events/ufc-3163,33997,Bolaji Oki,Timothy Cuamba,/fighters/bolaji-oki-16406,/fighters/timothy-cuamba-11019,"('bolaji oki', 'timothy cuamba')"
ufc-3163,UFC,2024-02-10,https://www.bestfightodds.com/events/ufc-3163,33736,Bruna Brasil,Loma Lookboonmee,/fighters/bruna-brasil-13778,/fighters/loma-lookboonmee-7834,"('bruna brasil', 'loma lookboonmee')"
ufc-3163,UFC,2024-02-10,https://www.bestfightodds.com/events/ufc-3163,33742,Devin Clark,Marcin Prachnio,/fighters/devin-clark-5571,/fighters/marcin-prachnio-6346,"('devin clark', 'marcin prachnio')"
ufc-3163,UFC,2024-02-10,https://www.bestfightodds.com/events/ufc-3163,33738,Jeremiah Wells,Max Griffin,/fighters/jeremiah-wells-8059,/fighters/max-griffin-6581,"('jeremiah wells', 'max griffin')"
ufc-3163,UFC,2024-02-10,https://www.bestfightodds.com/events/ufc-3163,33740,Bogdan Guskov,Zac Pauga,/fighters/bogdan-guskov-16384,/fighters/zac-pauga-10550,"('bogdan guskov', 'zac pauga')"
ufc-3163,UFC,2024-02-10,https://www.bestfightodds.com/events/ufc-3163,33986,Fernie Garcia,Hyder Amil,/fighters/fernie-garcia-9000,/fighters/hyder-amil-8178,"('fernie garcia', 'hyder amil')"
ufc-3163,UFC,2024-02-10,https://www.bestfightodds.com/events/ufc-3163,33852,Daniel Marcos,Qileng Aori,/fighters/daniel-marcos-14365,/fighters/qileng-aori-10837,"('daniel marcos', 'qileng aori')"
ufc-3163,UFC,2024-02-10,https://www.bestfightodds.com/events/ufc-3163,33737,Aori Qileng,Daniel Marcos,/fighters/aori-qileng-13588,/fighters/daniel-marcos-14365,"('aori qileng', 'daniel marcos')"
ufc-3194,UFC,2024-02-11,https://www.bestfightodds.com/events/ufc-3194,33735,Jack Hermansson,Joe Pyfer,/fighters/jack-hermansson-2474,/fighters/joe-pyfer-8530,"('jack hermansson', 'joe pyfer')"
ufc-3194,UFC,2024-02-11,https://www.bestfightodds.com/events/ufc-3194,33920,Andre Fili,Dan Ige,/fighters/andre-fili-4466,/fighters/dan-ige-6448,"('andre fili', 'dan ige')"
ufc-3194,UFC,2024-02-11,https://www.bestfightodds.com/events/ufc-3194,33987,Ihor Potieria,Robert Bryczek,/fighters/ihor-potieria-13119,/fighters/robert-bryczek-11162,"('ihor potieria', 'robert bryczek')"
ufc-3194,UFC,2024-02-11,https://www.bestfightodds.com/events/ufc-3194,33731,Brad Tavares,Gregory Rodrigues,/fighters/brad-tavares-1959,/fighters/gregory-rodrigues-6917,"('brad tavares', 'gregory rodrigues')"
ufc-3194,UFC,2024-02-11,https://www.bestfightodds.com/events/ufc-3194,33732,Darrius Flowers,Michael Johnson,/fighters/darrius-flowers-8177,/fighters/michael-johnson-2219,"('darrius flowers', 'michael johnson')"
ufc-3194,UFC,2024-02-11,https://www.bestfightodds.com/events/ufc-3194,33730,Armen Petrosyan,Rodolfo Vieira,/fighters/armen-petrosyan-11514,/fighters/rodolfo-vieira-9318,"('armen petrosyan', 'rodolfo vieira')"
ufc-3194,UFC,2024-02-11,https://www.bestfightodds.com/events/ufc-3194,33734,Carlos Prates,Trevin Giles,/fighters/carlos-prates-14705,/fighters/trevin-giles-4665,"('carlos prates', 'trevin giles')"
ufc-3156,UFC,2024-02-17,https://www.bestfightodds.com/events/ufc-3156,33697,Andrea Lee,Miranda Maverick,/fighters/andrea-lee-5260,/fighters/miranda-maverick-6780,"('andrea lee', 'miranda maverick')"
ufc-298-3112,UFC 298,2024-02-18,https://www.bestfightodds.com/events/ufc-298-3112,33691,Marcin Tybura,Tai Tuivasa,/fighters/marcin-tybura-6200,/fighters/tai-tuivasa-7444,"('marcin tybura', 'tai tuivasa')"
ufc-298-3112,UFC 298,2024-02-18,https://www.bestfightodds.com/events/ufc-298-3112,33246,Alex Volkanovski,Alexsandre Topuria,/fighters/alex-volkanovski-6723,/fighters/alexsandre-topuria-15779,"('alex volkanovski', 'alexsandre topuria')"
ufc-298-3112,UFC 298,2024-02-18,https://www.bestfightodds.com/events/ufc-298-3112,33706,Paulo Costa,Robert Whittaker,/fighters/paulo-costa-7991,/fighters/robert-whittaker-3761,"('paulo costa', 'robert whittaker')"
ufc-298-3112,UFC 298,2024-02-18,https://www.bestfightodds.com/events/ufc-298-3112,33668,Geoff Neal,Ian Machado Garry,/fighters/geoff-neal-8453,/fighters/ian-machado-garry-15690,"('geoff neal', 'ian machado garry')"
ufc-298-3112,UFC 298,2024-02-18,https://www.bestfightodds.com/events/ufc-298-3112,33690,Henry Cejudo,Merab Dvalishvili,/fighters/henry-cejudo-4438,/fighters/merab-dvalishvili-6415,"('henry cejudo', 'merab dvalishvili')"
ufc-298-3112,UFC 298,2024-02-18,https://www.bestfightodds.com/events/ufc-298-3112,33919,Anthony Hernandez,Roman Kopylov,/fighters/anthony-hernandez-6092,/fighters/roman-kopylov-7343,"('anthony hernandez', 'roman kopylov')"
ufc-298-3112,UFC 298,2024-02-18,https://www.bestfightodds.com/events/ufc-298-3112,33815,Amanda Lemos,Mackenzie Dern,/fighters/amanda-lemos-7335,/fighters/mackenzie-dern-6488,"('amanda lemos', 'mackenzie dern')"
ufc-298-3112,UFC 298,2024-02-18,https://www.bestfightodds.com/events/ufc-298-3112,33695,Justin Tafa,Marcos Rogerio de Lima,/fighters/justin-tafa-9315,/fighters/marcos-rogerio-de-lima-2779,"('justin tafa', 'marcos rogerio de lima')"
ufc-298-3112,UFC 298,2024-02-18,https://www.bestfightodds.com/events/ufc-298-3112,33921,Carlos Vera,Rinya Nakamura,/fighters/carlos-vera-7002,/fighters/rinya-nakamura-13935,"('carlos vera', 'rinya nakamura')"
ufc-298-3112,UFC 298,2024-02-18,https://www.bestfightodds.com/events/ufc-298-3112,33694,Brendson Ribeiro,Zhang Mingyang,/fighters/brendson-ribeiro-13392,/fighters/zhang-mingyang-14721,"('brendson ribeiro', 'zhang mingyang')"
ufc-298-3112,UFC 298,2024-02-18,https://www.bestfightodds.com/events/ufc-298-3112,33854,Danny Barlow,Josh Quinlan,/fighters/danny-barlow-14814,/fighters/josh-quinlan-10316,"('danny barlow', 'josh quinlan')"
ufc-298-3112,UFC 298,2024-02-18,https://www.bestfightodds.com/events/ufc-298-3112,33699,Oban Elliott,Val Woodburn,/fighters/oban-elliott-9107,/fighters/val-woodburn-16106,"('oban elliott', 'val woodburn')"
ufc-3162,UFC,2024-02-25,https://www.bestfightodds.com/events/ufc-3162,33746,Raul Rosas Jr,Ricky Turcios,/fighters/raul-rosas-jr-14405,/fighters/ricky-turcios-4236,"('raul rosas jr', 'ricky turcios')"
ufc-3162,UFC,2024-02-25,https://www.bestfightodds.com/events/ufc-3162,33805,Brandon Moreno,Brandon Royval,/fighters/brandon-moreno-6681,/fighters/brandon-royval-7031,"('brandon moreno', 'brandon royval')"
ufc-3162,UFC,2024-02-25,https://www.bestfightodds.com/events/ufc-3162,33729,Brian Ortega,Yair Rodriguez,/fighters/brian-ortega-4290,/fighters/yair-rodriguez-5292,"('brian ortega', 'yair rodriguez')"
ufc-3162,UFC,2024-02-25,https://www.bestfightodds.com/events/ufc-3162,33918,Daniel Zellhuber,Francisco Prado,/fighters/daniel-zellhuber-9200,/fighters/francisco-prado-15049,"('daniel zellhuber', 'francisco prado')"
ufc-3162,UFC,2024-02-25,https://www.bestfightodds.com/events/ufc-3162,33750,Sam Hughes,Yazmin Jauregui,/fighters/sam-hughes-9863,/fighters/yazmin-jauregui-13793,"('sam hughes', 'yazmin jauregui')"
ufc-3162,UFC,2024-02-25,https://www.bestfightodds.com/events/ufc-3162,33751,Chris Duncan,Manuel Torres,/fighters/chris-duncan-8861,/fighters/manuel-torres-11468,"('chris duncan', 'manuel torres')"
ufc-3162,UFC,2024-02-25,https://www.bestfightodds.com/events/ufc-3162,33917,Christian Quinonez,Raoni Barcelos,/fighters/christian-quinonez-10741,/fighters/raoni-barcelos-4521,"('christian quinonez', 'raoni barcelos')"
ufc-3162,UFC,2024-02-25,https://www.bestfightodds.com/events/ufc-3162,33748,Jesus Santos Aguilar,Mateus Mendonca,/fighters/jesus-santos-aguilar-14279,/fighters/mateus-mendonca-14501,"('jesus santos aguilar', 'mateus mendonca')"
ufc-3162,UFC,2024-02-25,https://www.bestfightodds.com/events/ufc-3162,33985,Daniel da Silva,Edgar Chairez,/fighters/daniel-da-silva-13133,/fighters/edgar-chairez-9509,"('daniel da silva', 'edgar chairez')"
ufc-3162,UFC,2024-02-25,https://www.bestfightodds.com/events/ufc-3162,33747,Daniel Lacerda,Edgar Chairez,/fighters/daniel-lacerda-12102,/fighters/edgar-chairez-9509,"('daniel lacerda', 'edgar chairez')"
ufc-3162,UFC,2024-02-25,https://www.bestfightodds.com/events/ufc-3162,33915,Claudio Puelles,Fares Ziam,/fighters/claudio-puelles-6804,/fighters/fares-ziam-9451,"('claudio puelles', 'fares ziam')"
ufc-3162,UFC,2024-02-25,https://www.bestfightodds.com/events/ufc-3162,33914,Denys Bondar,Luis Rodriguez,/fighters/denys-bondar-10576,/fighters/luis-rodriguez-10230,"('denys bondar', 'luis rodriguez')"
ufc-3162,UFC,2024-02-25,https://www.bestfightodds.com/events/ufc-3162,33749,Felipe Dos Santos,Victor Altamirano,/fighters/felipe-dos-santos-14707,/fighters/victor-altamirano-9662,"('felipe dos santos', 'victor altamirano')"
ufc-3162,UFC,2024-02-25,https://www.bestfightodds.com/events/ufc-3162,33916,Erik Silva,Muhammad Naimov,/fighters/erik-silva-14213,/fighters/muhammad-naimov-10630,"('erik silva', 'muhammad naimov')"
ufc-3193,UFC,2024-03-02,https://www.bestfightodds.com/events/ufc-3193,33984,Jairzinho Rozenstruik,Shamil Gaziev,/fighters/jairzinho-rozenstruik-8218,/fighters/shamil-gaziev-12522,"('jairzinho rozenstruik', 'shamil gaziev')"
ufc-3193,UFC,2024-03-02,https://www.bestfightodds.com/events/ufc-3193,33981,Joel Alvarez,Ludovit Klein,/fighters/joel-alvarez-8910,/fighters/ludovit-klein-7610,"('joel alvarez', 'ludovit klein')"
ufc-3193,UFC,2024-03-02,https://www.bestfightodds.com/events/ufc-3193,34185,Brendon Marotte,Mohammad Yahya,/fighters/brendon-marotte-7869,/fighters/mohammad-yahya-7764,"('brendon marotte', 'mohammad yahya')"
ufc-3193,UFC,2024-03-02,https://www.bestfightodds.com/events/ufc-3193,33980,Vinicius Oliveira,Yanis Ghemmouri,/fighters/vinicius-oliveira-16540,/fighters/yanis-ghemmouri-11422,"('vinicius oliveira', 'yanis ghemmouri')"
ufc-3193,UFC,2024-03-02,https://www.bestfightodds.com/events/ufc-3193,33975,Tyson Pedro,Vitor Petrino,/fighters/tyson-pedro-6826,/fighters/vitor-petrino-14346,"('tyson pedro', 'vitor petrino')"
ufc-3193,UFC,2024-03-02,https://www.bestfightodds.com/events/ufc-3193,33983,Alex Perez,Muhammad Mokaev,/fighters/alex-perez-2459,/fighters/muhammad-mokaev-10995,"('alex perez', 'muhammad mokaev')"
ufc-3193,UFC,2024-03-02,https://www.bestfightodds.com/events/ufc-3193,34090,Bekzat Almakhan,Umar Nurmagomedov,/fighters/bekzat-almakhan-15004,/fighters/umar-nurmagomedov-9365,"('bekzat almakhan', 'umar nurmagomedov')"
ufc-3193,UFC,2024-03-02,https://www.bestfightodds.com/events/ufc-3193,34072,Matt Schnell,Steve Erceg,/fighters/matt-schnell-3492,/fighters/steve-erceg-17167,"('matt schnell', 'steve erceg')"
ufc-3193,UFC,2024-03-02,https://www.bestfightodds.com/events/ufc-3193,34191,Bernardo Sopai,Vinicius Oliveira,/fighters/bernardo-sopai-10998,/fighters/vinicius-oliveira-16540,"('bernardo sopai', 'vinicius oliveira')"
ufc-3193,UFC,2024-03-02,https://www.bestfightodds.com/events/ufc-3193,33982,Eryk Anders,Jamie Pickett,/fighters/eryk-anders-6686,/fighters/jamie-pickett-7361,"('eryk anders', 'jamie pickett')"
ufc-3193,UFC,2024-03-02,https://www.bestfightodds.com/events/ufc-3193,33979,Aiemann Zahabi,Javid Basharat,/fighters/aiemann-zahabi-6901,/fighters/javid-basharat-10973,"('aiemann zahabi', 'javid basharat')"
ufc-3193,UFC,2024-03-02,https://www.bestfightodds.com/events/ufc-3193,34089,Christian Leroy Duncan,Claudio Ribeiro,/fighters/christian-leroy-duncan-12577,/fighters/claudio-ribeiro-14247,"('christian leroy duncan', 'claudio ribeiro')"
ufc-3193,UFC,2024-03-02,https://www.bestfightodds.com/events/ufc-3193,34190,Aj Cunningham,Ludovit Klein,/fighters/aj-cunningham-12280,/fighters/ludovit-klein-7610,"('aj cunningham', 'ludovit klein')"
ufc-3193,UFC,2024-03-02,https://www.bestfightodds.com/events/ufc-3193,33977,Abdul-Kareem Al-Selwady,Loik Radzhabov,/fighters/abdul-kareem-al-selwady-10295,/fighters/loik-radzhabov-9040,"('abdul kareem al selwady', 'loik radzhabov')"
ufc-3157,UFC,2024-03-09,https://www.bestfightodds.com/events/ufc-3157,33700,Asu Almabaev,Cj Vergara,/fighters/asu-almabaev-10853,/fighters/cj-vergara-17015,"('asu almabayev', 'cj vergara')"
ufc-3157,UFC,2024-03-09,https://www.bestfightodds.com/events/ufc-3157,33924,Joanne Wood,Maryna Moroz,/fighters/joanne-wood-12845,/fighters/maryna-moroz-5527,"('joanne wood', 'maryna moroz')"
ufc-299-3155,UFC 299,2024-03-10,https://www.bestfightodds.com/events/ufc-299-3155,32385,Marlon Vera,Sean O'Malley,/fighters/marlon-vera-5317,/fighters/sean-o-malley-7125,"('marlon vera', 'sean omalley')"
ufc-299-3155,UFC 299,2024-03-10,https://www.bestfightodds.com/events/ufc-299-3155,33752,Benoit Saint-Denis,Dustin Poirier,/fighters/benoit-saint-denis-10992,/fighters/dustin-poirier-2034,"('benoit saint denis', 'dustin poirier')"
ufc-299-3155,UFC 299,2024-03-10,https://www.bestfightodds.com/events/ufc-299-3155,33670,Kevin Holland,Michael Page,/fighters/kevin-holland-5910,/fighters/michael-page-3937,"('kevin holland', 'michael page')"
ufc-299-3155,UFC 299,2024-03-10,https://www.bestfightodds.com/events/ufc-299-3155,33669,Gilbert Burns,Jack Della Maddalena,/fighters/gilbert-burns-4747,/fighters/jack-della-maddalena-7492,"('gilbert burns', 'jack della maddalena')"
ufc-299-3155,UFC 299,2024-03-10,https://www.bestfightodds.com/events/ufc-299-3155,33667,Petr Yan,Song Yadong,/fighters/petr-yan-7578,/fighters/song-yadong-9482,"('petr yan', 'song yadong')"
ufc-299-3155,UFC 299,2024-03-10,https://www.bestfightodds.com/events/ufc-299-3155,33672,Curtis Blaydes,Jailton Almeida,/fighters/curtis-blaydes-5732,/fighters/jailton-almeida-12427,"('curtis blaydes', 'jailton almeida')"
ufc-299-3155,UFC 299,2024-03-10,https://www.bestfightodds.com/events/ufc-299-3155,34189,Katlyn Cerminara,Maycee Barber,/fighters/katlyn-cerminara-17241,/fighters/maycee-barber-7240,"('katlyn cerminara', 'maycee barber')"
ufc-299-3155,UFC 299,2024-03-10,https://www.bestfightodds.com/events/ufc-299-3155,33704,Katlyn Chookagian,Maycee Barber,/fighters/katlyn-chookagian-5133,/fighters/maycee-barber-7240,"('katlyn chookagian', 'maycee barber')"
ufc-299-3155,UFC 299,2024-03-10,https://www.bestfightodds.com/events/ufc-299-3155,33703,Mateusz Gamrot,Rafael Dos Anjos,/fighters/mateusz-gamrot-4189,/fighters/rafael-dos-anjos-895,"('mateusz gamrot', 'rafael dos anjos')"
ufc-299-3155,UFC 299,2024-03-10,https://www.bestfightodds.com/events/ufc-299-3155,33701,Kyler Phillips,Pedro Munhoz,/fighters/kyler-phillips-7228,/fighters/pedro-munhoz-3750,"('kyler phillips', 'pedro munhoz')"
ufc-299-3155,UFC 299,2024-03-10,https://www.bestfightodds.com/events/ufc-299-3155,34212,Ion Cutelaba,Philipe Lins,/fighters/ion-cutelaba-4315,/fighters/philipe-lins-3370,"('ion cutelaba', 'philipe lins')"
ufc-299-3155,UFC 299,2024-03-10,https://www.bestfightodds.com/events/ufc-299-3155,33922,Michal Oleksiejczuk,Michel Pereira,/fighters/michal-oleksiejczuk-7639,/fighters/michel-pereira-9071,"('michal oleksiejczuk', 'michel pereira')"
ufc-299-3155,UFC 299,2024-03-10,https://www.bestfightodds.com/events/ufc-299-3155,33923,Josh Parisian,Robelis Despaigne,/fighters/josh-parisian-8374,/fighters/robelis-despaigne-16067,"('josh parisian', 'robelis despaigne')"
ufc-3192,UFC,2024-03-16,https://www.bestfightodds.com/events/ufc-3192,33972,Macy Chiasson,Pannie Kianzad,/fighters/macy-chiasson-8148,/fighters/pannie-kianzad-5306,"('macy chiasson', 'pannie kianzad')"
ufc-3192,UFC,2024-03-16,https://www.bestfightodds.com/events/ufc-3192,33971,Bryan Barberena,Gerald Meerschaert,/fighters/bryan-barberena-4982,/fighters/gerald-meerschaert-3628,"('bryan barberena', 'gerald meerschaert')"
ufc-3192,UFC,2024-03-16,https://www.bestfightodds.com/events/ufc-3192,34186,Mike Davis,Natan Levy,/fighters/mike-davis-8423,/fighters/natan-levy-9159,"('mike davis', 'natan levy')"
ufc-3192,UFC,2024-03-16,https://www.bestfightodds.com/events/ufc-3192,33973,Chelsea Chandler,Josiane Nunes,/fighters/chelsea-chandler-7946,/fighters/josiane-nunes-11029,"('chelsea chandler', 'josiane nunes')"
ufc-3192,UFC,2024-03-16,https://www.bestfightodds.com/events/ufc-3192,33967,Jafel Filho,Ode Osbourne,/fighters/jafel-filho-14406,/fighters/ode-osbourne-9282,"('jafel filho', 'ode osbourne')"
ufc-3192,UFC,2024-03-16,https://www.bestfightodds.com/events/ufc-3192,33965,Danny Silva,Josh Culibao,/fighters/danny-silva-9217,/fighters/josh-culibao-9928,"('danny silva', 'josh culibao')"
ufc-3192,UFC,2024-03-16,https://www.bestfightodds.com/events/ufc-3192,33969,Cory McKenna,Jaqueline Amorim,/fighters/cory-mckenna-7840,/fighters/jaqueline-amorim-10780,"('cory mckenna', 'jaqueline amorim')"
ufc-3192,UFC,2024-03-16,https://www.bestfightodds.com/events/ufc-3192,34278,Mitch Ramirez,Thiago Moises,/fighters/mitch-ramirez-15736,/fighters/thiago-moises-6149,"('mitch ramirez', 'thiago moises')"
ufc-3192,UFC,2024-03-16,https://www.bestfightodds.com/events/ufc-3192,33970,Chad Anheliger,Charalampos Grigoriou,/fighters/chad-anheliger-12270,/fighters/charalampos-grigoriou-9980,"('chad anheliger', 'charalampos grigoriou')"
ufc-3206,UFC,2024-03-17,https://www.bestfightodds.com/events/ufc-3206,34092,Marcin Tybura,Tai Tuivasa,/fighters/marcin-tybura-6200,/fighters/tai-tuivasa-7444,"('marcin tybura', 'tai tuivasa')"
ufc-3206,UFC,2024-03-17,https://www.bestfightodds.com/events/ufc-3206,33968,Ange Loosa,Bryan Battle,/fighters/ange-loosa-9074,/fighters/bryan-battle-12265,"('ange loosa', 'bryan battle')"
ufc-3206,UFC,2024-03-17,https://www.bestfightodds.com/events/ufc-3206,33964,Kennedy Nzechukwu,Ovince St. Preux,/fighters/kennedy-nzechukwu-7454,/fighters/ovince-st-preux-1788,"('kennedy nzechukwu', 'ovince st preux')"
ufc-3206,UFC,2024-03-17,https://www.bestfightodds.com/events/ufc-3206,33974,Christian Rodriguez,Isaac Dulgarian,/fighters/christian-rodriguez-9146,/fighters/isaac-dulgarian-10816,"('christian rodriguez', 'isaac dulgarian')"
ufc-3202,UFC,2024-03-23,https://www.bestfightodds.com/events/ufc-3202,34058,Andre Lima,Igor da Silva,/fighters/andre-lima-16132,/fighters/igor-da-silva-16513,"('andre lima', 'igor da silva')"
ufc-3202,UFC,2024-03-23,https://www.bestfightodds.com/events/ufc-3202,34288,Andre Lima,Igor Severino,/fighters/andre-lima-16132,/fighters/igor-severino-17299,"('andre lima', 'igor severino')"
ufc-3202,UFC,2024-03-23,https://www.bestfightodds.com/events/ufc-3202,34061,Mick Parkin,Mohammed Usman,/fighters/mick-parkin-16020,/fighters/mohammed-usman-8067,"('mick parkin', 'mohammed usman')"
ufc-3174,UFC,2024-03-24,https://www.bestfightodds.com/events/ufc-3174,33817,Amanda Ribas,Rose Namajunas,/fighters/amanda-ribas-7245,/fighters/rose-namajunas-3803,"('amanda ribas', 'rose namajunas')"
ufc-3174,UFC,2024-03-24,https://www.bestfightodds.com/events/ufc-3174,34294,Justin Tafa,Karl Williams,/fighters/justin-tafa-9315,/fighters/karl-williams-13254,"('justin tafa', 'karl williams')"
ufc-3174,UFC,2024-03-24,https://www.bestfightodds.com/events/ufc-3174,34069,Aj Dobson,Edmen Shahbazyan,/fighters/aj-dobson-12493,/fighters/edmen-shahbazyan-8418,"('aj dobson', 'edmen shahbazyan')"
ufc-3174,UFC,2024-03-24,https://www.bestfightodds.com/events/ufc-3174,34060,Cameron Saaiman,Payton Talbott,/fighters/cameron-saaiman-11217,/fighters/payton-talbott-15422,"('cameron saaiman', 'payton talbott')"
ufc-3174,UFC,2024-03-24,https://www.bestfightodds.com/events/ufc-3174,34293,Billy Quartantillo,Youssef Zalal,/fighters/billy-quartantillo-17301,/fighters/youssef-zalal-8823,"('billy quartantillo', 'youssef zalal')"
ufc-3174,UFC,2024-03-24,https://www.bestfightodds.com/events/ufc-3174,34066,Fernando Padilla,Luis Pajuelo,/fighters/fernando-padilla-7653,/fighters/luis-pajuelo-16354,"('fernando padilla', 'luis pajuelo')"
ufc-3174,UFC,2024-03-24,https://www.bestfightodds.com/events/ufc-3174,34062,Kurt Holobaugh,Trey Ogden,/fighters/kurt-holobaugh-3814,/fighters/trey-ogden-5784,"('kurt holobaugh', 'trey ogden')"
ufc-3174,UFC,2024-03-24,https://www.bestfightodds.com/events/ufc-3174,34289,Julian Erosa,Ricardo Ramos,/fighters/julian-erosa-6088,/fighters/ricardo-ramos-5477,"('julian erosa', 'ricardo ramos')"
ufc-3174,UFC,2024-03-24,https://www.bestfightodds.com/events/ufc-3174,34291,Cody Gibson,Miles Johns,/fighters/cody-gibson-1915,/fighters/miles-johns-5373,"('cody gibson', 'miles johns')"
ufc-3174,UFC,2024-03-24,https://www.bestfightodds.com/events/ufc-3174,34063,Jarno Errens,Steven Nguyen,/fighters/jarno-errens-8222,/fighters/steven-nguyen-9291,"('jarno errens', 'steven nguyen')"
ufc-3174,UFC,2024-03-24,https://www.bestfightodds.com/events/ufc-3174,34065,Darya Zheleznyakova,Montserrat Rendon,/fighters/darya-zheleznyakova-14690,/fighters/montserrat-rendon-14504,"('darya zheleznyakova', 'montserrat rendon')"
ufc-3225,UFC,2024-03-30,https://www.bestfightodds.com/events/ufc-3225,34302,Andre Petroski,Jacob Malkoun,/fighters/andre-petroski-10388,/fighters/jacob-malkoun-10348,"('andre petroski', 'jacob malkoun')"
ufc-3225,UFC,2024-03-30,https://www.bestfightodds.com/events/ufc-3225,34300,Angel Pacheco,Caolan Loughran,/fighters/angel-pacheco-13017,/fighters/caolan-loughran-13592,"('angel pacheco', 'caolan loughran')"
ufc-3173,UFC,2024-03-31,https://www.bestfightodds.com/events/ufc-3173,34299,Erin Blanchfield,Manon Fiorot,/fighters/erin-blanchfield-8336,/fighters/manon-fiorot-8225,"('erin blanchfield', 'manon fiorot')"
ufc-3173,UFC,2024-03-31,https://www.bestfightodds.com/events/ufc-3173,34298,Joaquin Buckley,Vicente Luque,/fighters/joaquin-buckley-6458,/fighters/vicente-luque-5744,"('joaquin buckley', 'vicente luque')"
ufc-3173,UFC,2024-03-31,https://www.bestfightodds.com/events/ufc-3173,34303,Bruno Silva,Chris Weidman,/fighters/bruno-silva-7121,/fighters/chris-weidman-2309,"('bruno silva', 'chris weidman')"
ufc-3173,UFC,2024-03-31,https://www.bestfightodds.com/events/ufc-3173,34296,Nursulton Ruziboev,Sedriques Dumas,/fighters/nursulton-ruziboev-10851,/fighters/sedriques-dumas-12309,"('nursulton ruziboev', 'sedriques dumas')"
ufc-3173,UFC,2024-03-31,https://www.bestfightodds.com/events/ufc-3173,34307,Bill Algeo,Kyle Nelson,/fighters/bill-algeo-9171,/fighters/kyle-nelson-3633,"('bill algeo', 'kyle nelson')"
ufc-3173,UFC,2024-03-31,https://www.bestfightodds.com/events/ufc-3173,34295,Chidi Njokuani,Rhys McKee,/fighters/chidi-njokuani-2452,/fighters/rhys-mckee-6874,"('chidi njokuani', 'rhys mckee')"
ufc-3173,UFC,2024-03-31,https://www.bestfightodds.com/events/ufc-3173,34306,Jamall Emmers,Nate Landwehr,/fighters/jamall-emmers-6475,/fighters/nate-landwehr-3413,"('jamall emmers', 'nate landwehr')"
ufc-3173,UFC,2024-03-31,https://www.bestfightodds.com/events/ufc-3173,34297,Lupita Godinez,Virna Jandiroba,/fighters/lupita-godinez-9456,/fighters/virna-jandiroba-7726,"('lupita godinez', 'virna jandiroba')"
ufc-3173,UFC,2024-03-31,https://www.bestfightodds.com/events/ufc-3173,34332,Herbert Burns,Julio Arce,/fighters/herbert-burns-4735,/fighters/julio-arce-7436,"('herbert burns', 'julio arce')"
ufc-3173,UFC,2024-03-31,https://www.bestfightodds.com/events/ufc-3173,34305,Connor Matthews,Dennis Buzukja,/fighters/connor-matthews-13028,/fighters/dennis-buzukja-8602,"('connor matthews', 'dennis buzukja')"
ufc-3173,UFC,2024-03-31,https://www.bestfightodds.com/events/ufc-3173,34304,Anton Turkalj,Ibo Aslan,/fighters/anton-turkalj-10870,/fighters/ibo-aslan-16319,"('anton turkalj', 'ibo aslan')"
ufc-3173,UFC,2024-03-31,https://www.bestfightodds.com/events/ufc-3173,34301,Melissa Gatto,Victoria Dudakova,/fighters/melissa-gatto-9088,/fighters/victoria-dudakova-17302,"('melissa gatto', 'victoria dudakova')"
ufc-3230,UFC,2024-04-06,https://www.bestfightodds.com/events/ufc-3230,34348,Brendan Allen,Chris Curtis,/fighters/brendan-allen-6203,/fighters/chris-curtis-6020,"('brendan allen', 'chris curtis')"
ufc-3230,UFC,2024-04-06,https://www.bestfightodds.com/events/ufc-3230,34432,Alexander Hernandez,Damon Jackson,/fighters/alexander-hernandez-7977,/fighters/damon-jackson-3828,"('alexander hernandez', 'damon jackson')"
ufc-3230,UFC,2024-04-06,https://www.bestfightodds.com/events/ufc-3230,34425,Chepe Mariscal,Morgan Charriere,/fighters/chepe-mariscal-16150,/fighters/morgan-charriere-8980,"('chepe mariscal', 'morgan charriere')"
ufc-3230,UFC,2024-04-06,https://www.bestfightodds.com/events/ufc-3230,34426,Christos Giagos,Ignacio Bahamondes,/fighters/christos-giagos-5071,/fighters/ignacio-bahamondes-9750,"('christos giagos', 'ignacio bahamondes')"
ufc-3230,UFC,2024-04-06,https://www.bestfightodds.com/events/ufc-3230,34471,Charlie Campbell,Trevor Peek,/fighters/charlie-campbell-10235,/fighters/trevor-peek-14364,"('charlie campbell', 'trevor peek')"
ufc-3230,UFC,2024-04-06,https://www.bestfightodds.com/events/ufc-3230,34430,Alex Morono,Court McGee,/fighters/alex-morono-2727,/fighters/court-mcgee-1956,"('alex morono', 'court mcgee')"
ufc-3230,UFC,2024-04-06,https://www.bestfightodds.com/events/ufc-3230,34431,Lukasz Brzeski,Valter Walker,/fighters/lukasz-brzeski-10059,/fighters/valter-walker-17371,"('lukasz brzeski', 'valter walker')"
ufc-3230,UFC,2024-04-06,https://www.bestfightodds.com/events/ufc-3230,34429,Germaine de Randamie,Norma Dumont,/fighters/germaine-de-randamie-2269,/fighters/norma-dumont-9825,"('germaine de randamie', 'norma dumont')"
ufc-3230,UFC,2024-04-06,https://www.bestfightodds.com/events/ufc-3230,34603,Pedro Falcao,Victor Hugo,/fighters/pedro-falcao-5809,/fighters/victor-hugo-12838,"('pedro falcao', 'victor hugo')"
ufc-3230,UFC,2024-04-06,https://www.bestfightodds.com/events/ufc-3230,34433,Dan Argueta,Jean Matsumoto,/fighters/dan-argueta-14725,/fighters/jean-matsumoto-14110,"('dan argueta', 'jean matsumoto')"
ufc-3230,UFC,2024-04-06,https://www.bestfightodds.com/events/ufc-3230,34468,Cesar Almeida,Dylan Budka,/fighters/cesar-almeida-16304,/fighters/dylan-budka-13649,"('cesar almeida', 'dylan budka')"
ufc-3230,UFC,2024-04-06,https://www.bestfightodds.com/events/ufc-3230,34473,Melissa Dixon,Nora Cornolle,/fighters/melissa-dixon-13981,/fighters/nora-cornolle-14385,"('melissa dixon', 'nora cornolle')"
ufc-3230,UFC,2024-04-06,https://www.bestfightodds.com/events/ufc-3230,34470,Melissa Mullins,Nora Cornolle,/fighters/melissa-mullins-17402,/fighters/nora-cornolle-14385,"('melissa mullins', 'nora cornolle')"
ufc-3159,UFC,2024-04-13,https://www.bestfightodds.com/events/ufc-3159,34347,Jalin Turner,Renato Moicano,/fighters/jalin-turner-6854,/fighters/renato-moicano-5598,"('jalin turner', 'renato moicano')"
ufc-3159,UFC,2024-04-13,https://www.bestfightodds.com/events/ufc-3159,34034,Jessica Andrade,Marina Rodriguez,/fighters/jessica-andrade-4201,/fighters/marina-rodriguez-8543,"('jessica andrade', 'marina rodriguez')"
ufc-3159,UFC,2024-04-13,https://www.bestfightodds.com/events/ufc-3159,33814,Bobby Green,Jim Miller,/fighters/bobby-green-1060,/fighters/jim-miller-265,"('bobby green', 'jim miller')"
ufc-3159,UFC,2024-04-13,https://www.bestfightodds.com/events/ufc-3159,33808,Cody Garbrandt,Deiveson Figueiredo,/fighters/cody-garbrandt-5368,/fighters/deiveson-figueiredo-7514,"('cody garbrandt', 'deiveson figueiredo')"
ufc-300-3205,UFC 300,2024-04-14,https://www.bestfightodds.com/events/ufc-300-3205,34091,Alex Pereira,Jamahal Hill,/fighters/alex-pereira-10463,/fighters/jamahal-hill-9288,"('alex pereira', 'jamahal hill')"
ufc-300-3205,UFC 300,2024-04-14,https://www.bestfightodds.com/events/ufc-300-3205,33803,Yan Xiaonan,Zhang Weili,/fighters/yan-xiaonan-9553,/fighters/zhang-weili-9795,"('yan xiaonan', 'zhang weili')"
ufc-300-3205,UFC 300,2024-04-14,https://www.bestfightodds.com/events/ufc-300-3205,33813,Justin Gaethje,Max Holloway,/fighters/justin-gaethje-3964,/fighters/max-holloway-3090,"('justin gaethje', 'max holloway')"
ufc-300-3205,UFC 300,2024-04-14,https://www.bestfightodds.com/events/ufc-300-3205,33753,Arman Tsarukyan,Charles Oliveira,/fighters/arman-tsarukyan-9034,/fighters/charles-oliveira-1893,"('arman tsarukyan', 'charles oliveira')"
ufc-300-3205,UFC 300,2024-04-14,https://www.bestfightodds.com/events/ufc-300-3205,33708,Bo Nickal,Cody Brundage,/fighters/bo-nickal-14211,/fighters/cody-brundage-10168,"('bo nickal', 'cody brundage')"
ufc-300-3205,UFC 300,2024-04-14,https://www.bestfightodds.com/events/ufc-300-3205,33709,Aleksandar Rakic,Jiri Prochazka,/fighters/aleksandar-rakic-7356,/fighters/jiri-prochazka-6058,"('aleksandar rakic', 'jiri prochazka')"
ufc-300-3205,UFC 300,2024-04-14,https://www.bestfightodds.com/events/ufc-300-3205,33710,Aljamain Sterling,Calvin Kattar,/fighters/aljamain-sterling-4688,/fighters/calvin-kattar-717,"('aljamain sterling', 'calvin kattar')"
ufc-300-3205,UFC 300,2024-04-14,https://www.bestfightodds.com/events/ufc-300-3205,33898,Holly Holm,Kayla Harrison,/fighters/holly-holm-3908,/fighters/kayla-harrison-8276,"('holly holm', 'kayla harrison')"
ufc-300-3205,UFC 300,2024-04-14,https://www.bestfightodds.com/events/ufc-300-3205,34033,Diego Lopes,Sodiq Yusuff,/fighters/diego-lopes-12328,/fighters/sodiq-yusuff-6562,"('diego lopes', 'sodiq yusuff')"
ufc-3252,UFC,2024-04-27,https://www.bestfightodds.com/events/ufc-3252,34710,David Onama,Jonathan Pearce,/fighters/david-onama-10808,/fighters/jonathan-pearce-9246,"('david onama', 'jonathan pearce')"
ufc-3252,UFC,2024-04-27,https://www.bestfightodds.com/events/ufc-3252,34544,Tim Means,Uros Medic,/fighters/tim-means-3125,/fighters/uros-medic-10229,"('tim means', 'uros medic')"
ufc-3252,UFC,2024-04-27,https://www.bestfightodds.com/events/ufc-3252,34546,Rani Yahya,Victor Henry,/fighters/rani-yahya-199,/fighters/victor-henry-9364,"('rani yahya', 'victor henry')"
ufc-3252,UFC,2024-04-27,https://www.bestfightodds.com/events/ufc-3252,34706,Austin Hubbard,Michal Figlak,/fighters/austin-hubbard-8207,/fighters/michal-figlak-9957,"('austin hubbard', 'michal figlak')"
ufc-3252,UFC,2024-04-27,https://www.bestfightodds.com/events/ufc-3252,34547,Caio Machado,Don'tale Mayes,/fighters/caio-machado-4965,/fighters/don-tale-mayes-6830,"('caio machado', 'dontale mayes')"
ufc-3252,UFC,2024-04-27,https://www.bestfightodds.com/events/ufc-3252,34549,Ketlen Souza,Marnic Mann,/fighters/ketlen-souza-13460,/fighters/marnic-mann-12701,"('ketlen souza', 'marnic mann')"
ufc-3252,UFC,2024-04-27,https://www.bestfightodds.com/events/ufc-3252,34779,Chris Padilla,James Llontop,/fighters/chris-padilla-6093,/fighters/james-llontop-12200,"('chris padilla', 'james llontop')"
ufc-3252,UFC,2024-04-27,https://www.bestfightodds.com/events/ufc-3252,34551,Ivana Petrovic,Na Liang,/fighters/ivana-petrovic-13667,/fighters/na-liang-10937,"('ivana petrovic', 'na liang')"
ufc-3252,UFC,2024-04-27,https://www.bestfightodds.com/events/ufc-3252,34550,Gabriel Benitez,Maheshate,/fighters/gabriel-benitez-5295,/fighters/maheshate-12733,"('gabriel benitez', 'maheshate')"
ufc-3260,UFC,2024-04-28,https://www.bestfightodds.com/events/ufc-3260,34643,Alex Perez,Matheus Nicolau,/fighters/alex-perez-2459,/fighters/matheus-nicolau-5923,"('alex perez', 'matheus nicolau')"
ufc-3260,UFC,2024-04-28,https://www.bestfightodds.com/events/ufc-3260,34542,Bogdan Guskov,Ryan Spann,/fighters/bogdan-guskov-16384,/fighters/ryan-spann-3502,"('bogdan guskov', 'ryan spann')"
ufc-3260,UFC,2024-04-28,https://www.bestfightodds.com/events/ufc-3260,34545,Ariane Lipski,Karine Silva,/fighters/ariane-lipski-6053,/fighters/karine-silva-7814,"('ariane lipski', 'karine silva')"
ufc-3260,UFC,2024-04-28,https://www.bestfightodds.com/events/ufc-3260,34552,Austen Lane,Jhonata Diniz,/fighters/austen-lane-8254,/fighters/jhonata-diniz-16483,"('austen lane', 'jhonata diniz')"
ufc-3231,UFC,2024-05-04,https://www.bestfightodds.com/events/ufc-3231,34561,Jamie Mullarkey,Mauricio Ruffy,/fighters/jamie-mullarkey-9518,/fighters/mauricio-ruffy-16595,"('jamie mullarkey', 'mauricio ruffy')"
ufc-3231,UFC,2024-05-04,https://www.bestfightodds.com/events/ufc-3231,34555,Dione Barbosa,Ernesta Kareckaite,/fighters/dione-barbosa-12811,/fighters/ernesta-kareckaite-15113,"('dione barbosa', 'ernesta kareckaite')"
ufc-3231,UFC,2024-05-04,https://www.bestfightodds.com/events/ufc-3231,34557,Ismael Bonfim,Vinc Pichel,/fighters/ismael-bonfim-11723,/fighters/vinc-pichel-3284,"('ismael bonfim', 'vinc pichel')"
ufc-3231,UFC,2024-05-04,https://www.bestfightodds.com/events/ufc-3231,34554,Alessandro Costa,Kevin Borjas,/fighters/alessandro-costa-14121,/fighters/kevin-borjas-9841,"('alessandro costa', 'kevin borjas')"
ufc-3271,UFC,2024-05-05,https://www.bestfightodds.com/events/ufc-3271,34349,Alexandre Pantoja,Steve Erceg,/fighters/alexandre-pantoja-5118,/fighters/steve-erceg-17167,"('alexandre pantoja', 'steve erceg')"
ufc-3271,UFC,2024-05-05,https://www.bestfightodds.com/events/ufc-3271,34709,Jonathan Martinez,Jose Aldo,/fighters/jonathan-martinez-5932,/fighters/jose-aldo-659,"('jonathan martinez', 'jose aldo')"
ufc-3271,UFC,2024-05-05,https://www.bestfightodds.com/events/ufc-3271,34553,Anthony Smith,Vitor Petrino,/fighters/anthony-smith-1829,/fighters/vitor-petrino-14346,"('anthony smith', 'vitor petrino')"
ufc-3271,UFC,2024-05-05,https://www.bestfightodds.com/events/ufc-3271,34799,Ihor Potieria,Michel Pereira,/fighters/ihor-potieria-13119,/fighters/michel-pereira-9071,"('ihor potieria', 'michel pereira')"
ufc-3271,UFC,2024-05-05,https://www.bestfightodds.com/events/ufc-3271,34558,Caio Borralho,Paul Craig,/fighters/caio-borralho-12570,/fighters/paul-craig-6791,"('caio borralho', 'paul craig')"
ufc-3271,UFC,2024-05-05,https://www.bestfightodds.com/events/ufc-3271,34564,Jack Shore,Joanderson Brito,/fighters/jack-shore-6409,/fighters/joanderson-brito-9135,"('jack shore', 'joanderson brito')"
ufc-3271,UFC,2024-05-05,https://www.bestfightodds.com/events/ufc-3271,34562,Iasmin Lucindo,Karolina Kowalkiewicz,/fighters/iasmin-lucindo-14124,/fighters/karolina-kowalkiewicz-3745,"('iasmin lucindo', 'karolina kowalkiewicz')"
ufc-3271,UFC,2024-05-05,https://www.bestfightodds.com/events/ufc-3271,34556,Elves Brener,Myktybek Orolbai,/fighters/elves-brener-16626,/fighters/myktybek-orolbai-16276,"('elves brener', 'myktybek orolbai')"
ufc-3271,UFC,2024-05-05,https://www.bestfightodds.com/events/ufc-3271,34563,Drakkar Klose,Joaquim Silva,/fighters/drakkar-klose-6701,/fighters/joaquim-silva-5756,"('drakkar klose', 'joaquim silva')"
ufc-3238,UFC,2024-05-11,https://www.bestfightodds.com/events/ufc-3238,34772,Alex Caceres,Sean Woodson,/fighters/alex-caceres-2247,/fighters/sean-woodson-9342,"('alex caceres', 'sean woodson')"
ufc-3238,UFC,2024-05-11,https://www.bestfightodds.com/events/ufc-3238,34459,Robelis Despaigne,Waldo Cortes-Acosta,/fighters/robelis-despaigne-16067,/fighters/waldo-cortes-acosta-12830,"('robelis despaigne', 'waldo cortes acosta')"
ufc-3238,UFC,2024-05-11,https://www.bestfightodds.com/events/ufc-3238,34767,Chase Hooper,Viacheslav Borshchev,/fighters/chase-hooper-8425,/fighters/viacheslav-borshchev-12730,"('chase hooper', 'viacheslav borshchev')"
ufc-3238,UFC,2024-05-11,https://www.bestfightodds.com/events/ufc-3238,34774,Esteban Ribovics,Terrance McKinney,/fighters/esteban-ribovics-14245,/fighters/terrance-mckinney-9286,"('esteban ribovics', 'terrance mckinney')"
ufc-3238,UFC,2024-05-11,https://www.bestfightodds.com/events/ufc-3238,34769,Jared Gooden,Kevin Jousset,/fighters/jared-gooden-5444,/fighters/kevin-jousset-16429,"('jared gooden', 'kevin jousset')"
ufc-3238,UFC,2024-05-11,https://www.bestfightodds.com/events/ufc-3238,34778,Tabatha Ricci,Tecia Pennington,/fighters/tabatha-ricci-10312,/fighters/tecia-pennington-17554,"('tabatha ricci', 'tecia pennington')"
ufc-3238,UFC,2024-05-11,https://www.bestfightodds.com/events/ufc-3238,34775,Tabatha Ricci,Tecia Torres,/fighters/tabatha-ricci-10312,/fighters/tecia-torres-3557,"('tabatha ricci', 'tecia torres')"
ufc-3238,UFC,2024-05-11,https://www.bestfightodds.com/events/ufc-3238,34808,Billy Goff,Trey Waters,/fighters/billy-goff-8893,/fighters/trey-waters-13847,"('billy goff', 'trey waters')"
ufc-3238,UFC,2024-05-11,https://www.bestfightodds.com/events/ufc-3238,34771,Charles Johnson,Jake Hadley,/fighters/charles-johnson-7494,/fighters/jake-hadley-9411,"('charles johnson', 'jake hadley')"
ufc-3238,UFC,2024-05-11,https://www.bestfightodds.com/events/ufc-3238,34773,Jj Aldrich,Veronica Hardy,/fighters/jj-aldrich-12276,/fighters/veronica-hardy-16779,"('jj aldrich', 'veronica hardy')"
ufc-3278,UFC,2024-05-12,https://www.bestfightodds.com/events/ufc-3278,34766,Derrick Lewis,Rodrigo Nascimento,/fighters/derrick-lewis-2610,/fighters/rodrigo-nascimento-9293,"('derrick lewis', 'rodrigo nascimento')"
ufc-3278,UFC,2024-05-12,https://www.bestfightodds.com/events/ufc-3278,34828,Joaquin Buckley,Nursulton Ruziboev,/fighters/joaquin-buckley-6458,/fighters/nursulton-ruziboev-10851,"('joaquin buckley', 'nursulton ruziboev')"
ufc-3278,UFC,2024-05-12,https://www.bestfightodds.com/events/ufc-3278,34768,Alonzo Menifield,Carlos Ulberg,/fighters/alonzo-menifield-5961,/fighters/carlos-ulberg-10404,"('alonzo menifield', 'carlos ulberg')"
ufc-3278,UFC,2024-05-12,https://www.bestfightodds.com/events/ufc-3278,34777,Diego Ferreira,Mateusz Rebecki,/fighters/diego-ferreira-5180,/fighters/mateusz-rebecki-10102,"('diego ferreira', 'mateusz rebecki')"
road-to-ufc-3305,Road to UFC,2024-05-18,https://www.bestfightodds.com/events/road-to-ufc-3305,35019,Cong Wang,Paula Luna,/fighters/cong-wang-16644,/fighters/paula-luna-17650,"('cong wang', 'paula luna')"
road-to-ufc-3305,Road to UFC,2024-05-18,https://www.bestfightodds.com/events/road-to-ufc-3305,35024,Masuto Kawana,Young Jae Song,/fighters/masuto-kawana-14204,/fighters/young-jae-song-17655,"('masuto kawana', 'young jae song')"
road-to-ufc-3305,Road to UFC,2024-05-18,https://www.bestfightodds.com/events/road-to-ufc-3305,35029,Bin Xie,Yibugele,/fighters/bin-xie-12716,/fighters/yibugele-15870,"('bin xie', 'yibugele')"
road-to-ufc-3305,Road to UFC,2024-05-18,https://www.bestfightodds.com/events/road-to-ufc-3305,35032,Huaxiang Dong,Priya Sharma,/fighters/huaxiang-dong-17662,/fighters/priya-sharma-17663,"('huaxiang dong', 'priya sharma')"
road-to-ufc-3305,Road to UFC,2024-05-18,https://www.bestfightodds.com/events/road-to-ufc-3305,35035,Ming Shi,Ye Dam Seo,/fighters/ming-shi-17668,/fighters/ye-dam-seo-13933,"('ming shi', 'ye dam seo')"
road-to-ufc-3305,Road to UFC,2024-05-18,https://www.bestfightodds.com/events/road-to-ufc-3305,35018,Bahatebole Batebolati,Han Seul Kim,/fighters/bahatebole-batebolati-13845,/fighters/han-seul-kim-13940,"('bahatebole batebolati', 'han seul kim')"
road-to-ufc-3305,Road to UFC,2024-05-18,https://www.bestfightodds.com/events/road-to-ufc-3305,35025,Jun Young Hong,Shin Haraguchi,/fighters/jun-young-hong-13931,/fighters/shin-haraguchi-15881,"('jun young hong', 'shin haraguchi')"
road-to-ufc-3305,Road to UFC,2024-05-18,https://www.bestfightodds.com/events/road-to-ufc-3305,35027,Kangjie Zhu,Tatsuya Ando,/fighters/kangjie-zhu-17657,/fighters/tatsuya-ando-17658,"('kangjie zhu', 'tatsuya ando')"
road-to-ufc-3305,Road to UFC,2024-05-18,https://www.bestfightodds.com/events/road-to-ufc-3305,35033,Kiran Singh,Xiaocan Feng,/fighters/kiran-singh-17664,/fighters/xiaocan-feng-17665,"('kiran singh', 'xiaocan feng')"
road-to-ufc-3305,Road to UFC,2024-05-18,https://www.bestfightodds.com/events/road-to-ufc-3305,35034,Feier Huang,Miki Motono,/fighters/feier-huang-17666,/fighters/miki-motono-17667,"('feier huang', 'miki motono')"
ufc-3290,UFC,2024-05-18,https://www.bestfightodds.com/events/ufc-3290,34872,Adrian Yanez,Vinicius Salvador,/fighters/adrian-yanez-4952,/fighters/vinicius-salvador-12267,"('adrian yanez', 'vinicius salvador')"
ufc-3290,UFC,2024-05-18,https://www.bestfightodds.com/events/ufc-3290,34863,Angela Hill,Luana Pinheiro,/fighters/angela-hill-5348,/fighters/luana-pinheiro-10468,"('angela hill', 'luana pinheiro')"
ufc-3290,UFC,2024-05-18,https://www.bestfightodds.com/events/ufc-3290,34871,Tom Nolan,Victor Martinez,/fighters/tom-nolan-16303,/fighters/victor-martinez-9804,"('tom nolan', 'victor martinez')"
ufc-3290,UFC,2024-05-18,https://www.bestfightodds.com/events/ufc-3290,35017,Oumar Sy,Tuco Tokkos,/fighters/oumar-sy-12679,/fighters/tuco-tokkos-17649,"('oumar sy', 'tuco tokkos')"
ufc-3290,UFC,2024-05-18,https://www.bestfightodds.com/events/ufc-3290,34866,Melissa Gatto,Tamires Vidal,/fighters/melissa-gatto-9088,/fighters/tamires-vidal-11785,"('melissa gatto', 'tamires vidal')"
ufc-3290,UFC,2024-05-18,https://www.bestfightodds.com/events/ufc-3290,34909,Antonio Trocoli,Oumar Sy,/fighters/antonio-trocoli-6081,/fighters/oumar-sy-12679,"('antonio trocoli', 'oumar sy')"
ufc-3290,UFC,2024-05-18,https://www.bestfightodds.com/events/ufc-3290,34869,Abus Magomedov,Warlley Alves,/fighters/abus-magomedov-16645,/fighters/warlley-alves-4924,"('abus magomedov', 'warlley alves')"
ufc-3290,UFC,2024-05-18,https://www.bestfightodds.com/events/ufc-3290,34865,Ariane Carnelossi,Piera Rodriguez,/fighters/ariane-carnelossi-9317,/fighters/piera-rodriguez-11127,"('ariane carnelossi', 'piera rodriguez')"
ufc-3290,UFC,2024-05-18,https://www.bestfightodds.com/events/ufc-3290,34864,Heili Alateng,Kleydson Rodrigues,/fighters/heili-alateng-9469,/fighters/kleydson-rodrigues-12497,"('heili alateng', 'kleydson rodrigues')"
ufc-3290,UFC,2024-05-18,https://www.bestfightodds.com/events/ufc-3290,34870,Emily Ducote,Vanessa Demopoulos,/fighters/emily-ducote-6534,/fighters/vanessa-demopoulos-8998,"('emily ducote', 'vanessa demopoulos')"
road-to-ufc-3306,Road to UFC,2024-05-19,https://www.bestfightodds.com/events/road-to-ufc-3306,35020,Lisa Kyriacou,Qihui Yan,/fighters/lisa-kyriacou-16208,/fighters/qihui-yan-12715,"('lisa kyriacou', 'qihui yan')"
road-to-ufc-3306,Road to UFC,2024-05-19,https://www.bestfightodds.com/events/road-to-ufc-3306,35023,Kiru Singh Sahota,Shuai Yin,/fighters/kiru-singh-sahota-15472,/fighters/shuai-yin-17654,"('kiru singh sahota', 'shuai yin')"
road-to-ufc-3306,Road to UFC,2024-05-19,https://www.bestfightodds.com/events/road-to-ufc-3306,35031,Kyu Sung Kim,Tokitaka Nakanishi,/fighters/kyu-sung-kim-17660,/fighters/tokitaka-nakanishi-17661,"('kyu sung kim', 'tokitaka nakanishi')"
road-to-ufc-3306,Road to UFC,2024-05-19,https://www.bestfightodds.com/events/road-to-ufc-3306,35036,Ruel Panales,Toki Matsui,/fighters/ruel-panales-14012,/fighters/toki-matsui-17669,"('ruel panales', 'toki matsui')"
road-to-ufc-3306,Road to UFC,2024-05-19,https://www.bestfightodds.com/events/road-to-ufc-3306,35037,Balgyn Jenisuly,Yunfeng Li,/fighters/balgyn-jenisuly-17670,/fighters/yunfeng-li-17671,"('balgyn jenisuly', 'yunfeng li')"
road-to-ufc-3306,Road to UFC,2024-05-19,https://www.bestfightodds.com/events/road-to-ufc-3306,35021,Angad Bisht,John Dave Almanza,/fighters/angad-bisht-17651,/fighters/john-dave-almanza-17652,"('angad bisht', 'john dave almanza')"
road-to-ufc-3306,Road to UFC,2024-05-19,https://www.bestfightodds.com/events/road-to-ufc-3306,35022,Dong Hoon Choi,Jiniushiyue,/fighters/dong-hoon-choi-17653,/fighters/jiniushiyue-15863,"('dong hoon choi', 'jiniushiyue')"
road-to-ufc-3306,Road to UFC,2024-05-19,https://www.bestfightodds.com/events/road-to-ufc-3306,35026,Shohei Nose,Su Young You,/fighters/shohei-nose-13947,/fighters/su-young-you-17656,"('shohei nose', 'su young you')"
road-to-ufc-3306,Road to UFC,2024-05-19,https://www.bestfightodds.com/events/road-to-ufc-3306,35028,Daermisi Zhawupasi,Ren Ozaki,/fighters/daermisi-zhawupasi-15877,/fighters/ren-ozaki-17659,"('daermisi zhawupasi', 'ren ozaki')"
road-to-ufc-3306,Road to UFC,2024-05-19,https://www.bestfightodds.com/events/road-to-ufc-3306,35030,Tatsuya Saika,Won Bin Ki,/fighters/tatsuya-saika-15692,/fighters/won-bin-ki-13924,"('tatsuya saika', 'won bin ki')"
road-to-ufc-3306,Road to UFC,2024-05-19,https://www.bestfightodds.com/events/road-to-ufc-3306,34868,Edson Barboza,Lerone Murphy,/fighters/edson-barboza-2099,/fighters/lerone-murphy-9433,"('edson barboza', 'lerone murphy')"
road-to-ufc-3306,Road to UFC,2024-05-19,https://www.bestfightodds.com/events/road-to-ufc-3306,34867,Carlston Harris,Khaos Williams,/fighters/carlston-harris-10791,/fighters/khaos-williams-9974,"('carlston harris', 'khaos williams')"
road-to-ufc-3306,Road to UFC,2024-05-19,https://www.bestfightodds.com/events/road-to-ufc-3306,34874,Ramiz Brahimaj,Themba Gorimbo,/fighters/ramiz-brahimaj-7724,/fighters/themba-gorimbo-12770,"('ramiz brahimaj', 'themba gorimbo')"
ufc-3270,UFC,2024-06-01,https://www.bestfightodds.com/events/ufc-3270,34964,Bassil Hafez,Mickey Gall,/fighters/bassil-hafez-10482,/fighters/mickey-gall-6162,"('bassil hafez', 'mickey gall')"
ufc-3270,UFC,2024-06-01,https://www.bestfightodds.com/events/ufc-3270,34966,Ailin Perez,Joselyne Edwards,/fighters/ailin-perez-13883,/fighters/joselyne-edwards-8664,"('ailin perez', 'joselyne edwards')"
ufc-3270,UFC,2024-06-01,https://www.bestfightodds.com/events/ufc-3270,35059,Andre Lima,Mitch Raposo,/fighters/andre-lima-16132,/fighters/mitch-raposo-10778,"('andre lima', 'mitch raposo')"
ufc-3269,UFC,2024-06-02,https://www.bestfightodds.com/events/ufc-3269,34707,Dustin Poirier,Islam Makhachev,/fighters/dustin-poirier-2034,/fighters/islam-makhachev-5541,"('dustin poirier', 'islam makhachev')"
ufc-3269,UFC,2024-06-02,https://www.bestfightodds.com/events/ufc-3269,34708,Paulo Costa,Sean Strickland,/fighters/paulo-costa-7991,/fighters/sean-strickland-4733,"('paulo costa', 'sean strickland')"
ufc-3269,UFC,2024-06-02,https://www.bestfightodds.com/events/ufc-3269,35043,Kevin Holland,Michal Oleksiejczuk,/fighters/kevin-holland-5910,/fighters/michal-oleksiejczuk-7639,"('kevin holland', 'michal oleksiejczuk')"
ufc-3269,UFC,2024-06-02,https://www.bestfightodds.com/events/ufc-3269,34950,Alex Morono,Niko Price,/fighters/alex-morono-2727,/fighters/niko-price-6895,"('alex morono', 'niko price')"
ufc-3269,UFC,2024-06-02,https://www.bestfightodds.com/events/ufc-3269,34965,Elizeu Zaleski Dos Santos,Randy Brown,/fighters/elizeu-zaleski-dos-santos-6667,/fighters/randy-brown-6139,"('elizeu zaleski', 'randy brown')"
ufc-3269,UFC,2024-06-02,https://www.bestfightodds.com/events/ufc-3269,34967,Cesar Almeida,Roman Kopylov,/fighters/cesar-almeida-16304,/fighters/roman-kopylov-7343,"('cesar almeida', 'roman kopylov')"
ufc-3269,UFC,2024-06-02,https://www.bestfightodds.com/events/ufc-3269,34949,Alexandr Romanov,Jailton Almeida,/fighters/alexandr-romanov-10383,/fighters/jailton-almeida-12427,"('alexandr romanov', 'jailton almeida')"
ufc-3269,UFC,2024-06-02,https://www.bestfightodds.com/events/ufc-3269,34951,Grant Dawson,Joe Solecki,/fighters/grant-dawson-5841,/fighters/joe-solecki-9559,"('grant dawson', 'joe solecki')"
ufc-3269,UFC,2024-06-02,https://www.bestfightodds.com/events/ufc-3269,34952,Jake Matthews,Phil Rowe,/fighters/jake-matthews-4978,/fighters/phil-rowe-9898,"('jake matthews', 'phil rowe')"
ufc-fight-night-3313,UFC Fight Night,2024-06-08,https://www.bestfightodds.com/events/ufc-fight-night-3313,35101,Ludovit Klein,Thiago Moises,/fighters/ludovit-klein-7610,/fighters/thiago-moises-6149,"('ludovit klein', 'thiago moises')"
ufc-fight-night-3313,UFC Fight Night,2024-06-08,https://www.bestfightodds.com/events/ufc-fight-night-3313,35097,Carlos Prates,Charles Radtke,/fighters/carlos-prates-14705,/fighters/charles-radtke-10622,"('carlos prates', 'charles radtke')"
ufc-fight-night-3313,UFC Fight Night,2024-06-08,https://www.bestfightodds.com/events/ufc-fight-night-3313,35100,Brad Katona,Jesse Butler,/fighters/brad-katona-8426,/fighters/jesse-butler-13186,"('brad katona', 'jesse butler')"
ufc-fight-night-3313,UFC Fight Night,2024-06-08,https://www.bestfightodds.com/events/ufc-fight-night-3313,35099,Andrea Lee,Montana de La Rosa,/fighters/andrea-lee-5260,/fighters/montana-de-la-rosa-7780,"('andrea lee', 'montana de la rosa')"
ufc-fight-night-3313,UFC Fight Night,2024-06-08,https://www.bestfightodds.com/events/ufc-fight-night-3313,35102,Daniel Marcos,John Castaneda,/fighters/daniel-marcos-14365,/fighters/john-castaneda-7396,"('daniel marcos', 'john castaneda')"
ufc-fight-night-3313,UFC Fight Night,2024-06-08,https://www.bestfightodds.com/events/ufc-fight-night-3313,35098,Denise Gomes,Eduarda Moura,/fighters/denise-gomes-13433,/fighters/eduarda-moura-16318,"('denise gomes', 'eduarda moura')"
ufc-fight-night-3313,UFC Fight Night,2024-06-08,https://www.bestfightodds.com/events/ufc-fight-night-3313,35103,Cody Stamann,Taylor Lapilus,/fighters/cody-stamann-7352,/fighters/taylor-lapilus-5164,"('cody stamann', 'taylor lapilus')"
ufc-fight-night-3313,UFC Fight Night,2024-06-08,https://www.bestfightodds.com/events/ufc-fight-night-3313,35148,Puja Tomar,Rayanne Dos Santos,/fighters/puja-tomar-7943,/fighters/rayanne-dos-santos-15719,"('puja tomar', 'rayanne dos santos')"
ufc-3170,UFC,2024-06-09,https://www.bestfightodds.com/events/ufc-3170,35092,Jared Cannonier,Nassourdine Imavov,/fighters/jared-cannonier-5333,/fighters/nassourdine-imavov-10307,"('jared cannonier', 'nassourdine imavov')"
ufc-3170,UFC,2024-06-09,https://www.bestfightodds.com/events/ufc-3170,35093,Dominick Reyes,Dustin Jacoby,/fighters/dominick-reyes-7225,/fighters/dustin-jacoby-2939,"('dominick reyes', 'dustin jacoby')"
ufc-3170,UFC,2024-06-09,https://www.bestfightodds.com/events/ufc-3170,35094,Raul Rosas Jr,Ricky Turcios,/fighters/raul-rosas-jr-14405,/fighters/ricky-turcios-4236,"('raul rosas jr', 'ricky turcios')"
ufc-3170,UFC,2024-06-09,https://www.bestfightodds.com/events/ufc-3170,35104,Brunno Ferreira,Dustin Stoltzfus,/fighters/brunno-ferreira-14404,/fighters/dustin-stoltzfus-10214,"('brunno ferreira', 'dustin stoltzfus')"
ufc-3170,UFC,2024-06-09,https://www.bestfightodds.com/events/ufc-3170,35096,Julian Marquez,Zachary Reese,/fighters/julian-marquez-5998,/fighters/zachary-reese-14747,"('julian marquez', 'zachary reese')"
ufc-3170,UFC,2024-06-09,https://www.bestfightodds.com/events/ufc-3170,35095,Miguel Baeza,Punahele Soriano,/fighters/miguel-baeza-6383,/fighters/punahele-soriano-7386,"('miguel baeza', 'punahele soriano')"
ufc-3318,UFC,2024-06-15,https://www.bestfightodds.com/events/ufc-3318,35123,Alex Perez,Tatsuro Taira,/fighters/alex-perez-2459,/fighters/tatsuro-taira-13311,"('alex perez', 'tatsuro taira')"
ufc-3318,UFC,2024-06-15,https://www.bestfightodds.com/events/ufc-3318,35135,Douglas Silva de Andrade,Miles Johns,/fighters/douglas-silva-de-andrade-6730,/fighters/miles-johns-5373,"('douglas silva de andrade', 'miles johns')"
ufc-3318,UFC,2024-06-15,https://www.bestfightodds.com/events/ufc-3318,35136,Lucas Almeida,Timothy Cuamba,/fighters/lucas-almeida-12571,/fighters/timothy-cuamba-11019,"('lucas almeida', 'timothy cuamba')"
ufc-3318,UFC,2024-06-15,https://www.bestfightodds.com/events/ufc-3318,35125,Brady Hiestand,Garrett Armfield,/fighters/brady-hiestand-12231,/fighters/garrett-armfield-9084,"('brady hiestand', 'garrett armfield')"
ufc-3318,UFC,2024-06-15,https://www.bestfightodds.com/events/ufc-3318,35127,Asu Almabaev,Jose Johnson,/fighters/asu-almabaev-10853,/fighters/jose-johnson-9257,"('asu almabayev', 'jose johnson')"
ufc-3318,UFC,2024-06-15,https://www.bestfightodds.com/events/ufc-3318,35130,Adam Fugitt,Josh Quinlan,/fighters/adam-fugitt-8646,/fighters/josh-quinlan-10316,"('adam fugitt', 'josh quinlan')"
ufc-3318,UFC,2024-06-15,https://www.bestfightodds.com/events/ufc-3318,35128,Jimmy Flick,Nate Maness,/fighters/jimmy-flick-1923,/fighters/nate-maness-10489,"('jimmy flick', 'nate maness')"
ufc-3318,UFC,2024-06-15,https://www.bestfightodds.com/events/ufc-3318,35134,Carli Judice,Gabriella Fernandes,/fighters/carli-judice-16539,/fighters/gabriella-fernandes-14517,"('carli judice', 'gabriella fernandes')"
ufc-3318,UFC,2024-06-15,https://www.bestfightodds.com/events/ufc-3318,35126,Jeka Saragih,Westin Wilson,/fighters/jeka-saragih-15072,/fighters/westin-wilson-7567,"('jeka saragih', 'westin wilson')"
ufc-3318,UFC,2024-06-15,https://www.bestfightodds.com/events/ufc-3318,35133,Melquizael Costa,Shayilan Nuerdanbieke,/fighters/melquizael-costa-13774,/fighters/shayilan-nuerdanbieke-11334,"('melquizael costa', 'shayilan nuerdanbieke')"
ufc-3318,UFC,2024-06-15,https://www.bestfightodds.com/events/ufc-3318,35132,Josefine Knutsson,Julia Polastri,/fighters/josefine-knutsson-12357,/fighters/julia-polastri-12394,"('josefine knutsson', 'julia polastri')"
ufc-3277,UFC,2024-06-22,https://www.bestfightodds.com/events/ufc-3277,35389,Ikram Aliskerov,Robert Whittaker,/fighters/ikram-aliskerov-10994,/fighters/robert-whittaker-3761,"('ikram aliskerov', 'robert whittaker')"
ufc-3277,UFC,2024-06-22,https://www.bestfightodds.com/events/ufc-3277,34776,Alexander Volkov,Sergei Pavlovich,/fighters/alexander-volkov-2439,/fighters/sergei-pavlovich-8961,"('alexander volkov', 'sergei pavlovich')"
ufc-3277,UFC,2024-06-22,https://www.bestfightodds.com/events/ufc-3277,35137,Daniel Rodriguez,Kelvin Gastelum,/fighters/daniel-rodriguez-6856,/fighters/kelvin-gastelum-4061,"('daniel rodriguez', 'kelvin gastelum')"
ufc-3277,UFC,2024-06-22,https://www.bestfightodds.com/events/ufc-3277,35456,Antonio Trocoli,Shara Magomedov,/fighters/antonio-trocoli-6081,/fighters/shara-magomedov-17740,"('antonio trocoli', 'shara magomedov')"
ufc-3277,UFC,2024-06-22,https://www.bestfightodds.com/events/ufc-3277,35139,Johnny Walker,Volkan Oezdemir,/fighters/johnny-walker-8542,/fighters/volkan-oezdemir-4473,"('johnny walker', 'volkan oezdemir')"
ufc-3277,UFC,2024-06-22,https://www.bestfightodds.com/events/ufc-3277,35140,Jared Gordon,Nasrat Haqparast,/fighters/jared-gordon-2971,/fighters/nasrat-haqparast-7622,"('jared gordon', 'nasrat haqparast')"
ufc-3277,UFC,2024-06-22,https://www.bestfightodds.com/events/ufc-3277,35432,Felipe Lima,Muhammadjon Naimov,/fighters/felipe-lima-10819,/fighters/muhammadjon-naimov-9740,"('felipe lima', 'muhammadjon naimov')"
ufc-3277,UFC,2024-06-22,https://www.bestfightodds.com/events/ufc-3277,35145,Nicolas Dalby,Rinat Fakhretdinov,/fighters/nicolas-dalby-3878,/fighters/rinat-fakhretdinov-13557,"('nicolas dalby', 'rinat fakhretdinov')"
ufc-3277,UFC,2024-06-22,https://www.bestfightodds.com/events/ufc-3277,35142,Kyung Ho Kang,Muin Gafurov,/fighters/kyung-ho-kang-1738,/fighters/muin-gafurov-5832,"('kyung ho kang', 'muin gafurov')"
ufc-3277,UFC,2024-06-22,https://www.bestfightodds.com/events/ufc-3277,35144,Brendson Ribeiro,Magomed Gadzhiyasulov,/fighters/brendson-ribeiro-13392,/fighters/magomed-gadzhiyasulov-14658,"('brendson ribeiro', 'magomed gadzhiyasulov')"
ufc-3277,UFC,2024-06-22,https://www.bestfightodds.com/events/ufc-3277,35141,Chang Ho Lee,Long Xiao,/fighters/chang-ho-lee-13734,/fighters/long-xiao-12717,"('chang ho lee', 'long xiao')"
ufc-3277,UFC,2024-06-22,https://www.bestfightodds.com/events/ufc-3277,35146,Melsik Baghdasaryan,Muhammad Naimov,/fighters/melsik-baghdasaryan-10282,/fighters/muhammad-naimov-10630,"('melsik baghdasaryan', 'muhammad naimov')"
ufc-3277,UFC,2024-06-22,https://www.bestfightodds.com/events/ufc-3277,35147,Abu Azaitar,Denis Tiuliulin,/fighters/abu-azaitar-3986,/fighters/denis-tiuliulin-13474,"('abu azaitar', 'denis tiuliulin')"
ufc-3277,UFC,2024-06-22,https://www.bestfightodds.com/events/ufc-3277,35138,Farid Basharat,Montel Jackson,/fighters/farid-basharat-11791,/fighters/montel-jackson-8255,"('farid basharat', 'montel jackson')"
ufc-3277,UFC,2024-06-22,https://www.bestfightodds.com/events/ufc-3277,30185,Khamzat Chimaev,Robert Whittaker,/fighters/khamzat-chimaev-10189,/fighters/robert-whittaker-3761,"('khamzat chimaev', 'robert whittaker')"
ufc-3161,UFC,2024-06-29,https://www.bestfightodds.com/events/ufc-3161,35187,Gillian Robertson,Michelle Waterson-Gomez,/fighters/gillian-robertson-7784,/fighters/michelle-waterson-gomez-17773,"('gillian robertson', 'michelle waterson gomez')"
ufc-3161,UFC,2024-06-29,https://www.bestfightodds.com/events/ufc-3161,35185,Andrei Arlovski,Martin Buday,/fighters/andrei-arlovski-487,/fighters/martin-buday-11489,"('andrei arlovski', 'martin buday')"
ufc-3161,UFC,2024-06-29,https://www.bestfightodds.com/events/ufc-3161,35184,Carlos Hernandez,Rei Tsuruya,/fighters/carlos-hernandez-5501,/fighters/rei-tsuruya-15872,"('carlos hernandez', 'rei tsuruya')"
ufc-3161,UFC,2024-06-29,https://www.bestfightodds.com/events/ufc-3161,35186,Ricky Simon,Vinicius Oliveira,/fighters/ricky-simon-5780,/fighters/vinicius-oliveira-16540,"('ricky simon', 'vinicius oliveira')"
ufc-3161,UFC,2024-06-29,https://www.bestfightodds.com/events/ufc-3161,33728,Conor McGregor,Michael Chandler,/fighters/conor-mcgregor-3147,/fighters/michael-chandler-2158,"('conor mcgregor', 'michael chandler')"
ufc-3161,UFC,2024-06-29,https://www.bestfightodds.com/events/ufc-3161,35392,Anthony Smith,Carlos Ulberg,/fighters/anthony-smith-1829,/fighters/carlos-ulberg-10404,"('anthony smith', 'carlos ulberg')"
ufc-303-3283,UFC 303,2024-06-30,https://www.bestfightodds.com/events/ufc-303-3283,35390,Alex Pereira,Jiri Prochazka,/fighters/alex-pereira-10463,/fighters/jiri-prochazka-6058,"('alex pereira', 'jiri prochazka')"
ufc-303-3283,UFC 303,2024-06-30,https://www.bestfightodds.com/events/ufc-303-3283,35532,Dan Ige,Diego Lopes,/fighters/dan-ige-6448,/fighters/diego-lopes-12328,"('dan ige', 'diego lopes')"
ufc-303-3283,UFC 303,2024-06-30,https://www.bestfightodds.com/events/ufc-303-3283,35391,Brian Ortega,Diego Lopes,/fighters/brian-ortega-4290,/fighters/diego-lopes-12328,"('brian ortega', 'diego lopes')"
ufc-303-3283,UFC 303,2024-06-30,https://www.bestfightodds.com/events/ufc-303-3283,35484,Anthony Smith,Roman Dolidze,/fighters/anthony-smith-1829,/fighters/roman-dolidze-9094,"('anthony smith', 'roman dolidze')"
ufc-303-3283,UFC 303,2024-06-30,https://www.bestfightodds.com/events/ufc-303-3283,35183,Macy Chiasson,Mayra Bueno Silva,/fighters/macy-chiasson-8148,/fighters/mayra-bueno-silva-9839,"('macy chiasson', 'mayra bueno silva')"
ufc-303-3283,UFC 303,2024-06-30,https://www.bestfightodds.com/events/ufc-303-3283,35107,Ian Machado Garry,Michael Page,/fighters/ian-machado-garry-15690,/fighters/michael-page-3937,"('ian machado garry', 'michael page')"
ufc-303-3283,UFC 303,2024-06-30,https://www.bestfightodds.com/events/ufc-303-3283,35182,Joe Pyfer,Marc-Andre Barriault,/fighters/joe-pyfer-8530,/fighters/marc-andre-barriault-8960,"('joe pyfer', 'marc andre barriault')"
ufc-303-3283,UFC 303,2024-06-30,https://www.bestfightodds.com/events/ufc-303-3283,35181,Andre Fili,Cub Swanson,/fighters/andre-fili-4466,/fighters/cub-swanson-387,"('andre fili', 'cub swanson')"
ufc-303-3283,UFC 303,2024-06-30,https://www.bestfightodds.com/events/ufc-303-3283,35188,Charles Jourdain,Jean Silva,/fighters/charles-jourdain-9131,/fighters/jean-silva-554,"('charles jourdain', 'jean silva')"
ufc-303-3283,UFC 303,2024-06-30,https://www.bestfightodds.com/events/ufc-303-3283,34924,Payton Talbott,Yanis Ghemmouri,/fighters/payton-talbott-15422,/fighters/yanis-ghemmouri-11422,"('payton talbott', 'yanis ghemmouri')"
ufc-3336,UFC,2024-07-13,https://www.bestfightodds.com/events/ufc-3336,35308,Andre Petroski,Josh Fremd,/fighters/andre-petroski-10388,/fighters/josh-fremd-7675,"('andre petroski', 'josh fremd')"
ufc-3336,UFC,2024-07-13,https://www.bestfightodds.com/events/ufc-3336,35657,Darrius Flowers,Evan Elder,/fighters/darrius-flowers-8177,/fighters/evan-elder-10280,"('darrius flowers', 'evan elder')"
ufc-3336,UFC,2024-07-13,https://www.bestfightodds.com/events/ufc-3336,35303,Jasmine Jasudavicius,Viviane Araujo,/fighters/jasmine-jasudavicius-9869,/fighters/viviane-araujo-9155,"('jasmine jasudavicius', 'viviane araujo')"
ufc-fight-night-3363,UFC Fight Night,2024-07-14,https://www.bestfightodds.com/events/ufc-fight-night-3363,35517,Rose Namajunas,Tracy Cortez,/fighters/rose-namajunas-3803,/fighters/tracy-cortez-7427,"('rose namajunas', 'tracy cortez')"
ufc-fight-night-3363,UFC Fight Night,2024-07-14,https://www.bestfightodds.com/events/ufc-fight-night-3363,35307,Muslim Salikhov,Santiago Ponzinibbio,/fighters/muslim-salikhov-7701,/fighters/santiago-ponzinibbio-4415,"('muslim salikhov', 'santiago ponzinibbio')"
ufc-fight-night-3363,UFC Fight Night,2024-07-14,https://www.bestfightodds.com/events/ufc-fight-night-3363,35609,Drew Dober,Jean Silva,/fighters/drew-dober-1576,/fighters/jean-silva-554,"('drew dober', 'jean silva')"
ufc-fight-night-3363,UFC Fight Night,2024-07-14,https://www.bestfightodds.com/events/ufc-fight-night-3363,35304,Ange Loosa,Gabriel Bonfim,/fighters/ange-loosa-9074,/fighters/gabriel-bonfim-11752,"('ange loosa', 'gabriel bonfim')"
ufc-fight-night-3363,UFC Fight Night,2024-07-14,https://www.bestfightodds.com/events/ufc-fight-night-3363,35305,Christian Rodriguez,Julian Erosa,/fighters/christian-rodriguez-9146,/fighters/julian-erosa-6088,"('christian rodriguez', 'julian erosa')"
ufc-fight-night-3363,UFC Fight Night,2024-07-14,https://www.bestfightodds.com/events/ufc-fight-night-3363,35311,Abdul Razak Alhassan,Cody Brundage,/fighters/abdul-razak-alhassan-4724,/fighters/cody-brundage-10168,"('abdul razak alhassan', 'cody brundage')"
ufc-fight-night-3363,UFC Fight Night,2024-07-14,https://www.bestfightodds.com/events/ufc-fight-night-3363,35579,Charles Johnson,Joshua van,/fighters/charles-johnson-7494,/fighters/joshua-van-14745,"('charles johnson', 'joshua van')"
ufc-fight-night-3363,UFC Fight Night,2024-07-14,https://www.bestfightodds.com/events/ufc-fight-night-3363,35610,Fatima Kline,Jasmine Jasudavicius,/fighters/fatima-kline-11138,/fighters/jasmine-jasudavicius-9869,"('fatima kline', 'jasmine jasudavicius')"
ufc-fight-night-3363,UFC Fight Night,2024-07-14,https://www.bestfightodds.com/events/ufc-fight-night-3363,35580,Damon Blackshear,Montel Jackson,/fighters/damon-blackshear-11177,/fighters/montel-jackson-8255,"('damon blackshear', 'montel jackson')"
ufc-fight-night-3363,UFC Fight Night,2024-07-14,https://www.bestfightodds.com/events/ufc-fight-night-3363,35302,Luana Santos,Mariya Agapova,/fighters/luana-santos-14049,/fighters/mariya-agapova-8477,"('luana santos', 'mariya agapova')"
ufc-fight-night-3373,UFC Fight Night,2024-07-20,https://www.bestfightodds.com/events/ufc-fight-night-3373,35584,Brian Kelleher,Cody Gibson,/fighters/brian-kelleher-2978,/fighters/cody-gibson-1915,"('brian kelleher', 'cody gibson')"
ufc-fight-night-3373,UFC Fight Night,2024-07-20,https://www.bestfightodds.com/events/ufc-fight-night-3373,35588,Dione Barbosa,Miranda Maverick,/fighters/dione-barbosa-12811,/fighters/miranda-maverick-6780,"('dione barbosa', 'miranda maverick')"
ufc-fight-night-3373,UFC Fight Night,2024-07-20,https://www.bestfightodds.com/events/ufc-fight-night-3373,35591,Loik Radzhabov,Trey Ogden,/fighters/loik-radzhabov-9040,/fighters/trey-ogden-5784,"('loik radzhabov', 'trey ogden')"
ufc-fight-night-3373,UFC Fight Night,2024-07-20,https://www.bestfightodds.com/events/ufc-fight-night-3373,35586,Luana Carolina,Lucie Pudilova,/fighters/luana-carolina-8992,/fighters/lucie-pudilova-7065,"('luana carolina', 'lucie pudilova')"
ufc-fight-night-3373,UFC Fight Night,2024-07-20,https://www.bestfightodds.com/events/ufc-fight-night-3373,35587,Mohammed Usman,Thomas Petersen,/fighters/mohammed-usman-8067,/fighters/thomas-petersen-10546,"('mohammed usman', 'thomas petersen')"
ufc-fight-night-3372,UFC Fight Night,2024-07-21,https://www.bestfightodds.com/events/ufc-fight-night-3372,35593,Amanda Lemos,Virna Jandiroba,/fighters/amanda-lemos-7335,/fighters/virna-jandiroba-7726,"('amanda lemos', 'virna jandiroba')"
ufc-fight-night-3372,UFC Fight Night,2024-07-21,https://www.bestfightodds.com/events/ufc-fight-night-3372,35589,Seungwoo Choi,Steve Garcia,/fighters/seungwoo-choi-9685,/fighters/steve-garcia-2576,"('seungwoo choi', 'steve garcia')"
ufc-fight-night-3372,UFC Fight Night,2024-07-21,https://www.bestfightodds.com/events/ufc-fight-night-3372,35590,Kaynan Kruschewsky,Kurt Holobaugh,/fighters/kaynan-kruschewsky-11749,/fighters/kurt-holobaugh-3814,"('kaynan kruschewsky', 'kurt holobaugh')"
ufc-fight-night-3372,UFC Fight Night,2024-07-21,https://www.bestfightodds.com/events/ufc-fight-night-3372,35585,Bruno Silva,Cody Durden,/fighters/bruno-silva-7121,/fighters/cody-durden-10231,"('bruno silva', 'cody durden')"
ufc-fight-night-3372,UFC Fight Night,2024-07-21,https://www.bestfightodds.com/events/ufc-fight-night-3372,35583,Bill Algeo,Doo Ho Choi,/fighters/bill-algeo-9171,/fighters/doo-ho-choi-2152,"('bill algeo', 'dooho choi')"
ufc-fight-night-3372,UFC Fight Night,2024-07-21,https://www.bestfightodds.com/events/ufc-fight-night-3372,35592,Hyder Amil,Jeongyeong Lee,/fighters/hyder-amil-8178,/fighters/jeongyeong-lee-14611,"('hyder amil', 'jeongyeong lee')"
ufc-3374,UFC,2024-07-27,https://www.bestfightodds.com/events/ufc-3374,35596,Oban Elliott,Preston Parsons,/fighters/oban-elliott-9107,/fighters/preston-parsons-6472,"('oban elliott', 'preston parsons')"
ufc-3374,UFC,2024-07-27,https://www.bestfightodds.com/events/ufc-3374,35594,Marcin Prachnio,Modestas Bukauskas,/fighters/marcin-prachnio-6346,/fighters/modestas-bukauskas-7865,"('marcin prachnio', 'modestas bukauskas')"
ufc-3374,UFC,2024-07-27,https://www.bestfightodds.com/events/ufc-3374,35595,Kiefer Crosbie,Sam Patterson,/fighters/kiefer-crosbie-6784,/fighters/sam-patterson-11410,"('kiefer crosbie', 'sam patterson')"
ufc-3374,UFC,2024-07-27,https://www.bestfightodds.com/events/ufc-3374,35602,Lukasz Brzeski,Mick Parkin,/fighters/lukasz-brzeski-10059,/fighters/mick-parkin-16020,"('lukasz brzeski', 'mick parkin')"
ufc-3374,UFC,2024-07-27,https://www.bestfightodds.com/events/ufc-3374,35732,Alice Ardelean,Shauna Bannon,/fighters/alice-ardelean-15320,/fighters/shauna-bannon-14505,"('alice ardelean', 'shauna bannon')"
ufc-3374,UFC,2024-07-27,https://www.bestfightodds.com/events/ufc-3374,35761,Caolan Loughran,Ramon Taveras,/fighters/caolan-loughran-13592,/fighters/ramon-taveras-16460,"('caolan loughran', 'ramon taveras')"
ufc-3307,UFC,2024-07-28,https://www.bestfightodds.com/events/ufc-3307,35038,Belal Muhammad,Leon Edwards,/fighters/belal-muhammad-3777,/fighters/leon-edwards-4608,"('belal muhammad', 'leon edwards')"
ufc-3307,UFC,2024-07-28,https://www.bestfightodds.com/events/ufc-3307,35040,Curtis Blaydes,Tom Aspinall,/fighters/curtis-blaydes-5732,/fighters/tom-aspinall-8930,"('curtis blaydes', 'tom aspinall')"
ufc-3307,UFC,2024-07-28,https://www.bestfightodds.com/events/ufc-3307,35039,Bobby Green,Paddy Pimblett,/fighters/bobby-green-1060,/fighters/paddy-pimblett-4242,"('bobby green', 'paddy pimblett')"
ufc-3307,UFC,2024-07-28,https://www.bestfightodds.com/events/ufc-3307,35600,Christian Leroy Duncan,Gregory Rodrigues,/fighters/christian-leroy-duncan-12577,/fighters/gregory-rodrigues-6917,"('christian leroy duncan', 'gregory rodrigues')"
ufc-3307,UFC,2024-07-28,https://www.bestfightodds.com/events/ufc-3307,35041,Arnold Allen,Giga Chikadze,/fighters/arnold-allen-4218,/fighters/giga-chikadze-6073,"('arnold allen', 'giga chikadze')"
ufc-3307,UFC,2024-07-28,https://www.bestfightodds.com/events/ufc-3307,35599,Daniel Pineda,Nathaniel Wood,/fighters/daniel-pineda-1240,/fighters/nathaniel-wood-5309,"('daniel pineda', 'nathaniel wood')"
ufc-3307,UFC,2024-07-28,https://www.bestfightodds.com/events/ufc-3307,35597,Bruna Brasil,Molly McCann,/fighters/bruna-brasil-13778,/fighters/molly-mccann-5311,"('bruna brasil', 'molly mccann')"
ufc-3307,UFC,2024-07-28,https://www.bestfightodds.com/events/ufc-3307,35731,Caolan Loughran,Jake Hadley,/fighters/caolan-loughran-13592,/fighters/jake-hadley-9411,"('caolan loughran', 'jake hadley')"
ufc-3307,UFC,2024-07-28,https://www.bestfightodds.com/events/ufc-3307,35042,Manel Kape,Muhammad Mokaev,/fighters/manel-kape-7510,/fighters/muhammad-mokaev-10995,"('manel kape', 'muhammad mokaev')"
ufc-3320,UFC,2024-08-03,https://www.bestfightodds.com/events/ufc-3320,35159,Cory Sandhagen,Umar Nurmagomedov,/fighters/cory-sandhagen-6127,/fighters/umar-nurmagomedov-9365,"('cory sandhagen', 'umar nurmagomedov')"
ufc-3320,UFC,2024-08-03,https://www.bestfightodds.com/events/ufc-3320,35768,Michal Oleksiejczuk,Sharabutdin Magomedov,/fighters/michal-oleksiejczuk-7639,/fighters/sharabutdin-magomedov-18058,"('michal oleksiejczuk', 'sharabutdin magomedov')"
ufc-3320,UFC,2024-08-03,https://www.bestfightodds.com/events/ufc-3320,35108,Deiveson Figueiredo,Marlon Vera,/fighters/deiveson-figueiredo-7514,/fighters/marlon-vera-5317,"('deiveson figueiredo', 'marlon vera')"
ufc-3320,UFC,2024-08-03,https://www.bestfightodds.com/events/ufc-3320,35157,Michael Chiesa,Tony Ferguson,/fighters/michael-chiesa-3317,/fighters/tony-ferguson-2568,"('michael chiesa', 'tony ferguson')"
ufc-3320,UFC,2024-08-03,https://www.bestfightodds.com/events/ufc-3320,35160,Loopy Godinez,Mackenzie Dern,/fighters/loopy-godinez-12828,/fighters/mackenzie-dern-6488,"('loopy godinez', 'mackenzie dern')"
ufc-3320,UFC,2024-08-03,https://www.bestfightodds.com/events/ufc-3320,35764,Elves Brener,Joel Alvarez,/fighters/elves-brener-16626,/fighters/joel-alvarez-8910,"('elves brener', 'joel alvarez')"
ufc-3320,UFC,2024-08-03,https://www.bestfightodds.com/events/ufc-3320,35763,Alonzo Menifield,Azamat Murzakanov,/fighters/alonzo-menifield-5961,/fighters/azamat-murzakanov-7264,"('alonzo menifield', 'azamat murzakanov')"
ufc-3320,UFC,2024-08-03,https://www.bestfightodds.com/events/ufc-3320,35766,Kaue Fernandes,Mohammad Yahya,/fighters/kaue-fernandes-11734,/fighters/mohammad-yahya-7764,"('kaue fernandes', 'mohammad yahya')"
ufc-3320,UFC,2024-08-03,https://www.bestfightodds.com/events/ufc-3320,35770,Don'tale Mayes,Shamil Gaziev,/fighters/don-tale-mayes-6830,/fighters/shamil-gaziev-12522,"('dontale mayes', 'shamil gaziev')"
ufc-3320,UFC,2024-08-03,https://www.bestfightodds.com/events/ufc-3320,35855,Guram Kutateladze,Jordan Vucenic,/fighters/guram-kutateladze-10385,/fighters/jordan-vucenic-9515,"('guram kutateladze', 'jordan vucenic')"
ufc-3320,UFC,2024-08-03,https://www.bestfightodds.com/events/ufc-3320,35769,Sam Hughes,Victoria Dudakova,/fighters/sam-hughes-9863,/fighters/victoria-dudakova-17302,"('sam hughes', 'victoria dudakova')"
ufc-3320,UFC,2024-08-03,https://www.bestfightodds.com/events/ufc-3320,35765,Jai Herbert,Rolando Bedoya,/fighters/jai-herbert-6873,/fighters/rolando-bedoya-16166,"('jai herbert', 'rolando bedoya')"
ufc-3320,UFC,2024-08-03,https://www.bestfightodds.com/events/ufc-3320,35767,Denis Tiuliulin,Sedriques Dumas,/fighters/denis-tiuliulin-13474,/fighters/sedriques-dumas-12309,"('denis tiuliulin', 'sedriques dumas')"
ufc-3320,UFC,2024-08-03,https://www.bestfightodds.com/events/ufc-3320,35762,Abdul-Kareem Al-Selwady,Guram Kutateladze,/fighters/abdul-kareem-al-selwady-10295,/fighters/guram-kutateladze-10385,"('abdul kareem al selwady', 'guram kutateladze')"
ufc-3406,UFC,2024-08-10,https://www.bestfightodds.com/events/ufc-3406,35909,Chelsea Chandler,Yana Santos,/fighters/chelsea-chandler-7946,/fighters/yana-santos-15381,"('chelsea chandler', 'yana santos')"
ufc-3406,UFC,2024-08-10,https://www.bestfightodds.com/events/ufc-3406,35899,Charalampos Grigoriou,Toshiomi Kazama,/fighters/charalampos-grigoriou-9980,/fighters/toshiomi-kazama-13922,"('charalampos grigoriou', 'toshiomi kazama')"
ufc-3406,UFC,2024-08-10,https://www.bestfightodds.com/events/ufc-3406,35902,Karol Rosa,Pannie Kianzad,/fighters/karol-rosa-9417,/fighters/pannie-kianzad-5306,"('karol rosa', 'pannie kianzad')"
ufc-3406,UFC,2024-08-10,https://www.bestfightodds.com/events/ufc-3406,35908,Jhonata Diniz,Karl Williams,/fighters/jhonata-diniz-16483,/fighters/karl-williams-13254,"('jhonata diniz', 'karl williams')"
ufc-3406,UFC,2024-08-10,https://www.bestfightodds.com/events/ufc-3406,35903,Allan Nascimento,Jafel Filho,/fighters/allan-nascimento-6373,/fighters/jafel-filho-14406,"('allan nascimento', 'jafel filho')"
ufc-3406,UFC,2024-08-10,https://www.bestfightodds.com/events/ufc-3406,35905,Jonny Parsons,Yusaku Kinoshita,/fighters/jonny-parsons-12689,/fighters/yusaku-kinoshita-14317,"('jonny parsons', 'yusaku kinoshita')"
ufc-3406,UFC,2024-08-10,https://www.bestfightodds.com/events/ufc-3406,35901,Jarno Errens,Youssef Zalal,/fighters/jarno-errens-8222,/fighters/youssef-zalal-8823,"('jarno errens', 'youssef zalal')"
ufc-3406,UFC,2024-08-10,https://www.bestfightodds.com/events/ufc-3406,35900,Stephanie Luciano,Talita Alencar,/fighters/stephanie-luciano-11737,/fighters/talita-alencar-11655,"('stephanie luciano', 'talita alencar')"
ufc-3406,UFC,2024-08-10,https://www.bestfightodds.com/events/ufc-3406,35904,Chris Gutierrez,Javid Basharat,/fighters/chris-gutierrez-4725,/fighters/javid-basharat-10973,"('chris gutierrez', 'javid basharat')"
ufc-3407,UFC,2024-08-11,https://www.bestfightodds.com/events/ufc-3407,35907,Marcin Tybura,Sergey Spivak,/fighters/marcin-tybura-6200,/fighters/sergey-spivak-9063,"('marcin tybura', 'sergey spivak')"
ufc-3407,UFC,2024-08-11,https://www.bestfightodds.com/events/ufc-3407,35914,Chepe Mariscal,Damon Jackson,/fighters/chepe-mariscal-16150,/fighters/damon-jackson-3828,"('chepe mariscal', 'damon jackson')"
ufc-3407,UFC,2024-08-11,https://www.bestfightodds.com/events/ufc-3407,35906,Damon Jackson,Jose Mariscal,/fighters/damon-jackson-3828,/fighters/jose-mariscal-8166,"('damon jackson', 'jose mariscal')"
ufc-3407,UFC,2024-08-11,https://www.bestfightodds.com/events/ufc-3407,35911,Danny Barlow,Nikolay Veretennikov,/fighters/danny-barlow-14814,/fighters/nikolay-veretennikov-7722,"('danny barlow', 'nikolay veretennikov')"
ufc-3407,UFC,2024-08-11,https://www.bestfightodds.com/events/ufc-3407,35974,Chris Gutierrez,Quang Le,/fighters/chris-gutierrez-4725,/fighters/quang-le-12547,"('chris gutierrez', 'quang le')"
ufc-3410,UFC,2024-08-17,https://www.bestfightodds.com/events/ufc-3410,35942,Alex Reyes,Tom Nolan,/fighters/alex-reyes-7224,/fighters/tom-nolan-16303,"('alex reyes', 'tom nolan')"
ufc-3410,UFC,2024-08-17,https://www.bestfightodds.com/events/ufc-3410,35936,Kenan Song,Ricky Glenn,/fighters/kenan-song-7731,/fighters/ricky-glenn-13086,"('kenan song', 'ricky glenn')"
ufc-3410,UFC,2024-08-17,https://www.bestfightodds.com/events/ufc-3410,35941,Jesus Aguilar,Stewart Nicoll,/fighters/jesus-aguilar-14733,/fighters/stewart-nicoll-18148,"('jesus aguilar', 'stewart nicoll')"
ufc-3350,UFC,2024-08-18,https://www.bestfightodds.com/events/ufc-3350,35421,Dricus Du Plessis,Israel Adesanya,/fighters/dricus-du-plessis-7951,/fighters/israel-adesanya-7845,"('dricus du plessis', 'israel adesanya')"
ufc-3350,UFC,2024-08-18,https://www.bestfightodds.com/events/ufc-3350,35910,Kai Kara-France,Steve Erceg,/fighters/kai-kara-france-8800,/fighters/steve-erceg-17167,"('kai kara france', 'steve erceg')"
ufc-3350,UFC,2024-08-18,https://www.bestfightodds.com/events/ufc-3350,35898,Dan Hooker,Mateusz Gamrot,/fighters/dan-hooker-6767,/fighters/mateusz-gamrot-4189,"('dan hooker', 'mateusz gamrot')"
ufc-3350,UFC,2024-08-18,https://www.bestfightodds.com/events/ufc-3350,35897,Jairzinho Rozenstruik,Tai Tuivasa,/fighters/jairzinho-rozenstruik-8218,/fighters/tai-tuivasa-7444,"('jairzinho rozenstruik', 'tai tuivasa')"
ufc-3350,UFC,2024-08-18,https://www.bestfightodds.com/events/ufc-3350,35896,Carlos Prates,Li Jingliang,/fighters/carlos-prates-14705,/fighters/li-jingliang-5510,"('carlos prates', 'li jingliang')"
ufc-3350,UFC,2024-08-18,https://www.bestfightodds.com/events/ufc-3350,35938,Junior Tafa,Valter Walker,/fighters/junior-tafa-14832,/fighters/valter-walker-17371,"('jr tafa', 'valter walker')"
ufc-3350,UFC,2024-08-18,https://www.bestfightodds.com/events/ufc-3350,35937,Josh Culibao,Ricardo Ramos,/fighters/josh-culibao-9928,/fighters/ricardo-ramos-5477,"('josh culibao', 'ricardo ramos')"
ufc-3350,UFC,2024-08-18,https://www.bestfightodds.com/events/ufc-3350,35940,Casey O'Neill,Luana Santos,/fighters/casey-o-neill-10524,/fighters/luana-santos-14049,"('casey oneill', 'luana santos')"
ufc-3350,UFC,2024-08-18,https://www.bestfightodds.com/events/ufc-3350,35939,Herbert Burns,Jack Jenkins,/fighters/herbert-burns-4735,/fighters/jack-jenkins-8037,"('herbert burns', 'jack jenkins')"
road-to-ufc-3442,Road to UFC,2024-08-24,https://www.bestfightodds.com/events/road-to-ufc-3442,36147,Balgyn Jenisuly,Tokitaka Nakanishi,/fighters/balgyn-jenisuly-17670,/fighters/tokitaka-nakanishi-17661,"('balgyn jenisuly', 'tokitaka nakanishi')"
road-to-ufc-3442,Road to UFC,2024-08-24,https://www.bestfightodds.com/events/road-to-ufc-3442,36135,Kangjie Zhu,Shin Haraguchi,/fighters/kangjie-zhu-17657,/fighters/shin-haraguchi-15881,"('kangjie zhu', 'shin haraguchi')"
road-to-ufc-3442,Road to UFC,2024-08-24,https://www.bestfightodds.com/events/road-to-ufc-3442,36136,Bin Xie,Masuto Kawana,/fighters/bin-xie-12716,/fighters/masuto-kawana-14204,"('bin xie', 'masuto kawana')"
road-to-ufc-3442,Road to UFC,2024-08-24,https://www.bestfightodds.com/events/road-to-ufc-3442,36133,Angad Bisht,Dong Hoon Choi,/fighters/angad-bisht-17651,/fighters/dong-hoon-choi-17653,"('angad bisht', 'dong hoon choi')"
road-to-ufc-3442,Road to UFC,2024-08-24,https://www.bestfightodds.com/events/road-to-ufc-3442,36134,Huaxiang Dong,Ming Shi,/fighters/huaxiang-dong-17662,/fighters/ming-shi-17668,"('huaxiang dong', 'ming shi')"
road-to-ufc-3442,Road to UFC,2024-08-24,https://www.bestfightodds.com/events/road-to-ufc-3442,36139,Daermisi Zhawupasi,Su Young You,/fighters/daermisi-zhawupasi-15877,/fighters/su-young-you-17656,"('daermisi zhawupasi', 'su young you')"
road-to-ufc-3442,Road to UFC,2024-08-24,https://www.bestfightodds.com/events/road-to-ufc-3442,36140,Miki Motono,Xiaocan Feng,/fighters/miki-motono-17667,/fighters/xiaocan-feng-17665,"('miki motono', 'xiaocan feng')"
road-to-ufc-3442,Road to UFC,2024-08-24,https://www.bestfightodds.com/events/road-to-ufc-3442,36146,Kiru Singh Sahota,Ruel Panales,/fighters/kiru-singh-sahota-15472,/fighters/ruel-panales-14012,"('kiru singh sahota', 'ruel panales')"
road-to-ufc-3442,Road to UFC,2024-08-24,https://www.bestfightodds.com/events/road-to-ufc-3442,36137,Danni McCormack,Qihui Yan,/fighters/danni-mccormack-13352,/fighters/qihui-yan-12715,"('danni mccormack', 'qihui yan')"
road-to-ufc-3442,Road to UFC,2024-08-24,https://www.bestfightodds.com/events/road-to-ufc-3442,36138,Jonathan Piersma,Samandar Murodov,/fighters/jonathan-piersma-10542,/fighters/samandar-murodov-10948,"('jonathan piersma', 'samandar murodov')"
ufc-3414,UFC,2024-08-24,https://www.bestfightodds.com/events/ufc-3414,36142,Nathan Fletcher,Zygimantas Ramaska,/fighters/nathan-fletcher-9198,/fighters/zygimantas-ramaska-18251,"('nathan fletcher', 'zygimantas ramaska')"
ufc-3414,UFC,2024-08-24,https://www.bestfightodds.com/events/ufc-3414,35958,Cong Wang,Victoria Leonardo,/fighters/cong-wang-16644,/fighters/victoria-leonardo-8900,"('cong wang', 'victoria leonardo')"
ufc-3414,UFC,2024-08-24,https://www.bestfightodds.com/events/ufc-3414,35971,Victoria Leonardo,Wang Cong,/fighters/victoria-leonardo-8900,/fighters/wang-cong-18152,"('victoria leonardo', 'wang cong')"
ufc-3414,UFC,2024-08-24,https://www.bestfightodds.com/events/ufc-3414,35953,Danny Silva,Dennis Buzukja,/fighters/danny-silva-9217,/fighters/dennis-buzukja-8602,"('danny silva', 'dennis buzukja')"
ufc-3441,UFC,2024-08-25,https://www.bestfightodds.com/events/ufc-3441,36004,Caio Borralho,Jared Cannonier,/fighters/caio-borralho-12570,/fighters/jared-cannonier-5333,"('caio borralho', 'jared cannonier')"
ufc-3441,UFC,2024-08-25,https://www.bestfightodds.com/events/ufc-3441,35957,Angela Hill,Tabatha Ricci,/fighters/angela-hill-5348,/fighters/tabatha-ricci-10312,"('angela hill', 'tabatha ricci')"
ufc-3441,UFC,2024-08-25,https://www.bestfightodds.com/events/ufc-3441,36107,Robert Valentin,Ryan Loder,/fighters/robert-valentin-13471,/fighters/ryan-loder-15079,"('robert valentin', 'ryan loder')"
ufc-3441,UFC,2024-08-25,https://www.bestfightodds.com/events/ufc-3441,36143,Kaan Ofli,Mairon Santos,/fighters/kaan-ofli-18252,/fighters/mairon-santos-13140,"('kaan ofli', 'mairon santos')"
ufc-3441,UFC,2024-08-25,https://www.bestfightodds.com/events/ufc-3441,35954,Michael Morales,Neil Magny,/fighters/michael-morales-12495,/fighters/neil-magny-3807,"('michael morales', 'neil magny')"
ufc-3441,UFC,2024-08-25,https://www.bestfightodds.com/events/ufc-3441,35951,Edmen Shahbazyan,Gerald Meerschaert,/fighters/edmen-shahbazyan-8418,/fighters/gerald-meerschaert-3628,"('edmen shahbazyan', 'gerald meerschaert')"
ufc-3441,UFC,2024-08-25,https://www.bestfightodds.com/events/ufc-3441,36141,Dennis Buzukja,Francis Marshall,/fighters/dennis-buzukja-8602,/fighters/francis-marshall-14185,"('dennis buzukja', 'francis marshall')"
ufc-3441,UFC,2024-08-25,https://www.bestfightodds.com/events/ufc-3441,35955,Jose Medina,Zach Reese,/fighters/jose-medina-3601,/fighters/zach-reese-16353,"('jose medina', 'zach reese')"
ufc-3441,UFC,2024-08-25,https://www.bestfightodds.com/events/ufc-3441,35952,James Llontop,Viacheslav Borshchev,/fighters/james-llontop-12200,/fighters/viacheslav-borshchev-12730,"('james llontop', 'viacheslav borshchev')"
ufc-3441,UFC,2024-08-25,https://www.bestfightodds.com/events/ufc-3441,35956,Jacqueline Cavalcanti,Josiane Nunes,/fighters/jacqueline-cavalcanti-13407,/fighters/josiane-nunes-11029,"('jacqueline cavalcanti', 'josiane nunes')"
ufc-3415,UFC,2024-09-07,https://www.bestfightodds.com/events/ufc-3415,36286,Cody Durden,Matt Schnell,/fighters/cody-durden-10231,/fighters/matt-schnell-3492,"('cody durden', 'matt schnell')"
ufc-3415,UFC,2024-09-07,https://www.bestfightodds.com/events/ufc-3415,35967,Trevor Peek,Yanal Ashmouz,/fighters/trevor-peek-14364,/fighters/yanal-ashmouz-15722,"('trevor peek', 'yanal ashmouz')"
ufc-3415,UFC,2024-09-07,https://www.bestfightodds.com/events/ufc-3415,36084,Chris Padilla,Rong Zhu,/fighters/chris-padilla-6093,/fighters/rong-zhu-11320,"('chris padilla', 'rong zhu')"
ufc-3415,UFC,2024-09-07,https://www.bestfightodds.com/events/ufc-3415,35964,Brendon Marotte,Isaac Dulgarian,/fighters/brendon-marotte-7869,/fighters/isaac-dulgarian-10816,"('brendon marotte', 'isaac dulgarian')"
ufc-3415,UFC,2024-09-07,https://www.bestfightodds.com/events/ufc-3415,35960,Ovince St. Preux,Ryan Spann,/fighters/ovince-st-preux-1788,/fighters/ryan-spann-3502,"('ovince st preux', 'ryan spann')"
ufc-3415,UFC,2024-09-07,https://www.bestfightodds.com/events/ufc-3415,35963,Andre Lima,Felipe Dos Santos,/fighters/andre-lima-16132,/fighters/felipe-dos-santos-14707,"('andre lima', 'felipe dos santos')"
ufc-3415,UFC,2024-09-07,https://www.bestfightodds.com/events/ufc-3415,35962,Gabriel Santos,Yizha,/fighters/gabriel-santos-14703,/fighters/yizha-17111,"('gabriel santos', 'yizha')"
ufc-3415,UFC,2024-09-07,https://www.bestfightodds.com/events/ufc-3415,36203,Gabriel Santos,Zha Yi,/fighters/gabriel-santos-14703,/fighters/zha-yi-13926,"('gabriel santos', 'zha yi')"
ufc-3415,UFC,2024-09-07,https://www.bestfightodds.com/events/ufc-3415,35959,Jaqueline Amorim,Vanessa Demopoulos,/fighters/jaqueline-amorim-10780,/fighters/vanessa-demopoulos-8998,"('jaqueline amorim', 'vanessa demopoulos')"
ufc-3415,UFC,2024-09-07,https://www.bestfightodds.com/events/ufc-3415,35961,Andre Petroski,Dylan Budka,/fighters/andre-petroski-10388,/fighters/dylan-budka-13649,"('andre petroski', 'dylan budka')"
ufc-3415,UFC,2024-09-07,https://www.bestfightodds.com/events/ufc-3415,36171,Nathan Fletcher,Zygimantas Ramaska,/fighters/nathan-fletcher-9198,/fighters/zygimantas-ramaska-18251,"('nathan fletcher', 'zygimantas ramaska')"
ufc-3362,UFC,2024-09-08,https://www.bestfightodds.com/events/ufc-3362,35516,Gilbert Burns,Sean Brady,/fighters/gilbert-burns-4747,/fighters/sean-brady-8521,"('gilbert burns', 'sean brady')"
ufc-3362,UFC,2024-09-08,https://www.bestfightodds.com/events/ufc-3362,35968,Jessica Andrade,Natalia Silva,/fighters/jessica-andrade-4201,/fighters/natalia-silva-10547,"('jessica andrade', 'natalia silva')"
ufc-3362,UFC,2024-09-08,https://www.bestfightodds.com/events/ufc-3362,36085,Kyle Nelson,Steve Garcia,/fighters/kyle-nelson-3633,/fighters/steve-garcia-2576,"('kyle nelson', 'steve garcia')"
ufc-306-3399,UFC 306,2024-09-14,https://www.bestfightodds.com/events/ufc-306-3399,36166,Qileng Aori,Raul Rosas Jr.,/fighters/qileng-aori-10837,/fighters/raul-rosas-jr-14661,"('qileng aori', 'raul rosas jr')"
ufc-306-3399,UFC 306,2024-09-14,https://www.bestfightodds.com/events/ufc-306-3399,35944,Aoriqileng,Raul Rosas Jr.,/fighters/aoriqileng-16506,/fighters/raul-rosas-jr-14661,"('aoriqileng', 'raul rosas jr')"
ufc-3371,UFC,2024-09-15,https://www.bestfightodds.com/events/ufc-3371,35844,Merab Dvalishvili,Sean O'Malley,/fighters/merab-dvalishvili-6415,/fighters/sean-o-malley-7125,"('merab dvalishvili', 'sean omalley')"
ufc-3371,UFC,2024-09-15,https://www.bestfightodds.com/events/ufc-3371,35856,Alexa Grasso,Valentina Shevchenko,/fighters/alexa-grasso-5096,/fighters/valentina-shevchenko-5475,"('alexa grasso', 'valentina shevchenko')"
ufc-3371,UFC,2024-09-15,https://www.bestfightodds.com/events/ufc-3371,35859,Brian Ortega,Diego Lopes,/fighters/brian-ortega-4290,/fighters/diego-lopes-12328,"('brian ortega', 'diego lopes')"
ufc-3371,UFC,2024-09-15,https://www.bestfightodds.com/events/ufc-3371,35860,Daniel Zellhuber,Esteban Ribovics,/fighters/daniel-zellhuber-9200,/fighters/esteban-ribovics-14245,"('daniel zellhuber', 'esteban ribovics')"
ufc-3371,UFC,2024-09-15,https://www.bestfightodds.com/events/ufc-3371,35864,Ode Osbourne,Ronaldo Rodriguez,/fighters/ode-osbourne-9282,/fighters/ronaldo-rodriguez-18123,"('ode osbourne', 'ronaldo rodriguez')"
ufc-3371,UFC,2024-09-15,https://www.bestfightodds.com/events/ufc-3371,35858,Irene Aldana,Norma Dumont,/fighters/irene-aldana-5093,/fighters/norma-dumont-9825,"('irene aldana', 'norma dumont')"
ufc-3371,UFC,2024-09-15,https://www.bestfightodds.com/events/ufc-3371,35857,Ignacio Bahamondes,Manuel Torres,/fighters/ignacio-bahamondes-9750,/fighters/manuel-torres-11468,"('ignacio bahamondes', 'manuel torres')"
ufc-3371,UFC,2024-09-15,https://www.bestfightodds.com/events/ufc-3371,35861,Ketlen Souza,Yazmin Jauregui,/fighters/ketlen-souza-13460,/fighters/yazmin-jauregui-13793,"('ketlen souza', 'yazmin jauregui')"
ufc-3371,UFC,2024-09-15,https://www.bestfightodds.com/events/ufc-3371,36323,Edgar Chairez,Joshua van,/fighters/edgar-chairez-9509,/fighters/joshua-van-14745,"('edgar chairez', 'joshua van')"
ufc-3427,UFC,2024-09-28,https://www.bestfightodds.com/events/ufc-3427,36053,Benoit Saint-Denis,Renato Moicano,/fighters/benoit-saint-denis-10992,/fighters/renato-moicano-5598,"('benoit saint denis', 'renato moicano')"
ufc-3427,UFC,2024-09-28,https://www.bestfightodds.com/events/ufc-3427,36175,Brendan Allen,Nassourdine Imavov,/fighters/brendan-allen-6203,/fighters/nassourdine-imavov-10307,"('brendan allen', 'nassourdine imavov')"
ufc-3427,UFC,2024-09-28,https://www.bestfightodds.com/events/ufc-3427,36174,Joanderson Brito,William Gomis,/fighters/joanderson-brito-9135,/fighters/william-gomis-10345,"('joanderson brito', 'william gomis')"
ufc-3427,UFC,2024-09-28,https://www.bestfightodds.com/events/ufc-3427,36172,Bryan Battle,Kevin Jousset,/fighters/bryan-battle-12265,/fighters/kevin-jousset-16429,"('bryan battle', 'kevin jousset')"
ufc-3427,UFC,2024-09-28,https://www.bestfightodds.com/events/ufc-3427,36428,Gabriel Miranda,Morgan Charriere,/fighters/gabriel-miranda-10991,/fighters/morgan-charriere-8980,"('gabriel miranda', 'morgan charriere')"
ufc-3427,UFC,2024-09-28,https://www.bestfightodds.com/events/ufc-3427,36179,Fares Ziam,Matt Frevola,/fighters/fares-ziam-9451,/fighters/matt-frevola-5332,"('fares ziam', 'matt frevola')"
ufc-3427,UFC,2024-09-28,https://www.bestfightodds.com/events/ufc-3427,36178,Ion Cutelaba,Ivan Erslan,/fighters/ion-cutelaba-4315,/fighters/ivan-erslan-9672,"('ion cutelaba', 'ivan erslan')"
ufc-3427,UFC,2024-09-28,https://www.bestfightodds.com/events/ufc-3427,36231,Da Un Jung,Oumar Sy,/fighters/da-un-jung-9389,/fighters/oumar-sy-12679,"('da un jung', 'oumar sy')"
ufc-3427,UFC,2024-09-28,https://www.bestfightodds.com/events/ufc-3427,36173,Da Woon Jung,Oumar Sy,/fighters/da-woon-jung-15942,/fighters/oumar-sy-12679,"('da un jung', 'oumar sy')"
ufc-3427,UFC,2024-09-28,https://www.bestfightodds.com/events/ufc-3427,36427,Ludovit Klein,Roosevelt Roberts,/fighters/ludovit-klein-7610,/fighters/roosevelt-roberts-7881,"('ludovit klein', 'roosevelt roberts')"
ufc-3427,UFC,2024-09-28,https://www.bestfightodds.com/events/ufc-3427,36539,Taylor Lapilus,Vince Morales,/fighters/taylor-lapilus-5164,/fighters/vince-morales-6316,"('taylor lapilus', 'vince morales')"
ufc-3427,UFC,2024-09-28,https://www.bestfightodds.com/events/ufc-3427,36229,Ailin Perez,Darya Zheleznyakova,/fighters/ailin-perez-13883,/fighters/darya-zheleznyakova-14690,"('ailin perez', 'darya zheleznyakova')"
ufc-3427,UFC,2024-09-28,https://www.bestfightodds.com/events/ufc-3427,36426,Daniel Barez,Victor Altamirano,/fighters/daniel-barez-4827,/fighters/victor-altamirano-9662,"('daniel barez', 'victor altamirano')"
ufc-3427,UFC,2024-09-28,https://www.bestfightodds.com/events/ufc-3427,36425,Jacqueline Cavalcanti,Nora Cornolle,/fighters/jacqueline-cavalcanti-13407,/fighters/nora-cornolle-14385,"('jacqueline cavalcanti', 'nora cornolle')"
ufc-3427,UFC,2024-09-28,https://www.bestfightodds.com/events/ufc-3427,36447,Bolaji Oki,Chris Duncan,/fighters/bolaji-oki-16406,/fighters/chris-duncan-8861,"('bolaji oki', 'chris duncan')"
ufc-307-3449,UFC 307,2024-10-05,https://www.bestfightodds.com/events/ufc-307-3449,36519,Ovince St. Preux,Ryan Spann,/fighters/ovince-st-preux-1788,/fighters/ryan-spann-3502,"('ovince st preux', 'ryan spann')"
ufc-307-3449,UFC 307,2024-10-05,https://www.bestfightodds.com/events/ufc-307-3449,36518,Carla Esparza,Tecia Pennington,/fighters/carla-esparza-2043,/fighters/tecia-pennington-17554,"('carla esparza', 'tecia pennington')"
ufc-307-3449,UFC 307,2024-10-05,https://www.bestfightodds.com/events/ufc-307-3449,36520,Court McGee,Tim Means,/fighters/court-mcgee-1956,/fighters/tim-means-3125,"('court mcgee', 'tim means')"
ufc-3433,UFC,2024-10-06,https://www.bestfightodds.com/events/ufc-3433,36096,Alex Pereira,Khalil Rountree Jr.,/fighters/alex-pereira-10463,/fighters/khalil-rountree-jr-11552,"('alex pereira', 'khalil rountree jr')"
ufc-3433,UFC,2024-10-06,https://www.bestfightodds.com/events/ufc-3433,36184,Julianna Pena,Raquel Pennington,/fighters/julianna-pena-1816,/fighters/raquel-pennington-3353,"('julianna pena', 'raquel pennington')"
ufc-3433,UFC,2024-10-06,https://www.bestfightodds.com/events/ufc-3433,36185,Jose Aldo,Mario Bautista,/fighters/jose-aldo-659,/fighters/mario-bautista-8867,"('jose aldo', 'mario bautista')"
ufc-3433,UFC,2024-10-06,https://www.bestfightodds.com/events/ufc-3433,36182,Kevin Holland,Roman Dolidze,/fighters/kevin-holland-5910,/fighters/roman-dolidze-9094,"('kevin holland', 'roman dolidze')"
ufc-3433,UFC,2024-10-06,https://www.bestfightodds.com/events/ufc-3433,36183,Kayla Harrison,Ketlen Vieira,/fighters/kayla-harrison-8276,/fighters/ketlen-vieira-6585,"('kayla harrison', 'ketlen vieira')"
ufc-3433,UFC,2024-10-06,https://www.bestfightodds.com/events/ufc-3433,36181,Joaquin Buckley,Stephen Thompson,/fighters/joaquin-buckley-6458,/fighters/stephen-thompson-3092,"('joaquin buckley', 'stephen thompson')"
ufc-3433,UFC,2024-10-06,https://www.bestfightodds.com/events/ufc-3433,36516,Iasmin Lucindo,Marina Rodriguez,/fighters/iasmin-lucindo-14124,/fighters/marina-rodriguez-8543,"('iasmin lucindo', 'marina rodriguez')"
ufc-3433,UFC,2024-10-06,https://www.bestfightodds.com/events/ufc-3433,36662,Alexander Hernandez,Austin Hubbard,/fighters/alexander-hernandez-7977,/fighters/austin-hubbard-8207,"('alexander hernandez', 'austin hubbard')"
ufc-3433,UFC,2024-10-06,https://www.bestfightodds.com/events/ufc-3433,36517,Cesar Almeida,Ihor Potieria,/fighters/cesar-almeida-16304,/fighters/ihor-potieria-13119,"('cesar almeida', 'ihor potieria')"
ufc-3500,UFC,2024-10-12,https://www.bestfightodds.com/events/ufc-3500,36656,Grant Dawson,Rafa Garcia,/fighters/grant-dawson-5841,/fighters/rafa-garcia-9241,"('grant dawson', 'rafa garcia')"
ufc-3500,UFC,2024-10-12,https://www.bestfightodds.com/events/ufc-3500,36652,Alex Morono,Daniel Rodriguez,/fighters/alex-morono-2727,/fighters/daniel-rodriguez-6856,"('alex morono', 'daniel rodriguez')"
ufc-3500,UFC,2024-10-12,https://www.bestfightodds.com/events/ufc-3500,36654,Cj Vergara,Ramazan Temirov,/fighters/cj-vergara-17015,/fighters/ramazan-temirov-18532,"('cj vergara', 'ramazan temirov')"
ufc-3500,UFC,2024-10-12,https://www.bestfightodds.com/events/ufc-3500,36653,Jonathan Pearce,Pat Sabatini,/fighters/jonathan-pearce-9246,/fighters/pat-sabatini-8167,"('jonathan pearce', 'pat sabatini')"
ufc-3500,UFC,2024-10-12,https://www.bestfightodds.com/events/ufc-3500,36649,Abdul Razak Alhassan,Josh Fremd,/fighters/abdul-razak-alhassan-4724,/fighters/josh-fremd-7675,"('abdul razak alhassan', 'josh fremd')"
ufc-3500,UFC,2024-10-12,https://www.bestfightodds.com/events/ufc-3500,36651,Niko Price,Themba Gorimbo,/fighters/niko-price-6895,/fighters/themba-gorimbo-12770,"('niko price', 'themba gorimbo')"
ufc-3500,UFC,2024-10-12,https://www.bestfightodds.com/events/ufc-3500,36822,Junior Tafa,Sean Sharaf,/fighters/junior-tafa-14832,/fighters/sean-sharaf-18607,"('jr tafa', 'sean sharaf')"
ufc-3500,UFC,2024-10-12,https://www.bestfightodds.com/events/ufc-3500,36732,Chris Barnett,Junior Tafa,/fighters/chris-barnett-3234,/fighters/junior-tafa-14832,"('chris barnett', 'jr tafa')"
ufc-3500,UFC,2024-10-12,https://www.bestfightodds.com/events/ufc-3500,36731,Cory McKenna,Julia Polastri,/fighters/cory-mckenna-7840,/fighters/julia-polastri-12394,"('cory mckenna', 'julia polastri')"
ufc-3500,UFC,2024-10-12,https://www.bestfightodds.com/events/ufc-3500,36730,Cody Haddon,Daniel Argueta,/fighters/cody-haddon-18212,/fighters/daniel-argueta-12698,"('cody haddon', 'daniel argueta')"
ufc-3500,UFC,2024-10-12,https://www.bestfightodds.com/events/ufc-3500,36655,Clayton Carpenter,Lucas Rocha,/fighters/clayton-carpenter-10300,/fighters/lucas-rocha-15885,"('clayton carpenter', 'lucas rocha')"
ufc-fight-night-3501,UFC Fight Night,2024-10-13,https://www.bestfightodds.com/events/ufc-fight-night-3501,36647,Brandon Royval,Tatsuro Taira,/fighters/brandon-royval-7031,/fighters/tatsuro-taira-13311,"('brandon royval', 'tatsuro taira')"
ufc-fight-night-3501,UFC Fight Night,2024-10-13,https://www.bestfightodds.com/events/ufc-fight-night-3501,36650,Brad Tavares,Jun Yong Park,/fighters/brad-tavares-1959,/fighters/jun-yong-park-9312,"('brad tavares', 'jun yong park')"
ufc-fight-night-3501,UFC Fight Night,2024-10-13,https://www.bestfightodds.com/events/ufc-fight-night-3501,36648,Chidi Njokuani,Jared Gooden,/fighters/chidi-njokuani-2452,/fighters/jared-gooden-5444,"('chidi njokuani', 'jared gooden')"
ufc-3513,UFC,2024-10-19,https://www.bestfightodds.com/events/ufc-3513,36777,Anthony Hernandez,Michel Pereira,/fighters/anthony-hernandez-6092,/fighters/michel-pereira-9071,"('anthony hernandez', 'michel pereira')"
ufc-3513,UFC,2024-10-19,https://www.bestfightodds.com/events/ufc-3513,36773,Kyler Phillips,Rob Font,/fighters/kyler-phillips-7228,/fighters/rob-font-4984,"('kyler phillips', 'rob font')"
ufc-3513,UFC,2024-10-19,https://www.bestfightodds.com/events/ufc-3513,36776,Charles Johnson,Sumudaerji Sumudaerji,/fighters/charles-johnson-7494,/fighters/sumudaerji-sumudaerji-8746,"('charles johnson', 'sumudaerji sumudaerji')"
ufc-3513,UFC,2024-10-19,https://www.bestfightodds.com/events/ufc-3513,36869,Cameron Smotherman,Jake Hadley,/fighters/cameron-smotherman-12367,/fighters/jake-hadley-9411,"('cameron smotherman', 'jake hadley')"
ufc-3513,UFC,2024-10-19,https://www.bestfightodds.com/events/ufc-3513,36779,Daniel Pineda,Darren Elkins,/fighters/daniel-pineda-1240,/fighters/darren-elkins-1768,"('daniel pineda', 'darren elkins')"
ufc-3513,UFC,2024-10-19,https://www.bestfightodds.com/events/ufc-3513,36774,Asu Almabayev,Matheus Nicolau,/fighters/asu-almabayev-16167,/fighters/matheus-nicolau-5923,"('asu almabayev', 'matheus nicolau')"
ufc-3513,UFC,2024-10-19,https://www.bestfightodds.com/events/ufc-3513,36772,Brad Katona,Jean Matsumoto,/fighters/brad-katona-8426,/fighters/jean-matsumoto-14110,"('brad katona', 'jean matsumoto')"
ufc-3513,UFC,2024-10-19,https://www.bestfightodds.com/events/ufc-3513,36778,Brady Hiestand,Jake Hadley,/fighters/brady-hiestand-12231,/fighters/jake-hadley-9411,"('brady hiestand', 'jake hadley')"
ufc-3513,UFC,2024-10-19,https://www.bestfightodds.com/events/ufc-3513,36771,Joselyne Edwards,Tamires Vidal,/fighters/joselyne-edwards-8664,/fighters/tamires-vidal-11785,"('joselyne edwards', 'tamires vidal')"
ufc-3513,UFC,2024-10-19,https://www.bestfightodds.com/events/ufc-3513,36769,Elise Reed,Jessica Penne,/fighters/elise-reed-9554,/fighters/jessica-penne-3305,"('elise reed', 'jessica penne')"
ufc-3513,UFC,2024-10-19,https://www.bestfightodds.com/events/ufc-3513,36770,Alice Ardelean,Melissa Martinez,/fighters/alice-ardelean-15320,/fighters/melissa-martinez-7705,"('alice ardelean', 'melissa martinez')"
ufc-3513,UFC,2024-10-19,https://www.bestfightodds.com/events/ufc-3513,36775,Austen Lane,Robelis Despaigne,/fighters/austen-lane-8254,/fighters/robelis-despaigne-16067,"('austen lane', 'robelis despaigne')"
ufc-3412,UFC,2024-10-26,https://www.bestfightodds.com/events/ufc-3412,35946,Ilia Topuria,Max Holloway,/fighters/ilia-topuria-8322,/fighters/max-holloway-3090,"('ilia topuria', 'max holloway')"
ufc-3412,UFC,2024-10-26,https://www.bestfightodds.com/events/ufc-3412,35949,Khamzat Chimaev,Robert Whittaker,/fighters/khamzat-chimaev-10189,/fighters/robert-whittaker-3761,"('khamzat chimaev', 'robert whittaker')"
ufc-3412,UFC,2024-10-26,https://www.bestfightodds.com/events/ufc-3412,35948,Aleksandar Rakir,Magomed Ankalaev,/fighters/aleksandar-rakir-18150,/fighters/magomed-ankalaev-7794,"('aleksandar rakir', 'magomed ankalaev')"
ufc-3412,UFC,2024-10-26,https://www.bestfightodds.com/events/ufc-3412,36758,Dan Ige,Lerone Murphy,/fighters/dan-ige-6448,/fighters/lerone-murphy-9433,"('dan ige', 'lerone murphy')"
ufc-3412,UFC,2024-10-26,https://www.bestfightodds.com/events/ufc-3412,36759,Armen Petrosyan,Shara Magomedov,/fighters/armen-petrosyan-11514,/fighters/shara-magomedov-17740,"('armen petrosyan', 'shara magomedov')"
ufc-3412,UFC,2024-10-26,https://www.bestfightodds.com/events/ufc-3412,36762,Ibo Aslan,Raffael Cerqueira,/fighters/ibo-aslan-16319,/fighters/raffael-cerqueira-18575,"('ibo aslan', 'raffael cerqueira')"
ufc-3412,UFC,2024-10-26,https://www.bestfightodds.com/events/ufc-3412,36761,Geoff Neal,Rafael Dos Anjos,/fighters/geoff-neal-8453,/fighters/rafael-dos-anjos-895,"('geoff neal', 'rafael dos anjos')"
ufc-3412,UFC,2024-10-26,https://www.bestfightodds.com/events/ufc-3412,36765,Mateusz Rebecki,Myktybek Orolbai,/fighters/mateusz-rebecki-10102,/fighters/myktybek-orolbai-16276,"('mateusz rebecki', 'myktybek orolbai')"
ufc-3412,UFC,2024-10-26,https://www.bestfightodds.com/events/ufc-3412,36763,Abus Magomedov,Brunno Ferreira,/fighters/abus-magomedov-16645,/fighters/brunno-ferreira-14404,"('abus magomedov', 'brunno ferreira')"
ufc-3412,UFC,2024-10-26,https://www.bestfightodds.com/events/ufc-3412,36883,Chris Barnett,Kennedy Nzechukwu,/fighters/chris-barnett-3234,/fighters/kennedy-nzechukwu-7454,"('chris barnett', 'kennedy nzechukwu')"
ufc-3412,UFC,2024-10-26,https://www.bestfightodds.com/events/ufc-3412,36764,Farid Basharat,Victor Hugo,/fighters/farid-basharat-11791,/fighters/victor-hugo-12838,"('farid basharat', 'victor hugo')"
ufc-3412,UFC,2024-10-26,https://www.bestfightodds.com/events/ufc-3412,36768,Bruno Silva,Ismail Naurdiev,/fighters/bruno-silva-7121,/fighters/ismail-naurdiev-7558,"('bruno silva', 'ismail naurdiev')"
ufc-3412,UFC,2024-10-26,https://www.bestfightodds.com/events/ufc-3412,36892,Carlos Leal Miranda,Rinat Fakhretdinov,/fighters/carlos-leal-miranda-7744,/fighters/rinat-fakhretdinov-13557,"('carlos leal miranda', 'rinat fakhretdinov')"
ufc-3412,UFC,2024-10-26,https://www.bestfightodds.com/events/ufc-3412,36882,Junior Tafa,Kennedy Nzechukwu,/fighters/junior-tafa-14832,/fighters/kennedy-nzechukwu-7454,"('jr tafa', 'kennedy nzechukwu')"
ufc-3412,UFC,2024-10-26,https://www.bestfightodds.com/events/ufc-3412,36914,Daniel Santos,Said Nurmagomedov,/fighters/daniel-santos-6038,/fighters/said-nurmagomedov-8192,"('daniel santos', 'said nurmagomedov')"
ufc-fight-night-3450,UFC Fight Night,2024-11-02,https://www.bestfightodds.com/events/ufc-fight-night-3450,36891,Aiemann Zahabi,Pedro Munhoz,/fighters/aiemann-zahabi-6901,/fighters/pedro-munhoz-3750,"('aiemann zahabi', 'pedro munhoz')"
ufc-fight-night-3450,UFC Fight Night,2024-11-02,https://www.bestfightodds.com/events/ufc-fight-night-3450,36889,Charles Jourdain,Victor Henry,/fighters/charles-jourdain-9131,/fighters/victor-henry-9364,"('charles jourdain', 'victor henry')"
ufc-fight-night-3450,UFC Fight Night,2024-11-02,https://www.bestfightodds.com/events/ufc-fight-night-3450,36890,Jack Shore,Youssef Zalal,/fighters/jack-shore-6409,/fighters/youssef-zalal-8823,"('jack shore', 'youssef zalal')"
ufc-fight-night-3450,UFC Fight Night,2024-11-02,https://www.bestfightodds.com/events/ufc-fight-night-3450,36188,Alexandr Romanov,Rodrigo Nascimento,/fighters/alexandr-romanov-10383,/fighters/rodrigo-nascimento-9293,"('alexandr romanov', 'rodrigo nascimento')"
ufc-fight-night-3450,UFC Fight Night,2024-11-02,https://www.bestfightodds.com/events/ufc-fight-night-3450,36893,Garrett Armfield,Serhiy Sidey,/fighters/garrett-armfield-9084,/fighters/serhiy-sidey-13707,"('garrett armfield', 'serhiy sidey')"
ufc-fight-night-3450,UFC Fight Night,2024-11-02,https://www.bestfightodds.com/events/ufc-fight-night-3450,36895,Chad Anheliger,Cody Gibson,/fighters/chad-anheliger-12270,/fighters/cody-gibson-1915,"('chad anheliger', 'cody gibson')"
ufc-fight-night-3450,UFC Fight Night,2024-11-02,https://www.bestfightodds.com/events/ufc-fight-night-3450,36887,Ivana Petrovic,Jamey-Lyn Horth Wessels,/fighters/ivana-petrovic-13667,/fighters/jamey-lyn-horth-wessels-10412,"('ivana petrovic', 'jamey lyn horth wessels')"
ufc-fight-night-3436,UFC Fight Night,2024-11-03,https://www.bestfightodds.com/events/ufc-fight-night-3436,36856,Amir Albazi,Brandon Moreno,/fighters/amir-albazi-7189,/fighters/brandon-moreno-6681,"('amir albazi', 'brandon moreno')"
ufc-fight-night-3436,UFC Fight Night,2024-11-03,https://www.bestfightodds.com/events/ufc-fight-night-3436,36106,Erin Blanchfield,Rose Namajunas,/fighters/erin-blanchfield-8336,/fighters/rose-namajunas-3803,"('erin blanchfield', 'rose namajunas')"
ufc-fight-night-3436,UFC Fight Night,2024-11-03,https://www.bestfightodds.com/events/ufc-fight-night-3436,36884,Brendson Ribeiro,Caio Machado,/fighters/brendson-ribeiro-13392,/fighters/caio-machado-4965,"('brendson ribeiro', 'caio machado')"
ufc-fight-night-3436,UFC Fight Night,2024-11-03,https://www.bestfightodds.com/events/ufc-fight-night-3436,36894,Ariane da Silva,Jasmine Jasudavicius,/fighters/ariane-da-silva-18630,/fighters/jasmine-jasudavicius-9869,"('ariane da silva', 'jasmine jasudavicius')"
ufc-fight-night-3436,UFC Fight Night,2024-11-03,https://www.bestfightodds.com/events/ufc-fight-night-3436,36948,Ariane Lipski,Jasmine Jasudavicius,/fighters/ariane-lipski-6053,/fighters/jasmine-jasudavicius-9869,"('ariane lipski', 'jasmine jasudavicius')"
ufc-fight-night-3436,UFC Fight Night,2024-11-03,https://www.bestfightodds.com/events/ufc-fight-night-3436,36885,Dustin Stoltzfus,Marc-Andre Barriault,/fighters/dustin-stoltzfus-10214,/fighters/marc-andre-barriault-8960,"('dustin stoltzfus', 'marc andre barriault')"
ufc-fight-night-3436,UFC Fight Night,2024-11-03,https://www.bestfightodds.com/events/ufc-fight-night-3436,36886,Mike Malott,Trevin Giles,/fighters/mike-malott-5196,/fighters/trevin-giles-4665,"('mike malott', 'trevin giles')"
ufc-fight-night-3531,UFC Fight Night,2024-11-09,https://www.bestfightodds.com/events/ufc-fight-night-3531,36963,Denise Gomes,Karolina Kowalkiewicz,/fighters/denise-gomes-13433,/fighters/karolina-kowalkiewicz-3745,"('denise gomes', 'karolina kowalkiewicz')"
ufc-fight-night-3531,UFC Fight Night,2024-11-09,https://www.bestfightodds.com/events/ufc-fight-night-3531,37068,Elizeu Zaleski,Zach Scroggin,/fighters/elizeu-zaleski-5594,/fighters/zach-scroggin-12971,"('elizeu zaleski', 'zach scroggin')"
ufc-fight-night-3531,UFC Fight Night,2024-11-09,https://www.bestfightodds.com/events/ufc-fight-night-3531,36961,Charles Radtke,Matthew Semelsberger,/fighters/charles-radtke-10622,/fighters/matthew-semelsberger-10268,"('charles radtke', 'matt semelsberger')"
ufc-fight-night-3531,UFC Fight Night,2024-11-09,https://www.bestfightodds.com/events/ufc-fight-night-3531,36962,Cody Stamann,Da'mon Blackshear,/fighters/cody-stamann-7352,/fighters/da-mon-blackshear-8471,"('cody stamann', 'damon blackshear')"
ufc-fight-night-3531,UFC Fight Night,2024-11-09,https://www.bestfightodds.com/events/ufc-fight-night-3531,36965,Antonio Trocoli,Tresean Gore,/fighters/antonio-trocoli-6081,/fighters/tresean-gore-12266,"('antonio trocoli', 'tresean gore')"
ufc-fight-night-3531,UFC Fight Night,2024-11-09,https://www.bestfightodds.com/events/ufc-fight-night-3531,36958,Klaudia Sygula,Melissa Mullins,/fighters/klaudia-sygula-11261,/fighters/melissa-mullins-17402,"('klaudia sygula', 'melissa mullins')"
ufc-3537,UFC,2024-11-10,https://www.bestfightodds.com/events/ufc-3537,36954,Carlos Prates,Neil Magny,/fighters/carlos-prates-14705,/fighters/neil-magny-3807,"('carlos prates', 'neil magny')"
ufc-3537,UFC,2024-11-10,https://www.bestfightodds.com/events/ufc-3537,36956,Gerald Meerschaert,Reinier de Ridder,/fighters/gerald-meerschaert-3628,/fighters/reinier-de-ridder-8891,"('gerald meerschaert', 'reinier de ridder')"
ufc-3537,UFC,2024-11-10,https://www.bestfightodds.com/events/ufc-3537,36964,Cortavious Romious,Gaston Bolanos,/fighters/cortavious-romious-15949,/fighters/gaston-bolanos-6991,"('cortavious romious', 'gaston bolanos')"
ufc-3537,UFC,2024-11-10,https://www.bestfightodds.com/events/ufc-3537,36955,Gillian Robertson,Luana Pinheiro,/fighters/gillian-robertson-7784,/fighters/luana-pinheiro-10468,"('gillian robertson', 'luana pinheiro')"
ufc-3537,UFC,2024-11-10,https://www.bestfightodds.com/events/ufc-3537,36957,Dusko Todorovic,Mansur Abdul-Malik,/fighters/dusko-todorovic-9397,/fighters/mansur-abdul-malik-12720,"('dusko todorovic', 'mansur abdul malik')"
ufc-3537,UFC,2024-11-10,https://www.bestfightodds.com/events/ufc-3537,37048,Benardo Sopaj,Ricky Turcios,/fighters/benardo-sopaj-18721,/fighters/ricky-turcios-4236,"('benardo sopaj', 'ricky turcios')"
ufc-3538,UFC,2024-11-16,https://www.bestfightodds.com/events/ufc-3538,37040,Eduarda Moura,Veronica Hardy,/fighters/eduarda-moura-16318,/fighters/veronica-hardy-16779,"('eduarda moura', 'veronica hardy')"
ufc-3476,UFC,2024-11-17,https://www.bestfightodds.com/events/ufc-3476,36445,Jon Jones,Stipe Miocic,/fighters/jon-jones-819,/fighters/stipe-miocic-1869,"('jon jones', 'stipe miocic')"
ufc-3476,UFC,2024-11-17,https://www.bestfightodds.com/events/ufc-3476,36434,Charles Oliveira,Michael Chandler,/fighters/charles-oliveira-1893,/fighters/michael-chandler-2158,"('charles oliveira', 'michael chandler')"
ufc-3476,UFC,2024-11-17,https://www.bestfightodds.com/events/ufc-3476,36446,Bo Nickal,Paul Craig,/fighters/bo-nickal-14211,/fighters/paul-craig-6791,"('bo nickal', 'paul craig')"
ufc-3476,UFC,2024-11-17,https://www.bestfightodds.com/events/ufc-3476,37032,Karine Silva,Viviane Araujo,/fighters/karine-silva-7814,/fighters/viviane-araujo-9155,"('karine silva', 'viviane araujo')"
ufc-3476,UFC,2024-11-17,https://www.bestfightodds.com/events/ufc-3476,37041,James Llontop,Mauricio Ruffy,/fighters/james-llontop-12200,/fighters/mauricio-ruffy-16595,"('james llontop', 'mauricio ruffy')"
ufc-3476,UFC,2024-11-17,https://www.bestfightodds.com/events/ufc-3476,37034,Jonathan Martinez,Marcus McGhee,/fighters/jonathan-martinez-5932,/fighters/marcus-mcghee-14050,"('jonathan martinez', 'marcus mcghee')"
ufc-3476,UFC,2024-11-17,https://www.bestfightodds.com/events/ufc-3476,37031,Chris Weidman,Eryk Anders,/fighters/chris-weidman-2309,/fighters/eryk-anders-6686,"('chris weidman', 'eryk anders')"
ufc-3476,UFC,2024-11-17,https://www.bestfightodds.com/events/ufc-3476,37035,Damon Jackson,Jim Miller,/fighters/damon-jackson-3828,/fighters/jim-miller-265,"('damon jackson', 'jim miller')"
ufc-3476,UFC,2024-11-17,https://www.bestfightodds.com/events/ufc-3476,37159,David Onama,Roberto Romero,/fighters/david-onama-10808,/fighters/roberto-romero-18776,"('david onama', 'roberto romero')"
ufc-3476,UFC,2024-11-17,https://www.bestfightodds.com/events/ufc-3476,37117,Jhonata Diniz,Marcin Tybura,/fighters/jhonata-diniz-16483,/fighters/marcin-tybura-6200,"('jhonata diniz', 'marcin tybura')"
ufc-3476,UFC,2024-11-17,https://www.bestfightodds.com/events/ufc-3476,37037,Mickey Gall,Ramiz Brahimaj,/fighters/mickey-gall-6162,/fighters/ramiz-brahimaj-7724,"('mickey gall', 'ramiz brahimaj')"
ufc-3476,UFC,2024-11-17,https://www.bestfightodds.com/events/ufc-3476,37039,Bassil Hafez,Oban Elliott,/fighters/bassil-hafez-10482,/fighters/oban-elliott-9107,"('bassil hafez', 'oban elliott')"
ufc-3549,UFC,2024-11-23,https://www.bestfightodds.com/events/ufc-3549,37142,Deiveson Figueiredo,Petr Yan,/fighters/deiveson-figueiredo-7514,/fighters/petr-yan-7578,"('deiveson figueiredo', 'petr yan')"
ufc-3549,UFC,2024-11-23,https://www.bestfightodds.com/events/ufc-3549,37143,Tabatha Ricci,Xiaonan Yan,/fighters/tabatha-ricci-10312,/fighters/xiaonan-yan-9148,"('tabatha ricci', 'xiaonan yan')"
ufc-3549,UFC,2024-11-23,https://www.bestfightodds.com/events/ufc-3549,37144,Kenan Song,Muslim Salikhov,/fighters/kenan-song-7731,/fighters/muslim-salikhov-7701,"('kenan song', 'muslim salikhov')"
ufc-3549,UFC,2024-11-23,https://www.bestfightodds.com/events/ufc-3549,37145,Cong Wang,Gabriella Fernandes,/fighters/cong-wang-16644,/fighters/gabriella-fernandes-14517,"('cong wang', 'gabriella fernandes')"
ufc-3549,UFC,2024-11-23,https://www.bestfightodds.com/events/ufc-3549,37180,Gabriella Fernandes,Wang Cong,/fighters/gabriella-fernandes-14517,/fighters/wang-cong-18152,"('gabriella fernandes', 'wang cong')"
ufc-3549,UFC,2024-11-23,https://www.bestfightodds.com/events/ufc-3549,37148,Carlos Ulberg,Volkan Oezdemir,/fighters/carlos-ulberg-10404,/fighters/volkan-oezdemir-4473,"('carlos ulberg', 'volkan oezdemir')"
ufc-3549,UFC,2024-11-23,https://www.bestfightodds.com/events/ufc-3549,37150,Mingyang Zhang,Ozzy Diaz,/fighters/mingyang-zhang-13918,/fighters/ozzy-diaz-10407,"('mingyang zhang', 'ozzy diaz')"
ufc-3549,UFC,2024-11-23,https://www.bestfightodds.com/events/ufc-3549,37179,Ozzy Diaz,Zhang Mingyang,/fighters/ozzy-diaz-10407,/fighters/zhang-mingyang-14721,"('ozzy diaz', 'zhang mingyang')"
ufc-3549,UFC,2024-11-23,https://www.bestfightodds.com/events/ufc-3549,37146,Balgyn Jenisuly,Su Young You,/fighters/balgyn-jenisuly-17670,/fighters/su-young-you-17656,"('balgyn jenisuly', 'su young you')"
ufc-3549,UFC,2024-11-23,https://www.bestfightodds.com/events/ufc-3549,37182,Baergeng Jieleyisi,Suyoung Yu,/fighters/baergeng-jieleyisi-15879,/fighters/suyoung-yu-18785,"('baergeng jieleyisi', 'suyoung yu')"
ufc-3549,UFC,2024-11-23,https://www.bestfightodds.com/events/ufc-3549,37152,Dong Hoon Choi,Kiru Sahota,/fighters/dong-hoon-choi-17653,/fighters/kiru-sahota-18771,"('dong hoon choi', 'kiru sahota')"
ufc-3549,UFC,2024-11-23,https://www.bestfightodds.com/events/ufc-3549,37183,Feng Xiaocan,Shi Ming,/fighters/feng-xiaocan-18786,/fighters/shi-ming-18787,"('feng xiaocan', 'shi ming')"
ufc-3549,UFC,2024-11-23,https://www.bestfightodds.com/events/ufc-3549,37151,Ming Shi,Xiaocan Feng,/fighters/ming-shi-17668,/fighters/xiaocan-feng-17665,"('ming shi', 'xiaocan feng')"
ufc-3549,UFC,2024-11-23,https://www.bestfightodds.com/events/ufc-3549,37147,Carlos Hernandez,Nyamjargal Tumendemberel,/fighters/carlos-hernandez-5501,/fighters/nyamjargal-tumendemberel-15865,"('carlos hernandez', 'nyamjargal tumendemberel')"
ufc-3549,UFC,2024-11-23,https://www.bestfightodds.com/events/ufc-3549,37154,Jose Ochoa,Lone'er Kavanagh,/fighters/jose-ochoa-16739,/fighters/lone-er-kavanagh-12967,"('jose ochoa', 'loneer kavanagh')"
ufc-3549,UFC,2024-11-23,https://www.bestfightodds.com/events/ufc-3549,37153,Long Xiao,Quang Le,/fighters/long-xiao-12717,/fighters/quang-le-12547,"('long xiao', 'quang le')"
ufc-3549,UFC,2024-11-23,https://www.bestfightodds.com/events/ufc-3549,37181,Quang Le,Xiao Long,/fighters/quang-le-12547,/fighters/xiao-long-14613,"('quang le', 'xiao long')"
ufc-3549,UFC,2024-11-23,https://www.bestfightodds.com/events/ufc-3549,37149,Maheshate Hayisaer,Nikolas Motta,/fighters/maheshate-hayisaer-18770,/fighters/nikolas-motta-9314,"('maheshate hayisaer', 'nikolas motta')"
ufc-3549,UFC,2024-11-23,https://www.bestfightodds.com/events/ufc-3549,37155,Bin Xie,Kangjie Zhu,/fighters/bin-xie-12716,/fighters/kangjie-zhu-17657,"('bin xie', 'kangjie zhu')"
ufc-3522,UFC,2024-12-08,https://www.bestfightodds.com/events/ufc-3522,36854,Belal Muhammad,Shavkat Rakhmonov,/fighters/belal-muhammad-3777,/fighters/shavkat-rakhmonov-9925,"('belal muhammad', 'shavkat rakhmonov')"
ufc-3522,UFC,2024-12-08,https://www.bestfightodds.com/events/ufc-3522,36852,Nick Diaz,Vicente Luque,/fighters/nick-diaz-229,/fighters/vicente-luque-5744,"('nick diaz', 'vicente luque')"
ufc-3522,UFC,2024-12-08,https://www.bestfightodds.com/events/ufc-3522,36853,Alexandre Pantoja,Kai Asakura,/fighters/alexandre-pantoja-5118,/fighters/kai-asakura-7765,"('alexandre pantoja', 'kai asakura')"
ufc-3522,UFC,2024-12-08,https://www.bestfightodds.com/events/ufc-3522,37228,Ian Machado Garry,Shavkat Rakhmonov,/fighters/ian-machado-garry-15690,/fighters/shavkat-rakhmonov-9925,"('ian machado garry', 'shavkat rakhmonov')"
ufc-3522,UFC,2024-12-08,https://www.bestfightodds.com/events/ufc-3522,36850,Alexander Volkov,Ciryl Gane,/fighters/alexander-volkov-2439,/fighters/ciryl-gane-9273,"('alexander volkov', 'ciryl gane')"
ufc-3522,UFC,2024-12-08,https://www.bestfightodds.com/events/ufc-3522,37336,Bryce Mitchell,Kron Gracie,/fighters/bryce-mitchell-6135,/fighters/kron-gracie-6115,"('bryce mitchell', 'kron gracie')"
ufc-3522,UFC,2024-12-08,https://www.bestfightodds.com/events/ufc-3522,37236,Dooho Choi,Nate Landwehr,/fighters/dooho-choi-9640,/fighters/nate-landwehr-3413,"('dooho choi', 'nate landwehr')"
ufc-3522,UFC,2024-12-08,https://www.bestfightodds.com/events/ufc-3522,37230,Anthony Smith,Dominick Reyes,/fighters/anthony-smith-1829,/fighters/dominick-reyes-7225,"('anthony smith', 'dominick reyes')"
ufc-3522,UFC,2024-12-08,https://www.bestfightodds.com/events/ufc-3522,37237,Themba Gorimbo,Vicente Luque,/fighters/themba-gorimbo-12770,/fighters/vicente-luque-5744,"('themba gorimbo', 'vicente luque')"
ufc-3522,UFC,2024-12-08,https://www.bestfightodds.com/events/ufc-3522,36851,Aljamain Sterling,Movsar Evloev,/fighters/aljamain-sterling-4688,/fighters/movsar-evloev-8457,"('aljamain sterling', 'movsar evloev')"
ufc-3522,UFC,2024-12-08,https://www.bestfightodds.com/events/ufc-3522,37235,Bryan Battle,Randy Brown,/fighters/bryan-battle-12265,/fighters/randy-brown-6139,"('bryan battle', 'randy brown')"
ufc-3522,UFC,2024-12-08,https://www.bestfightodds.com/events/ufc-3522,37337,Chris Weidman,Eryk Anders,/fighters/chris-weidman-2309,/fighters/eryk-anders-6686,"('chris weidman', 'eryk anders')"
ufc-3522,UFC,2024-12-08,https://www.bestfightodds.com/events/ufc-3522,37234,Cody Durden,Joshua van,/fighters/cody-durden-10231,/fighters/joshua-van-14745,"('cody durden', 'joshua van')"
ufc-3522,UFC,2024-12-08,https://www.bestfightodds.com/events/ufc-3522,37232,Max Griffin,Michael Chiesa,/fighters/max-griffin-6581,/fighters/michael-chiesa-3317,"('max griffin', 'michael chiesa')"
ufc-3522,UFC,2024-12-08,https://www.bestfightodds.com/events/ufc-3522,37233,Chase Hooper,Clay Guida,/fighters/chase-hooper-8425,/fighters/clay-guida-23,"('chase hooper', 'clay guida')"
ufc-3522,UFC,2024-12-08,https://www.bestfightodds.com/events/ufc-3522,37338,Kennedy Nzechukwu,Lukasz Brzeski,/fighters/kennedy-nzechukwu-7454,/fighters/lukasz-brzeski-10059,"('kennedy nzechukwu', 'lukasz brzeski')"
ufc-fight-night-3544,UFC Fight Night,2024-12-15,https://www.bestfightodds.com/events/ufc-fight-night-3544,37229,Colby Covington,Joaquin Buckley,/fighters/colby-covington-5049,/fighters/joaquin-buckley-6458,"('colby covington', 'joaquin buckley')"
ufc-fight-night-3544,UFC Fight Night,2024-12-15,https://www.bestfightodds.com/events/ufc-fight-night-3544,37303,Billy Quarantillo,Cub Swanson,/fighters/billy-quarantillo-4159,/fighters/cub-swanson-387,"('billy quarantillo', 'cub swanson')"
ufc-fight-night-3544,UFC Fight Night,2024-12-15,https://www.bestfightodds.com/events/ufc-fight-night-3544,37364,Bruno Silva,Manel Kape,/fighters/bruno-silva-7121,/fighters/manel-kape-7510,"('bruno silva', 'manel kape')"
ufc-fight-night-3544,UFC Fight Night,2024-12-15,https://www.bestfightodds.com/events/ufc-fight-night-3544,37362,Dustin Jacoby,Vitor Petrino,/fighters/dustin-jacoby-2939,/fighters/vitor-petrino-14346,"('dustin jacoby', 'vitor petrino')"
ufc-fight-night-3544,UFC Fight Night,2024-12-15,https://www.bestfightodds.com/events/ufc-fight-night-3544,37308,Adrian Yanez,Daniel Marcos,/fighters/adrian-yanez-4952,/fighters/daniel-marcos-14365,"('adrian yanez', 'daniel marcos')"
ufc-fight-night-3544,UFC Fight Night,2024-12-15,https://www.bestfightodds.com/events/ufc-fight-night-3544,37305,Navajo Stirling,Tuco Tokkos,/fighters/navajo-stirling-18344,/fighters/tuco-tokkos-17649,"('navajo stirling', 'tuco tokkos')"
ufc-fight-night-3544,UFC Fight Night,2024-12-15,https://www.bestfightodds.com/events/ufc-fight-night-3544,37310,Michael Johnson,Ottman Azaitar,/fighters/michael-johnson-2219,/fighters/ottman-azaitar-9247,"('michael johnson', 'ottman azaitar')"
ufc-fight-night-3544,UFC Fight Night,2024-12-15,https://www.bestfightodds.com/events/ufc-fight-night-3544,37306,Drakkar Klose,Joel Alvarez,/fighters/drakkar-klose-6701,/fighters/joel-alvarez-8910,"('drakkar klose', 'joel alvarez')"
ufc-fight-night-3544,UFC Fight Night,2024-12-15,https://www.bestfightodds.com/events/ufc-fight-night-3544,37363,Fernando Padilla,Sean Woodson,/fighters/fernando-padilla-7653,/fighters/sean-woodson-9342,"('fernando padilla', 'sean woodson')"
ufc-fight-night-3544,UFC Fight Night,2024-12-15,https://www.bestfightodds.com/events/ufc-fight-night-3544,37441,Felipe Lima,Miles Johns,/fighters/felipe-lima-10819,/fighters/miles-johns-5373,"('felipe lima', 'miles johns')"
ufc-fight-night-3544,UFC Fight Night,2024-12-15,https://www.bestfightodds.com/events/ufc-fight-night-3544,37309,Jamey-Lyn Horth,Miranda Maverick,/fighters/jamey-lyn-horth-15531,/fighters/miranda-maverick-6780,"('jamey lyn horth', 'miranda maverick')"
ufc-fight-night-3544,UFC Fight Night,2024-12-15,https://www.bestfightodds.com/events/ufc-fight-night-3544,37365,Davey Grant,Ramon Taveras,/fighters/davey-grant-4074,/fighters/ramon-taveras-16460,"('davey grant', 'ramon taveras')"
ufc-fight-night-3544,UFC Fight Night,2024-12-15,https://www.bestfightodds.com/events/ufc-fight-night-3544,37304,Josefin Knutsson,Piera Rodriguez,/fighters/josefin-knutsson-18849,/fighters/piera-rodriguez-11127,"('josefin knutsson', 'piera rodriguez')"
ufc-fight-night-3593,UFC Fight Night,2025-01-11,https://www.bestfightodds.com/events/ufc-fight-night-3593,37540,Felipe Bunes,Jose Johnson,/fighters/felipe-bunes-13242,/fighters/jose-johnson-9257,"('felipe bunes', 'jose johnson')"
ufc-fight-night-3593,UFC Fight Night,2025-01-11,https://www.bestfightodds.com/events/ufc-fight-night-3593,37541,Ihor Potieria,Marco Tulio Silva,/fighters/ihor-potieria-13119,/fighters/marco-tulio-silva-15134,"('ihor potieria', 'marco tulio silva')"
ufc-fight-night-3593,UFC Fight Night,2025-01-11,https://www.bestfightodds.com/events/ufc-fight-night-3593,37535,Thiago Moises,Trey Ogden,/fighters/thiago-moises-6149,/fighters/trey-ogden-5784,"('thiago moises', 'trey ogden')"
ufc-fight-night-3593,UFC Fight Night,2025-01-11,https://www.bestfightodds.com/events/ufc-fight-night-3593,37539,Andreas Gustafsson,Preston Parsons,/fighters/andreas-gustafsson-8971,/fighters/preston-parsons-6472,"('andreas gustafsson', 'preston parsons')"
ufc-fight-night-3593,UFC Fight Night,2025-01-11,https://www.bestfightodds.com/events/ufc-fight-night-3593,37587,Nurullo Aliev,Yanal Ashmoz,/fighters/nurullo-aliev-11078,/fighters/yanal-ashmoz-12728,"('nurullo aliev', 'yanal ashmoz')"
ufc-fight-night-3593,UFC Fight Night,2025-01-11,https://www.bestfightodds.com/events/ufc-fight-night-3593,37644,Jacobe Smith,Preston Parsons,/fighters/jacobe-smith-14991,/fighters/preston-parsons-6472,"('jacobe smith', 'preston parsons')"
ufc-fight-night-3593,UFC Fight Night,2025-01-11,https://www.bestfightodds.com/events/ufc-fight-night-3593,37537,Ernesta Kareckaite,Nicolle Caliari,/fighters/ernesta-kareckaite-15113,/fighters/nicolle-caliari-9542,"('ernesta kareckaite', 'nicolle caliari')"
ufc-fight-night-3593,UFC Fight Night,2025-01-11,https://www.bestfightodds.com/events/ufc-fight-night-3593,37588,Bruno Lopes,Magomed Gadzhiyasulov,/fighters/bruno-lopes-14106,/fighters/magomed-gadzhiyasulov-14658,"('bruno lopes', 'magomed gadzhiyasulov')"
ufc-fight-night-3593,UFC Fight Night,2025-01-11,https://www.bestfightodds.com/events/ufc-fight-night-3593,37542,Fatima Kline,Victoria Dudakova,/fighters/fatima-kline-11138,/fighters/victoria-dudakova-17302,"('fatima kline', 'victoria dudakova')"
ufc-fight-night-3593,UFC Fight Night,2025-01-11,https://www.bestfightodds.com/events/ufc-fight-night-3593,37643,Joe Solecki,Nurullo Aliev,/fighters/joe-solecki-9559,/fighters/nurullo-aliev-11078,"('joe solecki', 'nurullo aliev')"
ufc-fight-night-3586,UFC Fight Night,2025-01-12,https://www.bestfightodds.com/events/ufc-fight-night-3586,37307,Amanda Ribas,Mackenzie Dern,/fighters/amanda-ribas-7245,/fighters/mackenzie-dern-6488,"('amanda ribas', 'mackenzie dern')"
ufc-fight-night-3586,UFC Fight Night,2025-01-12,https://www.bestfightodds.com/events/ufc-fight-night-3586,37502,Carlston Harris,Santiago Ponzinibbio,/fighters/carlston-harris-10791,/fighters/santiago-ponzinibbio-4415,"('carlston harris', 'santiago ponzinibbio')"
ufc-fight-night-3586,UFC Fight Night,2025-01-12,https://www.bestfightodds.com/events/ufc-fight-night-3586,37504,Abdul Razak Alhassan,Cesar Almeida,/fighters/abdul-razak-alhassan-4724,/fighters/cesar-almeida-16304,"('abdul razak alhassan', 'cesar almeida')"
ufc-fight-night-3586,UFC Fight Night,2025-01-12,https://www.bestfightodds.com/events/ufc-fight-night-3586,37536,Chris Curtis,Roman Kopylov,/fighters/chris-curtis-6020,/fighters/roman-kopylov-7343,"('chris curtis', 'roman kopylov')"
ufc-fight-night-3586,UFC Fight Night,2025-01-12,https://www.bestfightodds.com/events/ufc-fight-night-3586,37503,Austin Bashi,Christian Rodriguez,/fighters/austin-bashi-10472,/fighters/christian-rodriguez-9146,"('austin bashi', 'christian rodriguez')"
ufc-fight-night-3586,UFC Fight Night,2025-01-12,https://www.bestfightodds.com/events/ufc-fight-night-3586,37538,Punahele Soriano,Uros Medic,/fighters/punahele-soriano-7386,/fighters/uros-medic-10229,"('punahele soriano', 'uros medic')"
ufc-311-3596,UFC 311,2025-01-18,https://www.bestfightodds.com/events/ufc-311-3596,37561,Benardo Sopaj,Ricky Turcios,/fighters/benardo-sopaj-18721,/fighters/ricky-turcios-4236,"('benardo sopaj', 'ricky turcios')"
ufc-311-3596,UFC 311,2025-01-18,https://www.bestfightodds.com/events/ufc-311-3596,37563,Clayton Carpenter,Tagir Ulanbekov,/fighters/clayton-carpenter-10300,/fighters/tagir-ulanbekov-7598,"('clayton carpenter', 'tagir ulanbekov')"
ufc-3570,UFC,2025-01-19,https://www.bestfightodds.com/events/ufc-3570,37736,Islam Makhachev,Renato Moicano,/fighters/islam-makhachev-5541,/fighters/renato-moicano-5598,"('islam makhachev', 'renato moicano')"
ufc-3570,UFC,2025-01-19,https://www.bestfightodds.com/events/ufc-3570,37385,Arman Tsarukyan,Islam Makhachev,/fighters/arman-tsarukyan-9034,/fighters/islam-makhachev-5541,"('arman tsarukyan', 'islam makhachev')"
ufc-3570,UFC,2025-01-19,https://www.bestfightodds.com/events/ufc-3570,37384,Merab Dvalishvili,Umar Nurmagomedov,/fighters/merab-dvalishvili-6415,/fighters/umar-nurmagomedov-9365,"('merab dvalishvili', 'umar nurmagomedov')"
ufc-3570,UFC,2025-01-19,https://www.bestfightodds.com/events/ufc-3570,37555,Jailton Almeida,Serghei Spivac,/fighters/jailton-almeida-12427,/fighters/serghei-spivac-9985,"('jailton almeida', 'serghei spivac')"
ufc-3570,UFC,2025-01-19,https://www.bestfightodds.com/events/ufc-3570,37433,Beneil Dariush,Renato Moicano,/fighters/beneil-dariush-4633,/fighters/renato-moicano-5598,"('beneil dariush', 'renato moicano')"
ufc-3570,UFC,2025-01-19,https://www.bestfightodds.com/events/ufc-3570,37557,Kevin Holland,Reinier de Ridder,/fighters/kevin-holland-5910,/fighters/reinier-de-ridder-8891,"('kevin holland', 'reinier de ridder')"
ufc-3570,UFC,2025-01-19,https://www.bestfightodds.com/events/ufc-3570,37560,Payton Talbott,Raoni Barcelos,/fighters/payton-talbott-15422,/fighters/raoni-barcelos-4521,"('payton talbott', 'raoni barcelos')"
ufc-3570,UFC,2025-01-19,https://www.bestfightodds.com/events/ufc-3570,37671,Azamat Bekoev,Zachary Reese,/fighters/azamat-bekoev-11142,/fighters/zachary-reese-14747,"('azamat bekoev', 'zachary reese')"
ufc-3570,UFC,2025-01-19,https://www.bestfightodds.com/events/ufc-3570,37667,Billy Elekana,Bogdan Guskov,/fighters/billy-elekana-12954,/fighters/bogdan-guskov-16384,"('billy elekana', 'bogdan guskov')"
ufc-3570,UFC,2025-01-19,https://www.bestfightodds.com/events/ufc-3570,37683,Sedriques Dumas,Zachary Reese,/fighters/sedriques-dumas-12309,/fighters/zachary-reese-14747,"('sedriques dumas', 'zachary reese')"
ufc-3570,UFC,2025-01-19,https://www.bestfightodds.com/events/ufc-3570,37556,Diego Ferreira,Grant Dawson,/fighters/diego-ferreira-5180,/fighters/grant-dawson-5841,"('diego ferreira', 'grant dawson')"
ufc-3570,UFC,2025-01-19,https://www.bestfightodds.com/events/ufc-3570,37562,Ailin Perez,Karol Rosa,/fighters/ailin-perez-13883,/fighters/karol-rosa-9417,"('ailin perez', 'karol rosa')"
ufc-3570,UFC,2025-01-19,https://www.bestfightodds.com/events/ufc-3570,37564,Muin Gafurov,Rinya Nakamura,/fighters/muin-gafurov-5832,/fighters/rinya-nakamura-13935,"('muin gafurov', 'rinya nakamura')"
ufc-3570,UFC,2025-01-19,https://www.bestfightodds.com/events/ufc-3570,29978,Jamahal Hill,Jiri Prochazka,/fighters/jamahal-hill-9288,/fighters/jiri-prochazka-6058,"('jamahal hill', 'jiri prochazka')"
ufc-3592,UFC,2025-02-01,https://www.bestfightodds.com/events/ufc-3592,37534,Israel Adesanya,Nassourdine Imavov,/fighters/israel-adesanya-7845,/fighters/nassourdine-imavov-10307,"('israel adesanya', 'nassourdine imavov')"
ufc-3592,UFC,2025-02-01,https://www.bestfightodds.com/events/ufc-3592,37554,Michael Page,Shara Magomedov,/fighters/michael-page-3937,/fighters/shara-magomedov-17740,"('michael page', 'shara magomedov')"
ufc-3592,UFC,2025-02-01,https://www.bestfightodds.com/events/ufc-3592,37605,Jairzinho Rozenstruik,Sergei Pavlovich,/fighters/jairzinho-rozenstruik-8218,/fighters/sergei-pavlovich-8961,"('jairzinho rozenstruik', 'sergei pavlovich')"
ufc-3592,UFC,2025-02-01,https://www.bestfightodds.com/events/ufc-3592,37604,Said Nurmagomedov,Vinicius Oliveira,/fighters/said-nurmagomedov-8192,/fighters/vinicius-oliveira-16540,"('said nurmagomedov', 'vinicius oliveira')"
ufc-3592,UFC,2025-02-01,https://www.bestfightodds.com/events/ufc-3592,37670,Fares Ziam,Mike Davis,/fighters/fares-ziam-9451,/fighters/mike-davis-8423,"('fares ziam', 'mike davis')"
ufc-3592,UFC,2025-02-01,https://www.bestfightodds.com/events/ufc-3592,37602,Andre Muniz,Ikram Aliskerov,/fighters/andre-muniz-8538,/fighters/ikram-aliskerov-10994,"('andre muniz', 'ikram aliskerov')"
ufc-3592,UFC,2025-02-01,https://www.bestfightodds.com/events/ufc-3592,37669,Abdul-Kareem Al-Selwady,Jordan Leavitt,/fighters/abdul-kareem-al-selwady-10295,/fighters/jordan-leavitt-10210,"('abdul kareem al selwady', 'jordan leavitt')"
ufc-3592,UFC,2025-02-01,https://www.bestfightodds.com/events/ufc-3592,37603,Kaan Ofli,Muhammad Naimov,/fighters/kaan-ofli-18252,/fighters/muhammad-naimov-10630,"('kaan ofli', 'muhammad naimov')"
ufc-3592,UFC,2025-02-01,https://www.bestfightodds.com/events/ufc-3592,37631,Shamil Gaziev,Thomas Petersen,/fighters/shamil-gaziev-12522,/fighters/thomas-petersen-10546,"('shamil gaziev', 'thomas petersen')"
ufc-3592,UFC,2025-02-01,https://www.bestfightodds.com/events/ufc-3592,37629,Damir Hadzovic,Terrance McKinney,/fighters/damir-hadzovic-4762,/fighters/terrance-mckinney-9286,"('damir hadzovic', 'terrance mckinney')"
ufc-3592,UFC,2025-02-01,https://www.bestfightodds.com/events/ufc-3592,37630,Jasmine Jasudavicius,Mayra Bueno Silva,/fighters/jasmine-jasudavicius-9869,/fighters/mayra-bueno-silva-9839,"('jasmine jasudavicius', 'mayra bueno silva')"
ufc-3592,UFC,2025-02-01,https://www.bestfightodds.com/events/ufc-3592,37751,Bogdan Grad,Lucas Alexander,/fighters/bogdan-grad-16302,/fighters/lucas-alexander-15087,"('bogdan grad', 'lucas alexander')"
ufc-3592,UFC,2025-02-01,https://www.bestfightodds.com/events/ufc-3592,37668,Hamdy Abdelwahab,Jamal Pogues,/fighters/hamdy-abdelwahab-14137,/fighters/jamal-pogues-8230,"('hamdy abdelwahab', 'jamal pogues')"
ufc-3592,UFC,2025-02-01,https://www.bestfightodds.com/events/ufc-3592,37752,Abdul-Kareem Al-Selwady,Bolaji Oki,/fighters/abdul-kareem-al-selwady-10295,/fighters/bolaji-oki-16406,"('abdul kareem al selwady', 'bolaji oki')"
ufc-3617,UFC,2025-02-08,https://www.bestfightodds.com/events/ufc-3617,37845,Anshul Jubli,Quillan Salkilld,/fighters/anshul-jubli-13936,/fighters/quillan-salkilld-16405,"('anshul jubli', 'quillan salkilld')"
ufc-3626,UFC,2025-02-09,https://www.bestfightodds.com/events/ufc-3626,37440,Dricus Du Plessis,Sean Strickland,/fighters/dricus-du-plessis-7951,/fighters/sean-strickland-4733,"('dricus du plessis', 'sean strickland')"
ufc-3626,UFC,2025-02-09,https://www.bestfightodds.com/events/ufc-3626,37442,Tatiana Suarez,Zhang Weili,/fighters/tatiana-suarez-6544,/fighters/zhang-weili-9795,"('tatiana suarez', 'zhang weili')"
ufc-3626,UFC,2025-02-09,https://www.bestfightodds.com/events/ufc-3626,37778,Justin Tafa,Tallison Teixeira,/fighters/justin-tafa-9315,/fighters/tallison-teixeira-18424,"('justin tafa', 'tallison teixeira')"
ufc-3626,UFC,2025-02-09,https://www.bestfightodds.com/events/ufc-3626,37843,Francisco Prado,Jake Matthews,/fighters/francisco-prado-15049,/fighters/jake-matthews-4978,"('francisco prado', 'jake matthews')"
ufc-3626,UFC,2025-02-09,https://www.bestfightodds.com/events/ufc-3626,37779,Jim Crute,Rodolfo Bellato,/fighters/jim-crute-8036,/fighters/rodolfo-bellato-11728,"('jim crute', 'rodolfo bellato')"
ufc-3626,UFC,2025-02-09,https://www.bestfightodds.com/events/ufc-3626,37780,Gabriel Santos,Jack Jenkins,/fighters/gabriel-santos-14703,/fighters/jack-jenkins-8037,"('gabriel santos', 'jack jenkins')"
ufc-3626,UFC,2025-02-09,https://www.bestfightodds.com/events/ufc-3626,37777,Tom Nolan,Viacheslav Borshchev,/fighters/tom-nolan-16303,/fighters/viacheslav-borshchev-12730,"('tom nolan', 'viacheslav borshchev')"
ufc-3626,UFC,2025-02-09,https://www.bestfightodds.com/events/ufc-3626,37781,Bruna Brasil,Cong Wang,/fighters/bruna-brasil-13778,/fighters/cong-wang-16644,"('bruna brasil', 'cong wang')"
ufc-3626,UFC,2025-02-09,https://www.bestfightodds.com/events/ufc-3626,37844,Aleksandre Topuria,Colby Thicknesse,/fighters/aleksandre-topuria-19097,/fighters/colby-thicknesse-19115,"('aleksandre topuria', 'colby thicknesse')"
ufc-3626,UFC,2025-02-09,https://www.bestfightodds.com/events/ufc-3626,37872,Kody Steele,Rongzhu,/fighters/kody-steele-12643,/fighters/rongzhu-17112,"('kody steele', 'rongzhu')"
ufc-3626,UFC,2025-02-09,https://www.bestfightodds.com/events/ufc-3626,37782,Jonathan Micallef,Kevin Jousset,/fighters/jonathan-micallef-18608,/fighters/kevin-jousset-16429,"('jonathan micallef', 'kevin jousset')"
ufc-3630,UFC,2025-02-15,https://www.bestfightodds.com/events/ufc-3630,37934,Connor Matthews,Jose Delgado,/fighters/connor-matthews-13028,/fighters/jose-delgado-18000,"('connor matthews', 'jose delgado')"
ufc-3630,UFC,2025-02-15,https://www.bestfightodds.com/events/ufc-3630,37878,Angela Hill,Ketlen Souza,/fighters/angela-hill-5348,/fighters/ketlen-souza-13460,"('angela hill', 'ketlen souza')"
ufc-3630,UFC,2025-02-15,https://www.bestfightodds.com/events/ufc-3630,37880,Jesus Aguilar,Rafael Estevam,/fighters/jesus-aguilar-14733,/fighters/rafael-estevam-15300,"('jesus aguilar', 'rafael estevam')"
ufc-3630,UFC,2025-02-15,https://www.bestfightodds.com/events/ufc-3630,37884,Gabriel Bonfim,Khaos Williams,/fighters/gabriel-bonfim-11752,/fighters/khaos-williams-9974,"('gabriel bonfim', 'khaos williams')"
ufc-3630,UFC,2025-02-15,https://www.bestfightodds.com/events/ufc-3630,37881,Elijah Smith,Vince Morales,/fighters/elijah-smith-14272,/fighters/vince-morales-6316,"('elijah smith', 'vince morales')"
ufc-3630,UFC,2025-02-15,https://www.bestfightodds.com/events/ufc-3630,37883,Don'tale Mayes,Valter Walker,/fighters/don-tale-mayes-6830,/fighters/valter-walker-17371,"('dontale mayes', 'valter walker')"
ufc-3630,UFC,2025-02-15,https://www.bestfightodds.com/events/ufc-3630,37882,Jacqueline Cavalcanti,Julia Avila,/fighters/jacqueline-cavalcanti-13407,/fighters/julia-avila-8150,"('jacqueline cavalcanti', 'julia avila')"
ufc-3638,UFC,2025-02-16,https://www.bestfightodds.com/events/ufc-3638,37873,Gregory Rodrigues,Jared Cannonier,/fighters/gregory-rodrigues-6917,/fighters/jared-cannonier-5333,"('gregory rodrigues', 'jared cannonier')"
ufc-3638,UFC,2025-02-16,https://www.bestfightodds.com/events/ufc-3638,37874,Calvin Kattar,Youssef Zalal,/fighters/calvin-kattar-717,/fighters/youssef-zalal-8823,"('calvin kattar', 'youssef zalal')"
ufc-3638,UFC,2025-02-16,https://www.bestfightodds.com/events/ufc-3638,37875,Dylan Budka,Edmen Shahbazyan,/fighters/dylan-budka-13649,/fighters/edmen-shahbazyan-8418,"('dylan budka', 'edmen shahbazyan')"
ufc-3638,UFC,2025-02-16,https://www.bestfightodds.com/events/ufc-3638,37876,Ismael Bonfim,Nazim Sadykhov,/fighters/ismael-bonfim-11723,/fighters/nazim-sadykhov-9868,"('ismael bonfim', 'nazim sadykhov')"
ufc-3638,UFC,2025-02-16,https://www.bestfightodds.com/events/ufc-3638,37877,Andre Petroski,Rodolfo Vieira,/fighters/andre-petroski-10388,/fighters/rodolfo-vieira-9318,"('andre petroski', 'rodolfo vieira')"
ufc-3604,UFC,2025-02-22,https://www.bestfightodds.com/events/ufc-3604,37976,Eric McConico,Nursulton Ruziboev,/fighters/eric-mcconico-15806,/fighters/nursulton-ruziboev-10851,"('eric mcconico', 'nursulton ruziboev')"
ufc-3604,UFC,2025-02-22,https://www.bestfightodds.com/events/ufc-3604,37680,Modestas Bukauskas,Raffael Cerqueira,/fighters/modestas-bukauskas-7865,/fighters/raffael-cerqueira-18575,"('modestas bukauskas', 'raffael cerqueira')"
ufc-3604,UFC,2025-02-22,https://www.bestfightodds.com/events/ufc-3604,37673,Dominick Cruz,Rob Font,/fighters/dominick-cruz-660,/fighters/rob-font-4984,"('dominick cruz', 'rob font')"
ufc-3601,UFC,2025-02-23,https://www.bestfightodds.com/events/ufc-3601,37672,Henry Cejudo,Song Yadong,/fighters/henry-cejudo-4438,/fighters/song-yadong-9482,"('henry cejudo', 'song yadong')"
ufc-3601,UFC,2025-02-23,https://www.bestfightodds.com/events/ufc-3601,37633,Anthony Hernandez,Brendan Allen,/fighters/anthony-hernandez-6092,/fighters/brendan-allen-6203,"('anthony hernandez', 'brendan allen')"
ufc-3601,UFC,2025-02-23,https://www.bestfightodds.com/events/ufc-3601,37977,Jean Matsumoto,Rob Font,/fighters/jean-matsumoto-14110,/fighters/rob-font-4984,"('jean matsumoto', 'rob font')"
ufc-3601,UFC,2025-02-23,https://www.bestfightodds.com/events/ufc-3601,37679,Jean Silva,Melsik Baghdasaryan,/fighters/jean-silva-554,/fighters/melsik-baghdasaryan-10282,"('jean silva', 'melsik baghdasaryan')"
ufc-3601,UFC,2025-02-23,https://www.bestfightodds.com/events/ufc-3601,37975,Alonzo Menifield,Julius Walker,/fighters/alonzo-menifield-5961,/fighters/julius-walker-19178,"('alonzo menifield', 'julius walker')"
ufc-3601,UFC,2025-02-23,https://www.bestfightodds.com/events/ufc-3601,37675,Ibo Aslan,Ion Cutelaba,/fighters/ibo-aslan-16319,/fighters/ion-cutelaba-4315,"('ibo aslan', 'ion cutelaba')"
ufc-3601,UFC,2025-02-23,https://www.bestfightodds.com/events/ufc-3601,37974,Andre Fili,Melquizael Costa,/fighters/andre-fili-4466,/fighters/melquizael-costa-13774,"('andre fili', 'melquizael costa')"
ufc-3601,UFC,2025-02-23,https://www.bestfightodds.com/events/ufc-3601,37973,Mansur Abdul-Malik,Nick Klein,/fighters/mansur-abdul-malik-12720,/fighters/nick-klein-13742,"('mansur abdul malik', 'nick klein')"
ufc-3601,UFC,2025-02-23,https://www.bestfightodds.com/events/ufc-3601,37684,Javid Basharat,Ricky Simon,/fighters/javid-basharat-10973,/fighters/ricky-simon-5780,"('javid basharat', 'ricky simon')"
ufc-3601,UFC,2025-02-23,https://www.bestfightodds.com/events/ufc-3601,38002,Austin Vanderford,Nikolay Veretennikov,/fighters/austin-vanderford-7790,/fighters/nikolay-veretennikov-7722,"('austin vanderford', 'nikolay veretennikov')"
ufc-3642,UFC,2025-03-01,https://www.bestfightodds.com/events/ufc-3642,37985,Austen Lane,Mario Pinto,/fighters/austen-lane-8254,/fighters/mario-pinto-18577,"('austen lane', 'mario pinto')"
ufc-3642,UFC,2025-03-01,https://www.bestfightodds.com/events/ufc-3642,37986,Chepe Mariscal,Ricardo Ramos,/fighters/chepe-mariscal-16150,/fighters/ricardo-ramos-5477,"('chepe mariscal', 'ricardo ramos')"
ufc-3642,UFC,2025-03-01,https://www.bestfightodds.com/events/ufc-3642,37981,Danny Silva,Lucas Almeida,/fighters/danny-silva-9217,/fighters/lucas-almeida-12571,"('danny silva', 'lucas almeida')"
ufc-3642,UFC,2025-03-01,https://www.bestfightodds.com/events/ufc-3642,37989,Andrea Lee,Jj Aldrich,/fighters/andrea-lee-5260,/fighters/jj-aldrich-12276,"('andrea lee', 'jj aldrich')"
ufc-3642,UFC,2025-03-01,https://www.bestfightodds.com/events/ufc-3642,37987,Charles Johnson,Ramazonbek Temirov,/fighters/charles-johnson-7494,/fighters/ramazonbek-temirov-16493,"('charles johnson', 'ramazonbek temirov')"
ufc-3600,UFC,2025-03-02,https://www.bestfightodds.com/events/ufc-3600,37979,Asu Almabaev,Manel Kape,/fighters/asu-almabaev-10853,/fighters/manel-kape-7510,"('asu almabayev', 'manel kape')"
ufc-3600,UFC,2025-03-02,https://www.bestfightodds.com/events/ufc-3600,37983,Cody Brundage,Julian Marquez,/fighters/cody-brundage-10168,/fighters/julian-marquez-5998,"('cody brundage', 'julian marquez')"
ufc-3600,UFC,2025-03-02,https://www.bestfightodds.com/events/ufc-3600,37978,Esteban Ribovics,Nasrat Haqparast,/fighters/esteban-ribovics-14245,/fighters/nasrat-haqparast-7622,"('esteban ribovics', 'nasrat haqparast')"
ufc-3600,UFC,2025-03-02,https://www.bestfightodds.com/events/ufc-3600,37984,Hyder Amil,William Gomis,/fighters/hyder-amil-8178,/fighters/william-gomis-10345,"('hyder amil', 'william gomis')"
ufc-3600,UFC,2025-03-02,https://www.bestfightodds.com/events/ufc-3600,37982,Danny Barlow,Sam Patterson,/fighters/danny-barlow-14814,/fighters/sam-patterson-11410,"('danny barlow', 'sam patterson')"
ufc-313-3650,UFC 313,2025-03-08,https://www.bestfightodds.com/events/ufc-313-3650,38048,Djorden Santos,Ozzy Diaz,/fighters/djorden-santos-18276,/fighters/ozzy-diaz-10407,"('djorden santos', 'ozzy diaz')"
ufc-313-3650,UFC 313,2025-03-08,https://www.bestfightodds.com/events/ufc-313-3650,37739,Daniel Hooker,Justin Gaethje,/fighters/daniel-hooker-4979,/fighters/justin-gaethje-3964,"('daniel hooker', 'justin gaethje')"
ufc-3612,UFC,2025-03-09,https://www.bestfightodds.com/events/ufc-3612,38074,Justin Gaethje,Rafael Fiziev,/fighters/justin-gaethje-3964,/fighters/rafael-fiziev-8258,"('justin gaethje', 'rafael fiziev')"
ufc-3612,UFC,2025-03-09,https://www.bestfightodds.com/events/ufc-3612,37740,Alex Pereira,Magomed Ankalaev,/fighters/alex-pereira-10463,/fighters/magomed-ankalaev-7794,"('alex pereira', 'magomed ankalaev')"
ufc-3612,UFC,2025-03-09,https://www.bestfightodds.com/events/ufc-3612,38042,Ignacio Bahamondes,Jalin Turner,/fighters/ignacio-bahamondes-9750,/fighters/jalin-turner-6854,"('ignacio bahamondes', 'jalin turner')"
ufc-3612,UFC,2025-03-09,https://www.bestfightodds.com/events/ufc-3612,38043,Amanda Lemos,Iasmin Lucindo,/fighters/amanda-lemos-7335,/fighters/iasmin-lucindo-14124,"('amanda lemos', 'iasmin lucindo')"
ufc-3612,UFC,2025-03-09,https://www.bestfightodds.com/events/ufc-3612,38044,King Green,Mauricio Ruffy,/fighters/king-green-19196,/fighters/mauricio-ruffy-16595,"('king green', 'mauricio ruffy')"
ufc-3612,UFC,2025-03-09,https://www.bestfightodds.com/events/ufc-3612,38073,Joshua van,Rei Tsuruya,/fighters/joshua-van-14745,/fighters/rei-tsuruya-15872,"('joshua van', 'rei tsuruya')"
ufc-3612,UFC,2025-03-09,https://www.bestfightodds.com/events/ufc-3612,37676,Curtis Blaydes,Rizvan Kuniev,/fighters/curtis-blaydes-5732,/fighters/rizvan-kuniev-12573,"('curtis blaydes', 'rizvan kuniev')"
ufc-3612,UFC,2025-03-09,https://www.bestfightodds.com/events/ufc-3612,38045,Armen Petrosyan,Brunno Ferreira,/fighters/armen-petrosyan-11514,/fighters/brunno-ferreira-14404,"('armen petrosyan', 'brunno ferreira')"
ufc-3612,UFC,2025-03-09,https://www.bestfightodds.com/events/ufc-3612,38046,Alex Morono,Carlos Leal Miranda,/fighters/alex-morono-2727,/fighters/carlos-leal-miranda-7744,"('alex morono', 'carlos leal miranda')"
ufc-3612,UFC,2025-03-09,https://www.bestfightodds.com/events/ufc-3612,38047,Francis Marshall,Mairon Santos,/fighters/francis-marshall-14185,/fighters/mairon-santos-13140,"('francis marshall', 'mairon santos')"
ufc-3612,UFC,2025-03-09,https://www.bestfightodds.com/events/ufc-3612,38092,Chris Gutierrez,John Castaneda,/fighters/chris-gutierrez-4725,/fighters/john-castaneda-7396,"('chris gutierrez', 'john castaneda')"
ufc-3655,UFC,2025-03-15,https://www.bestfightodds.com/events/ufc-3655,38086,Kevin Vallejos,Seung Woo Choi,/fighters/kevin-vallejos-16459,/fighters/seung-woo-choi-9065,"('kevin vallejos', 'seung woo choi')"
ufc-3655,UFC,2025-03-15,https://www.bestfightodds.com/events/ufc-3655,38085,Brendson Ribeiro,Diyar Nurgozhay,/fighters/brendson-ribeiro-13392,/fighters/diyar-nurgozhay-11550,"('brendson ribeiro', 'diyar nurgozhay')"
ufc-3655,UFC,2025-03-15,https://www.bestfightodds.com/events/ufc-3655,38077,Ryan Spann,Waldo Cortes-Acosta,/fighters/ryan-spann-3502,/fighters/waldo-cortes-acosta-12830,"('ryan spann', 'waldo cortes acosta')"
ufc-3655,UFC,2025-03-15,https://www.bestfightodds.com/events/ufc-3655,38081,Aj Cunningham,Su Young You,/fighters/aj-cunningham-12280,/fighters/su-young-you-17656,"('aj cunningham', 'su young you')"
ufc-3655,UFC,2025-03-15,https://www.bestfightodds.com/events/ufc-3655,38080,Carlos Vera,Josias Musasa,/fighters/carlos-vera-7002,/fighters/josias-musasa-18383,"('carlos vera', 'josias musasa')"
ufc-3655,UFC,2025-03-15,https://www.bestfightodds.com/events/ufc-3655,38079,Sam Hughes,Stephanie Luciano,/fighters/sam-hughes-9863,/fighters/stephanie-luciano-11737,"('sam hughes', 'stephanie luciano')"
ufc-3655,UFC,2025-03-15,https://www.bestfightodds.com/events/ufc-3655,38076,Andre Lima,Daniel Barez,/fighters/andre-lima-16132,/fighters/daniel-barez-4827,"('andre lima', 'daniel barez')"
ufc-3655,UFC,2025-03-15,https://www.bestfightodds.com/events/ufc-3655,38087,Josiane Nunes,Priscila Cachoeira,/fighters/josiane-nunes-11029,/fighters/priscila-cachoeira-7754,"('josiane nunes', 'priscila cachoeira')"
ufc-3655,UFC,2025-03-15,https://www.bestfightodds.com/events/ufc-3655,38078,Carli Judice,Yuneisy Duben,/fighters/carli-judice-16539,/fighters/yuneisy-duben-18278,"('carli judice', 'yuneisy duben')"
ufc-fight-night-3651,UFC Fight Night,2025-03-16,https://www.bestfightodds.com/events/ufc-fight-night-3651,38049,Marvin Vettori,Roman Dolidze,/fighters/marvin-vettori-6541,/fighters/roman-dolidze-9094,"('marvin vettori', 'roman dolidze')"
ufc-fight-night-3651,UFC Fight Night,2025-03-16,https://www.bestfightodds.com/events/ufc-fight-night-3651,38050,Chidi Njokuani,Elizeu Zaleski Dos Santos,/fighters/chidi-njokuani-2452,/fighters/elizeu-zaleski-dos-santos-6667,"('chidi njokuani', 'elizeu zaleski')"
ufc-fight-night-3651,UFC Fight Night,2025-03-16,https://www.bestfightodds.com/events/ufc-fight-night-3651,38082,Alexander Hernandez,Kurt Holobaugh,/fighters/alexander-hernandez-7977,/fighters/kurt-holobaugh-3814,"('alexander hernandez', 'kurt holobaugh')"
ufc-fight-night-3651,UFC Fight Night,2025-03-16,https://www.bestfightodds.com/events/ufc-fight-night-3651,38084,Cody Gibson,Da'mon Blackshear,/fighters/cody-gibson-1915,/fighters/da-mon-blackshear-8471,"('cody gibson', 'damon blackshear')"
ufc-3578,UFC,2025-03-22,https://www.bestfightodds.com/events/ufc-3578,38038,Leon Edwards,Sean Brady,/fighters/leon-edwards-4608,/fighters/sean-brady-8521,"('leon edwards', 'sean brady')"
ufc-3578,UFC,2025-03-22,https://www.bestfightodds.com/events/ufc-3578,37443,Carlos Ulberg,Jan Blachowicz,/fighters/carlos-ulberg-10404,/fighters/jan-blachowicz-2371,"('carlos ulberg', 'jan blachowicz')"
ufc-3578,UFC,2025-03-22,https://www.bestfightodds.com/events/ufc-3578,38102,Gunnar Nelson,Kevin Holland,/fighters/gunnar-nelson-3160,/fighters/kevin-holland-5910,"('gunnar nelson', 'kevin holland')"
ufc-3578,UFC,2025-03-22,https://www.bestfightodds.com/events/ufc-3578,38189,Alexia Thainara,Molly McCann,/fighters/alexia-thainara-15137,/fighters/molly-mccann-5311,"('alexia thainara', 'molly mccann')"
ufc-3578,UFC,2025-03-22,https://www.bestfightodds.com/events/ufc-3578,38110,Chris Duncan,Jordan Vucenic,/fighters/chris-duncan-8861,/fighters/jordan-vucenic-9515,"('chris duncan', 'jordan vucenic')"
ufc-3578,UFC,2025-03-22,https://www.bestfightodds.com/events/ufc-3578,38108,Morgan Charriere,Nathaniel Wood,/fighters/morgan-charriere-8980,/fighters/nathaniel-wood-5309,"('morgan charriere', 'nathaniel wood')"
ufc-3578,UFC,2025-03-22,https://www.bestfightodds.com/events/ufc-3578,38111,Chris Padilla,Jai Herbert,/fighters/chris-padilla-6093,/fighters/jai-herbert-6873,"('chris padilla', 'jai herbert')"
ufc-3578,UFC,2025-03-22,https://www.bestfightodds.com/events/ufc-3578,38158,Felipe Dos Santos,Lone'er Kavanagh,/fighters/felipe-dos-santos-14707,/fighters/lone-er-kavanagh-12967,"('felipe dos santos', 'loneer kavanagh')"
ufc-3578,UFC,2025-03-22,https://www.bestfightodds.com/events/ufc-3578,38159,Marcin Tybura,Mick Parkin,/fighters/marcin-tybura-6200,/fighters/mick-parkin-16020,"('marcin tybura', 'mick parkin')"
ufc-3578,UFC,2025-03-22,https://www.bestfightodds.com/events/ufc-3578,37737,Jack Della Maddalena,Leon Edwards,/fighters/jack-della-maddalena-7492,/fighters/leon-edwards-4608,"('jack della maddalena', 'leon edwards')"
ufc-3578,UFC,2025-03-22,https://www.bestfightodds.com/events/ufc-3578,38104,Andrey Pulyaev,Christian Leroy Duncan,/fighters/andrey-pulyaev-18270,/fighters/christian-leroy-duncan-12577,"('andrey pulyaev', 'christian leroy duncan')"
ufc-3578,UFC,2025-03-22,https://www.bestfightodds.com/events/ufc-3578,38096,Puja Tomar,Shauna Bannon,/fighters/puja-tomar-7943,/fighters/shauna-bannon-14505,"('puja tomar', 'shauna bannon')"
ufc-3578,UFC,2025-03-22,https://www.bestfightodds.com/events/ufc-3578,38160,Caolan Loughran,Nathan Fletcher,/fighters/caolan-loughran-13592,/fighters/nathan-fletcher-9198,"('caolan loughran', 'nathan fletcher')"
ufc-3578,UFC,2025-03-22,https://www.bestfightodds.com/events/ufc-3578,38184,Guram Kutateladze,Kaua Fernandes,/fighters/guram-kutateladze-10385,/fighters/kaua-fernandes-15891,"('guram kutateladze', 'kaua fernandes')"
ufc-fight-night-3668,UFC Fight Night,2025-03-29,https://www.bestfightodds.com/events/ufc-fight-night-3668,38210,David Martinez,Saimon Oliveira,/fighters/david-martinez-16826,/fighters/saimon-oliveira-12268,"('david martinez', 'saimon oliveira')"
ufc-fight-night-3668,UFC Fight Night,2025-03-29,https://www.bestfightodds.com/events/ufc-fight-night-3668,38214,Kevin Borjas,Ronaldo Rodriguez,/fighters/kevin-borjas-9841,/fighters/ronaldo-rodriguez-18123,"('kevin borjas', 'ronaldo rodriguez')"
ufc-fight-night-3668,UFC Fight Night,2025-03-29,https://www.bestfightodds.com/events/ufc-fight-night-3668,38206,Ateba Gautier,Jose Daniel Medina,/fighters/ateba-gautier-18421,/fighters/jose-daniel-medina-16594,"('ateba gautier', 'jose daniel medina')"
ufc-fight-night-3668,UFC Fight Night,2025-03-29,https://www.bestfightodds.com/events/ufc-fight-night-3668,38212,Christian Rodriguez,Melquizael Costa,/fighters/christian-rodriguez-9146,/fighters/melquizael-costa-13774,"('christian rodriguez', 'melquizael costa')"
ufc-fight-night-3668,UFC Fight Night,2025-03-29,https://www.bestfightodds.com/events/ufc-fight-night-3668,38209,Julia Polastri,Loopy Godinez,/fighters/julia-polastri-12394,/fighters/loopy-godinez-12828,"('julia polastri', 'loopy godinez')"
ufc-fight-night-3668,UFC Fight Night,2025-03-29,https://www.bestfightodds.com/events/ufc-fight-night-3668,38207,Rafa Garcia,Vinc Pichel,/fighters/rafa-garcia-9241,/fighters/vinc-pichel-3284,"('rafa garcia', 'vinc pichel')"
ufc-fight-night-3668,UFC Fight Night,2025-03-29,https://www.bestfightodds.com/events/ufc-fight-night-3668,38240,Gabriel Miranda,Jamall Emmers,/fighters/gabriel-miranda-10991,/fighters/jamall-emmers-6475,"('gabriel miranda', 'jamall emmers')"
ufc-fight-night-3668,UFC Fight Night,2025-03-29,https://www.bestfightodds.com/events/ufc-fight-night-3668,38239,Austin Hubbard,Marquel Mederos,/fighters/austin-hubbard-8207,/fighters/marquel-mederos-10796,"('austin hubbard', 'marquel mederos')"
ufc-fight-night-3667,UFC Fight Night,2025-03-30,https://www.bestfightodds.com/events/ufc-fight-night-3667,38204,Brandon Moreno,Steve Erceg,/fighters/brandon-moreno-6681,/fighters/steve-erceg-17167,"('brandon moreno', 'steve erceg')"
ufc-fight-night-3667,UFC Fight Night,2025-03-30,https://www.bestfightodds.com/events/ufc-fight-night-3667,38205,Drew Dober,Manuel Torres,/fighters/drew-dober-1576,/fighters/manuel-torres-11468,"('drew dober', 'manuel torres')"
ufc-fight-night-3667,UFC Fight Night,2025-03-30,https://www.bestfightodds.com/events/ufc-fight-night-3667,38213,Joe Pfyer,Kelvin Gastelum,/fighters/joe-pfyer-16505,/fighters/kelvin-gastelum-4061,"('joe pfyer', 'kelvin gastelum')"
ufc-fight-night-3667,UFC Fight Night,2025-03-30,https://www.bestfightodds.com/events/ufc-fight-night-3667,38208,Cj Vergara,Edgar Chairez,/fighters/cj-vergara-17015,/fighters/edgar-chairez-9509,"('cj vergara', 'edgar chairez')"
ufc-fight-night-3667,UFC Fight Night,2025-03-30,https://www.bestfightodds.com/events/ufc-fight-night-3667,38211,Raul Rosas Jr,Vince Morales,/fighters/raul-rosas-jr-14405,/fighters/vince-morales-6316,"('raul rosas jr', 'vince morales')"
ufc-3671,UFC,2025-04-05,https://www.bestfightodds.com/events/ufc-3671,38279,Istela Nunes,Loma Lookboonmee,/fighters/istela-nunes-7143,/fighters/loma-lookboonmee-7834,"('istela nunes', 'loma lookboonmee')"
ufc-3671,UFC,2025-04-05,https://www.bestfightodds.com/events/ufc-3671,38277,Pedro Falcao,Victor Henry,/fighters/pedro-falcao-5809,/fighters/victor-henry-9364,"('pedro falcao', 'victor henry')"
ufc-3671,UFC,2025-04-05,https://www.bestfightodds.com/events/ufc-3671,38365,Martin Buday,Uran Satybaldiev,/fighters/martin-buday-11489,/fighters/uran-satybaldiev-16347,"('martin buday', 'uran satybaldiev')"
ufc-3671,UFC,2025-04-05,https://www.bestfightodds.com/events/ufc-3671,38280,Talita Alencar,Vanessa Demopoulos,/fighters/talita-alencar-11655,/fighters/vanessa-demopoulos-8998,"('talita alencar', 'vanessa demopoulos')"
ufc-fight-night-3676,UFC Fight Night,2025-04-06,https://www.bestfightodds.com/events/ufc-fight-night-3676,38238,Josh Emmett,Lerone Murphy,/fighters/josh-emmett-6405,/fighters/lerone-murphy-9433,"('josh emmett', 'lerone murphy')"
ufc-fight-night-3676,UFC Fight Night,2025-04-06,https://www.bestfightodds.com/events/ufc-fight-night-3676,38244,Joanderson Brito,Pat Sabatini,/fighters/joanderson-brito-9135,/fighters/pat-sabatini-8167,"('joanderson brito', 'pat sabatini')"
ufc-fight-night-3676,UFC Fight Night,2025-04-06,https://www.bestfightodds.com/events/ufc-fight-night-3676,38245,Chang Ho Lee,Cortavious Romious,/fighters/chang-ho-lee-13734,/fighters/cortavious-romious-15949,"('chang ho lee', 'cortavious romious')"
ufc-fight-night-3676,UFC Fight Night,2025-04-06,https://www.bestfightodds.com/events/ufc-fight-night-3676,38243,Brad Tavares,Gerald Meerschaert,/fighters/brad-tavares-1959,/fighters/gerald-meerschaert-3628,"('brad tavares', 'gerald meerschaert')"
ufc-fight-night-3676,UFC Fight Night,2025-04-06,https://www.bestfightodds.com/events/ufc-fight-night-3676,38276,Luis Gurule,Ode Osbourne,/fighters/luis-gurule-13855,/fighters/ode-osbourne-9282,"('luis gurule', 'ode osbourne')"
ufc-fight-night-3676,UFC Fight Night,2025-04-06,https://www.bestfightodds.com/events/ufc-fight-night-3676,38242,Robert Valentin Frey,Torrez Finney,/fighters/robert-valentin-frey-19247,/fighters/torrez-finney-16619,"('robert valentin frey', 'torrez finney')"
ufc-fight-night-3676,UFC Fight Night,2025-04-06,https://www.bestfightodds.com/events/ufc-fight-night-3676,38282,Diana Belbita,Dione Barbosa,/fighters/diana-belbita-9450,/fighters/dione-barbosa-12811,"('diana belbita', 'dione barbosa')"
ufc-fight-night-3676,UFC Fight Night,2025-04-06,https://www.bestfightodds.com/events/ufc-fight-night-3676,38281,Daniel Frunza,Rhys McKee,/fighters/daniel-frunza-12483,/fighters/rhys-mckee-6874,"('daniel frunza', 'rhys mckee')"
ufc-3654,UFC,2025-04-12,https://www.bestfightodds.com/events/ufc-3654,38329,Michal Oleksiejczuk,Sedriques Dumas,/fighters/michal-oleksiejczuk-7639,/fighters/sedriques-dumas-12309,"('michal oleksiejczuk', 'sedriques dumas')"
ufc-3654,UFC,2025-04-12,https://www.bestfightodds.com/events/ufc-3654,38327,Mitch Raposo,Sumudaerji Sumudaerji,/fighters/mitch-raposo-10778,/fighters/sumudaerji-sumudaerji-8746,"('mitch raposo', 'sumudaerji sumudaerji')"
ufc-3654,UFC,2025-04-12,https://www.bestfightodds.com/events/ufc-3654,38320,Marco Tulio,Tresean Gore,/fighters/marco-tulio-18271,/fighters/tresean-gore-12266,"('marco tulio', 'tresean gore')"
ufc-3654,UFC,2025-04-12,https://www.bestfightodds.com/events/ufc-3654,38326,Hailey Cowan,Nora Cornolle,/fighters/hailey-cowan-8154,/fighters/nora-cornolle-14385,"('hailey cowan', 'nora cornolle')"
ufc-3611,UFC,2025-04-13,https://www.bestfightodds.com/events/ufc-3611,38008,Alexander Volkanovski,Diego Lopes,/fighters/alexander-volkanovski-9523,/fighters/diego-lopes-12328,"('alexander volkanovski', 'diego lopes')"
ufc-3611,UFC,2025-04-13,https://www.bestfightodds.com/events/ufc-3611,38010,Michael Chandler,Paddy Pimblett,/fighters/michael-chandler-2158,/fighters/paddy-pimblett-4242,"('michael chandler', 'paddy pimblett')"
ufc-3611,UFC,2025-04-13,https://www.bestfightodds.com/events/ufc-3611,38039,Patricio Freire,Yair Rodriguez,/fighters/patricio-freire-1754,/fighters/yair-rodriguez-5292,"('patricio freire', 'yair rodriguez')"
ufc-3611,UFC,2025-04-13,https://www.bestfightodds.com/events/ufc-3611,38075,Bryce Mitchell,Jean Silva,/fighters/bryce-mitchell-6135,/fighters/jean-silva-554,"('bryce mitchell', 'jean silva')"
ufc-3611,UFC,2025-04-13,https://www.bestfightodds.com/events/ufc-3611,38330,Dominick Reyes,Nikita Krylov,/fighters/dominick-reyes-7225,/fighters/nikita-krylov-4188,"('dominick reyes', 'nikita krylov')"
ufc-3611,UFC,2025-04-13,https://www.bestfightodds.com/events/ufc-3611,38324,Dan Ige,Sean Woodson,/fighters/dan-ige-6448,/fighters/sean-woodson-9342,"('dan ige', 'sean woodson')"
ufc-3611,UFC,2025-04-13,https://www.bestfightodds.com/events/ufc-3611,38332,Virna Jandiroba,Yan Xiaonan,/fighters/virna-jandiroba-7726,/fighters/yan-xiaonan-9553,"('virna jandiroba', 'yan xiaonan')"
ufc-3611,UFC,2025-04-13,https://www.bestfightodds.com/events/ufc-3611,38318,Chase Hooper,Jim Miller,/fighters/chase-hooper-8425,/fighters/jim-miller-265,"('chase hooper', 'jim miller')"
ufc-3611,UFC,2025-04-13,https://www.bestfightodds.com/events/ufc-3611,38319,Darren Elkins,Julian Erosa,/fighters/darren-elkins-1768,/fighters/julian-erosa-6088,"('darren elkins', 'julian erosa')"
ufc-fight-night-3688,UFC Fight Night,2025-04-26,https://www.bestfightodds.com/events/ufc-fight-night-3688,38388,Cameron Saaiman,Malcolm Wellmaker,/fighters/cameron-saaiman-11217,/fighters/malcolm-wellmaker-18273,"('cameron saaiman', 'malcolm wellmaker')"
ufc-fight-night-3688,UFC Fight Night,2025-04-26,https://www.bestfightodds.com/events/ufc-fight-night-3688,38385,Jaqueline Amorim,Polyana Viana,/fighters/jaqueline-amorim-10780,/fighters/polyana-viana-7817,"('jaqueline amorim', 'polyana viana')"
ufc-fight-night-3688,UFC Fight Night,2025-04-26,https://www.bestfightodds.com/events/ufc-fight-night-3688,38473,Roberto Romero,Timothy Cuamba,/fighters/roberto-romero-18776,/fighters/timothy-cuamba-11019,"('roberto romero', 'timothy cuamba')"
ufc-fight-night-3688,UFC Fight Night,2025-04-26,https://www.bestfightodds.com/events/ufc-fight-night-3688,38382,Chelsea Chandler,Joselyne Edwards,/fighters/chelsea-chandler-7946,/fighters/joselyne-edwards-8664,"('chelsea chandler', 'joselyne edwards')"
ufc-3656,UFC,2025-04-27,https://www.bestfightodds.com/events/ufc-3656,38362,Carlos Prates,Ian Machado Garry,/fighters/carlos-prates-14705,/fighters/ian-machado-garry-15690,"('carlos prates', 'ian machado garry')"
ufc-3656,UFC,2025-04-27,https://www.bestfightodds.com/events/ufc-3656,38389,Anthony Smith,Zhang Mingyang,/fighters/anthony-smith-1829,/fighters/zhang-mingyang-14721,"('anthony smith', 'zhang mingyang')"
ufc-3656,UFC,2025-04-27,https://www.bestfightodds.com/events/ufc-3656,38386,David Onama,Giga Chikadze,/fighters/david-onama-10808,/fighters/giga-chikadze-6073,"('david onama', 'giga chikadze')"
ufc-3656,UFC,2025-04-27,https://www.bestfightodds.com/events/ufc-3656,38390,Abus Magomedov,Michel Pereira,/fighters/abus-magomedov-16645,/fighters/michel-pereira-9071,"('abus magomedov', 'michel pereira')"
ufc-3656,UFC,2025-04-27,https://www.bestfightodds.com/events/ufc-3656,38387,Nicolas Dalby,Randy Brown,/fighters/nicolas-dalby-3878,/fighters/randy-brown-6139,"('nicolas dalby', 'randy brown')"
ufc-3656,UFC,2025-04-27,https://www.bestfightodds.com/events/ufc-3656,38379,Andre Muniz,Ikram Aliskerov,/fighters/andre-muniz-8538,/fighters/ikram-aliskerov-10994,"('andre muniz', 'ikram aliskerov')"
ufc-3656,UFC,2025-04-27,https://www.bestfightodds.com/events/ufc-3656,38381,Jimmy Flick,Matt Schnell,/fighters/jimmy-flick-1923,/fighters/matt-schnell-3492,"('jimmy flick', 'matt schnell')"
ufc-3656,UFC,2025-04-27,https://www.bestfightodds.com/events/ufc-3656,38519,Evan Elder,Gauge Young,/fighters/evan-elder-10280,/fighters/gauge-young-11235,"('evan elder', 'gauge young')"
ufc-3656,UFC,2025-04-27,https://www.bestfightodds.com/events/ufc-3656,38380,Chris Gutierrez,John Castaneda,/fighters/chris-gutierrez-4725,/fighters/john-castaneda-7396,"('chris gutierrez', 'john castaneda')"
ufc-3656,UFC,2025-04-27,https://www.bestfightodds.com/events/ufc-3656,38384,Damon Blackshear,Heili Alateng,/fighters/damon-blackshear-11177,/fighters/heili-alateng-9469,"('damon blackshear', 'heili alateng')"
ufc-3656,UFC,2025-04-27,https://www.bestfightodds.com/events/ufc-3656,38422,Alatengheili Alateng,Da'mon Blackshear,/fighters/alatengheili-alateng-19309,/fighters/da-mon-blackshear-8471,"('alatengheili alateng', 'damon blackshear')"
ufc-fight-night-3694,UFC Fight Night,2025-05-03,https://www.bestfightodds.com/events/ufc-fight-night-3694,38440,Don'tale Mayes,Thomas Petersen,/fighters/don-tale-mayes-6830,/fighters/thomas-petersen-10546,"('dontale mayes', 'thomas petersen')"
ufc-fight-night-3694,UFC Fight Night,2025-05-03,https://www.bestfightodds.com/events/ufc-fight-night-3694,38469,Ivana Petrovic,Juliana Miller,/fighters/ivana-petrovic-13667,/fighters/juliana-miller-10428,"('ivana petrovic', 'juliana miller')"
ufc-3665,UFC,2025-05-04,https://www.bestfightodds.com/events/ufc-3665,38447,Cory Sandhagen,Deiveson Figueiredo,/fighters/cory-sandhagen-6127,/fighters/deiveson-figueiredo-7514,"('cory sandhagen', 'deiveson figueiredo')"
ufc-3665,UFC,2025-05-04,https://www.bestfightodds.com/events/ufc-3665,38183,Bo Nickal,Reinier de Ridder,/fighters/bo-nickal-14211,/fighters/reinier-de-ridder-8891,"('bo nickal', 'reinier de ridder')"
ufc-3665,UFC,2025-05-04,https://www.bestfightodds.com/events/ufc-3665,38444,Daniel Rodriguez,Santiago Ponzinibbio,/fighters/daniel-rodriguez-6856,/fighters/santiago-ponzinibbio-4415,"('daniel rodriguez', 'santiago ponzinibbio')"
ufc-3665,UFC,2025-05-04,https://www.bestfightodds.com/events/ufc-3665,38441,Daniel Marcos,Montel Jackson,/fighters/daniel-marcos-14365,/fighters/montel-jackson-8255,"('daniel marcos', 'montel jackson')"
ufc-3665,UFC,2025-05-04,https://www.bestfightodds.com/events/ufc-3665,38443,Cameron Smotherman,Serhiy Sidey,/fighters/cameron-smotherman-12367,/fighters/serhiy-sidey-13707,"('cameron smotherman', 'serhiy sidey')"
ufc-3665,UFC,2025-05-04,https://www.bestfightodds.com/events/ufc-3665,38468,Jeremy Stephens,Mason Jones,/fighters/jeremy-stephens-210,/fighters/mason-jones-7156,"('jeremy stephens', 'mason jones')"
ufc-3665,UFC,2025-05-04,https://www.bestfightodds.com/events/ufc-3665,38445,Miesha Tate,Yana Santos,/fighters/miesha-tate-783,/fighters/yana-santos-15381,"('miesha tate', 'yana santos')"
ufc-3665,UFC,2025-05-04,https://www.bestfightodds.com/events/ufc-3665,38467,Azamat Bekoev,Ryan Loder,/fighters/azamat-bekoev-11142,/fighters/ryan-loder-15079,"('azamat bekoev', 'ryan loder')"
ufc-3665,UFC,2025-05-04,https://www.bestfightodds.com/events/ufc-3665,38446,Gillian Robertson,Marina Rodriguez,/fighters/gillian-robertson-7784,/fighters/marina-rodriguez-8543,"('gillian robertson', 'marina rodriguez')"
ufc-3665,UFC,2025-05-04,https://www.bestfightodds.com/events/ufc-3665,38466,Gaston Bolanos,Quang Le,/fighters/gaston-bolanos-6991,/fighters/quang-le-12547,"('gaston bolanos', 'quang le')"
ufc-315-3708,UFC 315,2025-05-10,https://www.bestfightodds.com/events/ufc-315-3708,38571,Bruno Silva,Marc Andre Barriault,/fighters/bruno-silva-7121,/fighters/marc-andre-barriault-16526,"('bruno silva', 'marc andre barriault')"
ufc-315-3708,UFC 315,2025-05-10,https://www.bestfightodds.com/events/ufc-315-3708,38641,Daniel Santos,Jeong Yeong Lee,/fighters/daniel-santos-6038,/fighters/jeong-yeong-lee-19375,"('daniel santos', 'jeong yeong lee')"
ufc-315-3708,UFC 315,2025-05-10,https://www.bestfightodds.com/events/ufc-315-3708,38567,Bekzat Almakhan,Brad Katona,/fighters/bekzat-almakhan-15004,/fighters/brad-katona-8426,"('bekzat almakhan', 'brad katona')"
ufc-3644,UFC,2025-05-11,https://www.bestfightodds.com/events/ufc-3644,38009,Belal Muhammad,Jack Della Maddalena,/fighters/belal-muhammad-3777,/fighters/jack-della-maddalena-7492,"('belal muhammad', 'jack della maddalena')"
ufc-3644,UFC,2025-05-11,https://www.bestfightodds.com/events/ufc-3644,38041,Manon Fiorot,Valentina Shevchenko,/fighters/manon-fiorot-8225,/fighters/valentina-shevchenko-5475,"('manon fiorot', 'valentina shevchenko')"
ufc-3644,UFC,2025-05-11,https://www.bestfightodds.com/events/ufc-3644,38137,Aiemann Zahabi,Jose Aldo,/fighters/aiemann-zahabi-6901,/fighters/jose-aldo-659,"('aiemann zahabi', 'jose aldo')"
ufc-3644,UFC,2025-05-11,https://www.bestfightodds.com/events/ufc-3644,38040,Alexa Grasso,Natalia Silva,/fighters/alexa-grasso-5096,/fighters/natalia-silva-10547,"('alexa grasso', 'natalia silva')"
ufc-3644,UFC,2025-05-11,https://www.bestfightodds.com/events/ufc-3644,38653,Benoit Saint-Denis,Kyle Prepolec,/fighters/benoit-saint-denis-10992,/fighters/kyle-prepolec-3617,"('benoit saint denis', 'kyle prepolec')"
ufc-3644,UFC,2025-05-11,https://www.bestfightodds.com/events/ufc-3644,38570,Charles Radtke,Mike Malott,/fighters/charles-radtke-10622,/fighters/mike-malott-5196,"('charles radtke', 'mike malott')"
ufc-3644,UFC,2025-05-11,https://www.bestfightodds.com/events/ufc-3644,38568,Jasmine Jasudavicius,Jessica Andrade,/fighters/jasmine-jasudavicius-9869,/fighters/jessica-andrade-4201,"('jasmine jasudavicius', 'jessica andrade')"
ufc-3644,UFC,2025-05-11,https://www.bestfightodds.com/events/ufc-3644,38569,Ion Cutelaba,Modestas Bukauskas,/fighters/ion-cutelaba-4315,/fighters/modestas-bukauskas-7865,"('ion cutelaba', 'modestas bukauskas')"
ufc-3644,UFC,2025-05-11,https://www.bestfightodds.com/events/ufc-3644,38572,Ivan Erslan,Navajo Stirling,/fighters/ivan-erslan-9672,/fighters/navajo-stirling-18344,"('ivan erslan', 'navajo stirling')"
ufc-3719,UFC,2025-05-17,https://www.bestfightodds.com/events/ufc-3719,38681,Dustin Stoltzfus,Nursulton Ruziboev,/fighters/dustin-stoltzfus-10214,/fighters/nursulton-ruziboev-10851,"('dustin stoltzfus', 'nursulton ruziboev')"
ufc-3719,UFC,2025-05-17,https://www.bestfightodds.com/events/ufc-3719,38674,Julian Erosa,Melquizael Costa,/fighters/julian-erosa-6088,/fighters/melquizael-costa-13774,"('julian erosa', 'melquizael costa')"
ufc-3719,UFC,2025-05-17,https://www.bestfightodds.com/events/ufc-3719,38698,Gabe Green,Matheus Camilo,/fighters/gabe-green-10506,/fighters/matheus-camilo-13029,"('gabe green', 'matheus camilo')"
ufc-3719,UFC,2025-05-17,https://www.bestfightodds.com/events/ufc-3719,38677,Jared Gordon,Thiago Moises,/fighters/jared-gordon-2971,/fighters/thiago-moises-6149,"('jared gordon', 'thiago moises')"
ufc-3719,UFC,2025-05-17,https://www.bestfightodds.com/events/ufc-3719,38697,Connor Matthews,Yadier Delvalle,/fighters/connor-matthews-13028,/fighters/yadier-delvalle-11818,"('connor matthews', 'yadier delvalle')"
ufc-3719,UFC,2025-05-17,https://www.bestfightodds.com/events/ufc-3719,38683,Luana Santos,Tainara Lisboa,/fighters/luana-santos-14049,/fighters/tainara-lisboa-15245,"('luana santos', 'tainara lisboa')"
ufc-3719,UFC,2025-05-17,https://www.bestfightodds.com/events/ufc-3719,38675,Denise Gomes,Elise Reed,/fighters/denise-gomes-13433,/fighters/elise-reed-9554,"('denise gomes', 'elise reed')"
ufc-3719,UFC,2025-05-17,https://www.bestfightodds.com/events/ufc-3719,38679,Carlos Hernandez,Hyun Sung Park,/fighters/carlos-hernandez-5501,/fighters/hyun-sung-park-13942,"('carlos hernandez', 'hyun sung park')"
ufc-3719,UFC,2025-05-17,https://www.bestfightodds.com/events/ufc-3719,38680,Luana Pinheiro,Tecia Pennington,/fighters/luana-pinheiro-10468,/fighters/tecia-pennington-17554,"('luana pinheiro', 'tecia pennington')"
ufc-3722,UFC,2025-05-18,https://www.bestfightodds.com/events/ufc-3722,37738,Gilbert Burns,Michael Morales,/fighters/gilbert-burns-4747,/fighters/michael-morales-12495,"('gilbert burns', 'michael morales')"
ufc-3722,UFC,2025-05-18,https://www.bestfightodds.com/events/ufc-3722,38678,Paul Craig,Rodolfo Bellato,/fighters/paul-craig-6791,/fighters/rodolfo-bellato-11728,"('paul craig', 'rodolfo bellato')"
ufc-3722,UFC,2025-05-18,https://www.bestfightodds.com/events/ufc-3722,38676,Mairon Santos,Sodiq Yusuff,/fighters/mairon-santos-13140,/fighters/sodiq-yusuff-6562,"('mairon santos', 'sodiq yusuff')"
road-to-ufc-3734,Road to UFC,2025-05-22,https://www.bestfightodds.com/events/road-to-ufc-3734,38787,Dong Hyun Seo,Kaiwen Li,/fighters/dong-hyun-seo-19446,/fighters/kaiwen-li-15871,"('dong hyun seo', 'kaiwen li')"
road-to-ufc-3734,Road to UFC,2025-05-22,https://www.bestfightodds.com/events/road-to-ufc-3734,38786,Agulali,Mridul Saikia,/fighters/agulali-19444,/fighters/mridul-saikia-19445,"('agulali', 'mridul saikia')"
road-to-ufc-3734,Road to UFC,2025-05-22,https://www.bestfightodds.com/events/road-to-ufc-3734,38788,Chang Min Yoon,Jin Aoi,/fighters/chang-min-yoon-8964,/fighters/jin-aoi-10249,"('chang min yoon', 'jin aoi')"
road-to-ufc-3734,Road to UFC,2025-05-22,https://www.bestfightodds.com/events/road-to-ufc-3734,38790,Aaron Tau,Rio Tirto,/fighters/aaron-tau-18404,/fighters/rio-tirto-19448,"('aaron tau', 'rio tirto')"
road-to-ufc-3734,Road to UFC,2025-05-22,https://www.bestfightodds.com/events/road-to-ufc-3734,38789,Aziz Khaydarov,Mansher Khera,/fighters/aziz-khaydarov-19447,/fighters/mansher-khera-16436,"('aziz khaydarov', 'mansher khera')"
road-to-ufc-3734,Road to UFC,2025-05-22,https://www.bestfightodds.com/events/road-to-ufc-3734,38784,Baergeng Jieleyisi,Sebastian Szalay,/fighters/baergeng-jieleyisi-15879,/fighters/sebastian-szalay-19442,"('baergeng jieleyisi', 'sebastian szalay')"
road-to-ufc-3734,Road to UFC,2025-05-22,https://www.bestfightodds.com/events/road-to-ufc-3734,38785,Kai Yoshida,Shuai Yin,/fighters/kai-yoshida-19443,/fighters/shuai-yin-17654,"('kai yoshida', 'shuai yin')"
road-to-ufc-3734,Road to UFC,2025-05-22,https://www.bestfightodds.com/events/road-to-ufc-3734,38783,Eoh Jin Park,Keiichiro Nakamura,/fighters/eoh-jin-park-19440,/fighters/keiichiro-nakamura-19441,"('eoh jin park', 'keiichiro nakamura')"
road-to-ufc-3734,Road to UFC,2025-05-22,https://www.bestfightodds.com/events/road-to-ufc-3734,38782,Namsrai Batbayar,Wataru Yamauchi,/fighters/namsrai-batbayar-19438,/fighters/wataru-yamauchi-19439,"('namsrai batbayar', 'wataru yamauchi')"
road-to-ufc-3734,Road to UFC,2025-05-22,https://www.bestfightodds.com/events/road-to-ufc-3734,38781,Arisa Matsuda,Xiaocan Feng,/fighters/arisa-matsuda-19437,/fighters/xiaocan-feng-17665,"('arisa matsuda', 'xiaocan feng')"
road-to-ufc-3735,Road to UFC,2025-05-23,https://www.bestfightodds.com/events/road-to-ufc-3735,38797,Bin Xie,Kangjie Zhu,/fighters/bin-xie-12716,/fighters/kangjie-zhu-17657,"('bin xie', 'kangjie zhu')"
road-to-ufc-3735,Road to UFC,2025-05-23,https://www.bestfightodds.com/events/road-to-ufc-3735,38799,Dom Mar Fan,Yuji Yannick Ephoeviga,/fighters/dom-mar-fan-19458,/fighters/yuji-yannick-ephoeviga-19459,"('dom mar fan', 'yuji yannick ephoeviga')"
road-to-ufc-3735,Road to UFC,2025-05-23,https://www.bestfightodds.com/events/road-to-ufc-3735,38796,Lawrence Lui,Qinghe Zhang,/fighters/lawrence-lui-19456,/fighters/qinghe-zhang-18159,"('lawrence lui', 'qinghe zhang')"
road-to-ufc-3735,Road to UFC,2025-05-23,https://www.bestfightodds.com/events/road-to-ufc-3735,38798,Daichi Kamiya,Sang Uk Kim,/fighters/daichi-kamiya-19457,/fighters/sang-uk-kim-15876,"('daichi kamiya', 'sang uk kim')"
road-to-ufc-3735,Road to UFC,2025-05-23,https://www.bestfightodds.com/events/road-to-ufc-3735,38791,Rui Imura,Van Y Nghiem,/fighters/rui-imura-19449,/fighters/van-y-nghiem-19450,"('rui imura', 'van y nghiem')"
road-to-ufc-3735,Road to UFC,2025-05-23,https://www.bestfightodds.com/events/road-to-ufc-3735,38794,Peter Danesoe,Sulangrangbo,/fighters/peter-danesoe-15874,/fighters/sulangrangbo-19454,"('peter danesoe', 'sulangrangbo')"
road-to-ufc-3735,Road to UFC,2025-05-23,https://www.bestfightodds.com/events/road-to-ufc-3735,38792,Deni Daffa,Yawei Ren,/fighters/deni-daffa-19451,/fighters/yawei-ren-19452,"('deni daffa', 'yawei ren')"
road-to-ufc-3735,Road to UFC,2025-05-23,https://www.bestfightodds.com/events/road-to-ufc-3735,38800,Kuya Ito,Sim Kai Xiong,/fighters/kuya-ito-11227,/fighters/sim-kai-xiong-13735,"('kuya ito', 'sim kai xiong')"
road-to-ufc-3735,Road to UFC,2025-05-23,https://www.bestfightodds.com/events/road-to-ufc-3735,38793,Jack Becker,Jae Hyun Park,/fighters/jack-becker-19453,/fighters/jae-hyun-park-16404,"('jack becker', 'jae hyun park')"
road-to-ufc-3735,Road to UFC,2025-05-23,https://www.bestfightodds.com/events/road-to-ufc-3735,38795,Kitt Campbell,Shogo Sato,/fighters/kitt-campbell-8032,/fighters/shogo-sato-19455,"('kitt campbell', 'shogo sato')"
ufc-3727,UFC,2025-05-31,https://www.bestfightodds.com/events/ufc-3727,38718,Jordan Leavitt,Kurt Holobaugh,/fighters/jordan-leavitt-10210,/fighters/kurt-holobaugh-3814,"('jordan leavitt', 'kurt holobaugh')"
ufc-3727,UFC,2025-05-31,https://www.bestfightodds.com/events/ufc-3727,38842,Bolaji Oki,Michael Aswell,/fighters/bolaji-oki-16406,/fighters/michael-aswell-12369,"('bolaji oki', 'michael aswell')"
ufc-3727,UFC,2025-05-31,https://www.bestfightodds.com/events/ufc-3727,38722,Alice Ardelean,Rayanne Dos Santos,/fighters/alice-ardelean-15320,/fighters/rayanne-dos-santos-15719,"('alice ardelean', 'rayanne dos santos')"
ufc-3741,UFC,2025-06-01,https://www.bestfightodds.com/events/ufc-3741,38714,Erin Blanchfield,Maycee Barber,/fighters/erin-blanchfield-8336,/fighters/maycee-barber-7240,"('erin blanchfield', 'maycee barber')"
ufc-3741,UFC,2025-06-01,https://www.bestfightodds.com/events/ufc-3741,38715,Ludovit Klein,Mateusz Gamrot,/fighters/ludovit-klein-7610,/fighters/mateusz-gamrot-4189,"('ludovit klein', 'mateusz gamrot')"
ufc-3741,UFC,2025-06-01,https://www.bestfightodds.com/events/ufc-3741,38838,Billy Ray Goff,Ramiz Brahimaj,/fighters/billy-ray-goff-19415,/fighters/ramiz-brahimaj-7724,"('billy ray goff', 'ramiz brahimaj')"
ufc-3741,UFC,2025-06-01,https://www.bestfightodds.com/events/ufc-3741,38720,Bruno Lopes,Dustin Jacoby,/fighters/bruno-lopes-14106,/fighters/dustin-jacoby-2939,"('bruno lopes', 'dustin jacoby')"
ufc-3741,UFC,2025-06-01,https://www.bestfightodds.com/events/ufc-3741,38723,Ketlen Vieira,Macy Chiasson,/fighters/ketlen-vieira-6585,/fighters/macy-chiasson-8148,"('ketlen vieira', 'macy chiasson')"
ufc-3741,UFC,2025-06-01,https://www.bestfightodds.com/events/ufc-3741,38719,Dusko Todorovic,Zach Reese,/fighters/dusko-todorovic-9397,/fighters/zach-reese-16353,"('dusko todorovic', 'zach reese')"
ufc-3741,UFC,2025-06-01,https://www.bestfightodds.com/events/ufc-3741,38716,Allan Nascimento,Jafel Filho,/fighters/allan-nascimento-6373,/fighters/jafel-filho-14406,"('allan nascimento', 'jafel filho')"
ufc-316-3702,UFC 316,2025-06-07,https://www.bestfightodds.com/events/ufc-316-3702,38512,Ariane da Silva,Wang Cong,/fighters/ariane-da-silva-18630,/fighters/wang-cong-18152,"('ariane da silva', 'wang cong')"
ufc-316-3702,UFC 316,2025-06-07,https://www.bestfightodds.com/events/ufc-316-3702,38627,Ariane Lipski,Cong Wang,/fighters/ariane-lipski-6053,/fighters/cong-wang-16644,"('ariane lipski', 'cong wang')"
ufc-316-3702,UFC 316,2025-06-07,https://www.bestfightodds.com/events/ufc-316-3702,38776,Jeka Saragih,Joo Sang Yoo,/fighters/jeka-saragih-15072,/fighters/joo-sang-yoo-19436,"('jeka saragih', 'joo sang yoo')"
ufc-316-3702,UFC 316,2025-06-07,https://www.bestfightodds.com/events/ufc-316-3702,38779,Quillan Salkilld,Yanal Ashmouz,/fighters/quillan-salkilld-16405,/fighters/yanal-ashmouz-15722,"('quillan salkilld', 'yanal ashmouz')"
ufc-316-3702,UFC 316,2025-06-07,https://www.bestfightodds.com/events/ufc-316-3702,38933,Mark Choinski,Marquel Mederos,/fighters/mark-choinski-17481,/fighters/marquel-mederos-10796,"('mark choinski', 'marquel mederos')"
ufc-3684,UFC,2025-06-08,https://www.bestfightodds.com/events/ufc-3684,38352,Merab Dvalishvili,Sean O'Malley,/fighters/merab-dvalishvili-6415,/fighters/sean-o-malley-7125,"('merab dvalishvili', 'sean omalley')"
ufc-3684,UFC,2025-06-08,https://www.bestfightodds.com/events/ufc-3684,38351,Julianna Pena,Kayla Harrison,/fighters/julianna-pena-1816,/fighters/kayla-harrison-8276,"('julianna pena', 'kayla harrison')"
ufc-3684,UFC,2025-06-08,https://www.bestfightodds.com/events/ufc-3684,38726,Joe Pyfer,Kelvin Gastelum,/fighters/joe-pyfer-8530,/fighters/kelvin-gastelum-4061,"('joe pyfer', 'kelvin gastelum')"
ufc-3684,UFC,2025-06-08,https://www.bestfightodds.com/events/ufc-3684,38780,Mario Bautista,Patrick Mix,/fighters/mario-bautista-8867,/fighters/patrick-mix-9151,"('mario bautista', 'patrick mix')"
ufc-3684,UFC,2025-06-08,https://www.bestfightodds.com/events/ufc-3684,38511,Kevin Holland,Vicente Luque,/fighters/kevin-holland-5910,/fighters/vicente-luque-5744,"('kevin holland', 'vicente luque')"
ufc-3684,UFC,2025-06-08,https://www.bestfightodds.com/events/ufc-3684,38516,Bruno Silva,Joshua van,/fighters/bruno-silva-7121,/fighters/joshua-van-14745,"('bruno silva', 'joshua van')"
ufc-3684,UFC,2025-06-08,https://www.bestfightodds.com/events/ufc-3684,38778,Azamat Murzakanov,Brendson Ribeiro,/fighters/azamat-murzakanov-7264,/fighters/brendson-ribeiro-13392,"('azamat murzakanov', 'brendson ribeiro')"
ufc-3684,UFC,2025-06-08,https://www.bestfightodds.com/events/ufc-3684,38775,Serghei Spivac,Waldo Cortes-Acosta,/fighters/serghei-spivac-9985,/fighters/waldo-cortes-acosta-12830,"('serghei spivac', 'waldo cortes acosta')"
ufc-3684,UFC,2025-06-08,https://www.bestfightodds.com/events/ufc-3684,38932,Andreas Gustafsson,Khaos Williams,/fighters/andreas-gustafsson-8971,/fighters/khaos-williams-9974,"('andreas gustafsson', 'khaos williams')"
ufc-fight-night-3715,UFC Fight Night,2025-06-14,https://www.bestfightodds.com/events/ufc-fight-night-3715,38992,Ange Loosa,Phil Rowe,/fighters/ange-loosa-9074,/fighters/phil-rowe-9898,"('ange loosa', 'phil rowe')"
ufc-fight-night-3715,UFC Fight Night,2025-06-14,https://www.bestfightodds.com/events/ufc-fight-night-3715,38991,Jamey-Lyn Horth,Vanessa Demopoulos,/fighters/jamey-lyn-horth-15531,/fighters/vanessa-demopoulos-8998,"('jamey lyn horth', 'vanessa demopoulos')"
ufc-fight-night-3716,UFC Fight Night,2025-06-15,https://www.bestfightodds.com/events/ufc-fight-night-3716,38622,Joaquin Buckley,Kamaru Usman,/fighters/joaquin-buckley-6458,/fighters/kamaru-usman-4664,"('joaquin buckley', 'kamaru usman')"
ufc-fight-night-3716,UFC Fight Night,2025-06-15,https://www.bestfightodds.com/events/ufc-fight-night-3716,38624,Miranda Maverick,Rose Namajunas,/fighters/miranda-maverick-6780,/fighters/rose-namajunas-3803,"('miranda maverick', 'rose namajunas')"
ufc-fight-night-3716,UFC Fight Night,2025-06-15,https://www.bestfightodds.com/events/ufc-fight-night-3716,38626,Andre Petroski,Edmen Shahbazyan,/fighters/andre-petroski-10388,/fighters/edmen-shahbazyan-8418,"('andre petroski', 'edmen shahbazyan')"
ufc-fight-night-3716,UFC Fight Night,2025-06-15,https://www.bestfightodds.com/events/ufc-fight-night-3716,38907,Cody Garbrandt,Raoni Barcelos,/fighters/cody-garbrandt-5368,/fighters/raoni-barcelos-4521,"('cody garbrandt', 'raoni barcelos')"
ufc-fight-night-3716,UFC Fight Night,2025-06-15,https://www.bestfightodds.com/events/ufc-fight-night-3716,38623,Cody Brundage,Mansur Abdul-Malik,/fighters/cody-brundage-10168,/fighters/mansur-abdul-malik-12720,"('cody brundage', 'mansur abdul malik')"
ufc-fight-night-3716,UFC Fight Night,2025-06-15,https://www.bestfightodds.com/events/ufc-fight-night-3716,38619,Alonzo Menifield,Oumar Sy,/fighters/alonzo-menifield-5961,/fighters/oumar-sy-12679,"('alonzo menifield', 'oumar sy')"
ufc-fight-night-3716,UFC Fight Night,2025-06-15,https://www.bestfightodds.com/events/ufc-fight-night-3716,38916,Paul Craig,Rodolfo Bellato,/fighters/paul-craig-6791,/fighters/rodolfo-bellato-11728,"('paul craig', 'rodolfo bellato')"
ufc-fight-night-3716,UFC Fight Night,2025-06-15,https://www.bestfightodds.com/events/ufc-fight-night-3716,38625,Court McGee,Michael Chiesa,/fighters/court-mcgee-1956,/fighters/michael-chiesa-3317,"('court mcgee', 'michael chiesa')"
ufc-fight-night-3716,UFC Fight Night,2025-06-15,https://www.bestfightodds.com/events/ufc-fight-night-3716,38993,Kris Moutinho,Malcolm Wellmaker,/fighters/kris-moutinho-6239,/fighters/malcolm-wellmaker-18273,"('kris moutinho', 'malcolm wellmaker')"
ufc-fight-night-3716,UFC Fight Night,2025-06-15,https://www.bestfightodds.com/events/ufc-fight-night-3716,38620,Cody Durden,Jose Ochoa,/fighters/cody-durden-10231,/fighters/jose-ochoa-16739,"('cody durden', 'jose ochoa')"
ufc-fight-night-3716,UFC Fight Night,2025-06-15,https://www.bestfightodds.com/events/ufc-fight-night-3716,39001,Cameron Smotherman,Ricky Simon,/fighters/cameron-smotherman-12367,/fighters/ricky-simon-5780,"('cameron smotherman', 'ricky simon')"
ufc-fight-night-3701,UFC Fight Night,2025-06-21,https://www.bestfightodds.com/events/ufc-fight-night-3701,38507,Jamahal Hill,Khalil Rountree,/fighters/jamahal-hill-9288,/fighters/khalil-rountree-4935,"('jamahal hill', 'khalil rountree')"
ufc-fight-night-3701,UFC Fight Night,2025-06-21,https://www.bestfightodds.com/events/ufc-fight-night-3701,38995,Ignacio Bahamondes,Rafael Fiziev,/fighters/ignacio-bahamondes-9750,/fighters/rafael-fiziev-8258,"('ignacio bahamondes', 'rafael fiziev')"
ufc-fight-night-3701,UFC Fight Night,2025-06-21,https://www.bestfightodds.com/events/ufc-fight-night-3701,38508,Curtis Blaydes,Rizvan Kuniev,/fighters/curtis-blaydes-5732,/fighters/rizvan-kuniev-12573,"('curtis blaydes', 'rizvan kuniev')"
ufc-fight-night-3701,UFC Fight Night,2025-06-21,https://www.bestfightodds.com/events/ufc-fight-night-3701,38994,Myktybek Orolbai,Tofiq Musayev,/fighters/myktybek-orolbai-16276,/fighters/tofiq-musayev-13682,"('myktybek orolbai', 'tofiq musayev')"
ufc-fight-night-3701,UFC Fight Night,2025-06-21,https://www.bestfightodds.com/events/ufc-fight-night-3701,38996,Nazim Sadykhov,Nikolas Motta,/fighters/nazim-sadykhov-9868,/fighters/nikolas-motta-9314,"('nazim sadykhov', 'nikolas motta')"
ufc-fight-night-3701,UFC Fight Night,2025-06-21,https://www.bestfightodds.com/events/ufc-fight-night-3701,38998,Bogdan Grad,Muhammad Naimov,/fighters/bogdan-grad-16302,/fighters/muhammad-naimov-10630,"('bogdan grad', 'muhammad naimov')"
ufc-fight-night-3701,UFC Fight Night,2025-06-21,https://www.bestfightodds.com/events/ufc-fight-night-3701,39000,Oban Elliott,Seokhyeon Ko,/fighters/oban-elliott-9107,/fighters/seokhyeon-ko-19541,"('oban elliott', 'seokhyeon ko')"
ufc-fight-night-3701,UFC Fight Night,2025-06-21,https://www.bestfightodds.com/events/ufc-fight-night-3701,38505,Ismail Naurdiev,Jun Yong Park,/fighters/ismail-naurdiev-7558,/fighters/jun-yong-park-9312,"('ismail naurdiev', 'jun yong park')"
ufc-fight-night-3701,UFC Fight Night,2025-06-21,https://www.bestfightodds.com/events/ufc-fight-night-3701,38506,Daria Zhelezniakova,Melissa Mullins,/fighters/daria-zhelezniakova-19344,/fighters/melissa-mullins-17402,"('daria zhelezniakova', 'melissa mullins')"
ufc-fight-night-3701,UFC Fight Night,2025-06-21,https://www.bestfightodds.com/events/ufc-fight-night-3701,38513,Irina Alekseeva,Klaudia Sygula,/fighters/irina-alekseeva-12710,/fighters/klaudia-sygula-11261,"('irina alekseeva', 'klaudia sygula')"
ufc-fight-night-3701,UFC Fight Night,2025-06-21,https://www.bestfightodds.com/events/ufc-fight-night-3701,38997,Azat Maksum,Tagir Ulanbekov,/fighters/azat-maksum-10897,/fighters/tagir-ulanbekov-7598,"('azat maksum', 'tagir ulanbekov')"
ufc-fight-night-3701,UFC Fight Night,2025-06-21,https://www.bestfightodds.com/events/ufc-fight-night-3701,38514,Hamdy Abdelwahab,Mohammed Usman,/fighters/hamdy-abdelwahab-14137,/fighters/mohammed-usman-8067,"('hamdy abdelwahab', 'mohammed usman')"
ufc-3726,UFC,2025-06-28,https://www.bestfightodds.com/events/ufc-3726,39089,Jacobe Smith,Niko Price,/fighters/jacobe-smith-14991,/fighters/niko-price-6895,"('jacobe smith', 'niko price')"
ufc-3726,UFC,2025-06-28,https://www.bestfightodds.com/events/ufc-3726,39090,Alvin Hines,Jhonata Diniz,/fighters/alvin-hines-17040,/fighters/jhonata-diniz-16483,"('alvin hines', 'jhonata diniz')"
ufc-3725,UFC,2025-06-29,https://www.bestfightodds.com/events/ufc-3725,38712,Charles Oliveira,Ilia Topuria,/fighters/charles-oliveira-1893,/fighters/ilia-topuria-8322,"('charles oliveira', 'ilia topuria')"
ufc-3725,UFC,2025-06-29,https://www.bestfightodds.com/events/ufc-3725,38713,Alexandre Pantoja,Kai Kara-France,/fighters/alexandre-pantoja-5118,/fighters/kai-kara-france-8800,"('alexandre pantoja', 'kai kara france')"
ufc-3725,UFC,2025-06-29,https://www.bestfightodds.com/events/ufc-3725,39091,Felipe Lima,Payton Talbott,/fighters/felipe-lima-10819,/fighters/payton-talbott-15422,"('felipe lima', 'payton talbott')"
ufc-3725,UFC,2025-06-29,https://www.bestfightodds.com/events/ufc-3725,38727,Beneil Dariush,Renato Moicano,/fighters/beneil-dariush-4633,/fighters/renato-moicano-5598,"('beneil dariush', 'renato moicano')"
ufc-3725,UFC,2025-06-29,https://www.bestfightodds.com/events/ufc-3725,38999,Brandon Royval,Joshua van,/fighters/brandon-royval-7031,/fighters/joshua-van-14745,"('brandon royval', 'joshua van')"
ufc-3725,UFC,2025-06-29,https://www.bestfightodds.com/events/ufc-3725,39088,Hyder Amil,Jose Delgado,/fighters/hyder-amil-8178,/fighters/jose-delgado-18000,"('hyder amil', 'jose delgado')"
ufc-3725,UFC,2025-06-29,https://www.bestfightodds.com/events/ufc-3725,38730,Gregory Rodrigues,Jack Hermansson,/fighters/gregory-rodrigues-6917,/fighters/jack-hermansson-2474,"('gregory rodrigues', 'jack hermansson')"
ufc-3725,UFC,2025-06-29,https://www.bestfightodds.com/events/ufc-3725,39087,Terrance McKinney,Viacheslav Borshchev,/fighters/terrance-mckinney-9286,/fighters/viacheslav-borshchev-12730,"('terrance mckinney', 'viacheslav borshchev')"
ufc-3725,UFC,2025-06-29,https://www.bestfightodds.com/events/ufc-3725,38731,Tracy Cortez,Viviane Araujo,/fighters/tracy-cortez-7427,/fighters/viviane-araujo-9155,"('tracy cortez', 'viviane araujo')"
ufc-fight-night-3748,UFC Fight Night,2025-07-12,https://www.bestfightodds.com/events/ufc-fight-night-3748,38898,Chris Curtis,Max Griffin,/fighters/chris-curtis-6020,/fighters/max-griffin-6581,"('chris curtis', 'max griffin')"
ufc-fight-night-3748,UFC Fight Night,2025-07-12,https://www.bestfightodds.com/events/ufc-fight-night-3748,38917,Chidi Njokuani,Jake Matthews,/fighters/chidi-njokuani-2452,/fighters/jake-matthews-4978,"('chidi njokuani', 'jake matthews')"
ufc-fight-night-3748,UFC Fight Night,2025-07-12,https://www.bestfightodds.com/events/ufc-fight-night-3748,38901,Eduarda Moura,Lauren Murphy,/fighters/eduarda-moura-16318,/fighters/lauren-murphy-4580,"('eduarda moura', 'lauren murphy')"
ufc-fight-night-3748,UFC Fight Night,2025-07-12,https://www.bestfightodds.com/events/ufc-fight-night-3748,39197,Mike Davis,Mitch Ramirez,/fighters/mike-davis-8423,/fighters/mitch-ramirez-15736,"('mike davis', 'mitch ramirez')"
ufc-fight-night-3748,UFC Fight Night,2025-07-12,https://www.bestfightodds.com/events/ufc-fight-night-3748,39200,Kennedy Nzechukwu,Valter Walker,/fighters/kennedy-nzechukwu-7454,/fighters/valter-walker-17371,"('kennedy nzechukwu', 'valter walker')"
ufc-fight-night-3748,UFC Fight Night,2025-07-12,https://www.bestfightodds.com/events/ufc-fight-night-3748,38914,Fatima Kline,Melissa Martinez,/fighters/fatima-kline-11138,/fighters/melissa-martinez-7705,"('fatima kline', 'melissa martinez')"
ufc-fight-night-3748,UFC Fight Night,2025-07-12,https://www.bestfightodds.com/events/ufc-fight-night-3748,38911,Ateba Gautier,Robert Valentin,/fighters/ateba-gautier-18421,/fighters/robert-valentin-13471,"('ateba gautier', 'robert valentin')"
ufc-fight-night-3749,UFC Fight Night,2025-07-13,https://www.bestfightodds.com/events/ufc-fight-night-3749,38920,Derrick Lewis,Tallison Teixeira,/fighters/derrick-lewis-2610,/fighters/tallison-teixeira-18424,"('derrick lewis', 'tallison teixeira')"
ufc-fight-night-3749,UFC Fight Night,2025-07-13,https://www.bestfightodds.com/events/ufc-fight-night-3749,39199,Gabriel Bonfim,Stephen Thompson,/fighters/gabriel-bonfim-11752,/fighters/stephen-thompson-3092,"('gabriel bonfim', 'stephen thompson')"
ufc-fight-night-3749,UFC Fight Night,2025-07-13,https://www.bestfightodds.com/events/ufc-fight-night-3749,38912,Calvin Kattar,Steve Garcia,/fighters/calvin-kattar-717,/fighters/steve-garcia-2576,"('calvin kattar', 'steve garcia')"
ufc-fight-night-3749,UFC Fight Night,2025-07-13,https://www.bestfightodds.com/events/ufc-fight-night-3749,39198,Morgan Charriere,Nate Landwehr,/fighters/morgan-charriere-8980,/fighters/nate-landwehr-3413,"('morgan charriere', 'nate landwehr')"
ufc-fight-night-3749,UFC Fight Night,2025-07-13,https://www.bestfightodds.com/events/ufc-fight-night-3749,38918,Austen Lane,Vitor Petrino,/fighters/austen-lane-8254,/fighters/vitor-petrino-14346,"('austen lane', 'vitor petrino')"
ufc-fight-night-3749,UFC Fight Night,2025-07-13,https://www.bestfightodds.com/events/ufc-fight-night-3749,38921,Junior Tafa,Tuco Tokkos,/fighters/junior-tafa-14832,/fighters/tuco-tokkos-17649,"('jr tafa', 'tuco tokkos')"
ufc-3706,UFC,2025-07-20,https://www.bestfightodds.com/events/ufc-3706,38556,Dustin Poirier,Max Holloway,/fighters/dustin-poirier-2034,/fighters/max-holloway-3090,"('dustin poirier', 'max holloway')"
ufc-3706,UFC,2025-07-20,https://www.bestfightodds.com/events/ufc-3706,38772,Adam Fugitt,Islam Dulatov,/fighters/adam-fugitt-8646,/fighters/islam-dulatov-14955,"('adam fugitt', 'islam dulatov')"
ufc-3706,UFC,2025-07-20,https://www.bestfightodds.com/events/ufc-3706,38774,Brendan Allen,Marvin Vettori,/fighters/brendan-allen-6203,/fighters/marvin-vettori-6541,"('brendan allen', 'marvin vettori')"
ufc-3706,UFC,2025-07-20,https://www.bestfightodds.com/events/ufc-3706,38773,Gunnar Nelson,Neil Magny,/fighters/gunnar-nelson-3160,/fighters/neil-magny-3807,"('gunnar nelson', 'neil magny')"
ufc-3724,UFC,2025-07-26,https://www.bestfightodds.com/events/ufc-3724,38711,Reinier de Ridder,Robert Whittaker,/fighters/reinier-de-ridder-8891,/fighters/robert-whittaker-3761,"('reinier de ridder', 'robert whittaker')"
ufc-3724,UFC,2025-07-26,https://www.bestfightodds.com/events/ufc-3724,39153,Marcus McGhee,Petr Yan,/fighters/marcus-mcghee-14050,/fighters/petr-yan-7578,"('marcus mcghee', 'petr yan')"
ufc-3724,UFC,2025-07-26,https://www.bestfightodds.com/events/ufc-3724,38728,Marc-Andre Barriault,Sharabutdin Magomedov,/fighters/marc-andre-barriault-8960,/fighters/sharabutdin-magomedov-18058,"('marc andre barriault', 'sharabutdin magomedov')"
ufc-3724,UFC,2025-07-26,https://www.bestfightodds.com/events/ufc-3724,39222,Asu Almabaev,Jose Ochoa,/fighters/asu-almabaev-10853,/fighters/jose-ochoa-16739,"('asu almabayev', 'jose ochoa')"
ufc-3724,UFC,2025-07-26,https://www.bestfightodds.com/events/ufc-3724,39221,Bogdan Guskov,Nikita Krylov,/fighters/bogdan-guskov-16384,/fighters/nikita-krylov-4188,"('bogdan guskov', 'nikita krylov')"
ufc-3724,UFC,2025-07-26,https://www.bestfightodds.com/events/ufc-3724,39215,Bryce Mitchell,Said Nurmagomedov,/fighters/bryce-mitchell-6135,/fighters/said-nurmagomedov-8192,"('bryce mitchell', 'said nurmagomedov')"
ufc-3724,UFC,2025-07-26,https://www.bestfightodds.com/events/ufc-3724,39216,Carlos Leal Miranda,Muslim Salikhov,/fighters/carlos-leal-miranda-7744,/fighters/muslim-salikhov-7701,"('carlos leal miranda', 'muslim salikhov')"
ufc-3724,UFC,2025-07-26,https://www.bestfightodds.com/events/ufc-3724,39219,Da'mon Blackshear,Davey Grant,/fighters/da-mon-blackshear-8471,/fighters/davey-grant-4074,"('damon blackshear', 'davey grant')"
ufc-3724,UFC,2025-07-26,https://www.bestfightodds.com/events/ufc-3724,39217,Amanda Ribas,Tabatha Ricci,/fighters/amanda-ribas-7245,/fighters/tabatha-ricci-10312,"('amanda ribas', 'tabatha ricci')"
ufc-3724,UFC,2025-07-26,https://www.bestfightodds.com/events/ufc-3724,39214,Billy Elekana,Ibo Aslan,/fighters/billy-elekana-12954,/fighters/ibo-aslan-16319,"('billy elekana', 'ibo aslan')"
ufc-3724,UFC,2025-07-26,https://www.bestfightodds.com/events/ufc-3724,39218,Mohammad Yahya,Steven Nguyen,/fighters/mohammad-yahya-7764,/fighters/steven-nguyen-9291,"('mohammad yahya', 'steven nguyen')"
ufc-3724,UFC,2025-07-26,https://www.bestfightodds.com/events/ufc-3724,39220,Marcus Buchecha,Martin Buday,/fighters/marcus-buchecha-14323,/fighters/martin-buday-11489,"('marcus buchecha', 'martin buday')"
ufc-fight-night-albazi-vs-taira-odds-3777,UFC Fight Night: Albazi vs Taira Odds,2025-08-02,https://www.bestfightodds.com/events/ufc-fight-night-albazi-vs-taira-odds-3777,39353,Hyun Sung Park,Tatsuro Taira,/fighters/hyun-sung-park-13942,/fighters/tatsuro-taira-13311,"('hyun sung park', 'tatsuro taira')"
ufc-fight-night-albazi-vs-taira-odds-3777,UFC Fight Night: Albazi vs Taira Odds,2025-08-02,https://www.bestfightodds.com/events/ufc-fight-night-albazi-vs-taira-odds-3777,39351,Chris Duncan,Mateusz Rebecki,/fighters/chris-duncan-8861,/fighters/mateusz-rebecki-10102,"('chris duncan', 'mateusz rebecki')"
ufc-fight-night-albazi-vs-taira-odds-3777,UFC Fight Night: Albazi vs Taira Odds,2025-08-02,https://www.bestfightodds.com/events/ufc-fight-night-albazi-vs-taira-odds-3777,39349,Elves Brener,Esteban Ribovics,/fighters/elves-brener-16626,/fighters/esteban-ribovics-14245,"('elves brener', 'esteban ribovics')"
ufc-fight-night-albazi-vs-taira-odds-3777,UFC Fight Night: Albazi vs Taira Odds,2025-08-02,https://www.bestfightodds.com/events/ufc-fight-night-albazi-vs-taira-odds-3777,39348,Karol Rosa,Nora Cornolle,/fighters/karol-rosa-9417,/fighters/nora-cornolle-14385,"('karol rosa', 'nora cornolle')"
ufc-fight-night-albazi-vs-taira-odds-3777,UFC Fight Night: Albazi vs Taira Odds,2025-08-02,https://www.bestfightodds.com/events/ufc-fight-night-albazi-vs-taira-odds-3777,39352,Elizeu Zaleski,Neil Magny,/fighters/elizeu-zaleski-5594,/fighters/neil-magny-3807,"('elizeu zaleski', 'neil magny')"
ufc-fight-night-albazi-vs-taira-odds-3777,UFC Fight Night: Albazi vs Taira Odds,2025-08-02,https://www.bestfightodds.com/events/ufc-fight-night-albazi-vs-taira-odds-3777,39350,Danny Silva,Kevin Vallejos,/fighters/danny-silva-9217,/fighters/kevin-vallejos-16459,"('danny silva', 'kevin vallejos')"
ufc-fight-night-albazi-vs-taira-odds-3777,UFC Fight Night: Albazi vs Taira Odds,2025-08-02,https://www.bestfightodds.com/events/ufc-fight-night-albazi-vs-taira-odds-3777,39290,Andrey Pulyaev,Nick Klein,/fighters/andrey-pulyaev-18270,/fighters/nick-klein-13742,"('andrey pulyaev', 'nick klein')"
ufc-fight-night-albazi-vs-taira-odds-3777,UFC Fight Night: Albazi vs Taira Odds,2025-08-02,https://www.bestfightodds.com/events/ufc-fight-night-albazi-vs-taira-odds-3777,39347,Austin Bashi,John Yannis,/fighters/austin-bashi-10472,/fighters/john-yannis-12315,"('austin bashi', 'john yannis')"
ufc-fight-night-albazi-vs-taira-odds-3777,UFC Fight Night: Albazi vs Taira Odds,2025-08-02,https://www.bestfightodds.com/events/ufc-fight-night-albazi-vs-taira-odds-3777,39288,Felipe Bunes,Rafael Estevam,/fighters/felipe-bunes-13242,/fighters/rafael-estevam-15300,"('felipe bunes', 'rafael estevam')"
ufc-fight-night-albazi-vs-taira-odds-3777,UFC Fight Night: Albazi vs Taira Odds,2025-08-02,https://www.bestfightodds.com/events/ufc-fight-night-albazi-vs-taira-odds-3777,39287,Ketlen Souza,Piera Rodriguez,/fighters/ketlen-souza-13460,/fighters/piera-rodriguez-11127,"('ketlen souza', 'piera rodriguez')"
ufc-fight-night-albazi-vs-taira-odds-3777,UFC Fight Night: Albazi vs Taira Odds,2025-08-02,https://www.bestfightodds.com/events/ufc-fight-night-albazi-vs-taira-odds-3777,39399,Amir Albazi,Tatsuro Taira,/fighters/amir-albazi-7189,/fighters/tatsuro-taira-13311,"('amir albazi', 'tatsuro taira')"
ufc-3791,UFC,2025-08-03,https://www.bestfightodds.com/events/ufc-3791,39224,Nathan Fletcher,Rinya Nakamura,/fighters/nathan-fletcher-9198,/fighters/rinya-nakamura-13935,"('nathan fletcher', 'rinya nakamura')"
ufc-3791,UFC,2025-08-03,https://www.bestfightodds.com/events/ufc-3791,39223,Rodolfo Vieira,Tresean Gore,/fighters/rodolfo-vieira-9318,/fighters/tresean-gore-12266,"('rodolfo vieira', 'tresean gore')"
ufc-fight-night-dolidze-vs-hernandez-odds-3789,UFC Fight Night: Dolidze vs. Hernandez Odds,2025-08-09,https://www.bestfightodds.com/events/ufc-fight-night-dolidze-vs-hernandez-odds-3789,39318,Anthony Hernandez,Roman Dolideze,/fighters/anthony-hernandez-6092,/fighters/roman-dolideze-19619,"('anthony hernandez', 'roman dolideze')"
ufc-fight-night-dolidze-vs-hernandez-odds-3789,UFC Fight Night: Dolidze vs. Hernandez Odds,2025-08-09,https://www.bestfightodds.com/events/ufc-fight-night-dolidze-vs-hernandez-odds-3789,39405,Ode Osbourne,Steve Erceg,/fighters/ode-osbourne-9282,/fighters/steve-erceg-17167,"('ode osbourne', 'steve erceg')"
ufc-fight-night-dolidze-vs-hernandez-odds-3789,UFC Fight Night: Dolidze vs. Hernandez Odds,2025-08-09,https://www.bestfightodds.com/events/ufc-fight-night-dolidze-vs-hernandez-odds-3789,39342,Angela Hill,Iasmin Lucindo,/fighters/angela-hill-5348,/fighters/iasmin-lucindo-14124,"('angela hill', 'iasmin lucindo')"
ufc-fight-night-dolidze-vs-hernandez-odds-3789,UFC Fight Night: Dolidze vs. Hernandez Odds,2025-08-09,https://www.bestfightodds.com/events/ufc-fight-night-dolidze-vs-hernandez-odds-3789,39346,Andre Fili,Christian Rodriguez,/fighters/andre-fili-4466,/fighters/christian-rodriguez-9146,"('andre fili', 'christian rodriguez')"
ufc-fight-night-dolidze-vs-hernandez-odds-3789,UFC Fight Night: Dolidze vs. Hernandez Odds,2025-08-09,https://www.bestfightodds.com/events/ufc-fight-night-dolidze-vs-hernandez-odds-3789,39406,Jean Matsumoto,Miles Johns,/fighters/jean-matsumoto-14110,/fighters/miles-johns-5373,"('jean matsumoto', 'miles johns')"
ufc-fight-night-dolidze-vs-hernandez-odds-3789,UFC Fight Night: Dolidze vs. Hernandez Odds,2025-08-09,https://www.bestfightodds.com/events/ufc-fight-night-dolidze-vs-hernandez-odds-3789,39344,Christian Leroy Duncan,Eryk Anders,/fighters/christian-leroy-duncan-12577,/fighters/eryk-anders-6686,"('christian leroy duncan', 'eryk anders')"
ufc-fight-night-dolidze-vs-hernandez-odds-3789,UFC Fight Night: Dolidze vs. Hernandez Odds,2025-08-09,https://www.bestfightodds.com/events/ufc-fight-night-dolidze-vs-hernandez-odds-3789,39345,Julius Walker,Raffael Cerqueira,/fighters/julius-walker-19178,/fighters/raffael-cerqueira-18575,"('julius walker', 'raffael cerqueira')"
ufc-fight-night-dolidze-vs-hernandez-odds-3789,UFC Fight Night: Dolidze vs. Hernandez Odds,2025-08-09,https://www.bestfightodds.com/events/ufc-fight-night-dolidze-vs-hernandez-odds-3789,39407,Elijah Smith,Toshiomi Kazama,/fighters/elijah-smith-14272,/fighters/toshiomi-kazama-13922,"('elijah smith', 'toshiomi kazama')"
ufc-fight-night-dolidze-vs-hernandez-odds-3789,UFC Fight Night: Dolidze vs. Hernandez Odds,2025-08-09,https://www.bestfightodds.com/events/ufc-fight-night-dolidze-vs-hernandez-odds-3789,39354,Joselyne Edwards,Priscila Cachoeira,/fighters/joselyne-edwards-8664,/fighters/priscila-cachoeira-7754,"('joselyne edwards', 'priscila cachoeira')"
ufc-fight-night-dolidze-vs-hernandez-odds-3789,UFC Fight Night: Dolidze vs. Hernandez Odds,2025-08-09,https://www.bestfightodds.com/events/ufc-fight-night-dolidze-vs-hernandez-odds-3789,39400,Gilbert Urbina,Uros Medic,/fighters/gilbert-urbina-8520,/fighters/uros-medic-10229,"('gilbert urbina', 'uros medic')"
ufc-fight-night-dolidze-vs-hernandez-odds-3789,UFC Fight Night: Dolidze vs. Hernandez Odds,2025-08-09,https://www.bestfightodds.com/events/ufc-fight-night-dolidze-vs-hernandez-odds-3789,39343,Gabriella Fernandes,Julija Stoliarenko,/fighters/gabriella-fernandes-14517,/fighters/julija-stoliarenko-9926,"('gabriella fernandes', 'julija stoliarenko')"
ufc-fight-night-dolidze-vs-hernandez-odds-3789,UFC Fight Night: Dolidze vs. Hernandez Odds,2025-08-09,https://www.bestfightodds.com/events/ufc-fight-night-dolidze-vs-hernandez-odds-3789,39421,Cody Brundage,Eric McConico,/fighters/cody-brundage-10168,/fighters/eric-mcconico-15806,"('cody brundage', 'eric mcconico')"
ufc-319-odds-3767,UFC 319 Odds,2025-08-16,https://www.bestfightodds.com/events/ufc-319-odds-3767,39130,Drakkar Klose,Edson Barboza,/fighters/drakkar-klose-6701,/fighters/edson-barboza-2099,"('drakkar klose', 'edson barboza')"
ufc-319-odds-3767,UFC 319 Odds,2025-08-16,https://www.bestfightodds.com/events/ufc-319-odds-3767,39408,Dione Barbosa,Karine Silva,/fighters/dione-barbosa-12811,/fighters/karine-silva-7814,"('dione barbosa', 'karine silva')"
ufc-319-odds-3767,UFC 319 Odds,2025-08-16,https://www.bestfightodds.com/events/ufc-319-odds-3767,39508,Alibi Idiris,Joseph Morales,/fighters/alibi-idiris-19717,/fighters/joseph-morales-5383,"('alibi idiris', 'joseph morales')"
ufc-319-3800,UFC 319,2025-08-17,https://www.bestfightodds.com/events/ufc-319-3800,38471,Dricus Du Plessis,Khamzat Chimaev,/fighters/dricus-du-plessis-7951,/fighters/khamzat-chimaev-10189,"('dricus du plessis', 'khamzat chimaev')"
ufc-319-3800,UFC 319,2025-08-17,https://www.bestfightodds.com/events/ufc-319-3800,39365,Aaron Pico,Lerone Murphy,/fighters/aaron-pico-7170,/fighters/lerone-murphy-9433,"('aaron pico', 'lerone murphy')"
ufc-319-3800,UFC 319,2025-08-17,https://www.bestfightodds.com/events/ufc-319-3800,39366,Carlos Prates,Geoff Neal,/fighters/carlos-prates-14705,/fighters/geoff-neal-8453,"('carlos prates', 'geoff neal')"
ufc-319-3800,UFC 319,2025-08-17,https://www.bestfightodds.com/events/ufc-319-3800,39127,Jared Cannonier,Michael Page,/fighters/jared-cannonier-5333,/fighters/michael-page-3937,"('jared cannonier', 'michael page')"
ufc-319-3800,UFC 319,2025-08-17,https://www.bestfightodds.com/events/ufc-319-3800,39126,Kai Asakura,Tim Elliott,/fighters/kai-asakura-7765,/fighters/tim-elliott-3288,"('kai asakura', 'tim elliott')"
ufc-319-3800,UFC 319,2025-08-17,https://www.bestfightodds.com/events/ufc-319-3800,39496,Baysangur Susurkaev,Eric Nolan,/fighters/baysangur-susurkaev-18856,/fighters/eric-nolan-7010,"('baysangur susurkaev', 'eric nolan')"
ufc-319-3800,UFC 319,2025-08-17,https://www.bestfightodds.com/events/ufc-319-3800,39131,Gerald Meerschaert,Michal Oleksiejczuk,/fighters/gerald-meerschaert-3628,/fighters/michal-oleksiejczuk-7639,"('gerald meerschaert', 'michal oleksiejczuk')"
ufc-319-3800,UFC 319,2025-08-17,https://www.bestfightodds.com/events/ufc-319-3800,39129,Jessica Andrade,Loopy Godinez,/fighters/jessica-andrade-4201,/fighters/loopy-godinez-12828,"('jessica andrade', 'loopy godinez')"
ufc-319-3800,UFC 319,2025-08-17,https://www.bestfightodds.com/events/ufc-319-3800,39123,Alexander Hernandez,Chase Hooper,/fighters/alexander-hernandez-7977,/fighters/chase-hooper-8425,"('alexander hernandez', 'chase hooper')"
road-to-ufc-3819,Road to UFC,2025-08-22,https://www.bestfightodds.com/events/road-to-ufc-3819,39546,Sang Uk Kim,Yawei Ren,/fighters/sang-uk-kim-15876,/fighters/yawei-ren-19452,"('sang uk kim', 'yawei ren')"
road-to-ufc-3819,Road to UFC,2025-08-22,https://www.bestfightodds.com/events/road-to-ufc-3819,39548,Kaiwen Li,Keiichiro Nakamura,/fighters/kaiwen-li-15871,/fighters/keiichiro-nakamura-19441,"('kaiwen li', 'keiichiro nakamura')"
road-to-ufc-3819,Road to UFC,2025-08-22,https://www.bestfightodds.com/events/road-to-ufc-3819,39551,Sim Kai Xiong,Sulangrangbo,/fighters/sim-kai-xiong-13735,/fighters/sulangrangbo-19454,"('sim kai xiong', 'sulangrangbo')"
road-to-ufc-3819,Road to UFC,2025-08-22,https://www.bestfightodds.com/events/road-to-ufc-3819,39552,Dom Mar Fan,Jae Hyun Park,/fighters/dom-mar-fan-19458,/fighters/jae-hyun-park-16404,"('dom mar fan', 'jae hyun park')"
road-to-ufc-3819,Road to UFC,2025-08-22,https://www.bestfightodds.com/events/road-to-ufc-3819,39544,Agulali,Namsrai Batbayar,/fighters/agulali-19444,/fighters/namsrai-batbayar-19438,"('agulali', 'namsrai batbayar')"
road-to-ufc-3819,Road to UFC,2025-08-22,https://www.bestfightodds.com/events/road-to-ufc-3819,39550,Chang Min Yoon,Sebastian Szalay,/fighters/chang-min-yoon-8964,/fighters/sebastian-szalay-19442,"('chang min yoon', 'sebastian szalay')"
road-to-ufc-3819,Road to UFC,2025-08-22,https://www.bestfightodds.com/events/road-to-ufc-3819,39549,Lawrence Lui,Van Y Nghiem,/fighters/lawrence-lui-19456,/fighters/van-y-nghiem-19450,"('lawrence lui', 'van y nghiem')"
road-to-ufc-3819,Road to UFC,2025-08-22,https://www.bestfightodds.com/events/road-to-ufc-3819,39547,Aaron Tau,Shuai Yin,/fighters/aaron-tau-18404,/fighters/shuai-yin-17654,"('aaron tau', 'shuai yin')"
road-to-ufc-3819,Road to UFC,2025-08-22,https://www.bestfightodds.com/events/road-to-ufc-3819,39545,Kitt Campbell,Yoon Sung Jang,/fighters/kitt-campbell-8032,/fighters/yoon-sung-jang-13728,"('kitt campbell', 'yoon sung jang')"
ufc-3818,UFC,2025-08-22,https://www.bestfightodds.com/events/ufc-3818,39542,Bruna Brasil,Ming Shi,/fighters/bruna-brasil-13778,/fighters/ming-shi-17668,"('bruna brasil', 'ming shi')"
ufc-3818,UFC,2025-08-22,https://www.bestfightodds.com/events/ufc-3818,39543,Nyamjargal Tumendemberel,Terrance Saeteurn,/fighters/nyamjargal-tumendemberel-15865,/fighters/terrance-saeteurn-15081,"('nyamjargal tumendemberel', 'terrance saeteurn')"
ufc-3818,UFC,2025-08-22,https://www.bestfightodds.com/events/ufc-3818,39583,Ren Yawei,Sangwook Kim,/fighters/ren-yawei-19750,/fighters/sangwook-kim-19751,"('ren yawei', 'sangwook kim')"
ufc-3812,UFC,2025-08-23,https://www.bestfightodds.com/events/ufc-3812,39513,Johnny Walker,Zhang Mingyang,/fighters/johnny-walker-8542,/fighters/zhang-mingyang-14721,"('johnny walker', 'zhang mingyang')"
ufc-3812,UFC,2025-08-23,https://www.bestfightodds.com/events/ufc-3812,39512,Aljamain Stirling,Brian Ortega,/fighters/aljamain-stirling-19718,/fighters/brian-ortega-4290,"('aljamain stirling', 'brian ortega')"
ufc-3812,UFC,2025-08-23,https://www.bestfightodds.com/events/ufc-3812,39511,Sergei Pavlovich,Waldo Cortes-Acosta,/fighters/sergei-pavlovich-8961,/fighters/waldo-cortes-acosta-12830,"('sergei pavlovich', 'waldo cortes acosta')"
ufc-3812,UFC,2025-08-23,https://www.bestfightodds.com/events/ufc-3812,39510,Kevin Borjas,Sumudaerji Sumudaerji,/fighters/kevin-borjas-9841,/fighters/sumudaerji-sumudaerji-8746,"('kevin borjas', 'sumudaerji sumudaerji')"
ufc-3812,UFC,2025-08-23,https://www.bestfightodds.com/events/ufc-3812,39509,Kiefer Crosbie,Taiyilake Nueraji,/fighters/kiefer-crosbie-6784,/fighters/taiyilake-nueraji-15867,"('kiefer crosbie', 'taiyilake nueraji')"
ufc-3812,UFC,2025-08-23,https://www.bestfightodds.com/events/ufc-3812,39524,Gauge Young,Maheshate,/fighters/gauge-young-11235,/fighters/maheshate-12733,"('gauge young', 'maheshate')"
ufc-3812,UFC,2025-08-23,https://www.bestfightodds.com/events/ufc-3812,39523,Charles Johnson,Lone'er Kavanagh,/fighters/charles-johnson-7494,/fighters/lone-er-kavanagh-12967,"('charles johnson', 'loneer kavanagh')"
ufc-3812,UFC,2025-08-23,https://www.bestfightodds.com/events/ufc-3812,39522,Austin Hubbard,Rongzhu,/fighters/austin-hubbard-8207,/fighters/rongzhu-17112,"('austin hubbard', 'rongzhu')"
ufc-3812,UFC,2025-08-23,https://www.bestfightodds.com/events/ufc-3812,39515,Kyle Daukaus,Michel Pereira,/fighters/kyle-daukaus-8840,/fighters/michel-pereira-9071,"('kyle daukaus', 'michel pereira')"
ufc-3812,UFC,2025-08-23,https://www.bestfightodds.com/events/ufc-3812,39514,Westin Wilson,Yizha,/fighters/westin-wilson-7567,/fighters/yizha-17111,"('westin wilson', 'yizha')"
ufc-3812,UFC,2025-08-23,https://www.bestfightodds.com/events/ufc-3812,39530,Long Xiao,Su Young You,/fighters/long-xiao-12717,/fighters/su-young-you-17656,"('long xiao', 'su young you')"
ufc-3812,UFC,2025-08-23,https://www.bestfightodds.com/events/ufc-3812,39521,Suyoung You,Xiao Long,/fighters/suyoung-you-19723,/fighters/xiao-long-14613,"('suyoung you', 'xiao long')"
ufc-3812,UFC,2025-08-23,https://www.bestfightodds.com/events/ufc-3812,39531,Diyar Nurgozhay,Uran Satybaldiev,/fighters/diyar-nurgozhay-11550,/fighters/uran-satybaldiev-16347,"('diyar nurgozhay', 'uran satybaldiev')"
ufc-fight-night-3775,UFC Fight Night,2025-09-06,https://www.bestfightodds.com/events/ufc-fight-night-3775,39211,Caio Borralho,Nassourdine Imavov,/fighters/caio-borralho-12570,/fighters/nassourdine-imavov-10307,"('caio borralho', 'nassourdine imavov')"
ufc-fight-night-3775,UFC Fight Night,2025-09-06,https://www.bestfightodds.com/events/ufc-fight-night-3775,39584,Benoit Saint-Denis,Mauricio Ruffy,/fighters/benoit-saint-denis-10992,/fighters/mauricio-ruffy-16595,"('benoit saint denis', 'mauricio ruffy')"
ufc-fight-night-3775,UFC Fight Night,2025-09-06,https://www.bestfightodds.com/events/ufc-fight-night-3775,39555,Modestas Bukauskas,Paul Craig,/fighters/modestas-bukauskas-7865,/fighters/paul-craig-6791,"('modestas bukauskas', 'paul craig')"
ufc-fight-night-3775,UFC Fight Night,2025-09-06,https://www.bestfightodds.com/events/ufc-fight-night-3775,39559,Bolaji Oki,Mason Jones,/fighters/bolaji-oki-16406,/fighters/mason-jones-7156,"('bolaji oki', 'mason jones')"
ufc-fight-night-3775,UFC Fight Night,2025-09-06,https://www.bestfightodds.com/events/ufc-fight-night-3775,39606,Axel Sola,Rhys McKee,/fighters/axel-sola-11006,/fighters/rhys-mckee-6874,"('axel sola', 'rhys mckee')"
ufc-fight-night-3775,UFC Fight Night,2025-09-06,https://www.bestfightodds.com/events/ufc-fight-night-3775,39554,Robert Ruchala,William Gomis,/fighters/robert-ruchala-10578,/fighters/william-gomis-10345,"('robert ruchala', 'william gomis')"
ufc-fight-night-3775,UFC Fight Night,2025-09-06,https://www.bestfightodds.com/events/ufc-fight-night-3775,39553,Brendson Ribeiro,Oumar Sy,/fighters/brendson-ribeiro-13392,/fighters/oumar-sy-12679,"('brendson ribeiro', 'oumar sy')"
ufc-fight-night-3775,UFC Fight Night,2025-09-06,https://www.bestfightodds.com/events/ufc-fight-night-3775,39558,Ante Delija,Marcin Tybura,/fighters/ante-delija-8016,/fighters/marcin-tybura-6200,"('ante delija', 'marcin tybura')"
ufc-fight-night-3775,UFC Fight Night,2025-09-06,https://www.bestfightodds.com/events/ufc-fight-night-3775,39635,Harry Hardwick,Kaue Fernandes,/fighters/harry-hardwick-9616,/fighters/kaue-fernandes-11734,"('harry hardwick', 'kaue fernandes')"
ufc-fight-night-3775,UFC Fight Night,2025-09-06,https://www.bestfightodds.com/events/ufc-fight-night-3775,39586,Sam Patterson,Trey Waters,/fighters/sam-patterson-11410,/fighters/trey-waters-13847,"('sam patterson', 'trey waters')"
ufc-fight-night-3775,UFC Fight Night,2025-09-06,https://www.bestfightodds.com/events/ufc-fight-night-3775,39593,Brad Tavares,Robert Bryczek,/fighters/brad-tavares-1959,/fighters/robert-bryczek-11162,"('brad tavares', 'robert bryczek')"
ufc-fight-night-3775,UFC Fight Night,2025-09-06,https://www.bestfightodds.com/events/ufc-fight-night-3775,39585,Andreas Gustafsson,Rinat Fakhretdinov,/fighters/andreas-gustafsson-8971,/fighters/rinat-fakhretdinov-13557,"('andreas gustafsson', 'rinat fakhretdinov')"
ufc-fight-night-3775,UFC Fight Night,2025-09-06,https://www.bestfightodds.com/events/ufc-fight-night-3775,39556,Sam Hughes,Shauna Bannon,/fighters/sam-hughes-9863,/fighters/shauna-bannon-14505,"('sam hughes', 'shauna bannon')"
ufc-fight-night-3775,UFC Fight Night,2025-09-06,https://www.bestfightodds.com/events/ufc-fight-night-3775,39557,Fares Ziam,Kaue Fernandes,/fighters/fares-ziam-9451,/fighters/kaue-fernandes-11734,"('fares ziam', 'kaue fernandes')"
ufc-fight-night-3794,UFC Fight Night,2025-09-13,https://www.bestfightodds.com/events/ufc-fight-night-3794,39367,Jared Gordon,Rafa Garcia,/fighters/jared-gordon-2971,/fighters/rafa-garcia-9241,"('jared gordon', 'rafa garcia')"
ufc-fight-night-3794,UFC Fight Night,2025-09-13,https://www.bestfightodds.com/events/ufc-fight-night-3794,39677,Dustin Stoltzfus,Kelvin Gastelum,/fighters/dustin-stoltzfus-10214,/fighters/kelvin-gastelum-4061,"('dustin stoltzfus', 'kelvin gastelum')"
ufc-fight-night-3794,UFC Fight Night,2025-09-13,https://www.bestfightodds.com/events/ufc-fight-night-3794,39694,Alexander Hernandez,Diego Ferreira,/fighters/alexander-hernandez-7977,/fighters/diego-ferreira-5180,"('alexander hernandez', 'diego ferreira')"
ufc-fight-night-3794,UFC Fight Night,2025-09-13,https://www.bestfightodds.com/events/ufc-fight-night-3794,39678,Quang Le,Santiago Luna,/fighters/quang-le-12547,/fighters/santiago-luna-19813,"('quang le', 'santiago luna')"
ufc-fight-night-3794,UFC Fight Night,2025-09-13,https://www.bestfightodds.com/events/ufc-fight-night-3794,39687,David Martinez,Quang Le,/fighters/david-martinez-16826,/fighters/quang-le-12547,"('david martinez', 'quang le')"
ufc-fight-night-3794,UFC Fight Night,2025-09-13,https://www.bestfightodds.com/events/ufc-fight-night-3794,39368,Dusko Todorovic,Jose Daniel Medina,/fighters/dusko-todorovic-9397,/fighters/jose-daniel-medina-16594,"('dusko todorovic', 'jose daniel medina')"
ufc-fight-night-3794,UFC Fight Night,2025-09-13,https://www.bestfightodds.com/events/ufc-fight-night-3794,39373,Claudio Puelles,Joaquim Silva,/fighters/claudio-puelles-6804,/fighters/joaquim-silva-5756,"('claudio puelles', 'joaquim silva')"
ufc-fight-night-3794,UFC Fight Night,2025-09-13,https://www.bestfightodds.com/events/ufc-fight-night-3794,39369,Amanda Lemos,Tatiana Suarez,/fighters/amanda-lemos-7335,/fighters/tatiana-suarez-6544,"('amanda lemos', 'tatiana suarez')"
ufc-fight-night-3794,UFC Fight Night,2025-09-13,https://www.bestfightodds.com/events/ufc-fight-night-3794,39372,Jesus Aguilar,Luis Gurule,/fighters/jesus-aguilar-14733,/fighters/luis-gurule-13855,"('jesus aguilar', 'luis gurule')"
ufc-fight-night-3794,UFC Fight Night,2025-09-13,https://www.bestfightodds.com/events/ufc-fight-night-3794,39371,Sedriques Dumas,Zachary Reese,/fighters/sedriques-dumas-12309,/fighters/zachary-reese-14747,"('sedriques dumas', 'zachary reese')"
ufc-fight-night-3794,UFC Fight Night,2025-09-13,https://www.bestfightodds.com/events/ufc-fight-night-3794,39679,Alden Coria,Alessandro Costa,/fighters/alden-coria-10859,/fighters/alessandro-costa-14121,"('alden coria', 'alessandro costa')"
ufc-fight-night-3794,UFC Fight Night,2025-09-13,https://www.bestfightodds.com/events/ufc-fight-night-3794,39374,Alice Pereira,Montserrat Rendon,/fighters/alice-pereira-19629,/fighters/montserrat-rendon-14504,"('alice pereira', 'montserrat rendon')"
ufc-fight-night-3794,UFC Fight Night,2025-09-13,https://www.bestfightodds.com/events/ufc-fight-night-3794,39693,Daniil Donchenko,Rodrigo Sezinando,/fighters/daniil-donchenko-19821,/fighters/rodrigo-sezinando-15537,"('daniil donchenko', 'rodrigo sezinando')"
ufc-fight-night-3776,UFC Fight Night,2025-09-14,https://www.bestfightodds.com/events/ufc-fight-night-3776,39213,Diego Lopes,Jean Silva,/fighters/diego-lopes-12328,/fighters/jean-silva-554,"('diego lopes', 'jean silva')"
ufc-fight-night-3776,UFC Fight Night,2025-09-14,https://www.bestfightodds.com/events/ufc-fight-night-3776,39680,David Martinez,Rob Font,/fighters/david-martinez-16826,/fighters/rob-font-4984,"('david martinez', 'rob font')"
ufc-fight-night-3840,UFC Fight Night,2025-09-27,https://www.bestfightodds.com/events/ufc-fight-night-3840,39726,Brando Pericic,Elisha Ellison,/fighters/brando-pericic-19827,/fighters/elisha-ellison-19828,"('brando pericic', 'elisha ellison')"
ufc-fight-night-3840,UFC Fight Night,2025-09-27,https://www.bestfightodds.com/events/ufc-fight-night-3840,39721,Alexia Thainara,Loma Lookboonmee,/fighters/alexia-thainara-15137,/fighters/loma-lookboonmee-7834,"('alexia thainara', 'loma lookboonmee')"
ufc-fight-night-3840,UFC Fight Night,2025-09-27,https://www.bestfightodds.com/events/ufc-fight-night-3840,39714,Ibo Aslan,Junior Tafa,/fighters/ibo-aslan-16319,/fighters/junior-tafa-14832,"('ibo aslan', 'jr tafa')"
ufc-fight-night-3846,UFC Fight Night,2025-09-28,https://www.bestfightodds.com/events/ufc-fight-night-3846,39713,Carlos Ulberg,Dominick Reyes,/fighters/carlos-ulberg-10404,/fighters/dominick-reyes-7225,"('carlos ulberg', 'dominick reyes')"
ufc-fight-night-3846,UFC Fight Night,2025-09-28,https://www.bestfightodds.com/events/ufc-fight-night-3846,39716,Ivan Erslan,Jimmy Crute,/fighters/ivan-erslan-9672,/fighters/jimmy-crute-9838,"('ivan erslan', 'jimmy crute')"
ufc-fight-night-3846,UFC Fight Night,2025-09-28,https://www.bestfightodds.com/events/ufc-fight-night-3846,39715,Jack Jenkins,Ramon Taveras,/fighters/jack-jenkins-8037,/fighters/ramon-taveras-16460,"('jack jenkins', 'ramon taveras')"
ufc-fight-night-3846,UFC Fight Night,2025-09-28,https://www.bestfightodds.com/events/ufc-fight-night-3846,39717,Jake Matthews,Neil Magny,/fighters/jake-matthews-4978,/fighters/neil-magny-3807,"('jake matthews', 'neil magny')"
ufc-fight-night-3846,UFC Fight Night,2025-09-28,https://www.bestfightodds.com/events/ufc-fight-night-3846,39718,Charlie Campbell,Tom Nolan,/fighters/charlie-campbell-10235,/fighters/tom-nolan-16303,"('charlie campbell', 'tom nolan')"
ufc-fight-night-3846,UFC Fight Night,2025-09-28,https://www.bestfightodds.com/events/ufc-fight-night-3846,39720,Navajo Stirling,Rodolfo Bellato,/fighters/navajo-stirling-18344,/fighters/rodolfo-bellato-11728,"('navajo stirling', 'rodolfo bellato')"
ufc-fight-night-3846,UFC Fight Night,2025-09-28,https://www.bestfightodds.com/events/ufc-fight-night-3846,39723,Andre Petroski,Cam Rowston,/fighters/andre-petroski-10388,/fighters/cam-rowston-16458,"('andre petroski', 'cam rowston')"
ufc-fight-night-3846,UFC Fight Night,2025-09-28,https://www.bestfightodds.com/events/ufc-fight-night-3846,39722,Jonathan Micallef,Oban Elliott,/fighters/jonathan-micallef-18608,/fighters/oban-elliott-9107,"('jonathan micallef', 'oban elliott')"
ufc-fight-night-3846,UFC Fight Night,2025-09-28,https://www.bestfightodds.com/events/ufc-fight-night-3846,39724,Jamie Mullarkey,Rolando Bedoya,/fighters/jamie-mullarkey-9518,/fighters/rolando-bedoya-16166,"('jamie mullarkey', 'rolando bedoya')"
ufc-fight-night-3846,UFC Fight Night,2025-09-28,https://www.bestfightodds.com/events/ufc-fight-night-3846,39798,Colby Thicknesse,Josias Musasa,/fighters/colby-thicknesse-19115,/fighters/josias-musasa-18383,"('colby thicknesse', 'josias musasa')"
ufc-fight-night-3846,UFC Fight Night,2025-09-28,https://www.bestfightodds.com/events/ufc-fight-night-3846,39725,Luana Carolina,Michelle Montague,/fighters/luana-carolina-8992,/fighters/michelle-montague-13411,"('luana carolina', 'michelle montague')"
ufc-bjj-3-3874,UFC BJJ 3,2025-10-03,https://www.bestfightodds.com/events/ufc-bjj-3-3874,40035,Keven Carrasco,Mikey Musumeci,/fighters/keven-carrasco-20003,/fighters/mikey-musumeci-11707,"('keven carrasco', 'mikey musumeci')"
ufc-bjj-3-3874,UFC BJJ 3,2025-10-03,https://www.bestfightodds.com/events/ufc-bjj-3-3874,40036,Carlos Henrique,Matheus Gabriel,/fighters/carlos-henrique-20004,/fighters/matheus-gabriel-20005,"('carlos henrique', 'matheus gabriel')"
ufc-bjj-3-3874,UFC BJJ 3,2025-10-03,https://www.bestfightodds.com/events/ufc-bjj-3-3874,40037,Kennedy Maciel,Samuel Nagai,/fighters/kennedy-maciel-14436,/fighters/samuel-nagai-20006,"('kennedy maciel', 'samuel nagai')"
ufc-bjj-3-3874,UFC BJJ 3,2025-10-03,https://www.bestfightodds.com/events/ufc-bjj-3-3874,40038,Alexandria Enriquez,Cassia Moura,/fighters/alexandria-enriquez-20007,/fighters/cassia-moura-20008,"('alexandria enriquez', 'cassia moura')"
ufc-bjj-3-3874,UFC BJJ 3,2025-10-03,https://www.bestfightodds.com/events/ufc-bjj-3-3874,40039,Gustavo Batista,Jansen Gomes,/fighters/gustavo-batista-12837,/fighters/jansen-gomes-20009,"('gustavo batista', 'jansen gomes')"
ufc-bjj-3-3874,UFC BJJ 3,2025-10-03,https://www.bestfightodds.com/events/ufc-bjj-3-3874,40040,Andy Murasaki,Kris Olivo,/fighters/andy-murasaki-20010,/fighters/kris-olivo-20011,"('andy murasaki', 'kris olivo')"
ufc-bjj-3-3874,UFC BJJ 3,2025-10-03,https://www.bestfightodds.com/events/ufc-bjj-3-3874,40041,Andy Varela,Daniel Sathler,/fighters/andy-varela-13037,/fighters/daniel-sathler-20012,"('andy varela', 'daniel sathler')"
ufc-bjj-3-3874,UFC BJJ 3,2025-10-03,https://www.bestfightodds.com/events/ufc-bjj-3-3874,40042,Ana Mayordomo,Shye Lilly,/fighters/ana-mayordomo-20013,/fighters/shye-lilly-20014,"('ana mayordomo', 'shye lilly')"
ufc-bjj-3-3874,UFC BJJ 3,2025-10-03,https://www.bestfightodds.com/events/ufc-bjj-3-3874,40043,Michael Jalen Fonacier,Pedro Nakano,/fighters/michael-jalen-fonacier-20015,/fighters/pedro-nakano-20016,"('michael jalen fonacier', 'pedro nakano')"
ufc-320-3853,UFC 320,2025-10-04,https://www.bestfightodds.com/events/ufc-320-3853,39862,Nikolay Veretennikov,Punahele Soriano,/fighters/nikolay-veretennikov-7722,/fighters/punahele-soriano-7386,"('nikolay veretennikov', 'punahele soriano')"
ufc-320-3853,UFC 320,2025-10-04,https://www.bestfightodds.com/events/ufc-320-3853,39829,Macy Chiasson,Yana Santos,/fighters/macy-chiasson-8148,/fighters/yana-santos-15381,"('macy chiasson', 'yana santos')"
ufc-320-3853,UFC 320,2025-10-04,https://www.bestfightodds.com/events/ufc-320-3853,39828,Chris Gutierrez,Farid Basharat,/fighters/chris-gutierrez-4725,/fighters/farid-basharat-11791,"('chris gutierrez', 'farid basharat')"
ufc-320-3853,UFC 320,2025-10-04,https://www.bestfightodds.com/events/ufc-320-3853,39861,Austin Vanderford,Ramiz Brahimaj,/fighters/austin-vanderford-7790,/fighters/ramiz-brahimaj-7724,"('austin vanderford', 'ramiz brahimaj')"
ufc-320-3853,UFC 320,2025-10-04,https://www.bestfightodds.com/events/ufc-320-3853,39833,Brogan Walker,Veronica Hardy,/fighters/brogan-walker-7832,/fighters/veronica-hardy-16779,"('brogan walker', 'veronica hardy')"
ufc-320-odds-3779,UFC 320 Odds,2025-10-05,https://www.bestfightodds.com/events/ufc-320-odds-3779,38470,Alex Pereira,Magomed Ankalaev,/fighters/alex-pereira-10463,/fighters/magomed-ankalaev-7794,"('alex pereira', 'magomed ankalaev')"
ufc-320-odds-3779,UFC 320 Odds,2025-10-05,https://www.bestfightodds.com/events/ufc-320-odds-3779,39232,Cory Sandhagen,Merab Dvalishvili,/fighters/cory-sandhagen-6127,/fighters/merab-dvalishvili-6415,"('cory sandhagen', 'merab dvalishvili')"
ufc-320-odds-3779,UFC 320 Odds,2025-10-05,https://www.bestfightodds.com/events/ufc-320-odds-3779,39231,Jiri Prochazka,Khalil Rountree Jr.,/fighters/jiri-prochazka-6058,/fighters/khalil-rountree-jr-11552,"('jiri prochazka', 'khalil rountree jr')"
ufc-320-odds-3779,UFC 320 Odds,2025-10-05,https://www.bestfightodds.com/events/ufc-320-odds-3779,39827,Josh Emmett,Youssef Zalal,/fighters/josh-emmett-6405,/fighters/youssef-zalal-8823,"('josh emmett', 'youssef zalal')"
ufc-320-odds-3779,UFC 320 Odds,2025-10-05,https://www.bestfightodds.com/events/ufc-320-odds-3779,39831,Abus Magomedov,Joe Pfyer,/fighters/abus-magomedov-16645,/fighters/joe-pfyer-16505,"('abus magomedov', 'joe pfyer')"
ufc-320-odds-3779,UFC 320 Odds,2025-10-05,https://www.bestfightodds.com/events/ufc-320-odds-3779,39834,Ateba Gautier,Ozzy Diaz,/fighters/ateba-gautier-18421,/fighters/ozzy-diaz-10407,"('ateba gautier', 'ozzy diaz')"
ufc-320-odds-3779,UFC 320 Odds,2025-10-05,https://www.bestfightodds.com/events/ufc-320-odds-3779,40106,Ateba Gautier,Treston Vines,/fighters/ateba-gautier-18421,/fighters/treston-vines-10774,"('ateba gautier', 'treston vines')"
ufc-320-odds-3779,UFC 320 Odds,2025-10-05,https://www.bestfightodds.com/events/ufc-320-odds-3779,39852,Daniel Santos,Joosang Yoo,/fighters/daniel-santos-6038,/fighters/joosang-yoo-19898,"('daniel santos', 'joosang yoo')"
ufc-320-odds-3779,UFC 320 Odds,2025-10-05,https://www.bestfightodds.com/events/ufc-320-odds-3779,39830,Jakub Wiklacz,Patchy Mix,/fighters/jakub-wiklacz-8485,/fighters/patchy-mix-10278,"('jakub wiklacz', 'patchy mix')"
ufc-320-odds-3779,UFC 320 Odds,2025-10-05,https://www.bestfightodds.com/events/ufc-320-odds-3779,39832,Andre Muniz,Edmen Shahbazyan,/fighters/andre-muniz-8538,/fighters/edmen-shahbazyan-8418,"('andre muniz', 'edmen shahbazyan')"
ufc-rio-3872,UFC Rio,2025-10-11,https://www.bestfightodds.com/events/ufc-rio-3872,40000,Jhonata Diniz,Mario Pinto,/fighters/jhonata-diniz-16483,/fighters/mario-pinto-18577,"('jhonata diniz', 'mario pinto')"
ufc-rio-3872,UFC Rio,2025-10-11,https://www.bestfightodds.com/events/ufc-rio-3872,40001,Kaan Ofli,Ricardo Ramos,/fighters/kaan-ofli-18252,/fighters/ricardo-ramos-5477,"('kaan ofli', 'ricardo ramos')"
ufc-rio-3872,UFC Rio,2025-10-11,https://www.bestfightodds.com/events/ufc-rio-3872,40002,Lucas Almeida,Michael Aswell,/fighters/lucas-almeida-12571,/fighters/michael-aswell-12369,"('lucas almeida', 'michael aswell')"
ufc-rio-3872,UFC Rio,2025-10-11,https://www.bestfightodds.com/events/ufc-rio-3872,40003,Clayton Carpenter,Jafel Filho,/fighters/clayton-carpenter-10300,/fighters/jafel-filho-14406,"('clayton carpenter', 'jafel filho')"
ufc-rio-3872,UFC Rio,2025-10-11,https://www.bestfightodds.com/events/ufc-rio-3872,40004,Thomas Petersen,Vitor Petrino,/fighters/thomas-petersen-10546,/fighters/vitor-petrino-14346,"('thomas petersen', 'vitor petrino')"
ufc-rio-3872,UFC Rio,2025-10-11,https://www.bestfightodds.com/events/ufc-rio-3872,40005,Beatriz Mesquita,Irina Alekseeva,/fighters/beatriz-mesquita-18617,/fighters/irina-alekseeva-12710,"('beatriz mesquita', 'irina alekseeva')"
ufc-rio-3872,UFC Rio,2025-10-11,https://www.bestfightodds.com/events/ufc-rio-3872,40006,Lucas Rocha,Stewart Nicoll,/fighters/lucas-rocha-15885,/fighters/stewart-nicoll-18148,"('lucas rocha', 'stewart nicoll')"
ufc-rio-3872,UFC Rio,2025-10-11,https://www.bestfightodds.com/events/ufc-rio-3872,39983,Julia Polastri,Karolina Kowalkiewicz,/fighters/julia-polastri-12394,/fighters/karolina-kowalkiewicz-3745,"('julia polastri', 'karolina kowalkiewicz')"
ufc-rio-3872,UFC Rio,2025-10-11,https://www.bestfightodds.com/events/ufc-rio-3872,40007,Luan Lacerda,Saimon Oliveira,/fighters/luan-lacerda-15676,/fighters/saimon-oliveira-12268,"('luan lacerda', 'saimon oliveira')"
ufc-3869,UFC,2025-10-12,https://www.bestfightodds.com/events/ufc-3869,39975,Charles Oliveira,Mateusz Gamrot,/fighters/charles-oliveira-1893,/fighters/mateusz-gamrot-4189,"('charles oliveira', 'mateusz gamrot')"
ufc-3869,UFC,2025-10-12,https://www.bestfightodds.com/events/ufc-3869,39980,Deiveson Figueiredo,Montel Jackson,/fighters/deiveson-figueiredo-7514,/fighters/montel-jackson-8255,"('deiveson figueiredo', 'montel jackson')"
ufc-3869,UFC,2025-10-12,https://www.bestfightodds.com/events/ufc-3869,39981,Joel Alvarez,Vicente Luque,/fighters/joel-alvarez-8910,/fighters/vicente-luque-5744,"('joel alvarez', 'vicente luque')"
ufc-fight-night-3822,UFC Fight Night,2025-10-18,https://www.bestfightodds.com/events/ufc-fight-night-3822,39835,Brendan Allen,Reinier de Ridder,/fighters/brendan-allen-6203,/fighters/reinier-de-ridder-8891,"('brendan allen', 'reinier de ridder')"
ufc-fight-night-3822,UFC Fight Night,2025-10-18,https://www.bestfightodds.com/events/ufc-fight-night-3822,39627,Kevin Holland,Mike Malott,/fighters/kevin-holland-5910,/fighters/mike-malott-5196,"('kevin holland', 'mike malott')"
ufc-fight-night-3822,UFC Fight Night,2025-10-18,https://www.bestfightodds.com/events/ufc-fight-night-3822,39625,Aiemann Zahabi,Marlon Vera,/fighters/aiemann-zahabi-6901,/fighters/marlon-vera-5317,"('aiemann zahabi', 'marlon vera')"
ufc-fight-night-3822,UFC Fight Night,2025-10-18,https://www.bestfightodds.com/events/ufc-fight-night-3822,39626,Jasmine Jasudavicius,Manon Fiorot,/fighters/jasmine-jasudavicius-9869,/fighters/manon-fiorot-8225,"('jasmine jasudavicius', 'manon fiorot')"
ufc-fight-night-3822,UFC Fight Night,2025-10-18,https://www.bestfightodds.com/events/ufc-fight-night-3822,40114,Charles Jourdain,Davey Grant,/fighters/charles-jourdain-9131,/fighters/davey-grant-4074,"('charles jourdain', 'davey grant')"
ufc-fight-night-3822,UFC Fight Night,2025-10-18,https://www.bestfightodds.com/events/ufc-fight-night-3822,40120,Kyle Nelson,Matt Frevola,/fighters/kyle-nelson-3633,/fighters/matt-frevola-5332,"('kyle nelson', 'matt frevola')"
ufc-fight-night-3822,UFC Fight Night,2025-10-18,https://www.bestfightodds.com/events/ufc-fight-night-3822,40115,Drew Dober,Kyle Prepolec,/fighters/drew-dober-1576,/fighters/kyle-prepolec-3617,"('drew dober', 'kyle prepolec')"
ufc-fight-night-3822,UFC Fight Night,2025-10-18,https://www.bestfightodds.com/events/ufc-fight-night-3822,40119,Aoriqileng,Cody Gibson,/fighters/aoriqileng-16506,/fighters/cody-gibson-1915,"('aoriqileng', 'cody gibson')"
ufc-fight-night-3822,UFC Fight Night,2025-10-18,https://www.bestfightodds.com/events/ufc-fight-night-3822,40190,Cody Gibson,Qileng Aori,/fighters/cody-gibson-1915,/fighters/qileng-aori-10837,"('cody gibson', 'qileng aori')"
ufc-fight-night-3822,UFC Fight Night,2025-10-18,https://www.bestfightodds.com/events/ufc-fight-night-3822,40121,Bruno Silva,Hyunsung Park,/fighters/bruno-silva-7121,/fighters/hyunsung-park-20068,"('bruno silva', 'hyunsung park')"
ufc-fight-night-3822,UFC Fight Night,2025-10-18,https://www.bestfightodds.com/events/ufc-fight-night-3822,40123,Danny Barlow,Djorden Santos,/fighters/danny-barlow-14814,/fighters/djorden-santos-18276,"('danny barlow', 'djorden santos')"
ufc-fight-night-3822,UFC Fight Night,2025-10-18,https://www.bestfightodds.com/events/ufc-fight-night-3822,40122,Ravena Oliveira,Stephanie Luciano,/fighters/ravena-oliveira-16593,/fighters/stephanie-luciano-11737,"('ravena oliveira', 'stephanie luciano')"
ufc-fight-night-3822,UFC Fight Night,2025-10-18,https://www.bestfightodds.com/events/ufc-fight-night-3822,40177,Azamat Bekoev,Yousri Belgaroui,/fighters/azamat-bekoev-11142,/fighters/yousri-belgaroui-13350,"('azamat bekoev', 'yousri belgaroui')"
ufc-fight-night-3822,UFC Fight Night,2025-10-18,https://www.bestfightodds.com/events/ufc-fight-night-3822,40178,Melissa Croden,Tainara Lisboa,/fighters/melissa-croden-10633,/fighters/tainara-lisboa-15245,"('melissa croden', 'tainara lisboa')"
ufc-321-odds-3780,UFC 321 Odds,2025-10-25,https://www.bestfightodds.com/events/ufc-321-odds-3780,39233,Ciryl Gane,Tom Aspinall,/fighters/ciryl-gane-9273,/fighters/tom-aspinall-8930,"('ciryl gane', 'tom aspinall')"
ufc-321-odds-3780,UFC 321 Odds,2025-10-25,https://www.bestfightodds.com/events/ufc-321-odds-3780,40185,Mackenzie Dern,Virna Jandiroba,/fighters/mackenzie-dern-6488,/fighters/virna-jandiroba-7726,"('mackenzie dern', 'virna jandiroba')"
ufc-321-odds-3780,UFC 321 Odds,2025-10-25,https://www.bestfightodds.com/events/ufc-321-odds-3780,40184,Mario Bautista,Umar Nurmagomedov,/fighters/mario-bautista-8867,/fighters/umar-nurmagomedov-9365,"('mario bautista', 'umar nurmagomedov')"
ufc-321-odds-3780,UFC 321 Odds,2025-10-25,https://www.bestfightodds.com/events/ufc-321-odds-3780,40195,Alexander Volkov,Jailton Almeida,/fighters/alexander-volkov-2439,/fighters/jailton-almeida-12427,"('alexander volkov', 'jailton almeida')"
ufc-321-odds-3780,UFC 321 Odds,2025-10-25,https://www.bestfightodds.com/events/ufc-321-odds-3780,40196,Aleksandar Rakic,Azamat Murzakanov,/fighters/aleksandar-rakic-7356,/fighters/azamat-murzakanov-7264,"('aleksandar rakic', 'azamat murzakanov')"
ufc-321-odds-3780,UFC 321 Odds,2025-10-25,https://www.bestfightodds.com/events/ufc-321-odds-3780,40290,Nasrat Haqparast,Quillan Salkilld,/fighters/nasrat-haqparast-7622,/fighters/quillan-salkilld-16405,"('nasrat haqparast', 'quillan salkilld')"
ufc-321-odds-3780,UFC 321 Odds,2025-10-25,https://www.bestfightodds.com/events/ufc-321-odds-3780,40199,Ikram Aliskerov,Junyong Park,/fighters/ikram-aliskerov-10994,/fighters/junyong-park-20122,"('ikram aliskerov', 'jun yong park')"
ufc-321-odds-3780,UFC 321 Odds,2025-10-25,https://www.bestfightodds.com/events/ufc-321-odds-3780,40197,Ludovit Klein,Mateusz Rebecki,/fighters/ludovit-klein-7610,/fighters/mateusz-rebecki-10102,"('ludovit klein', 'mateusz rebecki')"
ufc-321-odds-3780,UFC 321 Odds,2025-10-25,https://www.bestfightodds.com/events/ufc-321-odds-3780,40255,Louie Sutherland,Valter Walker,/fighters/louie-sutherland-14257,/fighters/valter-walker-17371,"('louie sutherland', 'valter walker')"
ufc-321-odds-3780,UFC 321 Odds,2025-10-25,https://www.bestfightodds.com/events/ufc-321-odds-3780,40209,Jose Delgado,Nathaniel Wood,/fighters/jose-delgado-18000,/fighters/nathaniel-wood-5309,"('jose delgado', 'nathaniel wood')"
ufc-321-odds-3780,UFC 321 Odds,2025-10-25,https://www.bestfightodds.com/events/ufc-321-odds-3780,40206,Chris Barnett,Hamdy Abdelwahab,/fighters/chris-barnett-3234,/fighters/hamdy-abdelwahab-14137,"('chris barnett', 'hamdy abdelwahab')"
ufc-321-odds-3780,UFC 321 Odds,2025-10-25,https://www.bestfightodds.com/events/ufc-321-odds-3780,40207,Azat Maksum,Mitch Raposo,/fighters/azat-maksum-10897,/fighters/mitch-raposo-10778,"('azat maksum', 'mitch raposo')"
ufc-321-odds-3780,UFC 321 Odds,2025-10-25,https://www.bestfightodds.com/events/ufc-321-odds-3780,40198,Jaqueline Amorim,Mizuki Inoue,/fighters/jaqueline-amorim-10780,/fighters/mizuki-inoue-4118,"('jaqueline amorim', 'mizuki')"
ufc-vegas-110-3913,UFC Vegas 110,2025-11-01,https://www.bestfightodds.com/events/ufc-vegas-110-3913,40336,David Onama,Steve Garcia,/fighters/david-onama-10808,/fighters/steve-garcia-2576,"('david onama', 'steve garcia')"
ufc-vegas-110-3913,UFC Vegas 110,2025-11-01,https://www.bestfightodds.com/events/ufc-vegas-110-3913,40337,Ante Delija,Waldo Cortes-Acosta,/fighters/ante-delija-8016,/fighters/waldo-cortes-acosta-12830,"('ante delija', 'waldo cortes acosta')"
ufc-vegas-110-3913,UFC Vegas 110,2025-11-01,https://www.bestfightodds.com/events/ufc-vegas-110-3913,40338,Jeremiah Wells,Themba Gorimbo,/fighters/jeremiah-wells-8059,/fighters/themba-gorimbo-12770,"('jeremiah wells', 'themba gorimbo')"
ufc-vegas-110-3913,UFC Vegas 110,2025-11-01,https://www.bestfightodds.com/events/ufc-vegas-110-3913,40343,Isaac Dulgarian,Yadier Del Valle,/fighters/isaac-dulgarian-10816,/fighters/yadier-del-valle-20222,"('isaac dulgarian', 'yadier del valle')"
ufc-vegas-110-3913,UFC Vegas 110,2025-11-01,https://www.bestfightodds.com/events/ufc-vegas-110-3913,40364,Charles Radtke,Daniel Frunza,/fighters/charles-radtke-10622,/fighters/daniel-frunza-12483,"('charles radtke', 'daniel frunza')"
ufc-vegas-110-3913,UFC Vegas 110,2025-11-01,https://www.bestfightodds.com/events/ufc-vegas-110-3913,40396,Allan Nascimento,Cody Durden,/fighters/allan-nascimento-6373,/fighters/cody-durden-10231,"('allan nascimento', 'cody durden')"
ufc-vegas-110-3913,UFC Vegas 110,2025-11-01,https://www.bestfightodds.com/events/ufc-vegas-110-3913,40342,Billy Elekana,Kevin Christian,/fighters/billy-elekana-12954,/fighters/kevin-christian-17097,"('billy elekana', 'kevin christian')"
ufc-vegas-110-3913,UFC Vegas 110,2025-11-01,https://www.bestfightodds.com/events/ufc-vegas-110-3913,40379,Chang Ho Lee,Timmy Cuamba,/fighters/chang-ho-lee-13734,/fighters/timmy-cuamba-20244,"('chang ho lee', 'timmy cuamba')"
ufc-vegas-110-3913,UFC Vegas 110,2025-11-01,https://www.bestfightodds.com/events/ufc-vegas-110-3913,40340,Donte Johnson,Sedriques Dumas,/fighters/donte-johnson-19752,/fighters/sedriques-dumas-12309,"('donte johnson', 'sedriques dumas')"
ufc-vegas-110-3913,UFC Vegas 110,2025-11-01,https://www.bestfightodds.com/events/ufc-vegas-110-3913,40366,Ketlen Vieira,Norma Dumont,/fighters/ketlen-vieira-6585,/fighters/norma-dumont-9825,"('ketlen vieira', 'norma dumont')"
ufc-vegas-110-3913,UFC Vegas 110,2025-11-01,https://www.bestfightodds.com/events/ufc-vegas-110-3913,40341,Alice Ardelean,Montserrat Ruiz,/fighters/alice-ardelean-15320,/fighters/montserrat-ruiz-8705,"('alice ardelean', 'montserrat ruiz')"
ufc-vegas-110-3913,UFC Vegas 110,2025-11-01,https://www.bestfightodds.com/events/ufc-vegas-110-3913,40363,Phil Rowe,Seokhyeon Ko,/fighters/phil-rowe-9898,/fighters/seokhyeon-ko-19541,"('phil rowe', 'seokhyeon ko')"
ufc-vegas-110-3913,UFC Vegas 110,2025-11-01,https://www.bestfightodds.com/events/ufc-vegas-110-3913,40380,Ariane Carnelossi,Talita Alencar,/fighters/ariane-carnelossi-9317,/fighters/talita-alencar-11655,"('ariane carnelossi', 'talita alencar')"
ufc-vegas-111-3918,UFC Vegas 111,2025-11-08,https://www.bestfightodds.com/events/ufc-vegas-111-3918,40389,Hyder Amil,Jamall Emmers,/fighters/hyder-amil-8178,/fighters/jamall-emmers-6475,"('hyder amil', 'jamall emmers')"
ufc-vegas-111-3918,UFC Vegas 111,2025-11-08,https://www.bestfightodds.com/events/ufc-vegas-111-3918,40387,Raoni Barcelos,Ricky Simon,/fighters/raoni-barcelos-4521,/fighters/ricky-simon-5780,"('raoni barcelos', 'ricky simon')"
ufc-vegas-111-3918,UFC Vegas 111,2025-11-08,https://www.bestfightodds.com/events/ufc-vegas-111-3918,40394,Jacqueline Cavalcanti,Mayra Bueno Silva,/fighters/jacqueline-cavalcanti-13407,/fighters/mayra-bueno-silva-9839,"('jacqueline cavalcanti', 'mayra bueno silva')"
ufc-vegas-111-3918,UFC Vegas 111,2025-11-08,https://www.bestfightodds.com/events/ufc-vegas-111-3918,40391,Josh Hokit,Max Gimenis,/fighters/josh-hokit-16591,/fighters/max-gimenis-14483,"('josh hokit', 'max gimenis')"
ufc-vegas-111-3918,UFC Vegas 111,2025-11-08,https://www.bestfightodds.com/events/ufc-vegas-111-3918,40397,Denise Gomes,Tecia Torres,/fighters/denise-gomes-13433,/fighters/tecia-torres-3557,"('denise gomes', 'tecia torres')"
ufc-vegas-111-3918,UFC Vegas 111,2025-11-08,https://www.bestfightodds.com/events/ufc-vegas-111-3918,40385,Denise Gomes,Tecia Pennington,/fighters/denise-gomes-13433,/fighters/tecia-pennington-17554,"('denise gomes', 'tecia pennington')"
ufc-vegas-111-3918,UFC Vegas 111,2025-11-08,https://www.bestfightodds.com/events/ufc-vegas-111-3918,40488,Daniel Marcos,Miles Johns,/fighters/daniel-marcos-14365,/fighters/miles-johns-5373,"('daniel marcos', 'miles johns')"
ufc-vegas-111-3918,UFC Vegas 111,2025-11-08,https://www.bestfightodds.com/events/ufc-vegas-111-3918,40591,Jackson McVey,Zachary Reese,/fighters/jackson-mcvey-15053,/fighters/zachary-reese-14747,"('jackson mcvey', 'zachary reese')"
ufc-vegas-111-3917,UFC Vegas 111,2025-11-09,https://www.bestfightodds.com/events/ufc-vegas-111-3917,40383,Gabriel Bonfim,Randy Brown,/fighters/gabriel-bonfim-11752,/fighters/randy-brown-6139,"('gabriel bonfim', 'randy brown')"
ufc-vegas-111-3917,UFC Vegas 111,2025-11-09,https://www.bestfightodds.com/events/ufc-vegas-111-3917,40384,Joseph Morales,Matt Schnell,/fighters/joseph-morales-5383,/fighters/matt-schnell-3492,"('joseph morales', 'matt schnell')"
ufc-vegas-111-3917,UFC Vegas 111,2025-11-09,https://www.bestfightodds.com/events/ufc-vegas-111-3917,40392,Muslim Salikhov,Uros Medic,/fighters/muslim-salikhov-7701,/fighters/uros-medic-10229,"('muslim salikhov', 'uros medic')"
ufc-vegas-111-3917,UFC Vegas 111,2025-11-09,https://www.bestfightodds.com/events/ufc-vegas-111-3917,40393,Chris Padilla,Ismael Bonfim,/fighters/chris-padilla-6093,/fighters/ismael-bonfim-11723,"('chris padilla', 'ismael bonfim')"
ufc-vegas-111-3917,UFC Vegas 111,2025-11-09,https://www.bestfightodds.com/events/ufc-vegas-111-3917,40388,Christian Leroy Duncan,Marco Tulio,/fighters/christian-leroy-duncan-12577,/fighters/marco-tulio-18271,"('christian leroy duncan', 'marco tulio')"
ufc-322-3924,UFC 322,2025-11-15,https://www.bestfightodds.com/events/ufc-322-3924,40595,Baisangur Susurkaev,Eric McConico,/fighters/baisangur-susurkaev-20386,/fighters/eric-mcconico-15806,"('baisangur susurkaev', 'eric mcconico')"
ufc-322-3924,UFC 322,2025-11-15,https://www.bestfightodds.com/events/ufc-322-3924,40596,Matheus Camilo,Viacheslav Borshchev,/fighters/matheus-camilo-13029,/fighters/viacheslav-borshchev-12730,"('matheus camilo', 'viacheslav borshchev')"
ufc-322-3830,UFC 322,2025-11-16,https://www.bestfightodds.com/events/ufc-322-3830,39263,Islam Makhachev,Jack Della Maddalena,/fighters/islam-makhachev-5541,/fighters/jack-della-maddalena-7492,"('islam makhachev', 'jack della maddalena')"
ufc-322-3830,UFC 322,2025-11-16,https://www.bestfightodds.com/events/ufc-322-3830,39248,Valentina Shevchenko,Zhang Weili,/fighters/valentina-shevchenko-5475,/fighters/zhang-weili-9795,"('valentina shevchenko', 'zhang weili')"
ufc-322-3830,UFC 322,2025-11-16,https://www.bestfightodds.com/events/ufc-322-3830,40455,Michael Morales,Sean Brady,/fighters/michael-morales-12495,/fighters/sean-brady-8521,"('michael morales', 'sean brady')"
ufc-322-3830,UFC 322,2025-11-16,https://www.bestfightodds.com/events/ufc-322-3830,39634,Carlos Prates,Leon Edwards,/fighters/carlos-prates-14705,/fighters/leon-edwards-4608,"('carlos prates', 'leon edwards')"
ufc-322-3830,UFC 322,2025-11-16,https://www.bestfightodds.com/events/ufc-322-3830,40457,Beneil Dariush,Benoit Saint-Denis,/fighters/beneil-dariush-4633,/fighters/benoit-saint-denis-10992,"('beneil dariush', 'benoit saint denis')"
ufc-322-3830,UFC 322,2025-11-16,https://www.bestfightodds.com/events/ufc-322-3830,40456,Bo Nickal,Rodolfo Vieira,/fighters/bo-nickal-14211,/fighters/rodolfo-vieira-9318,"('bo nickal', 'rodolfo vieira')"
ufc-322-3830,UFC 322,2025-11-16,https://www.bestfightodds.com/events/ufc-322-3830,40458,Gregory Rodrigues,Roman Kopylov,/fighters/gregory-rodrigues-6917,/fighters/roman-kopylov-7343,"('gregory rodrigues', 'roman kopylov')"
ufc-322-3830,UFC 322,2025-11-16,https://www.bestfightodds.com/events/ufc-322-3830,40453,Erin Blanchfield,Tracy Cortez,/fighters/erin-blanchfield-8336,/fighters/tracy-cortez-7427,"('erin blanchfield', 'tracy cortez')"
ufc-322-3830,UFC 322,2025-11-16,https://www.bestfightodds.com/events/ufc-322-3830,40691,Ethyn Ewing,Malcolm Wellmaker,/fighters/ethyn-ewing-10427,/fighters/malcolm-wellmaker-18273,"('ethyn ewing', 'malcolm wellmaker')"
ufc-322-3830,UFC 322,2025-11-16,https://www.bestfightodds.com/events/ufc-322-3830,40459,Gerald Meerschaert,Kyle Daukaus,/fighters/gerald-meerschaert-3628,/fighters/kyle-daukaus-8840,"('gerald meerschaert', 'kyle daukaus')"
ufc-322-3830,UFC 322,2025-11-16,https://www.bestfightodds.com/events/ufc-322-3830,40460,Chepe Mariscal,Pat Sabbatini,/fighters/chepe-mariscal-16150,/fighters/pat-sabbatini-20279,"('chepe mariscal', 'pat sabbatini')"
ufc-322-3830,UFC 322,2025-11-16,https://www.bestfightodds.com/events/ufc-322-3830,40454,Angela Hill,Fatima Kline,/fighters/angela-hill-5348,/fighters/fatima-kline-11138,"('angela hill', 'fatima kline')"
ufc-qatar-3941,UFC Qatar,2025-11-22,https://www.bestfightodds.com/events/ufc-qatar-3941,40087,Arman Tsarukyan,Dan Hooker,/fighters/arman-tsarukyan-9034,/fighters/dan-hooker-6767,"('arman tsarukyan', 'dan hooker')"
ufc-qatar-3941,UFC Qatar,2025-11-22,https://www.bestfightodds.com/events/ufc-qatar-3941,40088,Belal Muhammad,Ian Machado Garry,/fighters/belal-muhammad-3777,/fighters/ian-machado-garry-15690,"('belal muhammad', 'ian machado garry')"
ufc-qatar-3941,UFC Qatar,2025-11-22,https://www.bestfightodds.com/events/ufc-qatar-3941,40607,Alonzo Menifield,Volkan Oezdemir,/fighters/alonzo-menifield-5961,/fighters/volkan-oezdemir-4473,"('alonzo menifield', 'volkan oezdemir')"
ufc-qatar-3941,UFC Qatar,2025-11-22,https://www.bestfightodds.com/events/ufc-qatar-3941,40608,Jack Hermansson,Myktybek Orolbai,/fighters/jack-hermansson-2474,/fighters/myktybek-orolbai-16276,"('jack hermansson', 'myktybek orolbai')"
ufc-qatar-3941,UFC Qatar,2025-11-22,https://www.bestfightodds.com/events/ufc-qatar-3941,40797,Shamil Gaziev,Waldo Cortes-Acosta,/fighters/shamil-gaziev-12522,/fighters/waldo-cortes-acosta-12830,"('shamil gaziev', 'waldo cortes acosta')"
ufc-qatar-3941,UFC Qatar,2025-11-22,https://www.bestfightodds.com/events/ufc-qatar-3941,40610,Kyoji Horiguchi,Tagir Ulanbekov,/fighters/kyoji-horiguchi-4642,/fighters/tagir-ulanbekov-7598,"('kyoji horiguchi', 'tagir ulanbekov')"
ufc-qatar-3941,UFC Qatar,2025-11-22,https://www.bestfightodds.com/events/ufc-qatar-3941,40613,Bogdan Grad,Luke Riley,/fighters/bogdan-grad-16302,/fighters/luke-riley-12585,"('bogdan grad', 'luke riley')"
ufc-qatar-3941,UFC Qatar,2025-11-22,https://www.bestfightodds.com/events/ufc-qatar-3941,40611,Nicolas Dalby,Saygid Izagakhmaev,/fighters/nicolas-dalby-3878,/fighters/saygid-izagakhmaev-8267,"('nicolas dalby', 'saygid izagakhmaev')"
ufc-qatar-3941,UFC Qatar,2025-11-22,https://www.bestfightodds.com/events/ufc-qatar-3941,40609,Alex Perez,Asu Almabayev,/fighters/alex-perez-2459,/fighters/asu-almabayev-16167,"('alex perez', 'asu almabayev')"
ufc-qatar-3941,UFC Qatar,2025-11-22,https://www.bestfightodds.com/events/ufc-qatar-3941,40614,Abdulrakhman Yakhyaev,Rafael Cerqueira,/fighters/abdulrakhman-yakhyaev-17988,/fighters/rafael-cerqueira-20388,"('abdulrakhman yakhyaev', 'rafael cerqueira')"
ufc-qatar-3941,UFC Qatar,2025-11-22,https://www.bestfightodds.com/events/ufc-qatar-3941,40617,Nurullo Aliev,Shem Rock,/fighters/nurullo-aliev-11078,/fighters/shem-rock-15665,"('nurullo aliev', 'shem rock')"
ufc-qatar-3941,UFC Qatar,2025-11-22,https://www.bestfightodds.com/events/ufc-qatar-3941,40615,Aleksandre Topuria,Bekzat Almakhan,/fighters/aleksandre-topuria-19097,/fighters/bekzat-almakhan-15004,"('aleksandre topuria', 'bekzat almakhan')"
ufc-qatar-3941,UFC Qatar,2025-11-22,https://www.bestfightodds.com/events/ufc-qatar-3941,40616,Ismail Naurdiev,Ryan Loder,/fighters/ismail-naurdiev-7558,/fighters/ryan-loder-15079,"('ismail naurdiev', 'ryan loder')"
ufc-qatar-3941,UFC Qatar,2025-11-22,https://www.bestfightodds.com/events/ufc-qatar-3941,40700,Denzel Freeman,Marek Bujlo,/fighters/denzel-freeman-10519,/fighters/marek-bujlo-20428,"('denzel freeman', 'marek bujlo')"
ufc-323-3951,UFC 323,2025-12-06,https://www.bestfightodds.com/events/ufc-323-3951,40844,Antonio Trocoli,Mansur Abdul-Malik,/fighters/antonio-trocoli-6081,/fighters/mansur-abdul-malik-12720,"('antonio trocoli', 'mansur abdul malik')"
ufc-323-3951,UFC 323,2025-12-06,https://www.bestfightodds.com/events/ufc-323-3951,40729,Mairon Santos,Muhammad Naimov,/fighters/mairon-santos-13140,/fighters/muhammad-naimov-10630,"('mairon santos', 'muhammad naimov')"
ufc-3895,UFC,2025-12-07,https://www.bestfightodds.com/events/ufc-3895,40211,Merab Dvalishvili,Petr Yan,/fighters/merab-dvalishvili-6415,/fighters/petr-yan-7578,"('merab dvalishvili', 'petr yan')"
ufc-3895,UFC,2025-12-07,https://www.bestfightodds.com/events/ufc-3895,39266,Alexandre Pantoja,Joshua van,/fighters/alexandre-pantoja-5118,/fighters/joshua-van-14745,"('alexandre pantoja', 'joshua van')"
ufc-3895,UFC,2025-12-07,https://www.bestfightodds.com/events/ufc-3895,40723,Brandon Moreno,Tatsuro Taira,/fighters/brandon-moreno-6681,/fighters/tatsuro-taira-13311,"('brandon moreno', 'tatsuro taira')"
ufc-3895,UFC,2025-12-07,https://www.bestfightodds.com/events/ufc-3895,40721,Henry Cejudo,Payton Talbott,/fighters/henry-cejudo-4438,/fighters/payton-talbott-15422,"('henry cejudo', 'payton talbott')"
ufc-3895,UFC,2025-12-07,https://www.bestfightodds.com/events/ufc-3895,40720,Bogdan Guskov,Jan Blachowicz,/fighters/bogdan-guskov-16384,/fighters/jan-blachowicz-2371,"('bogdan guskov', 'jan blachowicz')"
ufc-3895,UFC,2025-12-07,https://www.bestfightodds.com/events/ufc-3895,40722,Grant Dawson,Manuel Torres,/fighters/grant-dawson-5841,/fighters/manuel-torres-11468,"('grant dawson', 'manuel torres')"
ufc-3895,UFC,2025-12-07,https://www.bestfightodds.com/events/ufc-3895,40724,Chris Duncan,Terrance McKinney,/fighters/chris-duncan-8861,/fighters/terrance-mckinney-9286,"('chris duncan', 'terrance mckinney')"
ufc-3895,UFC,2025-12-07,https://www.bestfightodds.com/events/ufc-3895,40725,Karine Silva,Maycee Barber,/fighters/karine-silva-7814,/fighters/maycee-barber-7240,"('karine silva', 'maycee barber')"
ufc-3895,UFC,2025-12-07,https://www.bestfightodds.com/events/ufc-3895,40726,Fares Ziam,Nazim Sadykhov,/fighters/fares-ziam-9451,/fighters/nazim-sadykhov-9868,"('fares ziam', 'nazim sadykhov')"
ufc-3895,UFC,2025-12-07,https://www.bestfightodds.com/events/ufc-3895,40796,Brunno Ferreira,Marvin Vettori,/fighters/brunno-ferreira-14404,/fighters/marvin-vettori-6541,"('brunno ferreira', 'marvin vettori')"
ufc-3895,UFC,2025-12-07,https://www.bestfightodds.com/events/ufc-3895,40727,Edson Barboza,Jalin Turner,/fighters/edson-barboza-2099,/fighters/jalin-turner-6854,"('edson barboza', 'jalin turner')"
ufc-3895,UFC,2025-12-07,https://www.bestfightodds.com/events/ufc-3895,40728,Ibo Aslan,Iwo Baraniewski,/fighters/ibo-aslan-16319,/fighters/iwo-baraniewski-19868,"('ibo aslan', 'iwo baraniewski')"
ufc-bjj-4-3989,UFC BJJ 4,2025-12-12,https://www.bestfightodds.com/events/ufc-bjj-4-3989,41078,Andrew Tackett,Elijah Dorsey,/fighters/andrew-tackett-20657,/fighters/elijah-dorsey-20658,"('andrew tackett', 'elijah dorsey')"
ufc-bjj-4-3989,UFC BJJ 4,2025-12-12,https://www.bestfightodds.com/events/ufc-bjj-4-3989,41079,Ronaldo Junior,William Tackett,/fighters/ronaldo-junior-20659,/fighters/william-tackett-14449,"('ronaldo jr', 'william tackett')"
ufc-bjj-4-3989,UFC BJJ 4,2025-12-12,https://www.bestfightodds.com/events/ufc-bjj-4-3989,41080,Aurelie Le Vern,Raquel Canuto,/fighters/aurelie-le-vern-20660,/fighters/raquel-canuto-10233,"('aurelie le vern', 'raquel canuto')"
ufc-bjj-4-3989,UFC BJJ 4,2025-12-12,https://www.bestfightodds.com/events/ufc-bjj-4-3989,41081,Amanda Alequin,Mayssa Bastos,/fighters/amanda-alequin-16151,/fighters/mayssa-bastos-14423,"('amanda alequin', 'mayssa bastos')"
ufc-bjj-4-3989,UFC BJJ 4,2025-12-12,https://www.bestfightodds.com/events/ufc-bjj-4-3989,41082,Alan Sanchez,Renato Canuto,/fighters/alan-sanchez-20661,/fighters/renato-canuto-12835,"('alan sanchez', 'renato canuto')"
ufc-bjj-4-3989,UFC BJJ 4,2025-12-12,https://www.bestfightodds.com/events/ufc-bjj-4-3989,41083,Dorian Olivarez,Samuel Nagai,/fighters/dorian-olivarez-20662,/fighters/samuel-nagai-20006,"('dorian olivarez', 'samuel nagai')"
ufc-bjj-4-3989,UFC BJJ 4,2025-12-12,https://www.bestfightodds.com/events/ufc-bjj-4-3989,41084,Andy Varela,Robby Malof,/fighters/andy-varela-13037,/fighters/robby-malof-20663,"('andy varela', 'robby malof')"
ufc-bjj-4-3989,UFC BJJ 4,2025-12-12,https://www.bestfightodds.com/events/ufc-bjj-4-3989,41085,Bella Mir,Rana Willink,/fighters/bella-mir-20577,/fighters/rana-willink-20664,"('bella mir', 'rana willink')"
ufc-bjj-4-3989,UFC BJJ 4,2025-12-12,https://www.bestfightodds.com/events/ufc-bjj-4-3989,41086,Landon Elmore,Nate Hernandez,/fighters/landon-elmore-20665,/fighters/nate-hernandez-20666,"('landon elmore', 'nate hernandez')"
ufc-bjj-4-3989,UFC BJJ 4,2025-12-12,https://www.bestfightodds.com/events/ufc-bjj-4-3989,41087,Jussier Formiga,Lucas Pinheiro,/fighters/jussier-formiga-4673,/fighters/lucas-pinheiro-20667,"('jussier formiga', 'lucas pinheiro')"
ufc-vegas-112-3987,UFC Vegas 112,2025-12-14,https://www.bestfightodds.com/events/ufc-vegas-112-3987,41045,Brandon Royval,Manel Kape,/fighters/brandon-royval-7031,/fighters/manel-kape-7510,"('brandon royval', 'manel kape')"
ufc-vegas-112-3987,UFC Vegas 112,2025-12-14,https://www.bestfightodds.com/events/ufc-vegas-112-3987,41046,Giga Chikadze,Kevin Vallejos,/fighters/giga-chikadze-6073,/fighters/kevin-vallejos-16459,"('giga chikadze', 'kevin vallejos')"
ufc-vegas-112-3987,UFC Vegas 112,2025-12-14,https://www.bestfightodds.com/events/ufc-vegas-112-3987,41047,Cesar Almeida,Cezary Oleksiejczuk,/fighters/cesar-almeida-16304,/fighters/cezary-oleksiejczuk-10669,"('cesar almeida', 'cezary oleksiejczuk')"
ufc-vegas-112-3987,UFC Vegas 112,2025-12-14,https://www.bestfightodds.com/events/ufc-vegas-112-3987,41048,Melquizael Costa,Morgan Charriere,/fighters/melquizael-costa-13774,/fighters/morgan-charriere-8980,"('melquizael costa', 'morgan charriere')"
ufc-vegas-112-3987,UFC Vegas 112,2025-12-14,https://www.bestfightodds.com/events/ufc-vegas-112-3987,41053,Kennedy Nzechukwu,Marcus Buchecha,/fighters/kennedy-nzechukwu-7454,/fighters/marcus-buchecha-14323,"('kennedy nzechukwu', 'marcus buchecha')"
ufc-vegas-112-3987,UFC Vegas 112,2025-12-14,https://www.bestfightodds.com/events/ufc-vegas-112-3987,41098,Bobby Green,Lance Gibson Jr,/fighters/bobby-green-1060,/fighters/lance-gibson-jr-13685,"('bobby green', 'lance gibson jr')"
ufc-vegas-112-3987,UFC Vegas 112,2025-12-14,https://www.bestfightodds.com/events/ufc-vegas-112-3987,41054,Amanda Lemos,Gillian Robertson,/fighters/amanda-lemos-7335,/fighters/gillian-robertson-7784,"('amanda lemos', 'gillian robertson')"
ufc-vegas-112-3987,UFC Vegas 112,2025-12-14,https://www.bestfightodds.com/events/ufc-vegas-112-3987,41056,Neil Magny,Yaroslav Amosov,/fighters/neil-magny-3807,/fighters/yaroslav-amosov-8304,"('neil magny', 'yaroslav amosov')"
ufc-vegas-112-3987,UFC Vegas 112,2025-12-14,https://www.bestfightodds.com/events/ufc-vegas-112-3987,41099,Isaac Thomson,Joanderson Brito,/fighters/isaac-thomson-12930,/fighters/joanderson-brito-9135,"('isaac thomson', 'joanderson brito')"
ufc-vegas-112-3987,UFC Vegas 112,2025-12-14,https://www.bestfightodds.com/events/ufc-vegas-112-3987,41052,Sean Sharaf,Steven Asplund,/fighters/sean-sharaf-18607,/fighters/steven-asplund-17029,"('sean sharaf', 'steven asplund')"
ufc-vegas-112-3987,UFC Vegas 112,2025-12-14,https://www.bestfightodds.com/events/ufc-vegas-112-3987,41049,Luana Santos,Melissa Croden,/fighters/luana-santos-14049,/fighters/melissa-croden-10633,"('luana santos', 'melissa croden')"
ufc-vegas-112-3987,UFC Vegas 112,2025-12-14,https://www.bestfightodds.com/events/ufc-vegas-112-3987,41050,Allen Frye,Guilherme Pat,/fighters/allen-frye-20651,/fighters/guilherme-pat-18297,"('allen frye', 'guilherme pat')"
ufc-vegas-112-3987,UFC Vegas 112,2025-12-14,https://www.bestfightodds.com/events/ufc-vegas-112-3987,41051,Jamey-Lyn Horth,Tereza Bleda,/fighters/jamey-lyn-horth-15531,/fighters/tereza-bleda-10088,"('jamey lyn horth', 'tereza bleda')"
ufc-3525,UFC,2026-01-01,https://www.bestfightodds.com/events/ufc-3525,37961,Jon Jones,Tom Aspinall,/fighters/jon-jones-819,/fighters/tom-aspinall-8930,"('jon jones', 'tom aspinall')"
ufc-324-3973,UFC 324,2026-01-24,https://www.bestfightodds.com/events/ufc-324-3973,41210,Denzel Freeman,Josh Hokit,/fighters/denzel-freeman-10519,/fighters/josh-hokit-16591,"('denzel freeman', 'josh hokit')"
ufc-324-3973,UFC 324,2026-01-24,https://www.bestfightodds.com/events/ufc-324-3973,41200,Alexander Hernandez,Michael Johnson,/fighters/alexander-hernandez-7977,/fighters/michael-johnson-2219,"('alexander hernandez', 'michael johnson')"
ufc-324-3973,UFC 324,2026-01-24,https://www.bestfightodds.com/events/ufc-324-3973,41238,Adam Fugitt,Ty Miller,/fighters/adam-fugitt-8646,/fighters/ty-miller-13657,"('adam fugitt', 'ty miller')"
ufc-3970,UFC,2026-01-25,https://www.bestfightodds.com/events/ufc-3970,40897,Justin Gaethje,Paddy Pimblett,/fighters/justin-gaethje-3964,/fighters/paddy-pimblett-4242,"('justin gaethje', 'paddy pimblett')"
ufc-3970,UFC,2026-01-25,https://www.bestfightodds.com/events/ufc-3970,40909,Sean Omalley,Song Yadong,/fighters/sean-omalley-11666,/fighters/song-yadong-9482,"('sean omalley', 'song yadong')"
ufc-3970,UFC,2026-01-25,https://www.bestfightodds.com/events/ufc-3970,40911,Derrick Lewis,Waldo Cortes-Acosta,/fighters/derrick-lewis-2610,/fighters/waldo-cortes-acosta-12830,"('derrick lewis', 'waldo cortes acosta')"
ufc-3970,UFC,2026-01-25,https://www.bestfightodds.com/events/ufc-3970,41149,Natalia Silva,Rose Namajunas,/fighters/natalia-silva-10547,/fighters/rose-namajunas-3803,"('natalia silva', 'rose namajunas')"
ufc-3970,UFC,2026-01-25,https://www.bestfightodds.com/events/ufc-3970,40910,Arnold Allen,Jean Silva,/fighters/arnold-allen-4218,/fighters/jean-silva-554,"('arnold allen', 'jean silva')"
ufc-3970,UFC,2026-01-25,https://www.bestfightodds.com/events/ufc-3970,41202,Deiveson Figueiredo,Umar Nurmagomedov,/fighters/deiveson-figueiredo-7514,/fighters/umar-nurmagomedov-9365,"('deiveson figueiredo', 'umar nurmagomedov')"
ufc-3970,UFC,2026-01-25,https://www.bestfightodds.com/events/ufc-3970,41203,Andrey Pulyaev,Ateba Gautier,/fighters/andrey-pulyaev-18270,/fighters/ateba-gautier-18421,"('andrey pulyaev', 'ateba gautier')"
ufc-3970,UFC,2026-01-25,https://www.bestfightodds.com/events/ufc-3970,41201,Modestas Bukauskas,Nikita Krylov,/fighters/modestas-bukauskas-7865,/fighters/nikita-krylov-4188,"('modestas bukauskas', 'nikita krylov')"
ufc-3970,UFC,2026-01-25,https://www.bestfightodds.com/events/ufc-3970,41204,Alex Perez,Charles Johson,/fighters/alex-perez-2459,/fighters/charles-johson-20740,"('alex perez', 'charles johson')"
ufc-3970,UFC,2026-01-25,https://www.bestfightodds.com/events/ufc-3970,38990,Amanda Nunes,Kayla Harrison,/fighters/amanda-nunes-2225,/fighters/kayla-harrison-8276,"('amanda nunes', 'kayla harrison')"
ufc-3971,UFC,2026-02-01,https://www.bestfightodds.com/events/ufc-3971,40898,Alexander Volkanovski,Diego Lopes,/fighters/alexander-volkanovski-9523,/fighters/diego-lopes-12328,"('alexander volkanovski', 'diego lopes')"
ufc-3971,UFC,2026-02-01,https://www.bestfightodds.com/events/ufc-3971,41147,Benoit Saint Denis,Dan Hooker,/fighters/benoit-saint-denis-20718,/fighters/dan-hooker-6767,"('benoit saint denis', 'dan hooker')"
ufc-3971,UFC,2026-02-01,https://www.bestfightodds.com/events/ufc-3971,41191,Mauricio Ruffy,Rafael Fiziev,/fighters/mauricio-ruffy-16595,/fighters/rafael-fiziev-8258,"('mauricio ruffy', 'rafael fiziev')"
ufc-3971,UFC,2026-02-01,https://www.bestfightodds.com/events/ufc-3971,41197,Tai Tuivasa,Tallison Teixeira,/fighters/tai-tuivasa-7444,/fighters/tallison-teixeira-18424,"('tai tuivasa', 'tallison teixeira')"
ufc-3971,UFC,2026-02-01,https://www.bestfightodds.com/events/ufc-3971,41454,Jamie Mullarkey,Quillan Salkilld,/fighters/jamie-mullarkey-9518,/fighters/quillan-salkilld-16405,"('jamie mullarkey', 'quillan salkilld')"
ufc-3971,UFC,2026-02-01,https://www.bestfightodds.com/events/ufc-3971,41198,Billy Elekana,Junior Tafa,/fighters/billy-elekana-12954,/fighters/junior-tafa-14832,"('billy elekana', 'jr tafa')"
ufc-3971,UFC,2026-02-01,https://www.bestfightodds.com/events/ufc-3971,41192,Cam Rowston,Cody Brundage,/fighters/cam-rowston-16458,/fighters/cody-brundage-10168,"('cam rowston', 'cody brundage')"
ufc-3971,UFC,2026-02-01,https://www.bestfightodds.com/events/ufc-3971,41199,Jacob Malkoun,Torrez Finney,/fighters/jacob-malkoun-10348,/fighters/torrez-finney-16619,"('jacob malkoun', 'torrez finney')"
ufc-3971,UFC,2026-02-01,https://www.bestfightodds.com/events/ufc-3971,41193,Jonathan Micallef,Oban Elliott,/fighters/jonathan-micallef-18608,/fighters/oban-elliott-9107,"('jonathan micallef', 'oban elliott')"
ufc-3971,UFC,2026-02-01,https://www.bestfightodds.com/events/ufc-3971,41196,Kaan Ofli,Yizha,/fighters/kaan-ofli-18252,/fighters/yizha-17111,"('kaan ofli', 'yizha')"
ufc-3971,UFC,2026-02-01,https://www.bestfightodds.com/events/ufc-3971,41455,Dom Mar Fan,Kim Sang Wook,/fighters/dom-mar-fan-19458,/fighters/kim-sang-wook-20916,"('dom mar fan', 'kim sang wook')"
ufc-3971,UFC,2026-02-01,https://www.bestfightodds.com/events/ufc-3971,41456,Keiichiro Nakamura,Sebastian Szalay,/fighters/keiichiro-nakamura-19441,/fighters/sebastian-szalay-19442,"('keiichiro nakamura', 'sebastian szalay')"
ufc-3971,UFC,2026-02-01,https://www.bestfightodds.com/events/ufc-3971,41457,Lawrence Lui,Sulangrangbo,/fighters/lawrence-lui-19456,/fighters/sulangrangbo-19454,"('lawrence lui', 'sulangrangbo')"
ufc-fight-night-4026,UFC Fight Night,2026-02-07,https://www.bestfightodds.com/events/ufc-fight-night-4026,41610,Gianni Vazquez,Javid Basharat,/fighters/gianni-vazquez-13385,/fighters/javid-basharat-10973,"('gianni vazquez', 'javid basharat')"
ufc-fight-night-4026,UFC Fight Night,2026-02-07,https://www.bestfightodds.com/events/ufc-fight-night-4026,41470,Eduarda Moura,Wang Cong,/fighters/eduarda-moura-16318,/fighters/wang-cong-18152,"('eduarda moura', 'wang cong')"
ufc-fight-night-4026,UFC Fight Night,2026-02-07,https://www.bestfightodds.com/events/ufc-fight-night-4026,41467,Jakub Wiklacz,Muin Gafurov,/fighters/jakub-wiklacz-8485,/fighters/muin-gafurov-5832,"('jakub wiklacz', 'muin gafurov')"
ufc-fight-night-4026,UFC Fight Night,2026-02-07,https://www.bestfightodds.com/events/ufc-fight-night-4026,41466,Klaudia Sygula,Priscila Cachoeira,/fighters/klaudia-sygula-11261,/fighters/priscila-cachoeira-7754,"('klaudia sygula', 'priscila cachoeira')"
ufc-vegas-113-4033,UFC Vegas 113,2026-02-08,https://www.bestfightodds.com/events/ufc-vegas-113-4033,41459,Mario Bautista,Vinicius Oliveira,/fighters/mario-bautista-8867,/fighters/vinicius-oliveira-16540,"('mario bautista', 'vinicius oliveira')"
ufc-vegas-113-4033,UFC Vegas 113,2026-02-08,https://www.bestfightodds.com/events/ufc-vegas-113-4033,41460,Amir Albazi,Kyoji Horiguchi,/fighters/amir-albazi-7189,/fighters/kyoji-horiguchi-4642,"('amir albazi', 'kyoji horiguchi')"
ufc-vegas-113-4033,UFC Vegas 113,2026-02-08,https://www.bestfightodds.com/events/ufc-vegas-113-4033,41463,Jailton Almeida,Rizvan Kuniev,/fighters/jailton-almeida-12427,/fighters/rizvan-kuniev-12573,"('jailton almeida', 'rizvan kuniev')"
ufc-vegas-113-4033,UFC Vegas 113,2026-02-08,https://www.bestfightodds.com/events/ufc-vegas-113-4033,41461,Marc-Andre Barriault,Michal Oleksiejczluk,/fighters/marc-andre-barriault-8960,/fighters/michal-oleksiejczluk-20917,"('marc andre barriault', 'michal oleksiejczluk')"
ufc-vegas-113-4033,UFC Vegas 113,2026-02-08,https://www.bestfightodds.com/events/ufc-vegas-113-4033,41462,Farid Basharat,Jean Matsumoto,/fighters/farid-basharat-11791,/fighters/jean-matsumoto-14110,"('farid basharat', 'jean matsumoto')"
ufc-vegas-113-4033,UFC Vegas 113,2026-02-08,https://www.bestfightodds.com/events/ufc-vegas-113-4033,41534,Dustin Jacoby,Julius Walker,/fighters/dustin-jacoby-2939,/fighters/julius-walker-19178,"('dustin jacoby', 'julius walker')"
ufc-vegas-113-4033,UFC Vegas 113,2026-02-08,https://www.bestfightodds.com/events/ufc-vegas-113-4033,41535,Alex Morono,Daniil Donchenko,/fighters/alex-morono-2727,/fighters/daniil-donchenko-19821,"('alex morono', 'daniil donchenko')"
ufc-vegas-113-4033,UFC Vegas 113,2026-02-08,https://www.bestfightodds.com/events/ufc-vegas-113-4033,41537,Niko Price,Nikolay Veretennikov,/fighters/niko-price-6895,/fighters/nikolay-veretennikov-7722,"('niko price', 'nikolay veretennikov')"
ufc-vegas-113-4033,UFC Vegas 113,2026-02-08,https://www.bestfightodds.com/events/ufc-vegas-113-4033,41465,Bruna Brasil,Ketlen Souza,/fighters/bruna-brasil-13778,/fighters/ketlen-souza-13460,"('bruna brasil', 'ketlen souza')"
ufc-bjj5-4050,UFC BJJ5,2026-02-13,https://www.bestfightodds.com/events/ufc-bjj5-4050,41685,Mikey Musumeci,Shay Montague,/fighters/mikey-musumeci-11707,/fighters/shay-montague-21039,"('mikey musumeci', 'shay montague')"
ufc-bjj5-4050,UFC BJJ5,2026-02-13,https://www.bestfightodds.com/events/ufc-bjj5-4050,41686,Ronaldo Junior,Tarik Hopstock,/fighters/ronaldo-junior-20659,/fighters/tarik-hopstock-12647,"('ronaldo jr', 'tarik hopstock')"
ufc-bjj5-4050,UFC BJJ5,2026-02-13,https://www.bestfightodds.com/events/ufc-bjj5-4050,41687,Andy Murasaki,Andy Varela,/fighters/andy-murasaki-20010,/fighters/andy-varela-13037,"('andy murasaki', 'andy varela')"
ufc-bjj5-4050,UFC BJJ5,2026-02-13,https://www.bestfightodds.com/events/ufc-bjj5-4050,41688,Landon Elmore,Rerisson Gabriel,/fighters/landon-elmore-20665,/fighters/rerisson-gabriel-21040,"('landon elmore', 'rerisson gabriel')"
ufc-bjj5-4050,UFC BJJ5,2026-02-13,https://www.bestfightodds.com/events/ufc-bjj5-4050,41689,Rebeca Lima,Taylor Hishaw,/fighters/rebeca-lima-21041,/fighters/taylor-hishaw-21042,"('rebeca lima', 'taylor hishaw')"
ufc-bjj5-4050,UFC BJJ5,2026-02-13,https://www.bestfightodds.com/events/ufc-bjj5-4050,41690,Carol Brunacio,Mona Bailey,/fighters/carol-brunacio-21043,/fighters/mona-bailey-21044,"('carol brunacio', 'mona bailey')"
ufc-bjj5-4050,UFC BJJ5,2026-02-13,https://www.bestfightodds.com/events/ufc-bjj5-4050,41691,Carlos Oliveira,Jalen Fonacier,/fighters/carlos-oliveira-21045,/fighters/jalen-fonacier-21046,"('carlos oliveira', 'jalen fonacier')"
ufc-bjj5-4050,UFC BJJ5,2026-02-13,https://www.bestfightodds.com/events/ufc-bjj5-4050,41692,Jonnatas Gracie,Lucas Yan,/fighters/jonnatas-gracie-12833,/fighters/lucas-yan-21047,"('jonnatas gracie', 'lucas yan')"
ufc-bjj5-4050,UFC BJJ5,2026-02-13,https://www.bestfightodds.com/events/ufc-bjj5-4050,41693,Nicholas Maglicic,Nicholas Meregali,/fighters/nicholas-maglicic-21048,/fighters/nicholas-meregali-14474,"('nicholas maglicic', 'nicholas meregali')"
ufc-houston-4044,UFC Houston,2026-02-21,https://www.bestfightodds.com/events/ufc-houston-4044,41627,Joselyne Edwards,Nora Cornolle,/fighters/joselyne-edwards-8664,/fighters/nora-cornolle-14385,"('joselyne edwards', 'nora cornolle')"
ufc-houston-4044,UFC Houston,2026-02-21,https://www.bestfightodds.com/events/ufc-houston-4044,41628,Punahele Soriano,Ramiz Brahimaj,/fighters/punahele-soriano-7386,/fighters/ramiz-brahimaj-7724,"('punahele soriano', 'ramiz brahimaj')"
ufc-houston-4044,UFC Houston,2026-02-21,https://www.bestfightodds.com/events/ufc-houston-4044,41653,Jean-Paul Lebosnoyani,Phil Rowe,/fighters/jean-paul-lebosnoyani-14163,/fighters/phil-rowe-9898,"('jean paul lebosnoyani', 'phil rowe')"
ufc-houston-4044,UFC Houston,2026-02-21,https://www.bestfightodds.com/events/ufc-houston-4044,41629,Jordan Leavitt,Yadier Del Valle,/fighters/jordan-leavitt-10210,/fighters/yadier-del-valle-20222,"('jordan leavitt', 'yadier del valle')"
ufc-houston-4044,UFC Houston,2026-02-21,https://www.bestfightodds.com/events/ufc-houston-4044,41652,Carli Judice,Juliana Miller,/fighters/carli-judice-16539,/fighters/juliana-miller-10428,"('carli judice', 'juliana miller')"
ufc-3996,UFC,2026-02-22,https://www.bestfightodds.com/events/ufc-3996,41619,Geoff Neal,Uros Medic,/fighters/geoff-neal-8453,/fighters/uros-medic-10229,"('geoff neal', 'uros medic')"
ufc-3996,UFC,2026-02-22,https://www.bestfightodds.com/events/ufc-3996,41148,Anthony Hernandez,Sean Strickland,/fighters/anthony-hernandez-6092,/fighters/sean-strickland-4733,"('anthony hernandez', 'sean strickland')"
ufc-3996,UFC,2026-02-22,https://www.bestfightodds.com/events/ufc-3996,41620,Dan Ige,Melquizael Costa,/fighters/dan-ige-6448,/fighters/melquizael-costa-13774,"('dan ige', 'melquizael costa')"
ufc-3996,UFC,2026-02-22,https://www.bestfightodds.com/events/ufc-3996,41621,Ante Delija,Serghei Spivac,/fighters/ante-delija-8016,/fighters/serghei-spivac-9985,"('ante delija', 'serghei spivac')"
ufc-3996,UFC,2026-02-22,https://www.bestfightodds.com/events/ufc-3996,41767,Jacobe Smith,Josiah Harrell,/fighters/jacobe-smith-14991,/fighters/josiah-harrell-14562,"('jacobe smith', 'josiah harrell')"
ufc-3996,UFC,2026-02-22,https://www.bestfightodds.com/events/ufc-3996,41623,Michel Pereira,Zach Reese,/fighters/michel-pereira-9071,/fighters/zach-reese-16353,"('michel pereira', 'zach reese')"
ufc-3996,UFC,2026-02-22,https://www.bestfightodds.com/events/ufc-3996,41624,Carlos Leal Miranda,Chidi Njokuani,/fighters/carlos-leal-miranda-7744,/fighters/chidi-njokuani-2452,"('carlos leal miranda', 'chidi njokuani')"
ufc-3996,UFC,2026-02-22,https://www.bestfightodds.com/events/ufc-3996,41625,Alibi Idiris,Ode Osbourne,/fighters/alibi-idiris-19717,/fighters/ode-osbourne-9282,"('alibi idiris', 'ode osbourne')"
ufc-3996,UFC,2026-02-22,https://www.bestfightodds.com/events/ufc-3996,41626,Alden Coria,Luis Gurule,/fighters/alden-coria-10859,/fighters/luis-gurule-13855,"('alden coria', 'luis gurule')"
ufc-mexico-4053,UFC Mexico,2026-02-28,https://www.bestfightodds.com/events/ufc-mexico-4053,41752,Douglas Silva de Andrade,Javier Reyes,/fighters/douglas-silva-de-andrade-6730,/fighters/javier-reyes-17630,"('douglas silva de andrade', 'javier reyes')"
ufc-mexico-4053,UFC Mexico,2026-02-28,https://www.bestfightodds.com/events/ufc-mexico-4053,41892,Ernesta Kareckaite,Regina Tarin,/fighters/ernesta-kareckaite-15113,/fighters/regina-tarin-21156,"('ernesta kareckaite', 'regina tarin')"
ufc-mexico-4053,UFC Mexico,2026-02-28,https://www.bestfightodds.com/events/ufc-mexico-4053,41754,Erik Silva,Francis Marshall,/fighters/erik-silva-14213,/fighters/francis-marshall-14185,"('erik silva', 'francis marshall')"
ufc-mexico-4053,UFC Mexico,2026-02-28,https://www.bestfightodds.com/events/ufc-mexico-4053,41755,Damian Pinas,Wes Schultz,/fighters/damian-pinas-19989,/fighters/wes-schultz-14304,"('damian pinas', 'wes schultz')"
ufc-mexico-4052,UFC Mexico,2026-03-01,https://www.bestfightodds.com/events/ufc-mexico-4052,41708,Brandon Moreno,Loneer Kavanagh,/fighters/brandon-moreno-6681,/fighters/loneer-kavanagh-14134,"('brandon moreno', 'loneer kavanagh')"
ufc-mexico-4052,UFC Mexico,2026-03-01,https://www.bestfightodds.com/events/ufc-mexico-4052,41709,David Martinez,Marlon Vera,/fighters/david-martinez-16826,/fighters/marlon-vera-5317,"('david martinez', 'marlon vera')"
ufc-mexico-4052,UFC Mexico,2026-03-01,https://www.bestfightodds.com/events/ufc-mexico-4052,41750,Daniel Zellhuber,King Green,/fighters/daniel-zellhuber-9200,/fighters/king-green-19196,"('daniel zellhuber', 'king green')"
ufc-mexico-4052,UFC Mexico,2026-03-01,https://www.bestfightodds.com/events/ufc-mexico-4052,41710,Bobby Green,Daniel Zellhuber,/fighters/bobby-green-1060,/fighters/daniel-zellhuber-9200,"('bobby green', 'daniel zellhuber')"
ufc-mexico-4052,UFC Mexico,2026-03-01,https://www.bestfightodds.com/events/ufc-mexico-4052,41711,Edgar Chairez,Felipe Bunes,/fighters/edgar-chairez-9509,/fighters/felipe-bunes-13242,"('edgar chairez', 'felipe bunes')"
ufc-mexico-4052,UFC Mexico,2026-03-01,https://www.bestfightodds.com/events/ufc-mexico-4052,41713,Imanol Rodriguez,Kevin Borjas,/fighters/imanol-rodriguez-18010,/fighters/kevin-borjas-9841,"('imanol rodriguez', 'kevin borjas')"
ufc-mexico-4052,UFC Mexico,2026-03-01,https://www.bestfightodds.com/events/ufc-mexico-4052,41714,Angel Pacheco,Santiago Luna,/fighters/angel-pacheco-13017,/fighters/santiago-luna-19813,"('angel pacheco', 'santiago luna')"
ufc-mexico-4052,UFC Mexico,2026-03-01,https://www.bestfightodds.com/events/ufc-mexico-4052,41715,Jose Medina,Ryan Gandra,/fighters/jose-medina-3601,/fighters/ryan-gandra-18813,"('jose medina', 'ryan gandra')"
ufc-mexico-4052,UFC Mexico,2026-03-01,https://www.bestfightodds.com/events/ufc-mexico-4052,41712,Ailin Perez,Macy Chiasson,/fighters/ailin-perez-13883,/fighters/macy-chiasson-8148,"('ailin perez', 'macy chiasson')"
ufc-mexico-4052,UFC Mexico,2026-03-01,https://www.bestfightodds.com/events/ufc-mexico-4052,41751,Cristian Quinonez,Kris Moutinho,/fighters/cristian-quinonez-14186,/fighters/kris-moutinho-6239,"('cristian quinonez', 'kris moutinho')"
ufc-326-4065,UFC 326,2026-03-07,https://www.bestfightodds.com/events/ufc-326-4065,41741,Jesus Aguilar,Sumudaerji Sumudaerji,/fighters/jesus-aguilar-14733,/fighters/sumudaerji-sumudaerji-8746,"('jesus aguilar', 'sumudaerji sumudaerji')"
ufc-326-4065,UFC 326,2026-03-07,https://www.bestfightodds.com/events/ufc-326-4065,41739,Diyar Nurgozhay,Rafael Tobias,/fighters/diyar-nurgozhay-11550,/fighters/rafael-tobias-16116,"('diyar nurgozhay', 'rafael tobias')"
ufc-326-4065,UFC 326,2026-03-07,https://www.bestfightodds.com/events/ufc-326-4065,41744,Luke Fernandez,Rodolfo Bellato,/fighters/luke-fernandez-15543,/fighters/rodolfo-bellato-11728,"('luke fernandez', 'rodolfo bellato')"
ufc-4025,UFC,2026-03-08,https://www.bestfightodds.com/events/ufc-4025,40210,Charles Oliveira,Max Holloway,/fighters/charles-oliveira-1893,/fighters/max-holloway-3090,"('charles oliveira', 'max holloway')"
ufc-4025,UFC,2026-03-08,https://www.bestfightodds.com/events/ufc-4025,41452,Caio Borralho,Reinier de Ridder,/fighters/caio-borralho-12570,/fighters/reinier-de-ridder-8891,"('caio borralho', 'reinier de ridder')"
ufc-4025,UFC,2026-03-08,https://www.bestfightodds.com/events/ufc-4025,41736,Raul Rosas Jr,Rob Font,/fighters/raul-rosas-jr-14405,/fighters/rob-font-4984,"('raul rosas jr', 'rob font')"
ufc-4025,UFC,2026-03-08,https://www.bestfightodds.com/events/ufc-4025,41829,Drew Dober,Michael Johnson,/fighters/drew-dober-1576,/fighters/michael-johnson-2219,"('drew dober', 'michael johnson')"
ufc-4025,UFC,2026-03-08,https://www.bestfightodds.com/events/ufc-4025,41737,Brunno Ferreira,Gregory Rodrigues,/fighters/brunno-ferreira-14404,/fighters/gregory-rodrigues-6917,"('brunno ferreira', 'gregory rodrigues')"
ufc-4025,UFC,2026-03-08,https://www.bestfightodds.com/events/ufc-4025,41738,Cody Garbrandt,Long Xiao,/fighters/cody-garbrandt-5368,/fighters/long-xiao-12717,"('cody garbrandt', 'long xiao')"
ufc-4025,UFC,2026-03-08,https://www.bestfightodds.com/events/ufc-4025,41830,Cody Brundage,Donte Johnson,/fighters/cody-brundage-10168,/fighters/donte-johnson-19752,"('cody brundage', 'donte johnson')"
ufc-4025,UFC,2026-03-08,https://www.bestfightodds.com/events/ufc-4025,41831,Alberto Montes,Ricky Turcios,/fighters/alberto-montes-9381,/fighters/ricky-turcios-4236,"('alberto montes', 'ricky turcios')"
ufc-4025,UFC,2026-03-08,https://www.bestfightodds.com/events/ufc-4025,41740,Cody Durden,Nyamjargal Tumendemberel,/fighters/cody-durden-10231,/fighters/nyamjargal-tumendemberel-15865,"('cody durden', 'nyamjargal tumendemberel')"
ufc-bjj-6-4088,UFC BJJ 6,2026-03-13,https://www.bestfightodds.com/events/ufc-bjj-6-4088,42052,Mason Fowler,Pedro Machado,/fighters/mason-fowler-14457,/fighters/pedro-machado-21224,"('mason fowler', 'pedro machado')"
ufc-bjj-6-4088,UFC BJJ 6,2026-03-13,https://www.bestfightodds.com/events/ufc-bjj-6-4088,42053,Cassia Moura,Ffion Davies,/fighters/cassia-moura-20008,/fighters/ffion-davies-14421,"('cassia moura', 'ffion davies')"
ufc-bjj-6-4088,UFC BJJ 6,2026-03-13,https://www.bestfightodds.com/events/ufc-bjj-6-4088,42054,Elder Cruz,Nick Rodriguez,/fighters/elder-cruz-14464,/fighters/nick-rodriguez-13065,"('elder cruz', 'nick rodriguez')"
ufc-bjj-6-4088,UFC BJJ 6,2026-03-13,https://www.bestfightodds.com/events/ufc-bjj-6-4088,42055,Marcos Mendes,Meyram Maquine,/fighters/marcos-mendes-21225,/fighters/meyram-maquine-21226,"('marcos mendes', 'meyram maquine')"
ufc-bjj-6-4088,UFC BJJ 6,2026-03-13,https://www.bestfightodds.com/events/ufc-bjj-6-4088,42056,Ana Rodrigues,Jasmine Rocha,/fighters/ana-rodrigues-21227,/fighters/jasmine-rocha-21228,"('ana rodrigues', 'jasmine rocha')"
ufc-bjj-6-4088,UFC BJJ 6,2026-03-13,https://www.bestfightodds.com/events/ufc-bjj-6-4088,42057,Devhonte Johnson,Lucas Norat,/fighters/devhonte-johnson-14470,/fighters/lucas-norat-21229,"('devhonte johnson', 'lucas norat')"
ufc-bjj-6-4088,UFC BJJ 6,2026-03-13,https://www.bestfightodds.com/events/ufc-bjj-6-4088,42058,Joao Miyao,Jussier Formiga,/fighters/joao-miyao-21230,/fighters/jussier-formiga-4673,"('joao miyao', 'jussier formiga')"
ufc-bjj-6-4088,UFC BJJ 6,2026-03-13,https://www.bestfightodds.com/events/ufc-bjj-6-4088,42059,Caio Vinicius Santos,Manuel Ribimar,/fighters/caio-vinicius-santos-21231,/fighters/manuel-ribimar-21232,"('caio vinicius santos', 'manuel ribimar')"
ufc-vegas-114-4080,UFC Vegas 114,2026-03-14,https://www.bestfightodds.com/events/ufc-vegas-114-4080,41971,Josh Emmett,Kevin Vallejos,/fighters/josh-emmett-6405,/fighters/kevin-vallejos-16459,"('josh emmett', 'kevin vallejos')"
ufc-vegas-114-4080,UFC Vegas 114,2026-03-14,https://www.bestfightodds.com/events/ufc-vegas-114-4080,41972,Amanda Lemos,Gillian Robertson,/fighters/amanda-lemos-7335,/fighters/gillian-robertson-7784,"('amanda lemos', 'gillian robertson')"
ufc-vegas-114-4080,UFC Vegas 114,2026-03-14,https://www.bestfightodds.com/events/ufc-vegas-114-4080,41974,Andre Fili,Jose Delgado,/fighters/andre-fili-4466,/fighters/jose-delgado-18000,"('andre fili', 'jose delgado')"
ufc-vegas-114-4080,UFC Vegas 114,2026-03-14,https://www.bestfightodds.com/events/ufc-vegas-114-4080,41975,Harry Hardwick,Marwan Rahiki,/fighters/harry-hardwick-9616,/fighters/marwan-rahiki-20124,"('harry hardwick', 'marwan rahiki')"
ufc-vegas-114-4080,UFC Vegas 114,2026-03-14,https://www.bestfightodds.com/events/ufc-vegas-114-4080,41973,Ion Cutelaba,Oumar Sy,/fighters/ion-cutelaba-4315,/fighters/oumar-sy-12679,"('ion cutelaba', 'oumar sy')"
ufc-vegas-114-4080,UFC Vegas 114,2026-03-14,https://www.bestfightodds.com/events/ufc-vegas-114-4080,41977,Bruno Silva,Charles Johnson,/fighters/bruno-silva-7121,/fighters/charles-johnson-7494,"('bruno silva', 'charles johnson')"
ufc-vegas-114-4080,UFC Vegas 114,2026-03-14,https://www.bestfightodds.com/events/ufc-vegas-114-4080,41979,Chris Curtis,Myktybek Orolbai,/fighters/chris-curtis-6020,/fighters/myktybek-orolbai-16276,"('chris curtis', 'myktybek orolbai')"
ufc-vegas-114-4080,UFC Vegas 114,2026-03-14,https://www.bestfightodds.com/events/ufc-vegas-114-4080,41976,Steven Asplund,Vitor Petrino,/fighters/steven-asplund-17029,/fighters/vitor-petrino-14346,"('steven asplund', 'vitor petrino')"
ufc-vegas-114-4080,UFC Vegas 114,2026-03-14,https://www.bestfightodds.com/events/ufc-vegas-114-4080,41983,Elijah Smith,Suyoung You,/fighters/elijah-smith-14272,/fighters/suyoung-you-19723,"('elijah smith', 'suyoung you')"
ufc-vegas-114-4080,UFC Vegas 114,2026-03-14,https://www.bestfightodds.com/events/ufc-vegas-114-4080,41980,Bolaji Oki,Manoel Sousa,/fighters/bolaji-oki-16406,/fighters/manoel-sousa-13839,"('bolaji oki', 'manoel sousa')"
ufc-vegas-114-4080,UFC Vegas 114,2026-03-14,https://www.bestfightodds.com/events/ufc-vegas-114-4080,41978,Brad Tavares,Eryk Anders,/fighters/brad-tavares-1959,/fighters/eryk-anders-6686,"('brad tavares', 'eryk anders')"
ufc-vegas-114-4080,UFC Vegas 114,2026-03-14,https://www.bestfightodds.com/events/ufc-vegas-114-4080,41982,Bia Mesquita,Montserrat Rendon,/fighters/bia-mesquita-14422,/fighters/montserrat-rendon-14504,"('bia mesquita', 'montserrat rendon')"
ufc-vegas-114-4080,UFC Vegas 114,2026-03-14,https://www.bestfightodds.com/events/ufc-vegas-114-4080,41981,Hecher Sosa,Luan Lacerda,/fighters/hecher-sosa-16785,/fighters/luan-lacerda-15676,"('hecher sosa', 'luan lacerda')"
ufc-vegas-114-4080,UFC Vegas 114,2026-03-14,https://www.bestfightodds.com/events/ufc-vegas-114-4080,41984,Piera Rodriguez,Sam Hughes,/fighters/piera-rodriguez-11127,/fighters/sam-hughes-9863,"('piera rodriguez', 'sam hughes')"
ufc-london-4081,UFC London,2026-03-21,https://www.bestfightodds.com/events/ufc-london-4081,41536,Lerone Murphy,Movsar Evloev,/fighters/lerone-murphy-9433,/fighters/movsar-evloev-8457,"('lerone murphy', 'movsar evloev')"
ufc-london-4081,UFC London,2026-03-21,https://www.bestfightodds.com/events/ufc-london-4081,41987,Luke Riley,Michael Aswell,/fighters/luke-riley-12585,/fighters/michael-aswell-12369,"('luke riley', 'michael aswell')"
ufc-london-4081,UFC London,2026-03-21,https://www.bestfightodds.com/events/ufc-london-4081,41988,Michael Page,Sam Patterson,/fighters/michael-page-3937,/fighters/sam-patterson-11410,"('michael page', 'sam patterson')"
ufc-london-4081,UFC London,2026-03-21,https://www.bestfightodds.com/events/ufc-london-4081,41989,Austen Lane,Iwo Baraniewski,/fighters/austen-lane-8254,/fighters/iwo-baraniewski-19868,"('austen lane', 'iwo baraniewski')"
ufc-london-4081,UFC London,2026-03-21,https://www.bestfightodds.com/events/ufc-london-4081,41990,Christian Leroy Duncan,Roman Dolidze,/fighters/christian-leroy-duncan-12577,/fighters/roman-dolidze-9094,"('christian leroy duncan', 'roman dolidze')"
ufc-london-4081,UFC London,2026-03-21,https://www.bestfightodds.com/events/ufc-london-4081,41991,Danny Silva,Kurtis Campbell,/fighters/danny-silva-9217,/fighters/kurtis-campbell-19992,"('danny silva', 'kurtis campbell')"
ufc-london-4081,UFC London,2026-03-21,https://www.bestfightodds.com/events/ufc-london-4081,41992,Axel Sola,Mason Jones,/fighters/axel-sola-11006,/fighters/mason-jones-7156,"('axel sola', 'mason jones')"
ufc-london-4081,UFC London,2026-03-21,https://www.bestfightodds.com/events/ufc-london-4081,41993,Losene Keita,Nathaniel Wood,/fighters/losene-keita-12906,/fighters/nathaniel-wood-5309,"('losene keita', 'nathaniel wood')"
ufc-london-4081,UFC London,2026-03-21,https://www.bestfightodds.com/events/ufc-london-4081,41996,Felipe Franco,Mario Pinto,/fighters/felipe-franco-19819,/fighters/mario-pinto-18577,"('felipe franco', 'mario pinto')"
ufc-london-4081,UFC London,2026-03-21,https://www.bestfightodds.com/events/ufc-london-4081,41995,Antonio Trocoli,Mantas Kondratavicius,/fighters/antonio-trocoli-6081,/fighters/mantas-kondratavicius-14343,"('antonio trocoli', 'mantas kondratavicius')"
ufc-london-4081,UFC London,2026-03-21,https://www.bestfightodds.com/events/ufc-london-4081,41994,Brando Pericic,Louie Sutherland,/fighters/brando-pericic-19827,/fighters/louie-sutherland-14257,"('brando pericic', 'louie sutherland')"
ufc-london-4081,UFC London,2026-03-21,https://www.bestfightodds.com/events/ufc-london-4081,41997,Abdul-Kareem Al-Selwady,Shem Rock,/fighters/abdul-kareem-al-selwady-10295,/fighters/shem-rock-15665,"('abdul kareem al selwady', 'shem rock')"
ufc-london-4081,UFC London,2026-03-21,https://www.bestfightodds.com/events/ufc-london-4081,41998,Ravena Oliveira,Shanelle Dyer,/fighters/ravena-oliveira-16593,/fighters/shanelle-dyer-16552,"('ravena oliveira', 'shanelle dyer')"
ufc-london-4081,UFC London,2026-03-21,https://www.bestfightodds.com/events/ufc-london-4081,41999,Luana Carolina,Melissa Mullins,/fighters/luana-carolina-8992,/fighters/melissa-mullins-17402,"('luana carolina', 'melissa mullins')"
ufc-seattle-4095,UFC Seattle,2026-03-28,https://www.bestfightodds.com/events/ufc-seattle-4095,42115,Ignacio Bahamondes,Tofiq Musayev,/fighters/ignacio-bahamondes-9750,/fighters/tofiq-musayev-13682,"('ignacio bahamondes', 'tofiq musayev')"
ufc-seattle-4095,UFC Seattle,2026-03-28,https://www.bestfightodds.com/events/ufc-seattle-4095,42116,Chase Hooper,Lance Gibson Jr,/fighters/chase-hooper-8425,/fighters/lance-gibson-jr-13685,"('chase hooper', 'lance gibson jr')"
ufc-seattle-4095,UFC Seattle,2026-03-28,https://www.bestfightodds.com/events/ufc-seattle-4095,42117,Marcin Tybura,Tyrell Fortune,/fighters/marcin-tybura-6200,/fighters/tyrell-fortune-6735,"('marcin tybura', 'tyrell fortune')"
ufc-seattle-4095,UFC Seattle,2026-03-28,https://www.bestfightodds.com/events/ufc-seattle-4095,42120,Casey Oneill,Gabriella Fernandes,/fighters/casey-oneill-21268,/fighters/gabriella-fernandes-14517,"('casey oneill', 'gabriella fernandes')"
ufc-seattle-4095,UFC Seattle,2026-03-28,https://www.bestfightodds.com/events/ufc-seattle-4095,42118,Bruno Lopes,Navajo Stirling,/fighters/bruno-lopes-14106,/fighters/navajo-stirling-18344,"('bruno lopes', 'navajo stirling')"
ufc-seattle-4095,UFC Seattle,2026-03-28,https://www.bestfightodds.com/events/ufc-seattle-4095,42121,Adrian Yanez,Ricky Simon,/fighters/adrian-yanez-4952,/fighters/ricky-simon-5780,"('adrian yanez', 'ricky simon')"
ufc-seattle-4095,UFC Seattle,2026-03-28,https://www.bestfightodds.com/events/ufc-seattle-4095,42119,Alexia Thainara,Bruna Brasil,/fighters/alexia-thainara-15137,/fighters/bruna-brasil-13778,"('alexia thainara', 'bruna brasil')"
ufc-seattle-4018,UFC Seattle,2026-03-29,https://www.bestfightodds.com/events/ufc-seattle-4018,41390,Israel Adesanya,Joe Pyfer,/fighters/israel-adesanya-7845,/fighters/joe-pyfer-8530,"('israel adesanya', 'joe pyfer')"
ufc-seattle-4018,UFC Seattle,2026-03-29,https://www.bestfightodds.com/events/ufc-seattle-4018,42111,Alexa Grasso,Maycee Barber,/fighters/alexa-grasso-5096,/fighters/maycee-barber-7240,"('alexa grasso', 'maycee barber')"
ufc-seattle-4018,UFC Seattle,2026-03-29,https://www.bestfightodds.com/events/ufc-seattle-4018,42479,Michael Chiesa,Niko Price,/fighters/michael-chiesa-3317,/fighters/niko-price-6895,"('michael chiesa', 'niko price')"
ufc-seattle-4018,UFC Seattle,2026-03-29,https://www.bestfightodds.com/events/ufc-seattle-4018,42112,Julian Erosa,Lerryan Douglas,/fighters/julian-erosa-6088,/fighters/lerryan-douglas-15887,"('julian erosa', 'lerryan douglas')"
ufc-seattle-4018,UFC Seattle,2026-03-29,https://www.bestfightodds.com/events/ufc-seattle-4018,42113,Mansur Abdul-Malik,Yousri Belgaroui,/fighters/mansur-abdul-malik-12720,/fighters/yousri-belgaroui-13350,"('mansur abdul malik', 'yousri belgaroui')"
ufc-seattle-4018,UFC Seattle,2026-03-29,https://www.bestfightodds.com/events/ufc-seattle-4018,42114,Kyle Nelson,Terrance McKinney,/fighters/kyle-nelson-3633,/fighters/terrance-mckinney-9286,"('kyle nelson', 'terrance mckinney')"
ufc-bjj-7-4123,UFC BJJ 7,2026-04-03,https://www.bestfightodds.com/events/ufc-bjj-7-4123,42685,Andrew Tackett,Vagner Rocha,/fighters/andrew-tackett-20657,/fighters/vagner-rocha-1087,"('andrew tackett', 'vagner rocha')"
ufc-bjj-7-4123,UFC BJJ 7,2026-04-03,https://www.bestfightodds.com/events/ufc-bjj-7-4123,42686,Carlos Henrique,Lucas Valente,/fighters/carlos-henrique-20004,/fighters/lucas-valente-21735,"('carlos henrique', 'lucas valente')"
ufc-bjj-7-4123,UFC BJJ 7,2026-04-03,https://www.bestfightodds.com/events/ufc-bjj-7-4123,42687,Aurelie Le Vern,Rebeca Lima,/fighters/aurelie-le-vern-20660,/fighters/rebeca-lima-21041,"('aurelie le vern', 'rebeca lima')"
ufc-bjj-7-4123,UFC BJJ 7,2026-04-03,https://www.bestfightodds.com/events/ufc-bjj-7-4123,42689,Renato Canuto,Yonathan Cardenas,/fighters/renato-canuto-12835,/fighters/yonathan-cardenas-21737,"('renato canuto', 'yonathan cardenas')"
ufc-bjj-7-4123,UFC BJJ 7,2026-04-03,https://www.bestfightodds.com/events/ufc-bjj-7-4123,42690,Adele Fornarino,Alex Enriquez,/fighters/adele-fornarino-14420,/fighters/alex-enriquez-21738,"('adele fornarino', 'alex enriquez')"
ufc-bjj-7-4123,UFC BJJ 7,2026-04-03,https://www.bestfightodds.com/events/ufc-bjj-7-4123,42691,Kenzo Biyong,Raphael Ferreira,/fighters/kenzo-biyong-21739,/fighters/raphael-ferreira-21740,"('kenzo biyong', 'raphael ferreira')"
ufc-bjj-7-4123,UFC BJJ 7,2026-04-03,https://www.bestfightodds.com/events/ufc-bjj-7-4123,42692,Maria Carolina Joia,Rana Willink,/fighters/maria-carolina-joia-21741,/fighters/rana-willink-20664,"('maria carolina joia', 'rana willink')"
ufc-bjj-7-4123,UFC BJJ 7,2026-04-03,https://www.bestfightodds.com/events/ufc-bjj-7-4123,42725,Declan Moody,Patrick Gaudio,/fighters/declan-moody-21736,/fighters/patrick-gaudio-14465,"('declan moody', 'patrick gaudio')"
ufc-winnipeg-4130,UFC Winnipeg,2026-04-18,https://www.bestfightodds.com/events/ufc-winnipeg-4130,42760,Julien Leblanc,Robert Valentin,/fighters/julien-leblanc-11119,/fighters/robert-valentin-13471,"('julien leblanc', 'robert valentin')"
ufc-winnipeg-4130,UFC Winnipeg,2026-04-18,https://www.bestfightodds.com/events/ufc-winnipeg-4130,42759,Gokhan Saricam,Tanner Boser,/fighters/gokhan-saricam-9514,/fighters/tanner-boser-7638,"('gokhan saricam', 'tanner boser')"
ufc-winnipeg-4130,UFC Winnipeg,2026-04-18,https://www.bestfightodds.com/events/ufc-winnipeg-4130,42757,Daria Zhelezniakova,Melissa Croden,/fighters/daria-zhelezniakova-19344,/fighters/melissa-croden-10633,"('daria zhelezniakova', 'melissa croden')"
ufc-winnipeg-4130,UFC Winnipeg,2026-04-18,https://www.bestfightodds.com/events/ufc-winnipeg-4130,42753,Jamey-Lyn Horth,Jj Aldrich,/fighters/jamey-lyn-horth-15531,/fighters/jj-aldrich-12276,"('jamey lyn horth', 'jj aldrich')"
ufc-winnipeg-4130,UFC Winnipeg,2026-04-18,https://www.bestfightodds.com/events/ufc-winnipeg-4130,42756,John Castaneda,Mark Vologdin,/fighters/john-castaneda-7396,/fighters/mark-vologdin-16787,"('john castaneda', 'mark vologdin')"
ufc-winnipeg-4130,UFC Winnipeg,2026-04-18,https://www.bestfightodds.com/events/ufc-winnipeg-4130,42911,Jamie Siraj,John Yannis,/fighters/jamie-siraj-15535,/fighters/john-yannis-12315,"('jamie siraj', 'john yannis')"
ufc-winnipeg-4130,UFC Winnipeg,2026-04-18,https://www.bestfightodds.com/events/ufc-winnipeg-4130,42754,Allan Nascimento,Mitch Raposo,/fighters/allan-nascimento-6373,/fighters/mitch-raposo-10778,"('allan nascimento', 'mitch raposo')"
ufc-winnipeg-4145,UFC Winnipeg,2026-04-19,https://www.bestfightodds.com/events/ufc-winnipeg-4145,42750,Gilbert Burns,Mike Malott,/fighters/gilbert-burns-4747,/fighters/mike-malott-5196,"('gilbert burns', 'mike malott')"
ufc-winnipeg-4145,UFC Winnipeg,2026-04-19,https://www.bestfightodds.com/events/ufc-winnipeg-4145,42751,Charles Jourdain,Kyler Phillips,/fighters/charles-jourdain-9131,/fighters/kyler-phillips-7228,"('charles jourdain', 'kyler phillips')"
ufc-winnipeg-4145,UFC Winnipeg,2026-04-19,https://www.bestfightodds.com/events/ufc-winnipeg-4145,42752,Jasmine Jasudavicius,Karine Silva,/fighters/jasmine-jasudavicius-9869,/fighters/karine-silva-7814,"('jasmine jasudavicius', 'karine silva')"
ufc-winnipeg-4145,UFC Winnipeg,2026-04-19,https://www.bestfightodds.com/events/ufc-winnipeg-4145,42758,Jai Herbert,Mandel Nallo,/fighters/jai-herbert-6873,/fighters/mandel-nallo-7772,"('jai herbert', 'mandel nallo')"
ufc-winnipeg-4145,UFC Winnipeg,2026-04-19,https://www.bestfightodds.com/events/ufc-winnipeg-4145,42755,Gauge Young,Thiago Moises,/fighters/gauge-young-11235,/fighters/thiago-moises-6149,"('gauge young', 'thiago moises')"
ufc-winnipeg-4145,UFC Winnipeg,2026-04-19,https://www.bestfightodds.com/events/ufc-winnipeg-4145,42761,Dennis Buzukja,Marcio Barbosa,/fighters/dennis-buzukja-8602,/fighters/marcio-barbosa-14704,"('dennis buzukja', 'marcio barbosa')"
ufc-vegas-116-4147,UFC Vegas 116,2026-04-25,https://www.bestfightodds.com/events/ufc-vegas-116-4147,42912,Aljamain Sterling,Youssef Zalal,/fighters/aljamain-sterling-4688,/fighters/youssef-zalal-8823,"('aljamain sterling', 'youssef zalal')"
ufc-vegas-116-4147,UFC Vegas 116,2026-04-25,https://www.bestfightodds.com/events/ufc-vegas-116-4147,42913,Joselyne Edwards,Norma Dumont,/fighters/joselyne-edwards-8664,/fighters/norma-dumont-9825,"('joselyne edwards', 'norma dumont')"
ufc-vegas-116-4147,UFC Vegas 116,2026-04-25,https://www.bestfightodds.com/events/ufc-vegas-116-4147,42915,Davey Grant,Juan Martinetti,/fighters/davey-grant-4074,/fighters/juan-martinetti-21864,"('davey grant', 'juan martinetti')"
ufc-vegas-116-4147,UFC Vegas 116,2026-04-25,https://www.bestfightodds.com/events/ufc-vegas-116-4147,42933,Adrian Luna Martinetti,Davey Grant,/fighters/adrian-luna-martinetti-20070,/fighters/davey-grant-4074,"('adrian luna martinetti', 'davey grant')"
ufc-vegas-116-4147,UFC Vegas 116,2026-04-25,https://www.bestfightodds.com/events/ufc-vegas-116-4147,42914,Alexander Hernandez,Rafa Garcia,/fighters/alexander-hernandez-7977,/fighters/rafa-garcia-9241,"('alexander hernandez', 'rafa garcia')"
ufc-vegas-116-4147,UFC Vegas 116,2026-04-25,https://www.bestfightodds.com/events/ufc-vegas-116-4147,42916,Montel Jackson,Raoni Barcelos,/fighters/montel-jackson-8255,/fighters/raoni-barcelos-4521,"('montel jackson', 'raoni barcelos')"
ufc-vegas-116-4147,UFC Vegas 116,2026-04-25,https://www.bestfightodds.com/events/ufc-vegas-116-4147,42918,Eric McConico,Rodolfo Vieira,/fighters/eric-mcconico-15806,/fighters/rodolfo-vieira-9318,"('eric mcconico', 'rodolfo vieira')"
ufc-vegas-116-4147,UFC Vegas 116,2026-04-25,https://www.bestfightodds.com/events/ufc-vegas-116-4147,42917,Marcus Buchecha,Ryan Spann,/fighters/marcus-buchecha-14323,/fighters/ryan-spann-3502,"('marcus buchecha', 'ryan spann')"
ufc-vegas-116-4147,UFC Vegas 116,2026-04-25,https://www.bestfightodds.com/events/ufc-vegas-116-4147,42919,Jackson McVey,Sedriques Dumas,/fighters/jackson-mcvey-15053,/fighters/sedriques-dumas-12309,"('jackson mcvey', 'sedriques dumas')"
ufc-vegas-116-4147,UFC Vegas 116,2026-04-25,https://www.bestfightodds.com/events/ufc-vegas-116-4147,42920,Mayra Bueno Silva,Michelle Montague,/fighters/mayra-bueno-silva-9839,/fighters/michelle-montague-13411,"('mayra bueno silva', 'michelle montague')"
ufc-vegas-116-4147,UFC Vegas 116,2026-04-25,https://www.bestfightodds.com/events/ufc-vegas-116-4147,43024,Cody Durden,Jafel Filho,/fighters/cody-durden-10231,/fighters/jafel-filho-14406,"('cody durden', 'jafel filho')"
ufc-vegas-116-4147,UFC Vegas 116,2026-04-25,https://www.bestfightodds.com/events/ufc-vegas-116-4147,43025,Francis Marshall,Lucas Brennan,/fighters/francis-marshall-14185,/fighters/lucas-brennan-9303,"('francis marshall', 'lucas brennan')"
ufc-vegas-116-4147,UFC Vegas 116,2026-04-25,https://www.bestfightodds.com/events/ufc-vegas-116-4147,42922,Max Griffin,Victor Valenzuela,/fighters/max-griffin-6581,/fighters/victor-valenzuela-4270,"('max griffin', 'victor valenzuela')"
ufc-vegas-116-4147,UFC Vegas 116,2026-04-25,https://www.bestfightodds.com/events/ufc-vegas-116-4147,42923,Julia Polastri,Talita Alencar,/fighters/julia-polastri-12394,/fighters/talita-alencar-11655,"('julia polastri', 'talita alencar')"
ufc-vegas-116-4147,UFC Vegas 116,2026-04-25,https://www.bestfightodds.com/events/ufc-vegas-116-4147,42921,Jafel Filho,Lucas Rocha,/fighters/jafel-filho-14406,/fighters/lucas-rocha-15885,"('jafel filho', 'lucas rocha')"
ufc-perth-4079,UFC Perth,2026-05-02,https://www.bestfightodds.com/events/ufc-perth-4079,43040,Beneil Dariush,Quillan Salkilld,/fighters/beneil-dariush-4633,/fighters/quillan-salkilld-16405,"('beneil dariush', 'quillan salkilld')"
ufc-perth-4079,UFC Perth,2026-05-02,https://www.bestfightodds.com/events/ufc-perth-4079,41970,Carlos Prates,Jack Della Maddalena,/fighters/carlos-prates-14705,/fighters/jack-della-maddalena-7492,"('carlos prates', 'jack della maddalena')"
ufc-perth-4079,UFC Perth,2026-05-02,https://www.bestfightodds.com/events/ufc-perth-4079,43139,Marwan Rahiki,Ollie Schmid,/fighters/marwan-rahiki-20124,/fighters/ollie-schmid-21968,"('marwan rahiki', 'ollie schmid')"
ufc-perth-4079,UFC Perth,2026-05-02,https://www.bestfightodds.com/events/ufc-perth-4079,43041,Steve Erceg,Tim Elliott,/fighters/steve-erceg-17167,/fighters/tim-elliott-3288,"('steve erceg', 'tim elliott')"
ufc-perth-4079,UFC Perth,2026-05-02,https://www.bestfightodds.com/events/ufc-perth-4079,43088,Louie Sutherland,Tai Tuivasa,/fighters/louie-sutherland-14257,/fighters/tai-tuivasa-7444,"('louie sutherland', 'tai tuivasa')"
ufc-perth-4079,UFC Perth,2026-05-02,https://www.bestfightodds.com/events/ufc-perth-4079,43042,Brando Pericic,Shamil Gaziev,/fighters/brando-pericic-19827,/fighters/shamil-gaziev-12522,"('brando pericic', 'shamil gaziev')"
ufc-perth-4079,UFC Perth,2026-05-02,https://www.bestfightodds.com/events/ufc-perth-4079,43060,Junior Tafa,Kevin Christian,/fighters/junior-tafa-14832,/fighters/kevin-christian-17097,"('jr tafa', 'kevin christian')"
ufc-perth-4079,UFC Perth,2026-05-02,https://www.bestfightodds.com/events/ufc-perth-4079,43059,Cam Rowston,Robert Bryczek,/fighters/cam-rowston-16458,/fighters/robert-bryczek-11162,"('cam rowston', 'robert bryczek')"
ufc-perth-4079,UFC Perth,2026-05-02,https://www.bestfightodds.com/events/ufc-perth-4079,43043,Gerald Meerschaert,Jacob Malkoun,/fighters/gerald-meerschaert-3628,/fighters/jacob-malkoun-10348,"('gerald meerschaert', 'jacob malkoun')"
ufc-perth-4079,UFC Perth,2026-05-02,https://www.bestfightodds.com/events/ufc-perth-4079,43044,Colby Thicknesse,Vince Morales,/fighters/colby-thicknesse-19115,/fighters/vince-morales-6316,"('colby thicknesse', 'vince morales')"
ufc-perth-4079,UFC Perth,2026-05-02,https://www.bestfightodds.com/events/ufc-perth-4079,43045,Benjamin Johnston,Wes Schultz,/fighters/benjamin-johnston-21926,/fighters/wes-schultz-14304,"('benjamin johnston', 'wes schultz')"
ufc-perth-4079,UFC Perth,2026-05-02,https://www.bestfightodds.com/events/ufc-perth-4079,43061,Jonathan Micallef,Themba Gorimbo,/fighters/jonathan-micallef-18608,/fighters/themba-gorimbo-12770,"('jonathan micallef', 'themba gorimbo')"
ufc-perth-4079,UFC Perth,2026-05-02,https://www.bestfightodds.com/events/ufc-perth-4079,43062,Dom Mar Fan,Kody Steele,/fighters/dom-mar-fan-19458,/fighters/kody-steele-12643,"('dom mar fan', 'kody steele')"
ufc-vegas-117-4186,UFC Vegas 117,2026-05-16,https://www.bestfightodds.com/events/ufc-vegas-117-4186,43236,Khaos Williams,Nikolay Veretennikov,/fighters/khaos-williams-9974,/fighters/nikolay-veretennikov-7722,"('khaos williams', 'nikolay veretennikov')"
ufc-vegas-117-4186,UFC Vegas 117,2026-05-16,https://www.bestfightodds.com/events/ufc-vegas-117-4186,43238,Ivan Erslan,Tuco Tokkos,/fighters/ivan-erslan-9672,/fighters/tuco-tokkos-17649,"('ivan erslan', 'tuco tokkos')"
ufc-vegas-117-4186,UFC Vegas 117,2026-05-16,https://www.bestfightodds.com/events/ufc-vegas-117-4186,43250,Artur Minev,Thomas Grantt,/fighters/artur-minev-18690,/fighters/thomas-grantt-22020,"('artur minev', 'thomas grantt')"
ufc-vegas-117-4186,UFC Vegas 117,2026-05-16,https://www.bestfightodds.com/events/ufc-vegas-117-4186,43240,Jacqueline Cavalcanti,Ketlen Vieira,/fighters/jacqueline-cavalcanti-13407,/fighters/ketlen-vieira-6585,"('jacqueline cavalcanti', 'ketlen vieira')"
ufc-vegas-117-4186,UFC Vegas 117,2026-05-16,https://www.bestfightodds.com/events/ufc-vegas-117-4186,43241,Andre Petroski,Cody Brundage,/fighters/andre-petroski-10388,/fighters/cody-brundage-10168,"('andre petroski', 'cody brundage')"
ufc-vegas-117-4186,UFC Vegas 117,2026-05-16,https://www.bestfightodds.com/events/ufc-vegas-117-4186,43242,Alice Ardelean,Polyana Viana,/fighters/alice-ardelean-15320,/fighters/polyana-viana-7817,"('alice ardelean', 'polyana viana')"
ufc-vegas-117-4186,UFC Vegas 117,2026-05-16,https://www.bestfightodds.com/events/ufc-vegas-117-4186,43243,Daniel Barez,Luis Gurule,/fighters/daniel-barez-4827,/fighters/luis-gurule-13855,"('daniel barez', 'luis gurule')"
ufc-vegas-117-4186,UFC Vegas 117,2026-05-16,https://www.bestfightodds.com/events/ufc-vegas-117-4186,43244,Nicolle Caliari,Shauna Bannon,/fighters/nicolle-caliari-9542,/fighters/shauna-bannon-14505,"('nicolle caliari', 'shauna bannon')"
ufc-vegas-117-4178,UFC Vegas 117,2026-05-17,https://www.bestfightodds.com/events/ufc-vegas-117-4178,43231,Arnold Allen,Melquizael Costa,/fighters/arnold-allen-4218,/fighters/melquizael-costa-13774,"('arnold allen', 'melquizael costa')"
ufc-vegas-117-4178,UFC Vegas 117,2026-05-17,https://www.bestfightodds.com/events/ufc-vegas-117-4178,43232,Daniel Santos,Doo Ho Choi,/fighters/daniel-santos-6038,/fighters/doo-ho-choi-2152,"('daniel santos', 'dooho choi')"
ufc-vegas-117-4178,UFC Vegas 117,2026-05-17,https://www.bestfightodds.com/events/ufc-vegas-117-4178,43233,Juan Diaz,Malcolm Wellmaker,/fighters/juan-diaz-12235,/fighters/malcolm-wellmaker-18273,"('juan diaz', 'malcolm wellmaker')"
ufc-vegas-117-4178,UFC Vegas 117,2026-05-17,https://www.bestfightodds.com/events/ufc-vegas-117-4178,43312,Christian Edwards,Modestas Bukauskas,/fighters/christian-edwards-8986,/fighters/modestas-bukauskas-7865,"('christian edwards', 'modestas bukauskas')"
ufc-vegas-117-4178,UFC Vegas 117,2026-05-17,https://www.bestfightodds.com/events/ufc-vegas-117-4178,43235,Benardo Sopaj,Timmy Cuamba,/fighters/benardo-sopaj-18721,/fighters/timmy-cuamba-20244,"('benardo sopaj', 'timmy cuamba')"
ufc-vegas-117-4178,UFC Vegas 117,2026-05-17,https://www.bestfightodds.com/events/ufc-vegas-117-4178,43234,Modestas Bukauskas,Rodolfo Bellato,/fighters/modestas-bukauskas-7865,/fighters/rodolfo-bellato-11728,"('modestas bukauskas', 'rodolfo bellato')"
ufc-vegas-117-4178,UFC Vegas 117,2026-05-17,https://www.bestfightodds.com/events/ufc-vegas-117-4178,43239,Tommy Gantt,Trey Ogden,/fighters/tommy-gantt-22019,/fighters/trey-ogden-5784,"('tommy gantt', 'trey ogden')"
ufc-bjj-8-4197,UFC BJJ 8,2026-05-22,https://www.bestfightodds.com/events/ufc-bjj-8-4197,43358,Kevin Dantzler,Mikey Musumeci,/fighters/kevin-dantzler-15037,/fighters/mikey-musumeci-11707,"('kevin dantzler', 'mikey musumeci')"
ufc-bjj-8-4197,UFC BJJ 8,2026-05-22,https://www.bestfightodds.com/events/ufc-bjj-8-4197,43359,Cassia Moura,Sabrina Gondim,/fighters/cassia-moura-20008,/fighters/sabrina-gondim-22082,"('cassia moura', 'sabrina gondim')"
ufc-bjj-8-4197,UFC BJJ 8,2026-05-22,https://www.bestfightodds.com/events/ufc-bjj-8-4197,43360,Manuel Ribamar,William Tackett,/fighters/manuel-ribamar-22083,/fighters/william-tackett-14449,"('manuel ribamar', 'william tackett')"
ufc-bjj-8-4197,UFC BJJ 8,2026-05-22,https://www.bestfightodds.com/events/ufc-bjj-8-4197,43361,Danilo Moreira,Ethan Crelinsten,/fighters/danilo-moreira-22084,/fighters/ethan-crelinsten-14430,"('danilo moreira', 'ethan crelinsten')"
ufc-bjj-8-4197,UFC BJJ 8,2026-05-22,https://www.bestfightodds.com/events/ufc-bjj-8-4197,43362,Andy Varela,Jett Thompson,/fighters/andy-varela-13037,/fighters/jett-thompson-22085,"('andy varela', 'jett thompson')"
ufc-bjj-8-4197,UFC BJJ 8,2026-05-22,https://www.bestfightodds.com/events/ufc-bjj-8-4197,43363,Keith Krikorian,Landon Elmore,/fighters/keith-krikorian-14438,/fighters/landon-elmore-20665,"('keith krikorian', 'landon elmore')"
ufc-bjj-8-4197,UFC BJJ 8,2026-05-22,https://www.bestfightodds.com/events/ufc-bjj-8-4197,43364,Liam Crelinsten,Max Livingston,/fighters/liam-crelinsten-22086,/fighters/max-livingston-20752,"('liam crelinsten', 'max livingston')"
ufc-bjj-8-4197,UFC BJJ 8,2026-05-22,https://www.bestfightodds.com/events/ufc-bjj-8-4197,43365,Azamat Bakytov,Thomas David,/fighters/azamat-bakytov-22087,/fighters/thomas-david-22088,"('azamat bakytov', 'thomas david')"
ufc-bjj-8-4197,UFC BJJ 8,2026-05-22,https://www.bestfightodds.com/events/ufc-bjj-8-4197,43405,Derek Rayfield,Jett Thompson,/fighters/derek-rayfield-22103,/fighters/jett-thompson-22085,"('derek rayfield', 'jett thompson')"
road-to-ufc-4206,Road to UFC,2026-05-28,https://www.bestfightodds.com/events/road-to-ufc-4206,43472,Rongzhu,Victor Martinez,/fighters/rongzhu-17112,/fighters/victor-martinez-9804,"('rongzhu', 'victor martinez')"
road-to-ufc-4206,Road to UFC,2026-05-28,https://www.bestfightodds.com/events/road-to-ufc-4206,43471,Bin Xie,Yudi Cahyadi,/fighters/bin-xie-12716,/fighters/yudi-cahyadi-22149,"('bin xie', 'yudi cahyadi')"
road-to-ufc-4206,Road to UFC,2026-05-28,https://www.bestfightodds.com/events/road-to-ufc-4206,43464,George Mangos,Yuito Yanagawa,/fighters/george-mangos-19681,/fighters/yuito-yanagawa-22140,"('george mangos', 'yuito yanagawa')"
road-to-ufc-4206,Road to UFC,2026-05-28,https://www.bestfightodds.com/events/road-to-ufc-4206,43465,Ahejiang Ailinuer,Gwan Woo Lim,/fighters/ahejiang-ailinuer-22141,/fighters/gwan-woo-lim-22142,"('ahejiang ailinuer', 'gwan woo lim')"
road-to-ufc-4206,Road to UFC,2026-05-28,https://www.bestfightodds.com/events/road-to-ufc-4206,43470,Kasib Murdoch,Yunosuke Minami,/fighters/kasib-murdoch-22147,/fighters/yunosuke-minami-22148,"('kasib murdoch', 'yunosuke minami')"
road-to-ufc-4206,Road to UFC,2026-05-28,https://www.bestfightodds.com/events/road-to-ufc-4206,43466,Dagiisuren Chagnaadorj,Regezhen,/fighters/dagiisuren-chagnaadorj-22143,/fighters/regezhen-22144,"('dagiisuren chagnaadorj', 'regezhen')"
road-to-ufc-4206,Road to UFC,2026-05-28,https://www.bestfightodds.com/events/road-to-ufc-4206,43468,Kimbert Alintozon,Rabindra Dhant,/fighters/kimbert-alintozon-22145,/fighters/rabindra-dhant-19336,"('kimbert alintozon', 'rabindra dhant')"
road-to-ufc-4206,Road to UFC,2026-05-28,https://www.bestfightodds.com/events/road-to-ufc-4206,43469,Haitao Ti,Ryo Tajima,/fighters/haitao-ti-19879,/fighters/ryo-tajima-22146,"('haitao ti', 'ryo tajima')"
road-to-ufc-4206,Road to UFC,2026-05-28,https://www.bestfightodds.com/events/road-to-ufc-4206,43467,Jin Aoi,Young Jae Song,/fighters/jin-aoi-10249,/fighters/young-jae-song-17655,"('jin aoi', 'young jae song')"
road-to-ufc-4206,Road to UFC,2026-05-28,https://www.bestfightodds.com/events/road-to-ufc-4206,43486,Chungreng Koren,Ryuho Miyaguchi,/fighters/chungreng-koren-22160,/fighters/ryuho-miyaguchi-22161,"('chungreng koren', 'ryuho miyaguchi')"
road-to-ufc-4207,Road to UFC,2026-05-29,https://www.bestfightodds.com/events/road-to-ufc-4207,43473,Ming Shi,Puja Tomar,/fighters/ming-shi-17668,/fighters/puja-tomar-7943,"('ming shi', 'puja tomar')"
road-to-ufc-4207,Road to UFC,2026-05-29,https://www.bestfightodds.com/events/road-to-ufc-4207,43474,Namsrai Batbayar,Shuai Yin,/fighters/namsrai-batbayar-19438,/fighters/shuai-yin-17654,"('namsrai batbayar', 'shuai yin')"
road-to-ufc-4207,Road to UFC,2026-05-29,https://www.bestfightodds.com/events/road-to-ufc-4207,43479,Jiniushiyue,Kaito Oda,/fighters/jiniushiyue-15863,/fighters/kaito-oda-22151,"('jiniushiyue', 'kaito oda')"
road-to-ufc-4207,Road to UFC,2026-05-29,https://www.bestfightodds.com/events/road-to-ufc-4207,43477,Farida Abdueva,Xiaocan Feng,/fighters/farida-abdueva-16673,/fighters/xiaocan-feng-17665,"('farida abdueva', 'xiaocan feng')"
road-to-ufc-4207,Road to UFC,2026-05-29,https://www.bestfightodds.com/events/road-to-ufc-4207,43482,Joseph Larcinese,Ryoga Arimoto,/fighters/joseph-larcinese-22153,/fighters/ryoga-arimoto-22154,"('joseph larcinese', 'ryoga arimoto')"
road-to-ufc-4207,Road to UFC,2026-05-29,https://www.bestfightodds.com/events/road-to-ufc-4207,43476,Arisa Matsuda,Bo Meng,/fighters/arisa-matsuda-19437,/fighters/bo-meng-14862,"('arisa matsuda', 'bo meng')"
road-to-ufc-4207,Road to UFC,2026-05-29,https://www.bestfightodds.com/events/road-to-ufc-4207,43481,Otgonbaatar Boldbaatar,Takaya Suzuki,/fighters/otgonbaatar-boldbaatar-22152,/fighters/takaya-suzuki-20874,"('otgonbaatar boldbaatar', 'takaya suzuki')"
road-to-ufc-4207,Road to UFC,2026-05-29,https://www.bestfightodds.com/events/road-to-ufc-4207,43475,Bo Hyun Park,Huaxiang Dong,/fighters/bo-hyun-park-22150,/fighters/huaxiang-dong-17662,"('bo hyun park', 'huaxiang dong')"
road-to-ufc-4207,Road to UFC,2026-05-29,https://www.bestfightodds.com/events/road-to-ufc-4207,43480,Eros Baluyot,Takeru Uchida,/fighters/eros-baluyot-18790,/fighters/takeru-uchida-13927,"('eros baluyot', 'takeru uchida')"
road-to-ufc-4207,Road to UFC,2026-05-29,https://www.bestfightodds.com/events/road-to-ufc-4207,43478,Anelya Toktogonova,Machi Fukuda,/fighters/anelya-toktogonova-17641,/fighters/machi-fukuda-16555,"('anelya toktogonova', 'machi fukuda')"
ufc-macau-4188,UFC Macau,2026-05-30,https://www.bestfightodds.com/events/ufc-macau-4188,43324,Deiveson Figueiredo,Song Yadong,/fighters/deiveson-figueiredo-7514,/fighters/song-yadong-9482,"('deiveson figueiredo', 'song yadong')"
ufc-macau-4188,UFC Macau,2026-05-30,https://www.bestfightodds.com/events/ufc-macau-4188,43326,Sergei Pavlovich,Tallison Teixeira,/fighters/sergei-pavlovich-8961,/fighters/tallison-teixeira-18424,"('sergei pavlovich', 'tallison teixeira')"
ufc-macau-4188,UFC Macau,2026-05-30,https://www.bestfightodds.com/events/ufc-macau-4188,43325,Alonzo Menifield,Zhang Mingyang,/fighters/alonzo-menifield-5961,/fighters/zhang-mingyang-14721,"('alonzo menifield', 'zhang mingyang')"
ufc-macau-4188,UFC Macau,2026-05-30,https://www.bestfightodds.com/events/ufc-macau-4188,43327,Cameron Smotherman,Kai Asakura,/fighters/cameron-smotherman-12367,/fighters/kai-asakura-7765,"('cameron smotherman', 'kai asakura')"
ufc-macau-4188,UFC Macau,2026-05-30,https://www.bestfightodds.com/events/ufc-macau-4188,43386,Carlston Harris,Jake Matthews,/fighters/carlston-harris-10791,/fighters/jake-matthews-4978,"('carlston harris', 'jake matthews')"
ufc-macau-4188,UFC Macau,2026-05-30,https://www.bestfightodds.com/events/ufc-macau-4188,43335,Rodrigo Vera,Zhu Kangjie,/fighters/rodrigo-vera-9204,/fighters/zhu-kangjie-22071,"('rodrigo vera', 'zhu kangjie')"
ufc-macau-4188,UFC Macau,2026-05-30,https://www.bestfightodds.com/events/ufc-macau-4188,43328,Alex Perez,Sumudaerji Sumudaerji,/fighters/alex-perez-2459,/fighters/sumudaerji-sumudaerji-8746,"('alex perez', 'sumudaerji sumudaerji')"
ufc-macau-4188,UFC Macau,2026-05-30,https://www.bestfightodds.com/events/ufc-macau-4188,43338,Jose Henrique,Meng Ding,/fighters/jose-henrique-13780,/fighters/meng-ding-18151,"('jose henrique', 'meng ding')"
ufc-macau-4188,UFC Macau,2026-05-30,https://www.bestfightodds.com/events/ufc-macau-4188,43330,Luis Felipe Dias,Yi Sak Lee,/fighters/luis-felipe-dias-12796,/fighters/yi-sak-lee-22069,"('luis felipe dias', 'yi sak lee')"
ufc-macau-4188,UFC Macau,2026-05-30,https://www.bestfightodds.com/events/ufc-macau-4188,43332,Aoriqileng,Cody Haddon,/fighters/aoriqileng-16506,/fighters/cody-haddon-18212,"('aoriqileng', 'cody haddon')"
ufc-macau-4188,UFC Macau,2026-05-30,https://www.bestfightodds.com/events/ufc-macau-4188,43331,Ding Meng,Jose Henrique,/fighters/ding-meng-22070,/fighters/jose-henrique-13780,"('ding meng', 'jose henrique')"
ufc-macau-4188,UFC Macau,2026-05-30,https://www.bestfightodds.com/events/ufc-macau-4188,43416,Luis Gurule,Rei Tsuruya,/fighters/luis-gurule-13855,/fighters/rei-tsuruya-15872,"('luis gurule', 'rei tsuruya')"
ufc-macau-4188,UFC Macau,2026-05-30,https://www.bestfightodds.com/events/ufc-macau-4188,43334,Angela Hill,Xiong Jingnan,/fighters/angela-hill-5348,/fighters/xiong-jingnan-7759,"('angela hill', 'xiong jingnan')"
ufc-macau-4188,UFC Macau,2026-05-30,https://www.bestfightodds.com/events/ufc-macau-4188,43404,Kangjie Zhu,Rodrigo Vera,/fighters/kangjie-zhu-17657,/fighters/rodrigo-vera-9204,"('kangjie zhu', 'rodrigo vera')"
ufc-macau-4188,UFC Macau,2026-05-30,https://www.bestfightodds.com/events/ufc-macau-4188,43336,Jaqueline Amorim,Loma Lookboonmee,/fighters/jaqueline-amorim-10780,/fighters/loma-lookboonmee-7834,"('jaqueline amorim', 'loma lookboonmee')"
ufc-bjj-9-4220,UFC BJJ 9,2026-06-05,https://www.bestfightodds.com/events/ufc-bjj-9-4220,43535,Devhonte Johnson,Mason Fowler,/fighters/devhonte-johnson-14470,/fighters/mason-fowler-14457,"('devhonte johnson', 'mason fowler')"
ufc-bjj-9-4220,UFC BJJ 9,2026-06-05,https://www.bestfightodds.com/events/ufc-bjj-9-4220,43537,Joao Nicolite,Nick Rodriguez,/fighters/joao-nicolite-22193,/fighters/nick-rodriguez-13065,"('joao nicolite', 'nick rodriguez')"
ufc-bjj-9-4220,UFC BJJ 9,2026-06-05,https://www.bestfightodds.com/events/ufc-bjj-9-4220,43538,Amanda Bruse,Ffion Davies,/fighters/amanda-bruse-22194,/fighters/ffion-davies-14421,"('amanda bruse', 'ffion davies')"
ufc-bjj-9-4220,UFC BJJ 9,2026-06-05,https://www.bestfightodds.com/events/ufc-bjj-9-4220,43539,Bella Mir,Nichelle Johnson,/fighters/bella-mir-20577,/fighters/nichelle-johnson-22195,"('bella mir', 'nichelle johnson')"
ufc-bjj-9-4220,UFC BJJ 9,2026-06-05,https://www.bestfightodds.com/events/ufc-bjj-9-4220,43540,Achilles Rocha,Filipe Pimentel,/fighters/achilles-rocha-22196,/fighters/filipe-pimentel-22197,"('achilles rocha', 'filipe pimentel')"
ufc-bjj-9-4220,UFC BJJ 9,2026-06-05,https://www.bestfightodds.com/events/ufc-bjj-9-4220,43541,John Chandler,Raphael Ferreira,/fighters/john-chandler-22198,/fighters/raphael-ferreira-21740,"('john chandler', 'raphael ferreira')"
ufc-bjj-9-4220,UFC BJJ 9,2026-06-05,https://www.bestfightodds.com/events/ufc-bjj-9-4220,43542,Mourece Ramirez,Victor Delibero,/fighters/mourece-ramirez-22199,/fighters/victor-delibero-22200,"('mourece ramirez', 'victor delibero')"
ufc-bjj-9-4220,UFC BJJ 9,2026-06-05,https://www.bestfightodds.com/events/ufc-bjj-9-4220,43543,Amanda Mazza,Juliana Lima,/fighters/amanda-mazza-15038,/fighters/juliana-lima-5234,"('amanda mazza', 'juliana lima')"
ufc-bjj-9-4220,UFC BJJ 9,2026-06-05,https://www.bestfightodds.com/events/ufc-bjj-9-4220,43592,Gilbert Burns,Horlando Monteiro,/fighters/gilbert-burns-4747,/fighters/horlando-monteiro-22224,"('gilbert burns', 'horlando monteiro')"
ufc-vegas-118-4200,UFC Vegas 118,2026-06-06,https://www.bestfightodds.com/events/ufc-vegas-118-4200,43417,Belal Muhammad,Gabriel Bonfim,/fighters/belal-muhammad-3777,/fighters/gabriel-bonfim-11752,"('belal muhammad', 'gabriel bonfim')"
ufc-vegas-118-4200,UFC Vegas 118,2026-06-06,https://www.bestfightodds.com/events/ufc-vegas-118-4200,43418,Brendan Allen,Edmen Shahbazyan,/fighters/brendan-allen-6203,/fighters/edmen-shahbazyan-8418,"('brendan allen', 'edmen shahbazyan')"
ufc-vegas-118-4200,UFC Vegas 118,2026-06-06,https://www.bestfightodds.com/events/ufc-vegas-118-4200,43421,Fares Ziam,Tom Nolan,/fighters/fares-ziam-9451,/fighters/tom-nolan-16303,"('fares ziam', 'tom nolan')"
ufc-vegas-118-4200,UFC Vegas 118,2026-06-06,https://www.bestfightodds.com/events/ufc-vegas-118-4200,43509,Bryce Mitchell,Santiago Luna,/fighters/bryce-mitchell-6135,/fighters/santiago-luna-19813,"('bryce mitchell', 'santiago luna')"
ufc-vegas-118-4200,UFC Vegas 118,2026-06-06,https://www.bestfightodds.com/events/ufc-vegas-118-4200,43462,Iwo Baraniewski,Junior Tafa,/fighters/iwo-baraniewski-19868,/fighters/junior-tafa-14832,"('iwo baraniewski', 'jr tafa')"
ufc-vegas-118-4200,UFC Vegas 118,2026-06-06,https://www.bestfightodds.com/events/ufc-vegas-118-4200,43510,Alessandro Costa,Matt Schnell,/fighters/alessandro-costa-14121,/fighters/matt-schnell-3492,"('alessandro costa', 'matt schnell')"
ufc-vegas-118-4200,UFC Vegas 118,2026-06-06,https://www.bestfightodds.com/events/ufc-vegas-118-4200,43422,John Yannis,Marcus McGhee,/fighters/john-yannis-12315,/fighters/marcus-mcghee-14050,"('john yannis', 'marcus mcghee')"
ufc-vegas-118-4200,UFC Vegas 118,2026-06-06,https://www.bestfightodds.com/events/ufc-vegas-118-4200,43419,Bruno Silva,Edgar Chairez,/fighters/bruno-silva-7121,/fighters/edgar-chairez-9509,"('bruno silva', 'edgar chairez')"
ufc-vegas-118-4200,UFC Vegas 118,2026-06-06,https://www.bestfightodds.com/events/ufc-vegas-118-4200,43424,Chelsea Chandler,Priscila Cachoeira,/fighters/chelsea-chandler-7946,/fighters/priscila-cachoeira-7754,"('chelsea chandler', 'priscila cachoeira')"
ufc-vegas-118-4200,UFC Vegas 118,2026-06-06,https://www.bestfightodds.com/events/ufc-vegas-118-4200,43425,Joanderson Brito,Jordan Leavitt,/fighters/joanderson-brito-9135,/fighters/jordan-leavitt-10210,"('joanderson brito', 'jordan leavitt')"
ufc-vegas-118-4200,UFC Vegas 118,2026-06-06,https://www.bestfightodds.com/events/ufc-vegas-118-4200,43463,Jeisla Chaves,Yuneisy Duben,/fighters/jeisla-chaves-19899,/fighters/yuneisy-duben-18278,"('jeisla chaves', 'yuneisy duben')"
ufc-vegas-118-4200,UFC Vegas 118,2026-06-06,https://www.bestfightodds.com/events/ufc-vegas-118-4200,43498,Ariane Carnelossi,Ketlen Souza,/fighters/ariane-carnelossi-9317,/fighters/ketlen-souza-13460,"('ariane carnelossi', 'ketlen souza')"
ufc-vegas-119-4225,UFC Vegas 119,2026-06-20,https://www.bestfightodds.com/events/ufc-vegas-119-4225,43626,Ion Cutelaba,Navajo Stirling,/fighters/ion-cutelaba-4315,/fighters/navajo-stirling-18344,"('ion cutelaba', 'navajo stirling')"
ufc-vegas-119-4225,UFC Vegas 119,2026-06-20,https://www.bestfightodds.com/events/ufc-vegas-119-4225,43628,Christian Rodriguez,Hyder Amil,/fighters/christian-rodriguez-9146,/fighters/hyder-amil-8178,"('christian rodriguez', 'hyder amil')"
ufc-vegas-119-4225,UFC Vegas 119,2026-06-20,https://www.bestfightodds.com/events/ufc-vegas-119-4225,43647,Melsik Baghdasaryan,Murtazali Magomedov,/fighters/melsik-baghdasaryan-10282,/fighters/murtazali-magomedov-19901,"('melsik baghdasaryan', 'murtazali magomedov')"
ufc-vegas-119-4225,UFC Vegas 119,2026-06-20,https://www.bestfightodds.com/events/ufc-vegas-119-4225,43627,Andre Fili,Vinicius Oliveira,/fighters/andre-fili-4466,/fighters/vinicius-oliveira-16540,"('andre fili', 'vinicius oliveira')"
ufc-vegas-119-4225,UFC Vegas 119,2026-06-20,https://www.bestfightodds.com/events/ufc-vegas-119-4225,43646,Andre Lima,Kevin Borjas,/fighters/andre-lima-16132,/fighters/kevin-borjas-9841,"('andre lima', 'kevin borjas')"
ufc-vegas-119-4225,UFC Vegas 119,2026-06-20,https://www.bestfightodds.com/events/ufc-vegas-119-4225,43648,Bia Mesquita,Melissa Mullins,/fighters/bia-mesquita-14422,/fighters/melissa-mullins-17402,"('bia mesquita', 'melissa mullins')"
ufc-vegas-119-4225,UFC Vegas 119,2026-06-20,https://www.bestfightodds.com/events/ufc-vegas-119-4225,43629,Allan Nascimento,Mitch Raposo,/fighters/allan-nascimento-6373,/fighters/mitch-raposo-10778,"('allan nascimento', 'mitch raposo')"
ufc-vegas-119-4225,UFC Vegas 119,2026-06-20,https://www.bestfightodds.com/events/ufc-vegas-119-4225,43632,Gaston Bolanos,Michael Aswell,/fighters/gaston-bolanos-6991,/fighters/michael-aswell-12369,"('gaston bolanos', 'michael aswell')"
ufc-vegas-119-4225,UFC Vegas 119,2026-06-20,https://www.bestfightodds.com/events/ufc-vegas-119-4225,43674,Leon Shahbazyan,Levan Chokheli,/fighters/leon-shahbazyan-9169,/fighters/levan-chokheli-11372,"('leon shahbazyan', 'levan chokheli')"
ufc-vegas-119-4225,UFC Vegas 119,2026-06-20,https://www.bestfightodds.com/events/ufc-vegas-119-4225,43630,Karol Rosa,Luana Santos,/fighters/karol-rosa-9417,/fighters/luana-santos-14049,"('karol rosa', 'luana santos')"
ufc-vegas-119-4225,UFC Vegas 119,2026-06-20,https://www.bestfightodds.com/events/ufc-vegas-119-4225,43675,Otari Tanzilovi,Shane Collins,/fighters/otari-tanzilovi-19145,/fighters/shane-collins-17726,"('otari tanzilovi', 'shane collins')"
ufc-vegas-119-4226,UFC Vegas 119,2026-06-21,https://www.bestfightodds.com/events/ufc-vegas-119-4226,43625,Kyoji Horiguchi,Manel Kape,/fighters/kyoji-horiguchi-4642,/fighters/manel-kape-7510,"('kyoji horiguchi', 'manel kape')"
ufc-fight-night-4230,UFC Fight Night,2026-06-27,https://www.bestfightodds.com/events/ufc-fight-night-4230,43673,Manuel Torres,Rafael Fiziev,/fighters/manuel-torres-11468,/fighters/rafael-fiziev-8258,"('manuel torres', 'rafael fiziev')"
ufc-fight-night-4230,UFC Fight Night,2026-06-27,https://www.bestfightodds.com/events/ufc-fight-night-4230,43770,Michel Pereira,Shara Magomedov,/fighters/michel-pereira-9071,/fighters/shara-magomedov-17740,"('michel pereira', 'shara magomedov')"
ufc-fight-night-4230,UFC Fight Night,2026-06-27,https://www.bestfightodds.com/events/ufc-fight-night-4230,43771,Matheus Camilo,Nazim Sadykhov,/fighters/matheus-camilo-13029,/fighters/nazim-sadykhov-9868,"('matheus camilo', 'nazim sadykhov')"
ufc-fight-night-4230,UFC Fight Night,2026-06-27,https://www.bestfightodds.com/events/ufc-fight-night-4230,43772,Asu Almabayev,Charles Johnson,/fighters/asu-almabayev-16167,/fighters/charles-johnson-7494,"('asu almabayev', 'charles johnson')"
ufc-fight-night-4230,UFC Fight Night,2026-06-27,https://www.bestfightodds.com/events/ufc-fight-night-4230,43773,Brunno Ferreira,Ikram Aliskerov,/fighters/brunno-ferreira-14404,/fighters/ikram-aliskerov-10994,"('brunno ferreira', 'ikram aliskerov')"
ufc-fight-night-4230,UFC Fight Night,2026-06-27,https://www.bestfightodds.com/events/ufc-fight-night-4230,43774,Abus Magomedov,Michal Oleksiejczuk,/fighters/abus-magomedov-16645,/fighters/michal-oleksiejczuk-7639,"('abus magomedov', 'michal oleksiejczuk')"
ufc-fight-night-4230,UFC Fight Night,2026-06-27,https://www.bestfightodds.com/events/ufc-fight-night-4230,43775,Eric Nolan,Farman Hasanov,/fighters/eric-nolan-7010,/fighters/farman-hasanov-17227,"('eric nolan', 'farman hasanov')"
ufc-fight-night-4230,UFC Fight Night,2026-06-27,https://www.bestfightodds.com/events/ufc-fight-night-4230,43776,Abdul Rakhman Yakhyaev,Julius Walker,/fighters/abdul-rakhman-yakhyaev-21618,/fighters/julius-walker-19178,"('abdul rakhman yakhyaev', 'julius walker')"
ufc-fight-night-4230,UFC Fight Night,2026-06-27,https://www.bestfightodds.com/events/ufc-fight-night-4230,43777,Andrey Pulyaev,Nursulton Ruziboev,/fighters/andrey-pulyaev-18270,/fighters/nursulton-ruziboev-10851,"('andrey pulyaev', 'nursulton ruziboev')"
ufc-fight-night-4230,UFC Fight Night,2026-06-27,https://www.bestfightodds.com/events/ufc-fight-night-4230,43778,Javier Reyes,Kaan Ofli,/fighters/javier-reyes-17630,/fighters/kaan-ofli-18252,"('javier reyes', 'kaan ofli')"
ufc-fight-night-4230,UFC Fight Night,2026-06-27,https://www.bestfightodds.com/events/ufc-fight-night-4230,43779,Daniil Donchenko,Theodor Berggren,/fighters/daniil-donchenko-19821,/fighters/theodor-berggren-13364,"('daniil donchenko', 'theodor berggren')"
ufc-fight-night-4230,UFC Fight Night,2026-06-27,https://www.bestfightodds.com/events/ufc-fight-night-4230,43780,Bekzat Almakhan,Jean Matsumoto,/fighters/bekzat-almakhan-15004,/fighters/jean-matsumoto-14110,"('bekzat almakhan', 'jean matsumoto')"
ufc-fight-night-4230,UFC Fight Night,2026-06-27,https://www.bestfightodds.com/events/ufc-fight-night-4230,43802,Jefferson Nascimento,Tahir Abdullayev,/fighters/jefferson-nascimento-13783,/fighters/tahir-abdullayev-22321,"('jefferson nascimento', 'tahir abdullayev')"
ufc-oklahoma-4195,UFC Oklahoma,2026-07-18,https://www.bestfightodds.com/events/ufc-oklahoma-4195,43385,Dricus Du Plessis,Kamaru Usman,/fighters/dricus-du-plessis-7951,/fighters/kamaru-usman-4664,"('dricus du plessis', 'kamaru usman')"
ufc-oklahoma-4195,UFC Oklahoma,2026-07-18,https://www.bestfightodds.com/events/ufc-oklahoma-4195,43978,Christian Leroy Duncan,Jared Cannonier,/fighters/christian-leroy-duncan-12577,/fighters/jared-cannonier-5333,"('christian leroy duncan', 'jared cannonier')"
ufc-oklahoma-4195,UFC Oklahoma,2026-07-18,https://www.bestfightodds.com/events/ufc-oklahoma-4195,43980,Chase Hooper,Mitch Ramirez,/fighters/chase-hooper-8425,/fighters/mitch-ramirez-15736,"('chase hooper', 'mitch ramirez')"
ufc-oklahoma-4195,UFC Oklahoma,2026-07-18,https://www.bestfightodds.com/events/ufc-oklahoma-4195,43981,Fatima Kline,Tabatha Ricci,/fighters/fatima-kline-11138,/fighters/tabatha-ricci-10312,"('fatima kline', 'tabatha ricci')"
ufc-oklahoma-4195,UFC Oklahoma,2026-07-18,https://www.bestfightodds.com/events/ufc-oklahoma-4195,43982,Alberto Montes,Tommy McMillen,/fighters/alberto-montes-9381,/fighters/tommy-mcmillen-18277,"('alberto montes', 'tommy mcmillen')"
ufc-oklahoma-4195,UFC Oklahoma,2026-07-18,https://www.bestfightodds.com/events/ufc-oklahoma-4195,43992,Austin Bashi,Jose Delgado,/fighters/austin-bashi-10472,/fighters/jose-delgado-18000,"('austin bashi', 'jose delgado')"
ufc-oklahoma-4195,UFC Oklahoma,2026-07-18,https://www.bestfightodds.com/events/ufc-oklahoma-4195,43993,Jean-Paul Lebosnoyani,Seok Hyun Ko,/fighters/jean-paul-lebosnoyani-14163,/fighters/seok-hyun-ko-18275,"('jean paul lebosnoyani', 'seok hyun ko')"
ufc-oklahoma-4195,UFC Oklahoma,2026-07-18,https://www.bestfightodds.com/events/ufc-oklahoma-4195,43983,Felipe Franco,Levi Rodrigues,/fighters/felipe-franco-19819,/fighters/levi-rodrigues-14715,"('felipe franco', 'levi rodrigues')"
ufc-oklahoma-4195,UFC Oklahoma,2026-07-18,https://www.bestfightodds.com/events/ufc-oklahoma-4195,44109,Damien Anderson,Erza Elliot,/fighters/damien-anderson-17862,/fighters/erza-elliot-22457,"('damien anderson', 'erza elliot')"
ufc-oklahoma-4195,UFC Oklahoma,2026-07-18,https://www.bestfightodds.com/events/ufc-oklahoma-4195,43984,Alden Coria,Stewart Nicoll,/fighters/alden-coria-10859,/fighters/stewart-nicoll-18148,"('alden coria', 'stewart nicoll')"
ufc-oklahoma-4195,UFC Oklahoma,2026-07-18,https://www.bestfightodds.com/events/ufc-oklahoma-4195,44008,Alvin Hines,Rj Harris,/fighters/alvin-hines-17040,/fighters/rj-harris-20444,"('alvin hines', 'rj harris')"
ufc-oklahoma-4195,UFC Oklahoma,2026-07-18,https://www.bestfightodds.com/events/ufc-oklahoma-4195,43986,Anna Melisano,Dione Barbosa,/fighters/anna-melisano-20700,/fighters/dione-barbosa-12811,"('anna melisano', 'dione barbosa')"
ufc-abu-dhabi-4216,UFC Abu Dhabi,2026-07-25,https://www.bestfightodds.com/events/ufc-abu-dhabi-4216,44101,Bogdan Guskov,Magomed Ankalaev,/fighters/bogdan-guskov-16384,/fighters/magomed-ankalaev-7794,"('bogdan guskov', 'magomed ankalaev')"
ufc-abu-dhabi-4216,UFC Abu Dhabi,2026-07-25,https://www.bestfightodds.com/events/ufc-abu-dhabi-4216,44097,Ramazan Temirov,Steve Erceg,/fighters/ramazan-temirov-18532,/fighters/steve-erceg-17167,"('ramazan temirov', 'steve erceg')"
ufc-abu-dhabi-4216,UFC Abu Dhabi,2026-07-25,https://www.bestfightodds.com/events/ufc-abu-dhabi-4216,44098,Islam Dulatov,Wellington Turman,/fighters/islam-dulatov-14955,/fighters/wellington-turman-9275,"('islam dulatov', 'wellington turman')"
ufc-abu-dhabi-4216,UFC Abu Dhabi,2026-07-25,https://www.bestfightodds.com/events/ufc-abu-dhabi-4216,44099,Damian Rzepecki,Magomed Zaynukov,/fighters/damian-rzepecki-14284,/fighters/magomed-zaynukov-18086,"('damian rzepecki', 'magomed zaynukov')"
ufc-abu-dhabi-4216,UFC Abu Dhabi,2026-07-25,https://www.bestfightodds.com/events/ufc-abu-dhabi-4216,44100,Rizvan Kuniev,Tyrell Fortune,/fighters/rizvan-kuniev-12573,/fighters/tyrell-fortune-6735,"('rizvan kuniev', 'tyrell fortune')"
ufc-abu-dhabi-4216,UFC Abu Dhabi,2026-07-25,https://www.bestfightodds.com/events/ufc-abu-dhabi-4216,44139,Abubakar Vagaev,Saygid Izagakhmaev,/fighters/abubakar-vagaev-10217,/fighters/saygid-izagakhmaev-8267,"('abubakar vagaev', 'saygid izagakhmaev')"
ufc-abu-dhabi-4216,UFC Abu Dhabi,2026-07-25,https://www.bestfightodds.com/events/ufc-abu-dhabi-4216,44103,Thomas Petersen,Valter Walker,/fighters/thomas-petersen-10546,/fighters/valter-walker-17371,"('thomas petersen', 'valter walker')"
ufc-abu-dhabi-4216,UFC Abu Dhabi,2026-07-25,https://www.bestfightodds.com/events/ufc-abu-dhabi-4216,44107,Dustin Jacoby,Muhammad Said,/fighters/dustin-jacoby-2939,/fighters/muhammad-said-22007,"('dustin jacoby', 'muhammad said')"
ufc-abu-dhabi-4216,UFC Abu Dhabi,2026-07-25,https://www.bestfightodds.com/events/ufc-abu-dhabi-4216,44106,Sam Patterson,Santiago Ponzinibbio,/fighters/sam-patterson-11410,/fighters/santiago-ponzinibbio-4415,"('sam patterson', 'santiago ponzinibbio')"
ufc-abu-dhabi-4216,UFC Abu Dhabi,2026-07-25,https://www.bestfightodds.com/events/ufc-abu-dhabi-4216,44108,Axel Sola,Ismael Bonfim,/fighters/axel-sola-11006,/fighters/ismael-bonfim-11723,"('axel sola', 'ismael bonfim')"
ufc-abu-dhabi-4216,UFC Abu Dhabi,2026-07-25,https://www.bestfightodds.com/events/ufc-abu-dhabi-4216,44104,Brendson Ribeiro,Magomed Tuchalov,/fighters/brendson-ribeiro-13392,/fighters/magomed-tuchalov-19566,"('brendson ribeiro', 'magomed tuchalov')"
ufc-abu-dhabi-4216,UFC Abu Dhabi,2026-07-25,https://www.bestfightodds.com/events/ufc-abu-dhabi-4216,44105,Mike Davis,Nurullo Aliev,/fighters/mike-davis-8423,/fighters/nurullo-aliev-11078,"('mike davis', 'nurullo aliev')"
ufc-abu-dhabi-4216,UFC Abu Dhabi,2026-07-25,https://www.bestfightodds.com/events/ufc-abu-dhabi-4216,44102,Abdul Hussein,Cody Gibson,/fighters/abdul-hussein-7518,/fighters/cody-gibson-1915,"('abdul hussein', 'cody gibson')"
ufc-belgrade-4285,UFC Belgrade,2026-08-01,https://www.bestfightodds.com/events/ufc-belgrade-4285,44217,Daniel Rodriguez,Uros Medic,/fighters/daniel-rodriguez-6856,/fighters/uros-medic-10229,"('daniel rodriguez', 'uros medic')"
ufc-belgrade-4285,UFC Belgrade,2026-08-01,https://www.bestfightodds.com/events/ufc-belgrade-4285,44218,Jan Blachowicz,Navajo Stirling,/fighters/jan-blachowicz-2371,/fighters/navajo-stirling-18344,"('jan blachowicz', 'navajo stirling')"
ufc-belgrade-4285,UFC Belgrade,2026-08-01,https://www.bestfightodds.com/events/ufc-belgrade-4285,44219,Aleksandar Rakic,Marcin Tybura,/fighters/aleksandar-rakic-7356,/fighters/marcin-tybura-6200,"('aleksandar rakic', 'marcin tybura')"
ufc-belgrade-4285,UFC Belgrade,2026-08-01,https://www.bestfightodds.com/events/ufc-belgrade-4285,44221,Gilbert Urbina,Vlasto Cepo,/fighters/gilbert-urbina-8520,/fighters/vlasto-cepo-10177,"('gilbert urbina', 'vlasto cepo')"
ufc-belgrade-4285,UFC Belgrade,2026-08-01,https://www.bestfightodds.com/events/ufc-belgrade-4285,44220,Dusko Todorovic,Robert Valentin,/fighters/dusko-todorovic-9397,/fighters/robert-valentin-13471,"('dusko todorovic', 'robert valentin')"
ufc-belgrade-4285,UFC Belgrade,2026-08-01,https://www.bestfightodds.com/events/ufc-belgrade-4285,44228,Milos Janicic,Noah Gugnon,/fighters/milos-janicic-9056,/fighters/noah-gugnon-16515,"('milos janicic', 'noah gugnon')"
ufc-belgrade-4285,UFC Belgrade,2026-08-01,https://www.bestfightodds.com/events/ufc-belgrade-4285,44222,Ludovit Klein,Tofiq Musayev,/fighters/ludovit-klein-7610,/fighters/tofiq-musayev-13682,"('ludovit klein', 'tofiq musayev')"
ufc-belgrade-4285,UFC Belgrade,2026-08-01,https://www.bestfightodds.com/events/ufc-belgrade-4285,44223,Michael Oliveira,Oban Elliott,/fighters/michael-oliveira-15143,/fighters/oban-elliott-9107,"('michael oliveira', 'oban elliott')"
ufc-belgrade-4285,UFC Belgrade,2026-08-01,https://www.bestfightodds.com/events/ufc-belgrade-4285,44240,Borislav Nikolic,Mark Vologdin,/fighters/borislav-nikolic-10871,/fighters/mark-vologdin-16787,"('borislav nikolic', 'mark vologdin')"
ufc-belgrade-4285,UFC Belgrade,2026-08-01,https://www.bestfightodds.com/events/ufc-belgrade-4285,44225,Bogdan Grad,Dennis Buzukia,/fighters/bogdan-grad-16302,/fighters/dennis-buzukia-16274,"('bogdan grad', 'dennis buzukia')"
ufc-belgrade-4285,UFC Belgrade,2026-08-01,https://www.bestfightodds.com/events/ufc-belgrade-4285,44226,Kyle Prepolec,Mateusz Rebecki,/fighters/kyle-prepolec-3617,/fighters/mateusz-rebecki-10102,"('kyle prepolec', 'mateusz rebecki')"
ufc-belgrade-4285,UFC Belgrade,2026-08-01,https://www.bestfightodds.com/events/ufc-belgrade-4285,44227,Hailey Cowan,Nina Milosevic,/fighters/hailey-cowan-8154,/fighters/nina-milosevic-16678,"('hailey cowan', 'nina milosevic')"
ufc-belgrade-4285,UFC Belgrade,2026-08-01,https://www.bestfightodds.com/events/ufc-belgrade-4285,44230,Alexander Poppeck,Jovan Leka,/fighters/alexander-poppeck-6696,/fighters/jovan-leka-20125,"('alexander poppeck', 'jovan leka')"
ufc-belgrade-4285,UFC Belgrade,2026-08-01,https://www.bestfightodds.com/events/ufc-belgrade-4285,44229,Marina Spasic,Stephanie Luciano,/fighters/marina-spasic-14299,/fighters/stephanie-luciano-11737,"('marina spasic', 'stephanie luciano')"
ufc-belgrade-4285,UFC Belgrade,2026-08-01,https://www.bestfightodds.com/events/ufc-belgrade-4285,44224,Josias Musasa,Mark Vologdin,/fighters/josias-musasa-18383,/fighters/mark-vologdin-16787,"('josias musasa', 'mark vologdin')"
ufc-vegas-120-4301,UFC Vegas 120,2026-08-08,https://www.bestfightodds.com/events/ufc-vegas-120-4301,44323,Mateusz Gamrot,Quillan Salkilld,/fighters/mateusz-gamrot-4189,/fighters/quillan-salkilld-16405,"('mateusz gamrot', 'quillan salkilld')"
ufc-vegas-120-4301,UFC Vegas 120,2026-08-08,https://www.bestfightodds.com/events/ufc-vegas-120-4301,44324,Billy Quarantillo,Diego Ferreira,/fighters/billy-quarantillo-4159,/fighters/diego-ferreira-5180,"('billy quarantillo', 'diego ferreira')"
ufc-vegas-120-4301,UFC Vegas 120,2026-08-08,https://www.bestfightodds.com/events/ufc-vegas-120-4301,44325,Darren Elkins,Yadier Del Valle,/fighters/darren-elkins-1768,/fighters/yadier-del-valle-20222,"('darren elkins', 'yadier del valle')"
ufc-vegas-120-4301,UFC Vegas 120,2026-08-08,https://www.bestfightodds.com/events/ufc-vegas-120-4301,44329,Alexia Thainara,Amanda Lemos,/fighters/alexia-thainara-15137,/fighters/amanda-lemos-7335,"('alexia thainara', 'amanda lemos')"
ufc-vegas-120-4301,UFC Vegas 120,2026-08-08,https://www.bestfightodds.com/events/ufc-vegas-120-4301,44326,Billy Ray Goff,Ty Miller,/fighters/billy-ray-goff-19415,/fighters/ty-miller-13657,"('billy ray goff', 'ty miller')"
ufc-vegas-120-4301,UFC Vegas 120,2026-08-08,https://www.bestfightodds.com/events/ufc-vegas-120-4301,44328,Guilherme Pat,Steven Asplund,/fighters/guilherme-pat-18297,/fighters/steven-asplund-17029,"('guilherme pat', 'steven asplund')"
ufc-vegas-120-4301,UFC Vegas 120,2026-08-08,https://www.bestfightodds.com/events/ufc-vegas-120-4301,44331,Bruno Lopes,Diyar Nurgozhay,/fighters/bruno-lopes-14106,/fighters/diyar-nurgozhay-11550,"('bruno lopes', 'diyar nurgozhay')"
ufc-vegas-120-4301,UFC Vegas 120,2026-08-08,https://www.bestfightodds.com/events/ufc-vegas-120-4301,44327,Jose Montanha,Louie Sutherland,/fighters/jose-montanha-22586,/fighters/louie-sutherland-14257,"('jose montanha', 'louie sutherland')"
ufc-vegas-120-4301,UFC Vegas 120,2026-08-08,https://www.bestfightodds.com/events/ufc-vegas-120-4301,44335,Manoel Sousa,Richie Miranda,/fighters/manoel-sousa-13839,/fighters/richie-miranda-12672,"('manoel sousa', 'richie miranda')"
ufc-vegas-120-4301,UFC Vegas 120,2026-08-08,https://www.bestfightodds.com/events/ufc-vegas-120-4301,44409,Gianni Vazquez,Miles Johns,/fighters/gianni-vazquez-13385,/fighters/miles-johns-5373,"('gianni vazquez', 'miles johns')"
ufc-vegas-120-4301,UFC Vegas 120,2026-08-08,https://www.bestfightodds.com/events/ufc-vegas-120-4301,44330,Juliana Miller,Ravena Oliveira,/fighters/juliana-miller-10428,/fighters/ravena-oliveira-16593,"('juliana miller', 'ravena oliveira')"
ufc-vegas-120-4301,UFC Vegas 120,2026-08-08,https://www.bestfightodds.com/events/ufc-vegas-120-4301,44395,Carol Foro,Gigi Canuto,/fighters/carol-foro-17096,/fighters/gigi-canuto-18625,"('carol foro', 'gigi canuto')"
ufc-vegas-120-4301,UFC Vegas 120,2026-08-08,https://www.bestfightodds.com/events/ufc-vegas-120-4301,44334,Jessie Rosas,Miles Johns,/fighters/jessie-rosas-17426,/fighters/miles-johns-5373,"('jessie rosas', 'miles johns')"
noche-ufc-4299,Noche UFC,2026-08-13,https://www.bestfightodds.com/events/noche-ufc-4299,44360,Jean Silva,Yair Rodriguez,/fighters/jean-silva-554,/fighters/yair-rodriguez-5292,"('jean silva', 'yair rodriguez')"
ufc-330-4237,UFC 330,2026-08-15,https://www.bestfightodds.com/events/ufc-330-4237,43741,Ian Machado Garry,Islam Makhachev,/fighters/ian-machado-garry-15690,/fighters/islam-makhachev-5541,"('ian machado garry', 'islam makhachev')"
ufc-330-4237,UFC 330,2026-08-15,https://www.bestfightodds.com/events/ufc-330-4237,43742,Gillian Robertson,Mackenzie Dern,/fighters/gillian-robertson-7784,/fighters/mackenzie-dern-6488,"('gillian robertson', 'mackenzie dern')"
ufc-330-4237,UFC 330,2026-08-15,https://www.bestfightodds.com/events/ufc-330-4237,44349,Jalin Turner,Kaue Fernandes,/fighters/jalin-turner-6854,/fighters/kaue-fernandes-11734,"('jalin turner', 'kaue fernandes')"
ufc-330-4237,UFC 330,2026-08-15,https://www.bestfightodds.com/events/ufc-330-4237,44347,Dustin Stoltzfus,Mansur Abdul-Malik,/fighters/dustin-stoltzfus-10214,/fighters/mansur-abdul-malik-12720,"('dustin stoltzfus', 'mansur abdul malik')"
ufc-330-4237,UFC 330,2026-08-15,https://www.bestfightodds.com/events/ufc-330-4237,44351,Edson Barboza,Esteban Ribovics,/fighters/edson-barboza-2099,/fighters/esteban-ribovics-14245,"('edson barboza', 'esteban ribovics')"
ufc-330-4237,UFC 330,2026-08-15,https://www.bestfightodds.com/events/ufc-330-4237,44359,Chidi Njokuani,Joel Alvarez,/fighters/chidi-njokuani-2452,/fighters/joel-alvarez-8910,"('chidi njokuani', 'joel alvarez')"
ufc-330-4237,UFC 330,2026-08-15,https://www.bestfightodds.com/events/ufc-330-4237,44354,Donte Johnson,Eric McConico,/fighters/donte-johnson-19752,/fighters/eric-mcconico-15806,"('donte johnson', 'eric mcconico')"
ufc-330-4237,UFC 330,2026-08-15,https://www.bestfightodds.com/events/ufc-330-4237,44353,Tresean Gore,Vicente Luque,/fighters/tresean-gore-12266,/fighters/vicente-luque-5744,"('tresean gore', 'vicente luque')"
ufc-330-4237,UFC 330,2026-08-15,https://www.bestfightodds.com/events/ufc-330-4237,44355,Lucas Fernando,Rafael Tobias,/fighters/lucas-fernando-11739,/fighters/rafael-tobias-16116,"('lucas fernando', 'rafael tobias')"
ufc-330-4237,UFC 330,2026-08-15,https://www.bestfightodds.com/events/ufc-330-4237,44350,Neil Magny,Ramiz Brahimaj,/fighters/neil-magny-3807,/fighters/ramiz-brahimaj-7724,"('neil magny', 'ramiz brahimaj')"
ufc-330-4237,UFC 330,2026-08-15,https://www.bestfightodds.com/events/ufc-330-4237,44348,Jeremiah Wells,Myktybek Orolbai,/fighters/jeremiah-wells-8059,/fighters/myktybek-orolbai-16276,"('jeremiah wells', 'myktybek orolbai')"
ufc-330-4237,UFC 330,2026-08-15,https://www.bestfightodds.com/events/ufc-330-4237,44352,Charles Johnson,Jose Ochoa,/fighters/charles-johnson-7494,/fighters/jose-ochoa-16739,"('charles johnson', 'jose ochoa')"
ufc-330-4297,UFC 330,2026-08-15,https://www.bestfightodds.com/events/ufc-330-4297,43741,Ian Machado Garry,Islam Makhachev,/fighters/ian-machado-garry-15690,/fighters/islam-makhachev-5541,"('ian machado garry', 'islam makhachev')"
ufc-330-4297,UFC 330,2026-08-15,https://www.bestfightodds.com/events/ufc-330-4297,43742,Gillian Robertson,Mackenzie Dern,/fighters/gillian-robertson-7784,/fighters/mackenzie-dern-6488,"('gillian robertson', 'mackenzie dern')"
ufc-330-4297,UFC 330,2026-08-15,https://www.bestfightodds.com/events/ufc-330-4297,44349,Jalin Turner,Kaue Fernandes,/fighters/jalin-turner-6854,/fighters/kaue-fernandes-11734,"('jalin turner', 'kaue fernandes')"
ufc-330-4297,UFC 330,2026-08-15,https://www.bestfightodds.com/events/ufc-330-4297,44347,Dustin Stoltzfus,Mansur Abdul-Malik,/fighters/dustin-stoltzfus-10214,/fighters/mansur-abdul-malik-12720,"('dustin stoltzfus', 'mansur abdul malik')"
ufc-330-4297,UFC 330,2026-08-15,https://www.bestfightodds.com/events/ufc-330-4297,44351,Edson Barboza,Esteban Ribovics,/fighters/edson-barboza-2099,/fighters/esteban-ribovics-14245,"('edson barboza', 'esteban ribovics')"
ufc-330-4297,UFC 330,2026-08-15,https://www.bestfightodds.com/events/ufc-330-4297,44359,Chidi Njokuani,Joel Alvarez,/fighters/chidi-njokuani-2452,/fighters/joel-alvarez-8910,"('chidi njokuani', 'joel alvarez')"
ufc-330-4297,UFC 330,2026-08-15,https://www.bestfightodds.com/events/ufc-330-4297,44354,Donte Johnson,Eric McConico,/fighters/donte-johnson-19752,/fighters/eric-mcconico-15806,"('donte johnson', 'eric mcconico')"
ufc-330-4297,UFC 330,2026-08-15,https://www.bestfightodds.com/events/ufc-330-4297,44353,Tresean Gore,Vicente Luque,/fighters/tresean-gore-12266,/fighters/vicente-luque-5744,"('tresean gore', 'vicente luque')"
ufc-330-4297,UFC 330,2026-08-15,https://www.bestfightodds.com/events/ufc-330-4297,44355,Lucas Fernando,Rafael Tobias,/fighters/lucas-fernando-11739,/fighters/rafael-tobias-16116,"('lucas fernando', 'rafael tobias')"
ufc-330-4297,UFC 330,2026-08-15,https://www.bestfightodds.com/events/ufc-330-4297,44350,Neil Magny,Ramiz Brahimaj,/fighters/neil-magny-3807,/fighters/ramiz-brahimaj-7724,"('neil magny', 'ramiz brahimaj')"
ufc-330-4297,UFC 330,2026-08-15,https://www.bestfightodds.com/events/ufc-330-4297,44348,Jeremiah Wells,Myktybek Orolbai,/fighters/jeremiah-wells-8059,/fighters/myktybek-orolbai-16276,"('jeremiah wells', 'myktybek orolbai')"
ufc-330-4297,UFC 330,2026-08-15,https://www.bestfightodds.com/events/ufc-330-4297,44352,Charles Johnson,Jose Ochoa,/fighters/charles-johnson-7494,/fighters/jose-ochoa-16739,"('charles johnson', 'jose ochoa')"
ufc-bjj-10-4322,UFC BJJ 10,2026-08-21,https://www.bestfightodds.com/events/ufc-bjj-10-4322,44525,Andrew Tackett,Jonnatas Gracie,/fighters/andrew-tackett-20657,/fighters/jonnatas-gracie-12833,"('andrew tackett', 'jonnatas gracie')"
ufc-bjj-10-4322,UFC BJJ 10,2026-08-21,https://www.bestfightodds.com/events/ufc-bjj-10-4322,44526,Briana Ste-Marie,Rebeca Lima,/fighters/briana-ste-marie-22648,/fighters/rebeca-lima-21041,"('briana ste marie', 'rebeca lima')"
ufc-bjj-10-4322,UFC BJJ 10,2026-08-21,https://www.bestfightodds.com/events/ufc-bjj-10-4322,44527,Bre Stikk,Cassia Moura,/fighters/bre-stikk-22649,/fighters/cassia-moura-20008,"('bre stikk', 'cassia moura')"
ufc-bjj-10-4322,UFC BJJ 10,2026-08-21,https://www.bestfightodds.com/events/ufc-bjj-10-4322,44528,Adele Fornarino,Carol Brunacio,/fighters/adele-fornarino-14420,/fighters/carol-brunacio-21043,"('adele fornarino', 'carol brunacio')"
ufc-bjj-10-4322,UFC BJJ 10,2026-08-21,https://www.bestfightodds.com/events/ufc-bjj-10-4322,44529,Fedor Nikolov,William Tackett,/fighters/fedor-nikolov-22650,/fighters/william-tackett-14449,"('fedor nikolov', 'william tackett')"
ufc-bjj-10-4322,UFC BJJ 10,2026-08-21,https://www.bestfightodds.com/events/ufc-bjj-10-4322,44530,Jalen Fonacier,Mourece Ramirez,/fighters/jalen-fonacier-21046,/fighters/mourece-ramirez-22199,"('jalen fonacier', 'mourece ramirez')"
ufc-bjj-10-4322,UFC BJJ 10,2026-08-21,https://www.bestfightodds.com/events/ufc-bjj-10-4322,44531,Andy Varela,Vagner Rocha,/fighters/andy-varela-13037,/fighters/vagner-rocha-1087,"('andy varela', 'vagner rocha')"
ufc-bjj-10-4322,UFC BJJ 10,2026-08-21,https://www.bestfightodds.com/events/ufc-bjj-10-4322,44532,Ana Lima,Danielle Kelly,/fighters/ana-lima-22651,/fighters/danielle-kelly-13036,"('ana lima', 'danielle kelly')"
ufc-sacramento-4320,UFC Sacramento,2026-08-22,https://www.bestfightodds.com/events/ufc-sacramento-4320,44429,Anthony Hernandez,Gregory Rodrigues,/fighters/anthony-hernandez-6092,/fighters/gregory-rodrigues-6917,"('anthony hernandez', 'gregory rodrigues')"
ufc-sacramento-4320,UFC Sacramento,2026-08-22,https://www.bestfightodds.com/events/ufc-sacramento-4320,44431,Serghei Spivac,Vitor Petrino,/fighters/serghei-spivac-9985,/fighters/vitor-petrino-14346,"('serghei spivac', 'vitor petrino')"
ufc-sacramento-4320,UFC Sacramento,2026-08-22,https://www.bestfightodds.com/events/ufc-sacramento-4320,44430,Reinier de Ridder,Roman Dolidze,/fighters/reinier-de-ridder-8891,/fighters/roman-dolidze-9094,"('reinier de ridder', 'roman dolidze')"
ufc-sacramento-4320,UFC Sacramento,2026-08-22,https://www.bestfightodds.com/events/ufc-sacramento-4320,44433,Marquel Mederos,Mason Jones,/fighters/marquel-mederos-10796,/fighters/mason-jones-7156,"('marquel mederos', 'mason jones')"
ufc-sacramento-4320,UFC Sacramento,2026-08-22,https://www.bestfightodds.com/events/ufc-sacramento-4320,44436,Carli Judice,Jeisla Chaves,/fighters/carli-judice-16539,/fighters/jeisla-chaves-19899,"('carli judice', 'jeisla chaves')"
ufc-sacramento-4320,UFC Sacramento,2026-08-22,https://www.bestfightodds.com/events/ufc-sacramento-4320,44434,Jamall Emmers,Lerryan Douglas,/fighters/jamall-emmers-6475,/fighters/lerryan-douglas-15887,"('jamall emmers', 'lerryan douglas')"
ufc-sacramento-4320,UFC Sacramento,2026-08-22,https://www.bestfightodds.com/events/ufc-sacramento-4320,44432,Kennedy Nzechukwu,Shamil Gaziev,/fighters/kennedy-nzechukwu-7454,/fighters/shamil-gaziev-12522,"('kennedy nzechukwu', 'shamil gaziev')"
ufc-sacramento-4320,UFC Sacramento,2026-08-22,https://www.bestfightodds.com/events/ufc-sacramento-4320,44435,Chris Padilla,Nasrat Haqparast,/fighters/chris-padilla-6093,/fighters/nasrat-haqparast-7622,"('chris padilla', 'nasrat haqparast')"
ufc-sacramento-4320,UFC Sacramento,2026-08-22,https://www.bestfightodds.com/events/ufc-sacramento-4320,44522,Marcio Barbosa,Ryan Kuse,/fighters/marcio-barbosa-14704,/fighters/ryan-kuse-10517,"('marcio barbosa', 'ryan kuse')"
ufc-sacramento-4320,UFC Sacramento,2026-08-22,https://www.bestfightodds.com/events/ufc-sacramento-4320,44520,Gauge Young,Stanley Dorsainvil,/fighters/gauge-young-11235,/fighters/stanley-dorsainvil-18002,"('gauge young', 'stanley dorsainvil')"
ufc-sacramento-4320,UFC Sacramento,2026-08-22,https://www.bestfightodds.com/events/ufc-sacramento-4320,44437,Jackson McVey,Wes Schultz,/fighters/jackson-mcvey-15053,/fighters/wes-schultz-14304,"('jackson mcvey', 'wes schultz')"
ufc-sacramento-4320,UFC Sacramento,2026-08-22,https://www.bestfightodds.com/events/ufc-sacramento-4320,44518,Elise Reed,Shanelle Dyer,/fighters/elise-reed-9554,/fighters/shanelle-dyer-16552,"('elise reed', 'shanelle dyer')"
ufc-sacramento-4311,UFC Sacramento,2026-08-23,https://www.bestfightodds.com/events/ufc-sacramento-4311,44521,Anthony Wint,Terrance Chatman,/fighters/anthony-wint-16320,/fighters/terrance-chatman-19585,"('anthony wint', 'terrance chatman')"
road-to-ufc-4332,Road to UFC,2026-08-28,https://www.bestfightodds.com/events/road-to-ufc-4332,44628,Darrius Flowers,Maheshate,/fighters/darrius-flowers-8177,/fighters/maheshate-12733,"('darrius flowers', 'maheshate')"
road-to-ufc-4332,Road to UFC,2026-08-28,https://www.bestfightodds.com/events/road-to-ufc-4332,44629,Treston Vines,Yilizhati Maimaitijiang,/fighters/treston-vines-10774,/fighters/yilizhati-maimaitijiang-22680,"('treston vines', 'yilizhati maimaitijiang')"
road-to-ufc-4332,Road to UFC,2026-08-28,https://www.bestfightodds.com/events/road-to-ufc-4332,44630,Ahejiang Ailinuer,George Mangos,/fighters/ahejiang-ailinuer-22141,/fighters/george-mangos-19681,"('ahejiang ailinuer', 'george mangos')"
road-to-ufc-4332,Road to UFC,2026-08-28,https://www.bestfightodds.com/events/road-to-ufc-4332,44632,Kasib Murdoch,Rabindra Dhant,/fighters/kasib-murdoch-22147,/fighters/rabindra-dhant-19336,"('kasib murdoch', 'rabindra dhant')"
road-to-ufc-4332,Road to UFC,2026-08-28,https://www.bestfightodds.com/events/road-to-ufc-4332,44658,Bo Meng,Machi Fukuda,/fighters/bo-meng-14862,/fighters/machi-fukuda-16555,"('bo meng', 'machi fukuda')"
road-to-ufc-4332,Road to UFC,2026-08-28,https://www.bestfightodds.com/events/road-to-ufc-4332,44637,Machi Fukuda,Meng Bo,/fighters/machi-fukuda-16555,/fighters/meng-bo-9122,"('machi fukuda', 'meng bo')"
road-to-ufc-4332,Road to UFC,2026-08-28,https://www.bestfightodds.com/events/road-to-ufc-4332,44635,Joseph Larcinese,Takaya Suzuki,/fighters/joseph-larcinese-22153,/fighters/takaya-suzuki-20874,"('joseph larcinese', 'takaya suzuki')"
road-to-ufc-4332,Road to UFC,2026-08-28,https://www.bestfightodds.com/events/road-to-ufc-4332,44631,Dagiisuren Chagnaadorj,Young Jae Song,/fighters/dagiisuren-chagnaadorj-22143,/fighters/young-jae-song-17655,"('dagiisuren chagnaadorj', 'young jae song')"
road-to-ufc-4332,Road to UFC,2026-08-28,https://www.bestfightodds.com/events/road-to-ufc-4332,44633,Chungreng Koren,Ryo Tajima,/fighters/chungreng-koren-22160,/fighters/ryo-tajima-22146,"('chungreng koren', 'ryo tajima')"
road-to-ufc-4332,Road to UFC,2026-08-28,https://www.bestfightodds.com/events/road-to-ufc-4332,44636,Bo Hyun Park,Farida Abdueva,/fighters/bo-hyun-park-22150,/fighters/farida-abdueva-16673,"('bo hyun park', 'farida abdueva')"
ufc-shanghai-4257,UFC Shanghai,2026-08-29,https://www.bestfightodds.com/events/ufc-shanghai-4257,43928,Song Yadong,Umar Nurmagomedov,/fighters/song-yadong-9482,/fighters/umar-nurmagomedov-9365,"('song yadong', 'umar nurmagomedov')"
ufc-shanghai-4257,UFC Shanghai,2026-08-29,https://www.bestfightodds.com/events/ufc-shanghai-4257,44573,Denise Gomes,Yan Xiaonan,/fighters/denise-gomes-13433,/fighters/yan-xiaonan-9553,"('denise gomes', 'yan xiaonan')"
ufc-shanghai-4257,UFC Shanghai,2026-08-29,https://www.bestfightodds.com/events/ufc-shanghai-4257,44574,Aoriqileng,Kai Asakura,/fighters/aoriqileng-16506,/fighters/kai-asakura-7765,"('aoriqileng', 'kai asakura')"
ufc-shanghai-4257,UFC Shanghai,2026-08-29,https://www.bestfightodds.com/events/ufc-shanghai-4257,44586,Alex Perez,Sumudaerji Sumudaerji,/fighters/alex-perez-2459,/fighters/sumudaerji-sumudaerji-8746,"('alex perez', 'sumudaerji sumudaerji')"
ufc-shanghai-4257,UFC Shanghai,2026-08-29,https://www.bestfightodds.com/events/ufc-shanghai-4257,44587,Levi Rodrigues Jr,Liu Ce,/fighters/levi-rodrigues-jr-22672,/fighters/liu-ce-17339,"('levi rodrigues jr', 'liu ce')"
ufc-shanghai-4257,UFC Shanghai,2026-08-29,https://www.bestfightodds.com/events/ufc-shanghai-4257,44608,Ce Liu,Levi Rodrigues,/fighters/ce-liu-16916,/fighters/levi-rodrigues-14715,"('ce liu', 'levi rodrigues')"
ufc-shanghai-4257,UFC Shanghai,2026-08-29,https://www.bestfightodds.com/events/ufc-shanghai-4257,44590,Bilal Hasan,Nilson Rojas,/fighters/bilal-hasan-14937,/fighters/nilson-rojas-22673,"('bilal hasan', 'nilson rojas')"
ufc-shanghai-4257,UFC Shanghai,2026-08-29,https://www.bestfightodds.com/events/ufc-shanghai-4257,44588,Andre Lima,Namsrai Batbayar,/fighters/andre-lima-16132,/fighters/namsrai-batbayar-19438,"('andre lima', 'namsrai batbayar')"
ufc-shanghai-4257,UFC Shanghai,2026-08-29,https://www.bestfightodds.com/events/ufc-shanghai-4257,44579,Kevin Borjas,Rei Tsuruya,/fighters/kevin-borjas-9841,/fighters/rei-tsuruya-15872,"('kevin borjas', 'rei tsuruya')"
ufc-shanghai-4257,UFC Shanghai,2026-08-29,https://www.bestfightodds.com/events/ufc-shanghai-4257,44575,Jack Jenkins,Sean Woodson,/fighters/jack-jenkins-8037,/fighters/sean-woodson-9342,"('jack jenkins', 'sean woodson')"
ufc-shanghai-4257,UFC Shanghai,2026-08-29,https://www.bestfightodds.com/events/ufc-shanghai-4257,44589,Francesco Nuzzi,Xiao Long,/fighters/francesco-nuzzi-10999,/fighters/xiao-long-14613,"('francesco nuzzi', 'xiao long')"
ufc-shanghai-4257,UFC Shanghai,2026-08-29,https://www.bestfightodds.com/events/ufc-shanghai-4257,44592,Hector Santiago,Lawrence Lui,/fighters/hector-santiago-18289,/fighters/lawrence-lui-19456,"('hector santiago', 'lawrence lui')"
ufc-shanghai-4257,UFC Shanghai,2026-08-29,https://www.bestfightodds.com/events/ufc-shanghai-4257,44609,Jingnan Xiong,Julia Polastri,/fighters/jingnan-xiong-7891,/fighters/julia-polastri-12394,"('jingnan xiong', 'julia polastri')"
ufc-shanghai-4257,UFC Shanghai,2026-08-29,https://www.bestfightodds.com/events/ufc-shanghai-4257,44580,Julia Polastri,Xiong Jingnan,/fighters/julia-polastri-12394,/fighters/xiong-jingnan-7759,"('julia polastri', 'xiong jingnan')"
ufc-shanghai-4257,UFC Shanghai,2026-08-29,https://www.bestfightodds.com/events/ufc-shanghai-4257,44591,Cameron Nelson,Ding Meng,/fighters/cameron-nelson-22674,/fighters/ding-meng-22070,"('cameron nelson', 'ding meng')"
