FightID,Year,Event,Date,Fighter1,Fighter2,Winner,FightOrder,WeightClass,ValidBooks,LiquidityProxyWeight,SourceURL
09bde55e0cf4cecefd1b,2024,UFC,2024-01-13,Matthew Semelsberger,Preston Parsons,Preston Parsons,99,Welterweight Bout,7,1.02882600201551,https://www.bestfightodds.com/events/ufc-3123
0d35dc46797421685d5e,2024,UFC,2024-01-13,Gabriel Benitez,Jim Miller,Jim Miller,99,Lightweight Bout,7,1.02882600201551,https://www.bestfightodds.com/events/ufc-3123
15fe37ad36976bc981ae,2024,UFC,2024-01-13,Brunno Ferreira,Phil Hawes,Brunno Ferreira,99,Middleweight Bout,7,1.02882600201551,https://www.bestfightodds.com/events/ufc-3123
40c6363af256ee6a975c,2024,UFC,2024-01-13,Felipe Bunes,Joshua van,Joshua Van,99,Flyweight Bout,7,1.02882600201551,https://www.bestfightodds.com/events/ufc-3123
4ca17d32dfb75e06e9f3,2024,UFC,2024-01-13,Andrei Arlovski,Waldo Cortes-Acosta,Waldo Cortes-Acosta,99,Heavyweight Bout,7,1.02882600201551,https://www.bestfightodds.com/events/ufc-3123
50d3302b08480437837a,2024,UFC,2024-01-13,Gaston Bolanos,Marcus McGhee,Marcus McGhee,99,Bantamweight Bout,7,1.02882600201551,https://www.bestfightodds.com/events/ufc-3123
c5d25e2e780f37cfddf7,2024,UFC,2024-01-13,Nikolas Motta,Tom Nolan,Nikolas Motta,99,Lightweight Bout,7,1.02882600201551,https://www.bestfightodds.com/events/ufc-3123
cd922769130b4951b12b,2024,UFC,2024-01-13,Farid Basharat,Taylor Lapilus,Farid Basharat,99,Bantamweight Bout,7,1.02882600201551,https://www.bestfightodds.com/events/ufc-3123
ea16545c9eb46d19815b,2024,UFC,2024-01-13,Mario Bautista,Ricky Simon,Mario Bautista,99,Bantamweight Bout,7,1.02882600201551,https://www.bestfightodds.com/events/ufc-3123
ec5931735bb1aaae3259,2024,UFC,2024-01-13,Johnny Walker,Magomed Ankalaev,Magomed Ankalaev,99,Light Heavyweight Bout,7,1.02882600201551,https://www.bestfightodds.com/events/ufc-3123
fe0e8fe7c17e71c65d25,2024,UFC,2024-01-13,Jean Silva,Westin Wilson,Jean Silva,99,Featherweight Bout,7,1.02882600201551,https://www.bestfightodds.com/events/ufc-3123
dd6558e025968097504d,2024,UFC,2024-01-20,Jimmy Flick,Malcolm Gordon,Jimmy Flick,99,Flyweight Bout,7,1.02882600201551,https://www.bestfightodds.com/events/ufc-3122
1492e73aa5ab656ab950,2024,UFC 297,2024-01-20,Charles Jourdain,Sean Woodson,Sean Woodson,99,Featherweight Bout,7,1.234591202418612,https://www.bestfightodds.com/events/ufc-297-3106
15176ffb34a83da505a2,2024,UFC 297,2024-01-20,Brad Katona,Garrett Armfield,Garrett Armfield,99,Bantamweight Bout,7,1.234591202418612,https://www.bestfightodds.com/events/ufc-297-3106
187ad9db437c5c94c03b,2024,UFC 297,2024-01-20,Mike Malott,Neil Magny,Neil Magny,99,Welterweight Bout,7,1.234591202418612,https://www.bestfightodds.com/events/ufc-297-3106
1e16863c041e77cb547b,2024,UFC 297,2024-01-20,Mayra Bueno Silva,Raquel Pennington,Raquel Pennington,99,UFC Women's Bantamweight Title Bout,7,1.4197798827814037,https://www.bestfightodds.com/events/ufc-297-3106
6145c102248eb5ed9f0a,2024,UFC 297,2024-01-20,Arnold Allen,Movsar Evloev,Movsar Evloev,99,Featherweight Bout,7,1.234591202418612,https://www.bestfightodds.com/events/ufc-297-3106
6592ccc1e9478909f041,2024,UFC 297,2024-01-20,Sam Patterson,Yohan Lainesse,Sam Patterson,99,Welterweight Bout,7,1.234591202418612,https://www.bestfightodds.com/events/ufc-297-3106
95ac157acb7a19e2a372,2024,UFC 297,2024-01-20,Jasmine Jasudavicius,Priscila Cachoeira,Jasmine Jasudavicius,99,Women's Bantamweight Bout,7,1.234591202418612,https://www.bestfightodds.com/events/ufc-297-3106
976a9b9c88a74b57c476,2024,UFC 297,2024-01-20,Gillian Robertson,Polyana Viana,Gillian Robertson,99,Women's Strawweight Bout,7,1.234591202418612,https://www.bestfightodds.com/events/ufc-297-3106
a511d0f6b1e28ec2540e,2024,UFC 297,2024-01-20,Ramon Taveras,Serhiy Sidey,Ramon Taveras,99,Bantamweight Bout,7,1.234591202418612,https://www.bestfightodds.com/events/ufc-297-3106
f5281b466197f4cf14ce,2024,UFC 297,2024-01-20,Chris Curtis,Marc-Andre Barriault,Chris Curtis,99,Middleweight Bout,7,1.234591202418612,https://www.bestfightodds.com/events/ufc-297-3106
fe5fc08c9550c8d4399c,2024,UFC 297,2024-01-20,Dricus Du Plessis,Sean Strickland,Dricus Du Plessis,99,UFC Middleweight Title Bout,7,1.4197798827814037,https://www.bestfightodds.com/events/ufc-297-3106
171e512f703ca1e098a7,2024,UFC Fight Night,2024-02-03,Drew Dober,Renato Moicano,Renato Moicano,99,Lightweight Bout,7,1.02882600201551,https://www.bestfightodds.com/events/ufc-fight-night-3160
1f14f075e86ea0558add,2024,UFC Fight Night,2024-02-03,Pete Rodriguez,Themba Gorimbo,Themba Gorimbo,99,Welterweight Bout,7,1.02882600201551,https://www.bestfightodds.com/events/ufc-fight-night-3158
2d9a95ee45caae25269b,2024,UFC Fight Night,2024-02-03,Nassourdine Imavov,Roman Dolidze,Nassourdine Imavov,99,Middleweight Bout,7,1.02882600201551,https://www.bestfightodds.com/events/ufc-fight-night-3160
666ce1b6308df1ecae91,2024,UFC Fight Night,2024-02-03,Blake Bilder,Jeongyeong Lee,JeongYeong Lee,99,Featherweight Bout,7,1.02882600201551,https://www.bestfightodds.com/events/ufc-fight-night-3158
9f86d8850afb7019b422,2024,UFC Fight Night,2024-02-03,Diana Belbita,Molly McCann,Molly McCann,99,Women's Strawweight Bout,7,1.02882600201551,https://www.bestfightodds.com/events/ufc-fight-night-3158
a952c0e819c9cf006b7f,2024,UFC Fight Night,2024-02-03,Jamal Pogues,Thomas Petersen,Jamal Pogues,99,Heavyweight Bout,7,1.02882600201551,https://www.bestfightodds.com/events/ufc-fight-night-3158
babf5f6886501bda22c9,2024,UFC Fight Night,2024-02-03,Charles Radtke,Gilbert Urbina,Charles Radtke,99,Welterweight Bout,7,1.02882600201551,https://www.bestfightodds.com/events/ufc-fight-night-3160
c3475d0bce54ad65f871,2024,UFC Fight Night,2024-02-03,Julija Stoliarenko,Luana Carolina,Luana Carolina,99,Women's Flyweight Bout,7,1.02882600201551,https://www.bestfightodds.com/events/ufc-fight-night-3158
c942b6f6bce61c1346a0,2024,UFC Fight Night,2024-02-03,Natalia Silva,Viviane Araujo,Natalia Silva,99,Women's Flyweight Bout,7,1.02882600201551,https://www.bestfightodds.com/events/ufc-fight-night-3160
e7ba15d738abe50b90f6,2024,UFC Fight Night,2024-02-03,Muslim Salikhov,Randy Brown,Randy Brown,99,Welterweight Bout,7,1.02882600201551,https://www.bestfightodds.com/events/ufc-fight-night-3160
e9e1f791135daef3093f,2024,UFC Fight Night,2024-02-03,Landon Quinones,Marquel Mederos,MarQuel Mederos,99,Lightweight Bout,7,1.02882600201551,https://www.bestfightodds.com/events/ufc-fight-night-3158
ef6ffc1e660d28a1511b,2024,UFC Fight Night,2024-02-03,Azat Maksum,Charles Johnson,Charles Johnson,99,Flyweight Bout,7,1.02882600201551,https://www.bestfightodds.com/events/ufc-fight-night-3158
06628d3426302f94265a,2024,UFC,2024-02-10,Bogdan Guskov,Zac Pauga,Bogdan Guskov,99,Light Heavyweight Bout,7,1.02882600201551,https://www.bestfightodds.com/events/ufc-3163
2e805a40165c58fe9926,2024,UFC,2024-02-10,Bolaji Oki,Timothy Cuamba,Bolaji Oki,99,Lightweight Bout,7,1.02882600201551,https://www.bestfightodds.com/events/ufc-3163
6aa518527baabb354e4e,2024,UFC,2024-02-10,Jeremiah Wells,Max Griffin,Max Griffin,99,Welterweight Bout,7,1.02882600201551,https://www.bestfightodds.com/events/ufc-3163
72983d92c87d33142fd3,2024,UFC,2024-02-10,Jack Hermansson,Joe Pyfer,Jack Hermansson,99,Middleweight Bout,7,1.02882600201551,https://www.bestfightodds.com/events/ufc-3194
737d67768667aa7beac4,2024,UFC,2024-02-10,Brad Tavares,Gregory Rodrigues,Gregory Rodrigues,99,Middleweight Bout,7,1.02882600201551,https://www.bestfightodds.com/events/ufc-3194
79b1fad1bf1dd01a7ab0,2024,UFC,2024-02-10,Armen Petrosyan,Rodolfo Vieira,Rodolfo Vieira,99,Middleweight Bout,7,1.02882600201551,https://www.bestfightodds.com/events/ufc-3194
79d2fde5ca14fdaa0272,2024,UFC,2024-02-10,Fernie Garcia,Hyder Amil,Hyder Amil,99,Featherweight Bout,7,1.02882600201551,https://www.bestfightodds.com/events/ufc-3163
7f73f4b704c52cce7f7b,2024,UFC,2024-02-10,Darrius Flowers,Michael Johnson,Michael Johnson,99,Lightweight Bout,7,1.02882600201551,https://www.bestfightodds.com/events/ufc-3194
d09bb840c26445b018ca,2024,UFC,2024-02-10,Devin Clark,Marcin Prachnio,Marcin Prachnio,99,Light Heavyweight Bout,7,1.02882600201551,https://www.bestfightodds.com/events/ufc-3163
ed61008fff23d0fb249a,2024,UFC,2024-02-10,Carlos Prates,Trevin Giles,Carlos Prates,99,Welterweight Bout,7,1.02882600201551,https://www.bestfightodds.com/events/ufc-3194
f41cc62ee3a79aee41c5,2024,UFC,2024-02-10,Ihor Potieria,Robert Bryczek,Ihor Potieria,99,Middleweight Bout,7,1.02882600201551,https://www.bestfightodds.com/events/ufc-3194
f4e80aa52818764def00,2024,UFC,2024-02-10,Andre Fili,Dan Ige,Dan Ige,99,Featherweight Bout,7,1.02882600201551,https://www.bestfightodds.com/events/ufc-3194
fea94bf868c91c54168e,2024,UFC,2024-02-10,Bruna Brasil,Loma Lookboonmee,Loma Lookboonmee,99,Women's Strawweight Bout,7,1.02882600201551,https://www.bestfightodds.com/events/ufc-3163
aca5501bd9735ba97d98,2024,UFC,2024-02-17,Andrea Lee,Miranda Maverick,Miranda Maverick,99,Women's Flyweight Bout,7,1.02882600201551,https://www.bestfightodds.com/events/ufc-3156
00bdb1b9a94fb3249366,2024,UFC 298,2024-02-17,Paulo Costa,Robert Whittaker,Robert Whittaker,99,Middleweight Bout,7,1.234591202418612,https://www.bestfightodds.com/events/ufc-298-3112
2ea13e39a797cffb711b,2024,UFC 298,2024-02-17,Carlos Vera,Rinya Nakamura,Rinya Nakamura,99,Bantamweight Bout,7,1.234591202418612,https://www.bestfightodds.com/events/ufc-298-3112
5165ac684af9505d8636,2024,UFC 298,2024-02-17,Brendson Ribeiro,Zhang Mingyang,Zhang Mingyang,99,Light Heavyweight Bout,7,1.234591202418612,https://www.bestfightodds.com/events/ufc-298-3112
65a05fe6a7cf56426a32,2024,UFC 298,2024-02-17,Danny Barlow,Josh Quinlan,Danny Barlow,99,Welterweight Bout,7,1.234591202418612,https://www.bestfightodds.com/events/ufc-298-3112
83dc04ebc13aa1a05f85,2024,UFC 298,2024-02-17,Anthony Hernandez,Roman Kopylov,Anthony Hernandez,99,Middleweight Bout,7,1.234591202418612,https://www.bestfightodds.com/events/ufc-298-3112
a372dd6209fe06d39602,2024,UFC 298,2024-02-17,Geoff Neal,Ian Machado Garry,Ian Machado Garry,99,Welterweight Bout,7,1.234591202418612,https://www.bestfightodds.com/events/ufc-298-3112
aeead159a4437eae8a8c,2024,UFC 298,2024-02-17,Henry Cejudo,Merab Dvalishvili,Merab Dvalishvili,99,Bantamweight Bout,7,1.234591202418612,https://www.bestfightodds.com/events/ufc-298-3112
c381689ec7002be9d678,2024,UFC 298,2024-02-17,Amanda Lemos,Mackenzie Dern,Amanda Lemos,99,Women's Strawweight Bout,7,1.234591202418612,https://www.bestfightodds.com/events/ufc-298-3112
ed633de0961105b82c69,2024,UFC 298,2024-02-17,Oban Elliott,Val Woodburn,Oban Elliott,99,Welterweight Bout,7,1.234591202418612,https://www.bestfightodds.com/events/ufc-298-3112
16f0b118cc455f7498cc,2024,UFC,2024-02-24,Sam Hughes,Yazmin Jauregui,Yazmin Jauregui,99,Women's Strawweight Bout,7,1.02882600201551,https://www.bestfightodds.com/events/ufc-3162
3a9877497034792d2867,2024,UFC,2024-02-24,Felipe Dos Santos,Victor Altamirano,Felipe dos Santos,99,Flyweight Bout,7,1.02882600201551,https://www.bestfightodds.com/events/ufc-3162
4d66185f3822f50d3d9d,2024,UFC,2024-02-24,Chris Duncan,Manuel Torres,Manuel Torres,99,Lightweight Bout,7,1.02882600201551,https://www.bestfightodds.com/events/ufc-3162
5090fdb9b82dada93990,2024,UFC,2024-02-24,Erik Silva,Muhammad Naimov,Muhammad Naimov,99,Featherweight Bout,7,1.02882600201551,https://www.bestfightodds.com/events/ufc-3162
591bae381de411608876,2024,UFC,2024-02-24,Brandon Moreno,Brandon Royval,Brandon Royval,99,Flyweight Bout,7,1.02882600201551,https://www.bestfightodds.com/events/ufc-3162
8848002a97c00f32e2ce,2024,UFC,2024-02-24,Daniel Zellhuber,Francisco Prado,Daniel Zellhuber,99,Lightweight Bout,7,1.02882600201551,https://www.bestfightodds.com/events/ufc-3162
9f845f23071da9a3a1bd,2024,UFC,2024-02-24,Christian Quinonez,Raoni Barcelos,Raoni Barcelos,99,Bantamweight Bout,7,1.02882600201551,https://www.bestfightodds.com/events/ufc-3162
c633a07f4ec1a80c673e,2024,UFC,2024-02-24,Brian Ortega,Yair Rodriguez,Brian Ortega,99,Featherweight Bout,7,1.02882600201551,https://www.bestfightodds.com/events/ufc-3162
d4c1e89678bfade5622e,2024,UFC,2024-02-24,Claudio Puelles,Fares Ziam,Fares Ziam,99,Lightweight Bout,7,1.02882600201551,https://www.bestfightodds.com/events/ufc-3162
dccfa4eed46a2d9fc245,2024,UFC,2024-02-24,Daniel Lacerda,Edgar Chairez,Edgar Chairez,99,Flyweight Bout,6,0.9525077918345946,https://www.bestfightodds.com/events/ufc-3162
1274fb280c34f16a29cf,2024,UFC,2024-03-02,Christian Leroy Duncan,Claudio Ribeiro,Christian Leroy Duncan,99,Middleweight Bout,7,1.02882600201551,https://www.bestfightodds.com/events/ufc-3193
1ce6db4216255a63c095,2024,UFC,2024-03-02,Bernardo Sopai,Vinicius Oliveira,Vinicius Oliveira,99,Bantamweight Bout,7,1.02882600201551,https://www.bestfightodds.com/events/ufc-3193
21ff3572d07c9552d096,2024,UFC,2024-03-02,Aj Cunningham,Ludovit Klein,Ludovit Klein,99,Lightweight Bout,7,1.02882600201551,https://www.bestfightodds.com/events/ufc-3193
22a9aca846329f88b2a1,2024,UFC,2024-03-02,Eryk Anders,Jamie Pickett,Eryk Anders,99,Middleweight Bout,7,1.02882600201551,https://www.bestfightodds.com/events/ufc-3193
4119ef8a8af1e012718e,2024,UFC,2024-03-02,Abdul-Kareem Al-Selwady,Loik Radzhabov,Loik Radzhabov,99,Lightweight Bout,7,1.02882600201551,https://www.bestfightodds.com/events/ufc-3193
59ca2689fd2bba346cd2,2024,UFC,2024-03-02,Alex Perez,Muhammad Mokaev,Muhammad Mokaev,99,Flyweight Bout,7,1.02882600201551,https://www.bestfightodds.com/events/ufc-3193
6ac36c2e3bcfbd711191,2024,UFC,2024-03-02,Matt Schnell,Steve Erceg,Steve Erceg,99,Flyweight Bout,7,1.02882600201551,https://www.bestfightodds.com/events/ufc-3193
6d53dac5d8618e3c3b5d,2024,UFC,2024-03-02,Aiemann Zahabi,Javid Basharat,Aiemann Zahabi,99,Bantamweight Bout,7,1.02882600201551,https://www.bestfightodds.com/events/ufc-3193
a771c91f25565ef67136,2024,UFC,2024-03-02,Tyson Pedro,Vitor Petrino,Vitor Petrino,99,Light Heavyweight Bout,7,1.02882600201551,https://www.bestfightodds.com/events/ufc-3193
fb0d2dfd70d4f603876c,2024,UFC,2024-03-02,Bekzat Almakhan,Umar Nurmagomedov,Umar Nurmagomedov,99,Bantamweight Bout,7,1.02882600201551,https://www.bestfightodds.com/events/ufc-3193
837dbf6901033843734d,2024,UFC,2024-03-09,Asu Almabaev,Cj Vergara,Asu Almabayev,99,Flyweight Bout,7,1.02882600201551,https://www.bestfightodds.com/events/ufc-3157
8a77f18238e1c6275bae,2024,UFC,2024-03-09,Joanne Wood,Maryna Moroz,Joanne Wood,99,Women's Flyweight Bout,7,1.02882600201551,https://www.bestfightodds.com/events/ufc-3157
26fc8f276d5947414e55,2024,UFC 299,2024-03-09,Gilbert Burns,Jack Della Maddalena,Jack Della Maddalena,99,Welterweight Bout,7,1.234591202418612,https://www.bestfightodds.com/events/ufc-299-3155
3d8c57a6f10ca6d1cff8,2024,UFC 299,2024-03-09,Katlyn Cerminara,Maycee Barber,Maycee Barber,99,Women's Flyweight Bout,3,0.8082296624871195,https://www.bestfightodds.com/events/ufc-299-3155
5dea188f67ad6adcae6a,2024,UFC 299,2024-03-09,Ion Cutelaba,Philipe Lins,Philipe Lins,99,Light Heavyweight Bout,7,1.234591202418612,https://www.bestfightodds.com/events/ufc-299-3155
658604bfe193411e9b93,2024,UFC 299,2024-03-09,Mateusz Gamrot,Rafael Dos Anjos,Mateusz Gamrot,99,Lightweight Bout,7,1.234591202418612,https://www.bestfightodds.com/events/ufc-299-3155
7e964819f0415225136d,2024,UFC 299,2024-03-09,Marlon Vera,Sean O'Malley,Sean O'Malley,99,UFC Bantamweight Title Bout,7,1.4197798827814037,https://www.bestfightodds.com/events/ufc-299-3155
7ff6078e5230c8bd739f,2024,UFC 299,2024-03-09,Kyler Phillips,Pedro Munhoz,Kyler Phillips,99,Bantamweight Bout,7,1.234591202418612,https://www.bestfightodds.com/events/ufc-299-3155
9375e043b8990f22a714,2024,UFC 299,2024-03-09,Michal Oleksiejczuk,Michel Pereira,Michel Pereira,99,Middleweight Bout,7,1.234591202418612,https://www.bestfightodds.com/events/ufc-299-3155
99fb035e72b5e6943c58,2024,UFC 299,2024-03-09,Petr Yan,Song Yadong,Petr Yan,99,Bantamweight Bout,7,1.234591202418612,https://www.bestfightodds.com/events/ufc-299-3155
bf8eb5da33679f5c8405,2024,UFC 299,2024-03-09,Josh Parisian,Robelis Despaigne,Robelis Despaigne,99,Heavyweight Bout,7,1.234591202418612,https://www.bestfightodds.com/events/ufc-299-3155
c09c5df32745df8002e1,2024,UFC 299,2024-03-09,Curtis Blaydes,Jailton Almeida,Curtis Blaydes,99,Heavyweight Bout,7,1.234591202418612,https://www.bestfightodds.com/events/ufc-299-3155
caacb01e1bf23ce49afa,2024,UFC 299,2024-03-09,Kevin Holland,Michael Page,Michael Page,99,Welterweight Bout,7,1.234591202418612,https://www.bestfightodds.com/events/ufc-299-3155
ebd59d4e4a8ad1cdb256,2024,UFC 299,2024-03-09,Benoit Saint-Denis,Dustin Poirier,Dustin Poirier,99,Lightweight Bout,7,1.234591202418612,https://www.bestfightodds.com/events/ufc-299-3155
01b10f5ddecc5f03b870,2024,UFC,2024-03-16,Bryan Barberena,Gerald Meerschaert,Gerald Meerschaert,99,Middleweight Bout,7,1.02882600201551,https://www.bestfightodds.com/events/ufc-3192
14e91b68dc54c8b54cad,2024,UFC,2024-03-16,Mike Davis,Natan Levy,Mike Davis,99,Lightweight Bout,7,1.02882600201551,https://www.bestfightodds.com/events/ufc-3192
2c1111e04477fedd57e3,2024,UFC,2024-03-16,Kennedy Nzechukwu,Ovince St. Preux,Ovince Saint Preux,99,Light Heavyweight Bout,7,1.02882600201551,https://www.bestfightodds.com/events/ufc-3206
2edd7c698fcce55cbd3d,2024,UFC,2024-03-16,Marcin Tybura,Tai Tuivasa,Marcin Tybura,99,Heavyweight Bout,7,1.02882600201551,https://www.bestfightodds.com/events/ufc-3206
55547b8762e101f25fb0,2024,UFC,2024-03-16,Jafel Filho,Ode Osbourne,Jafel Filho,99,Flyweight Bout,7,1.02882600201551,https://www.bestfightodds.com/events/ufc-3192
873db7693c6a516659c9,2024,UFC,2024-03-16,Mitch Ramirez,Thiago Moises,Thiago Moises,99,Lightweight Bout,7,1.02882600201551,https://www.bestfightodds.com/events/ufc-3192
9d2201bb8fbf37895bb1,2024,UFC,2024-03-16,Chad Anheliger,Charalampos Grigoriou,Chad Anheliger,99,Bantamweight Bout,7,1.02882600201551,https://www.bestfightodds.com/events/ufc-3192
baba566de6b9e6df1ee5,2024,UFC,2024-03-16,Macy Chiasson,Pannie Kianzad,Macy Chiasson,99,Women's Bantamweight Bout,7,1.02882600201551,https://www.bestfightodds.com/events/ufc-3192
c0e76533180528eeeab5,2024,UFC,2024-03-16,Chelsea Chandler,Josiane Nunes,Chelsea Chandler,99,Women's Bantamweight Bout,7,1.02882600201551,https://www.bestfightodds.com/events/ufc-3192
e76444392b6a9eeec125,2024,UFC,2024-03-16,Christian Rodriguez,Isaac Dulgarian,Christian Rodriguez,99,Featherweight Bout,7,1.02882600201551,https://www.bestfightodds.com/events/ufc-3206
f1d1e4b989d15b058d51,2024,UFC,2024-03-16,Danny Silva,Josh Culibao,Danny Silva,99,Featherweight Bout,7,1.02882600201551,https://www.bestfightodds.com/events/ufc-3192
f735be83ad1398197d28,2024,UFC,2024-03-16,Cory McKenna,Jaqueline Amorim,Jaqueline Amorim,99,Women's Strawweight Bout,7,1.02882600201551,https://www.bestfightodds.com/events/ufc-3192
12431e57407555ddbec5,2024,UFC,2024-03-23,Cody Gibson,Miles Johns,Miles Johns,99,Bantamweight Bout,7,1.02882600201551,https://www.bestfightodds.com/events/ufc-3174
1dd6ed47da137f6f206c,2024,UFC,2024-03-23,Fernando Padilla,Luis Pajuelo,Fernando Padilla,99,Featherweight Bout,7,1.02882600201551,https://www.bestfightodds.com/events/ufc-3174
3d090fbe916c3c58d87d,2024,UFC,2024-03-23,Aj Dobson,Edmen Shahbazyan,Edmen Shahbazyan,99,Middleweight Bout,7,1.02882600201551,https://www.bestfightodds.com/events/ufc-3174
6d8e1f9c4f899cfff85c,2024,UFC,2024-03-23,Andre Lima,Igor Severino,Andre Lima,99,Flyweight Bout,2,0.5499306300209194,https://www.bestfightodds.com/events/ufc-3202
729efef70a0ea0de27b3,2024,UFC,2024-03-23,Amanda Ribas,Rose Namajunas,Rose Namajunas,99,Women's Flyweight Bout,7,1.02882600201551,https://www.bestfightodds.com/events/ufc-3174
7e487a83cbb8e7c895c9,2024,UFC,2024-03-23,Jarno Errens,Steven Nguyen,Jarno Errens,99,Featherweight Bout,7,1.02882600201551,https://www.bestfightodds.com/events/ufc-3174
7ed70101f7a1066f115d,2024,UFC,2024-03-23,Billy Quartantillo,Youssef Zalal,Youssef Zalal,99,Featherweight Bout,7,1.02882600201551,https://www.bestfightodds.com/events/ufc-3174
8dc1894c0d00d3d39dea,2024,UFC,2024-03-23,Cameron Saaiman,Payton Talbott,Payton Talbott,99,Bantamweight Bout,7,1.02882600201551,https://www.bestfightodds.com/events/ufc-3174
9d6b7b4940f41ac474e0,2024,UFC,2024-03-23,Julian Erosa,Ricardo Ramos,Julian Erosa,99,Featherweight Bout,7,1.02882600201551,https://www.bestfightodds.com/events/ufc-3174
ab48c0a79a3596cdab37,2024,UFC,2024-03-23,Justin Tafa,Karl Williams,Karl Williams,99,Heavyweight Bout,7,1.02882600201551,https://www.bestfightodds.com/events/ufc-3174
be90ffed19365ef8c6bd,2024,UFC,2024-03-23,Mick Parkin,Mohammed Usman,Mick Parkin,99,Heavyweight Bout,7,1.02882600201551,https://www.bestfightodds.com/events/ufc-3202
f8cb651494d32d88af82,2024,UFC,2024-03-23,Kurt Holobaugh,Trey Ogden,Trey Ogden,99,Lightweight Bout,7,1.02882600201551,https://www.bestfightodds.com/events/ufc-3174
1d56e5bb536780be347b,2024,UFC,2024-03-30,Angel Pacheco,Caolan Loughran,Caolan Loughran,99,Bantamweight Bout,7,1.02882600201551,https://www.bestfightodds.com/events/ufc-3225
29b92b9227462eb4fafe,2024,UFC,2024-03-30,Jamall Emmers,Nate Landwehr,Nate Landwehr,99,Featherweight Bout,7,1.02882600201551,https://www.bestfightodds.com/events/ufc-3173
553dd54ec7756929719f,2024,UFC,2024-03-30,Bill Algeo,Kyle Nelson,Kyle Nelson,99,Featherweight Bout,7,1.02882600201551,https://www.bestfightodds.com/events/ufc-3173
633ff0c016eea26ec9fa,2024,UFC,2024-03-30,Nursulton Ruziboev,Sedriques Dumas,Nursulton Ruziboev,99,Middleweight Bout,7,1.02882600201551,https://www.bestfightodds.com/events/ufc-3173
6e9e4584cf60363b2c9d,2024,UFC,2024-03-30,Bruno Silva,Chris Weidman,Chris Weidman,99,Middleweight Bout,7,1.02882600201551,https://www.bestfightodds.com/events/ufc-3173
79e044030dcb30c9e963,2024,UFC,2024-03-30,Connor Matthews,Dennis Buzukja,Dennis Buzukja,99,Featherweight Bout,7,1.02882600201551,https://www.bestfightodds.com/events/ufc-3173
7fa1008034e49e1fe858,2024,UFC,2024-03-30,Erin Blanchfield,Manon Fiorot,Manon Fiorot,99,Women's Flyweight Bout,6,0.9525077918345946,https://www.bestfightodds.com/events/ufc-3173
aa92992292a52534eb1a,2024,UFC,2024-03-30,Chidi Njokuani,Rhys McKee,Chidi Njokuani,99,Welterweight Bout,7,1.02882600201551,https://www.bestfightodds.com/events/ufc-3173
bbe26ad8df606f9ec70d,2024,UFC,2024-03-30,Andre Petroski,Jacob Malkoun,Jacob Malkoun,99,Middleweight Bout,7,1.02882600201551,https://www.bestfightodds.com/events/ufc-3225
d6b1d6899d0d2a41d0fd,2024,UFC,2024-03-30,Joaquin Buckley,Vicente Luque,Joaquin Buckley,99,Welterweight Bout,7,1.02882600201551,https://www.bestfightodds.com/events/ufc-3173
e242d3f1e5138111faf5,2024,UFC,2024-03-30,Anton Turkalj,Ibo Aslan,Ibo Aslan,99,Light Heavyweight Bout,7,1.02882600201551,https://www.bestfightodds.com/events/ufc-3173
ea340f4ae16f299559b2,2024,UFC,2024-03-30,Herbert Burns,Julio Arce,Julio Arce,99,Featherweight Bout,7,1.02882600201551,https://www.bestfightodds.com/events/ufc-3173
088d48d86cd87be36b2d,2024,UFC,2024-04-06,Lukasz Brzeski,Valter Walker,Lukasz Brzeski,99,Heavyweight Bout,7,1.02882600201551,https://www.bestfightodds.com/events/ufc-3230
0b4d146a4398b97c5c36,2024,UFC,2024-04-06,Charlie Campbell,Trevor Peek,Charlie Campbell,99,Lightweight Bout,7,1.02882600201551,https://www.bestfightodds.com/events/ufc-3230
111e0f1018d7a8bda086,2024,UFC,2024-04-06,Chepe Mariscal,Morgan Charriere,Chepe Mariscal,99,Featherweight Bout,7,1.02882600201551,https://www.bestfightodds.com/events/ufc-3230
13c24fa89d09ff8fc185,2024,UFC,2024-04-06,Germaine de Randamie,Norma Dumont,Norma Dumont,99,Women's Bantamweight Bout,7,1.02882600201551,https://www.bestfightodds.com/events/ufc-3230
1b68280885ab273a5373,2024,UFC,2024-04-06,Alex Morono,Court McGee,Alex Morono,99,Welterweight Bout,7,1.02882600201551,https://www.bestfightodds.com/events/ufc-3230
28d675aa0e82388cde52,2024,UFC,2024-04-06,Alexander Hernandez,Damon Jackson,Damon Jackson,99,Featherweight Bout,7,1.02882600201551,https://www.bestfightodds.com/events/ufc-3230
2a6d61db5d1c98127dbd,2024,UFC,2024-04-06,Brendan Allen,Chris Curtis,Brendan Allen,99,Middleweight Bout,7,1.02882600201551,https://www.bestfightodds.com/events/ufc-3230
50b06369aaddd8d68c63,2024,UFC,2024-04-06,Christos Giagos,Ignacio Bahamondes,Ignacio Bahamondes,99,Lightweight Bout,7,1.02882600201551,https://www.bestfightodds.com/events/ufc-3230
915f6cf587dd55fc9086,2024,UFC,2024-04-06,Cesar Almeida,Dylan Budka,Cesar Almeida,99,Middleweight Bout,7,1.02882600201551,https://www.bestfightodds.com/events/ufc-3230
d0e15a22c7b620390322,2024,UFC,2024-04-06,Melissa Mullins,Nora Cornolle,Nora Cornolle,99,Women's Bantamweight Bout,5,0.8695166729787377,https://www.bestfightodds.com/events/ufc-3230
d8f2372d606cbd759317,2024,UFC,2024-04-06,Pedro Falcao,Victor Hugo,Victor Hugo,99,Bantamweight Bout,7,1.02882600201551,https://www.bestfightodds.com/events/ufc-3230
db289563086f137c15c8,2024,UFC,2024-04-06,Dan Argueta,Jean Matsumoto,Jean Matsumoto,99,Bantamweight Bout,7,1.02882600201551,https://www.bestfightodds.com/events/ufc-3230
1d7c286062bb0e13d1e2,2024,UFC,2024-04-13,Jalin Turner,Renato Moicano,Renato Moicano,99,Lightweight Bout,7,1.02882600201551,https://www.bestfightodds.com/events/ufc-3159
40a35a37e71c67535e09,2024,UFC,2024-04-13,Cody Garbrandt,Deiveson Figueiredo,Deiveson Figueiredo,99,Bantamweight Bout,7,1.02882600201551,https://www.bestfightodds.com/events/ufc-3159
eab5f4e22515965424ad,2024,UFC,2024-04-13,Bobby Green,Jim Miller,Bobby Green,99,Lightweight Bout,7,1.02882600201551,https://www.bestfightodds.com/events/ufc-3159
ef30f68fc54484f60160,2024,UFC,2024-04-13,Jessica Andrade,Marina Rodriguez,Jessica Andrade,99,Women's Strawweight Bout,7,1.02882600201551,https://www.bestfightodds.com/events/ufc-3159
1d40ceb0117d7ae963c1,2024,UFC 300,2024-04-13,Diego Lopes,Sodiq Yusuff,Diego Lopes,99,Featherweight Bout,7,1.234591202418612,https://www.bestfightodds.com/events/ufc-300-3205
2540f87429e1837bf4f7,2024,UFC 300,2024-04-13,Aljamain Sterling,Calvin Kattar,Aljamain Sterling,99,Featherweight Bout,7,1.234591202418612,https://www.bestfightodds.com/events/ufc-300-3205
2cc566bc61716863c40d,2024,UFC 300,2024-04-13,Arman Tsarukyan,Charles Oliveira,Arman Tsarukyan,99,Lightweight Bout,7,1.234591202418612,https://www.bestfightodds.com/events/ufc-300-3205
47a2f505d7613e646e7d,2024,UFC 300,2024-04-13,Justin Gaethje,Max Holloway,Max Holloway,99,Lightweight Bout,7,1.234591202418612,https://www.bestfightodds.com/events/ufc-300-3205
56a06e151e11c7083a95,2024,UFC 300,2024-04-13,Yan Xiaonan,Zhang Weili,Zhang Weili,99,UFC Women's Strawweight Title Bout,7,1.4197798827814037,https://www.bestfightodds.com/events/ufc-300-3205
6511b13f35231710542e,2024,UFC 300,2024-04-13,Alex Pereira,Jamahal Hill,Alex Pereira,99,UFC Light Heavyweight Title Bout,7,1.4197798827814037,https://www.bestfightodds.com/events/ufc-300-3205
a497be0022632a3ca0e2,2024,UFC 300,2024-04-13,Bo Nickal,Cody Brundage,Bo Nickal,99,Middleweight Bout,7,1.234591202418612,https://www.bestfightodds.com/events/ufc-300-3205
b12fe710508293522bbf,2024,UFC 300,2024-04-13,Holly Holm,Kayla Harrison,Kayla Harrison,99,Women's Bantamweight Bout,7,1.234591202418612,https://www.bestfightodds.com/events/ufc-300-3205
d6f41d362be606a87863,2024,UFC 300,2024-04-13,Aleksandar Rakic,Jiri Prochazka,Jiri Prochazka,99,Light Heavyweight Bout,7,1.234591202418612,https://www.bestfightodds.com/events/ufc-300-3205
1d048e682abc86cee9a8,2024,UFC,2024-04-27,Austin Hubbard,Michal Figlak,Austin Hubbard,99,Lightweight Bout,7,1.02882600201551,https://www.bestfightodds.com/events/ufc-3252
24f71fc7188d25264f39,2024,UFC,2024-04-27,Chris Padilla,James Llontop,Chris Padilla,99,Lightweight Bout,7,1.02882600201551,https://www.bestfightodds.com/events/ufc-3252
561b32ba4490662c010c,2024,UFC,2024-04-27,Tim Means,Uros Medic,Uros Medic,99,Welterweight Bout,7,1.02882600201551,https://www.bestfightodds.com/events/ufc-3252
65ef46cc7746371427ec,2024,UFC,2024-04-27,Rani Yahya,Victor Henry,Victor Henry,99,Bantamweight Bout,7,1.02882600201551,https://www.bestfightodds.com/events/ufc-3252
753a9d193c5db68edcf0,2024,UFC,2024-04-27,David Onama,Jonathan Pearce,David Onama,99,Featherweight Bout,7,1.02882600201551,https://www.bestfightodds.com/events/ufc-3252
b2feaac845630664d0e5,2024,UFC,2024-04-27,Ketlen Souza,Marnic Mann,Ketlen Souza,99,Women's Strawweight Bout,7,1.02882600201551,https://www.bestfightodds.com/events/ufc-3252
b5ba25323661b4c2784c,2024,UFC,2024-04-27,Alex Perez,Matheus Nicolau,Alex Perez,99,Flyweight Bout,7,1.02882600201551,https://www.bestfightodds.com/events/ufc-3260
cbc7f73be7e3294a2e44,2024,UFC,2024-04-27,Caio Machado,Don'tale Mayes,Don'Tale Mayes,99,Heavyweight Bout,7,1.02882600201551,https://www.bestfightodds.com/events/ufc-3252
cf04951361d7fef86cc1,2024,UFC,2024-04-27,Gabriel Benitez,Maheshate,Maheshate,99,Lightweight Bout,7,1.02882600201551,https://www.bestfightodds.com/events/ufc-3252
dad7041c48559bb4e2c9,2024,UFC,2024-04-27,Austen Lane,Jhonata Diniz,Jhonata Diniz,99,Heavyweight Bout,7,1.02882600201551,https://www.bestfightodds.com/events/ufc-3260
f736386646b73fecbe2c,2024,UFC,2024-04-27,Bogdan Guskov,Ryan Spann,Bogdan Guskov,99,Light Heavyweight Bout,7,1.02882600201551,https://www.bestfightodds.com/events/ufc-3260
063d720dc8d85c114e15,2024,UFC,2024-05-04,Anthony Smith,Vitor Petrino,Anthony Smith,99,Light Heavyweight Bout,7,1.02882600201551,https://www.bestfightodds.com/events/ufc-3271
0776892fcc9c886b92c6,2024,UFC,2024-05-04,Ihor Potieria,Michel Pereira,Michel Pereira,99,Middleweight Bout,7,1.02882600201551,https://www.bestfightodds.com/events/ufc-3271
31de5d8a253102b0a08f,2024,UFC,2024-05-04,Caio Borralho,Paul Craig,Caio Borralho,99,Middleweight Bout,7,1.02882600201551,https://www.bestfightodds.com/events/ufc-3271
3a480b87f59469cb1faa,2024,UFC,2024-05-04,Elves Brener,Myktybek Orolbai,Myktybek Orolbai,99,Lightweight Bout,7,1.02882600201551,https://www.bestfightodds.com/events/ufc-3271
3b0d60ccce44dada503d,2024,UFC,2024-05-04,Jonathan Martinez,Jose Aldo,Jose Aldo,99,Bantamweight Bout,7,1.02882600201551,https://www.bestfightodds.com/events/ufc-3271
4edea6d1be7655ad29bb,2024,UFC,2024-05-04,Dione Barbosa,Ernesta Kareckaite,Dione Barbosa,99,Women's Flyweight Bout,7,1.02882600201551,https://www.bestfightodds.com/events/ufc-3231
7e3fb9e8618b845acdcc,2024,UFC,2024-05-04,Alessandro Costa,Kevin Borjas,Alessandro Costa,99,Flyweight Bout,7,1.02882600201551,https://www.bestfightodds.com/events/ufc-3231
8887711ea26010e9fd52,2024,UFC,2024-05-04,Iasmin Lucindo,Karolina Kowalkiewicz,Iasmin Lucindo,99,Women's Strawweight Bout,7,1.02882600201551,https://www.bestfightodds.com/events/ufc-3271
8bceef552674acfb8fb8,2024,UFC,2024-05-04,Ismael Bonfim,Vinc Pichel,Ismael Bonfim,99,Lightweight Bout,7,1.02882600201551,https://www.bestfightodds.com/events/ufc-3231
aab8949c6641aebd0499,2024,UFC,2024-05-04,Jack Shore,Joanderson Brito,Joanderson Brito,99,Featherweight Bout,7,1.02882600201551,https://www.bestfightodds.com/events/ufc-3271
c5a841afab8026dcda0a,2024,UFC,2024-05-04,Alexandre Pantoja,Steve Erceg,Alexandre Pantoja,99,UFC Flyweight Title Bout,7,1.1831499023178365,https://www.bestfightodds.com/events/ufc-3271
dfdd09034fcc9af3f7dd,2024,UFC,2024-05-04,Jamie Mullarkey,Mauricio Ruffy,Mauricio Ruffy,99,Lightweight Bout,7,1.02882600201551,https://www.bestfightodds.com/events/ufc-3231
e531477f0d4333376bb2,2024,UFC,2024-05-04,Drakkar Klose,Joaquim Silva,Drakkar Klose,99,Lightweight Bout,7,1.02882600201551,https://www.bestfightodds.com/events/ufc-3271
1223d7e1cfda2c264cb8,2024,UFC,2024-05-11,Jj Aldrich,Veronica Hardy,Veronica Hardy,99,Women's Flyweight Bout,6,0.9525077918345946,https://www.bestfightodds.com/events/ufc-3238
1ed65c3a967e930d8391,2024,UFC,2024-05-11,Alonzo Menifield,Carlos Ulberg,Carlos Ulberg,99,Light Heavyweight Bout,6,0.9525077918345946,https://www.bestfightodds.com/events/ufc-3278
211bbe346fb72665a8bb,2024,UFC,2024-05-11,Diego Ferreira,Mateusz Rebecki,Diego Ferreira,99,Lightweight Bout,6,0.9525077918345946,https://www.bestfightodds.com/events/ufc-3278
34caec375f49514ebf0b,2024,UFC,2024-05-11,Robelis Despaigne,Waldo Cortes-Acosta,Waldo Cortes-Acosta,99,Heavyweight Bout,6,0.9525077918345946,https://www.bestfightodds.com/events/ufc-3238
3bacc1ae18ba366b8a59,2024,UFC,2024-05-11,Billy Goff,Trey Waters,Trey Waters,99,Welterweight Bout,6,0.9525077918345946,https://www.bestfightodds.com/events/ufc-3238
4162cf2ea662245a5879,2024,UFC,2024-05-11,Tabatha Ricci,Tecia Pennington,Tabatha Ricci,99,Women's Strawweight Bout,4,0.7777193553399647,https://www.bestfightodds.com/events/ufc-3238
4e4f90e45a3e53880857,2024,UFC,2024-05-11,Joaquin Buckley,Nursulton Ruziboev,Joaquin Buckley,99,Welterweight Bout,6,0.9525077918345946,https://www.bestfightodds.com/events/ufc-3278
9924b3f84a2a8fbcf192,2024,UFC,2024-05-11,Chase Hooper,Viacheslav Borshchev,Chase Hooper,99,Lightweight Bout,6,0.9525077918345946,https://www.bestfightodds.com/events/ufc-3238
ce383652b75dbf1bafa5,2024,UFC,2024-05-11,Derrick Lewis,Rodrigo Nascimento,Derrick Lewis,99,Heavyweight Bout,6,0.9525077918345946,https://www.bestfightodds.com/events/ufc-3278
d452acc80779a31e2121,2024,UFC,2024-05-11,Charles Johnson,Jake Hadley,Charles Johnson,99,Flyweight Bout,6,0.9525077918345946,https://www.bestfightodds.com/events/ufc-3238
da85d6aee3bfe1a95058,2024,UFC,2024-05-11,Esteban Ribovics,Terrance McKinney,Esteban Ribovics,99,Lightweight Bout,6,0.9525077918345946,https://www.bestfightodds.com/events/ufc-3238
eaf9ef8878737d6856e5,2024,UFC,2024-05-11,Alex Caceres,Sean Woodson,Sean Woodson,99,Featherweight Bout,6,0.9525077918345946,https://www.bestfightodds.com/events/ufc-3238
81d2ba92765ec2332236,2024,Road to UFC,2024-05-18,Edson Barboza,Lerone Murphy,Lerone Murphy,99,Featherweight Bout,6,0.9525077918345946,https://www.bestfightodds.com/events/road-to-ufc-3306
8418062f323ba691f160,2024,Road to UFC,2024-05-18,Ramiz Brahimaj,Themba Gorimbo,Themba Gorimbo,99,Welterweight Bout,6,0.9525077918345946,https://www.bestfightodds.com/events/road-to-ufc-3306
d10298fa880c95e32fa5,2024,Road to UFC,2024-05-18,Carlston Harris,Khaos Williams,Khaos Williams,99,Welterweight Bout,6,0.9525077918345946,https://www.bestfightodds.com/events/road-to-ufc-3306
17983d20429d99ba4e3e,2024,UFC,2024-05-18,Tom Nolan,Victor Martinez,Tom Nolan,99,Lightweight Bout,6,0.9525077918345946,https://www.bestfightodds.com/events/ufc-3290
19b1bc78a87e97f39316,2024,UFC,2024-05-18,Adrian Yanez,Vinicius Salvador,Adrian Yanez,99,Bantamweight Bout,6,0.9525077918345946,https://www.bestfightodds.com/events/ufc-3290
449a4bc55c384cbfeea8,2024,UFC,2024-05-18,Emily Ducote,Vanessa Demopoulos,Vanessa Demopoulos,99,Women's Strawweight Bout,6,0.9525077918345946,https://www.bestfightodds.com/events/ufc-3290
50a9d47802a00fe4ec54,2024,UFC,2024-05-18,Abus Magomedov,Warlley Alves,Abus Magomedov,99,Middleweight Bout,6,0.9525077918345946,https://www.bestfightodds.com/events/ufc-3290
c2dfabdaf8ce0faeca59,2024,UFC,2024-05-18,Angela Hill,Luana Pinheiro,Angela Hill,99,Women's Strawweight Bout,6,0.9525077918345946,https://www.bestfightodds.com/events/ufc-3290
c60ab6ac469bbaad262b,2024,UFC,2024-05-18,Melissa Gatto,Tamires Vidal,Melissa Gatto,99,Women's Bantamweight Bout,6,0.9525077918345946,https://www.bestfightodds.com/events/ufc-3290
e2c8aac83b14344c2665,2024,UFC,2024-05-18,Oumar Sy,Tuco Tokkos,Oumar Sy,99,Light Heavyweight Bout,6,0.9525077918345946,https://www.bestfightodds.com/events/ufc-3290
e79c855b5940b0bfce86,2024,UFC,2024-05-18,Ariane Carnelossi,Piera Rodriguez,Ariane Carnelossi,99,Women's Strawweight Bout,6,0.9525077918345946,https://www.bestfightodds.com/events/ufc-3290
0fc84be1540f97cdfecc,2024,UFC,2024-06-01,Alex Morono,Niko Price,Niko Price,99,Welterweight Bout,6,0.9525077918345946,https://www.bestfightodds.com/events/ufc-3269
102f41d7a50363efc08b,2024,UFC,2024-06-01,Bassil Hafez,Mickey Gall,Bassil Hafez,99,Welterweight Bout,6,0.9525077918345946,https://www.bestfightodds.com/events/ufc-3270
21d6940f5b34d37b75e0,2024,UFC,2024-06-01,Paulo Costa,Sean Strickland,Sean Strickland,99,Middleweight Bout,6,0.9525077918345946,https://www.bestfightodds.com/events/ufc-3269
21ee3189088d9e6cdd92,2024,UFC,2024-06-01,Dustin Poirier,Islam Makhachev,Islam Makhachev,99,UFC Lightweight Title Bout,6,1.0953839606097837,https://www.bestfightodds.com/events/ufc-3269
2210384b2d3c92195ed0,2024,UFC,2024-06-01,Grant Dawson,Joe Solecki,Grant Dawson,99,Lightweight Bout,6,0.9525077918345946,https://www.bestfightodds.com/events/ufc-3269
6b13511e108aa9f398fb,2024,UFC,2024-06-01,Alexandr Romanov,Jailton Almeida,Jailton Almeida,99,Heavyweight Bout,6,0.9525077918345946,https://www.bestfightodds.com/events/ufc-3269
af6f78986aa24eff6ed6,2024,UFC,2024-06-01,Elizeu Zaleski Dos Santos,Randy Brown,Randy Brown,99,Welterweight Bout,6,0.9525077918345946,https://www.bestfightodds.com/events/ufc-3269
dd190399f0b9d4963018,2024,UFC,2024-06-01,Kevin Holland,Michal Oleksiejczuk,Kevin Holland,99,Middleweight Bout,6,0.9525077918345946,https://www.bestfightodds.com/events/ufc-3269
e0b816d2032f7af21523,2024,UFC,2024-06-01,Cesar Almeida,Roman Kopylov,Roman Kopylov,99,Middleweight Bout,6,0.9525077918345946,https://www.bestfightodds.com/events/ufc-3269
e770d2b166727344c89b,2024,UFC,2024-06-01,Jake Matthews,Phil Rowe,Jake Matthews,99,Welterweight Bout,6,0.9525077918345946,https://www.bestfightodds.com/events/ufc-3269
e8d9d4e577f4205e068d,2024,UFC,2024-06-01,Ailin Perez,Joselyne Edwards,Ailin Perez,99,Women's Bantamweight Bout,6,0.9525077918345946,https://www.bestfightodds.com/events/ufc-3270
eb8d3e3086b9ed9d67ca,2024,UFC,2024-06-01,Andre Lima,Mitch Raposo,Andre Lima,99,Flyweight Bout,6,0.9525077918345946,https://www.bestfightodds.com/events/ufc-3270
4604c0e22a4d12c6064b,2024,UFC,2024-06-08,Dominick Reyes,Dustin Jacoby,Dominick Reyes,99,Light Heavyweight Bout,6,0.9525077918345946,https://www.bestfightodds.com/events/ufc-3170
79466b872d6c8bea7486,2024,UFC,2024-06-08,Brunno Ferreira,Dustin Stoltzfus,Brunno Ferreira,99,Middleweight Bout,6,0.9525077918345946,https://www.bestfightodds.com/events/ufc-3170
8c9b69fca05b7fbe7c10,2024,UFC,2024-06-08,Jared Cannonier,Nassourdine Imavov,Nassourdine Imavov,99,Middleweight Bout,6,0.9525077918345946,https://www.bestfightodds.com/events/ufc-3170
de7851d8388f9a3bc897,2024,UFC,2024-06-08,Raul Rosas Jr,Ricky Turcios,Raul Rosas Jr.,99,Bantamweight Bout,6,0.9525077918345946,https://www.bestfightodds.com/events/ufc-3170
f4f35c4d63ae387aa615,2024,UFC,2024-06-08,Miguel Baeza,Punahele Soriano,Punahele Soriano,99,Welterweight Bout,6,0.9525077918345946,https://www.bestfightodds.com/events/ufc-3170
109232e5db4cc91690b7,2024,UFC Fight Night,2024-06-08,Denise Gomes,Eduarda Moura,Denise Gomes,99,Women's Strawweight Bout,6,0.9525077918345946,https://www.bestfightodds.com/events/ufc-fight-night-3313
287130d562867ec109c1,2024,UFC Fight Night,2024-06-08,Carlos Prates,Charles Radtke,Carlos Prates,99,Welterweight Bout,6,0.9525077918345946,https://www.bestfightodds.com/events/ufc-fight-night-3313
2b0acba973a4a0c2e29b,2024,UFC Fight Night,2024-06-08,Puja Tomar,Rayanne Dos Santos,Puja Tomar,99,Women's Strawweight Bout,6,0.9525077918345946,https://www.bestfightodds.com/events/ufc-fight-night-3313
30c1f7be23dde35e2d5c,2024,UFC Fight Night,2024-06-08,Andrea Lee,Montana de La Rosa,Montana De La Rosa,99,Women's Flyweight Bout,6,0.9525077918345946,https://www.bestfightodds.com/events/ufc-fight-night-3313
762a952e3e9473ffe112,2024,UFC Fight Night,2024-06-08,Ludovit Klein,Thiago Moises,Ludovit Klein,99,Lightweight Bout,6,0.9525077918345946,https://www.bestfightodds.com/events/ufc-fight-night-3313
9b491617efcd7a1191c5,2024,UFC Fight Night,2024-06-08,Daniel Marcos,John Castaneda,Daniel Marcos,99,Bantamweight Bout,6,0.9525077918345946,https://www.bestfightodds.com/events/ufc-fight-night-3313
ddc812c439c1d4054e63,2024,UFC Fight Night,2024-06-08,Cody Stamann,Taylor Lapilus,Taylor Lapilus,99,Bantamweight Bout,6,0.9525077918345946,https://www.bestfightodds.com/events/ufc-fight-night-3313
de3af8198f8310520798,2024,UFC Fight Night,2024-06-08,Brad Katona,Jesse Butler,Brad Katona,99,Bantamweight Bout,6,0.9525077918345946,https://www.bestfightodds.com/events/ufc-fight-night-3313
09f26465d8a75b7050fe,2024,UFC,2024-06-15,Josefine Knutsson,Julia Polastri,Josefine Knutsson,99,Women's Strawweight Bout,6,0.9525077918345946,https://www.bestfightodds.com/events/ufc-3318
0bf3bf7e19327b5163fe,2024,UFC,2024-06-15,Adam Fugitt,Josh Quinlan,Adam Fugitt,99,Welterweight Bout,6,0.9525077918345946,https://www.bestfightodds.com/events/ufc-3318
1df67fd906bcc6107a0b,2024,UFC,2024-06-15,Asu Almabaev,Jose Johnson,Asu Almabayev,99,Flyweight Bout,6,0.9525077918345946,https://www.bestfightodds.com/events/ufc-3318
847e3868308784e212bb,2024,UFC,2024-06-15,Jeka Saragih,Westin Wilson,Westin Wilson,99,Featherweight Bout,6,0.9525077918345946,https://www.bestfightodds.com/events/ufc-3318
9b9528658349cf5611cd,2024,UFC,2024-06-15,Melquizael Costa,Shayilan Nuerdanbieke,Melquizael Costa,99,Featherweight Bout,6,0.9525077918345946,https://www.bestfightodds.com/events/ufc-3318
c23fbe4a3181197008f9,2024,UFC,2024-06-15,Lucas Almeida,Timothy Cuamba,Lucas Almeida,99,Featherweight Bout,6,0.9525077918345946,https://www.bestfightodds.com/events/ufc-3318
cc5a1c1c6a7c8c772bf7,2024,UFC,2024-06-15,Brady Hiestand,Garrett Armfield,Brady Hiestand,99,Bantamweight Bout,6,0.9525077918345946,https://www.bestfightodds.com/events/ufc-3318
d07b412c90e848fcc719,2024,UFC,2024-06-15,Carli Judice,Gabriella Fernandes,Gabriella Fernandes,99,Women's Flyweight Bout,6,0.9525077918345946,https://www.bestfightodds.com/events/ufc-3318
e2f02c44aa5e588e186b,2024,UFC,2024-06-15,Alex Perez,Tatsuro Taira,Tatsuro Taira,99,Flyweight Bout,6,0.9525077918345946,https://www.bestfightodds.com/events/ufc-3318
f43196f484203a27accc,2024,UFC,2024-06-15,Douglas Silva de Andrade,Miles Johns,Miles Johns,99,Bantamweight Bout,6,0.9525077918345946,https://www.bestfightodds.com/events/ufc-3318
fbfea06413027c27f023,2024,UFC,2024-06-15,Jimmy Flick,Nate Maness,Nate Maness,99,Flyweight Bout,6,0.9525077918345946,https://www.bestfightodds.com/events/ufc-3318
0fac13348cc98b4dfcf2,2024,UFC,2024-06-22,Johnny Walker,Volkan Oezdemir,Volkan Oezdemir,99,Light Heavyweight Bout,6,0.9525077918345946,https://www.bestfightodds.com/events/ufc-3277
4732a437390e94e1069d,2024,UFC,2024-06-22,Antonio Trocoli,Shara Magomedov,Shara Magomedov,99,Middleweight Bout,6,0.9525077918345946,https://www.bestfightodds.com/events/ufc-3277
6854993f02be2845ba0e,2024,UFC,2024-06-22,Felipe Lima,Muhammadjon Naimov,Felipe Lima,99,Featherweight Bout,6,0.9525077918345946,https://www.bestfightodds.com/events/ufc-3277
9d2b9f7605fd6946f6ca,2024,UFC,2024-06-22,Nicolas Dalby,Rinat Fakhretdinov,Rinat Fakhretdinov,99,Welterweight Bout,6,0.9525077918345946,https://www.bestfightodds.com/events/ufc-3277
b42630b78f79a446d050,2024,UFC,2024-06-22,Daniel Rodriguez,Kelvin Gastelum,Kelvin Gastelum,99,Middleweight Bout,6,0.9525077918345946,https://www.bestfightodds.com/events/ufc-3277
c22b66398906b388f591,2024,UFC,2024-06-22,Kyung Ho Kang,Muin Gafurov,Muin Gafurov,99,Bantamweight Bout,6,0.9525077918345946,https://www.bestfightodds.com/events/ufc-3277
c89100348d1dfaeaf049,2024,UFC,2024-06-22,Alexander Volkov,Sergei Pavlovich,Alexander Volkov,99,Heavyweight Bout,6,0.9525077918345946,https://www.bestfightodds.com/events/ufc-3277
c9414569f6a02f62e3d0,2024,UFC,2024-06-22,Brendson Ribeiro,Magomed Gadzhiyasulov,Magomed Gadzhiyasulov,99,Light Heavyweight Bout,6,0.9525077918345946,https://www.bestfightodds.com/events/ufc-3277
e83eb22b114c7b2b1a43,2024,UFC,2024-06-22,Jared Gordon,Nasrat Haqparast,Nasrat Haqparast,99,Lightweight Bout,6,0.9525077918345946,https://www.bestfightodds.com/events/ufc-3277
e9acbc17f97ee96e67bc,2024,UFC,2024-06-22,Ikram Aliskerov,Robert Whittaker,Robert Whittaker,99,Middleweight Bout,6,0.9525077918345946,https://www.bestfightodds.com/events/ufc-3277
01a3617b5f3008d87d5e,2024,UFC,2024-06-29,Gillian Robertson,Michelle Waterson-Gomez,Gillian Robertson,99,Women's Strawweight Bout,6,0.9525077918345946,https://www.bestfightodds.com/events/ufc-3161
59fc6aa212cf69880106,2024,UFC,2024-06-29,Andrei Arlovski,Martin Buday,Martin Buday,99,Heavyweight Bout,6,0.9525077918345946,https://www.bestfightodds.com/events/ufc-3161
8ab8e92726cd0879accc,2024,UFC,2024-06-29,Ricky Simon,Vinicius Oliveira,Vinicius Oliveira,99,Bantamweight Bout,6,0.9525077918345946,https://www.bestfightodds.com/events/ufc-3161
cfa749e828358aa43168,2024,UFC,2024-06-29,Carlos Hernandez,Rei Tsuruya,Rei Tsuruya,99,Flyweight Bout,6,0.9525077918345946,https://www.bestfightodds.com/events/ufc-3161
04cbb1de73ee33cc35cc,2024,UFC 303,2024-06-29,Dan Ige,Diego Lopes,Diego Lopes,99,Catch Weight Bout,6,1.1430093502015135,https://www.bestfightodds.com/events/ufc-303-3283
27a9e13e8ce41b152f00,2024,UFC 303,2024-06-29,Payton Talbott,Yanis Ghemmouri,Payton Talbott,99,Bantamweight Bout,6,1.1430093502015135,https://www.bestfightodds.com/events/ufc-303-3283
853b42c8d377a0efc2af,2024,UFC 303,2024-06-29,Anthony Smith,Roman Dolidze,Roman Dolidze,99,Light Heavyweight Bout,6,1.1430093502015135,https://www.bestfightodds.com/events/ufc-303-3283
9985df666363abdedbff,2024,UFC 303,2024-06-29,Alex Pereira,Jiri Prochazka,Alex Pereira,99,UFC Light Heavyweight Title Bout,6,1.3144607527317405,https://www.bestfightodds.com/events/ufc-303-3283
c6450fe91ac7fdd5c58c,2024,UFC 303,2024-06-29,Ian Machado Garry,Michael Page,Ian Machado Garry,99,Welterweight Bout,6,1.1430093502015135,https://www.bestfightodds.com/events/ufc-303-3283
c7ba628cadac31519914,2024,UFC 303,2024-06-29,Charles Jourdain,Jean Silva,Jean Silva,99,Featherweight Bout,6,1.1430093502015135,https://www.bestfightodds.com/events/ufc-303-3283
fd72acc59db67e53992b,2024,UFC 303,2024-06-29,Macy Chiasson,Mayra Bueno Silva,Macy Chiasson,99,Women's Bantamweight Bout,6,1.1430093502015135,https://www.bestfightodds.com/events/ufc-303-3283
fdb75241fae5b432ff00,2024,UFC 303,2024-06-29,Andre Fili,Cub Swanson,Andre Fili,99,Featherweight Bout,6,1.1430093502015135,https://www.bestfightodds.com/events/ufc-303-3283
fef181bdc7f5fb749edb,2024,UFC 303,2024-06-29,Joe Pyfer,Marc-Andre Barriault,Joe Pyfer,99,Middleweight Bout,6,1.1430093502015135,https://www.bestfightodds.com/events/ufc-303-3283
a106e728b8e4b95c59e3,2024,UFC,2024-07-13,Darrius Flowers,Evan Elder,Evan Elder,99,Welterweight Bout,6,0.9525077918345946,https://www.bestfightodds.com/events/ufc-3336
e0f725fa13a4b2d2e382,2024,UFC,2024-07-13,Andre Petroski,Josh Fremd,Andre Petroski,99,Middleweight Bout,6,0.9525077918345946,https://www.bestfightodds.com/events/ufc-3336
117beeb877418cecb0fa,2024,UFC Fight Night,2024-07-13,Luana Santos,Mariya Agapova,Luana Santos,99,Women's Flyweight Bout,6,0.9525077918345946,https://www.bestfightodds.com/events/ufc-fight-night-3363
2ad08bec63c0a406c97b,2024,UFC Fight Night,2024-07-13,Charles Johnson,Joshua van,Charles Johnson,99,Flyweight Bout,6,0.9525077918345946,https://www.bestfightodds.com/events/ufc-fight-night-3363
700e9f9e254b098055b8,2024,UFC Fight Night,2024-07-13,Drew Dober,Jean Silva,Jean Silva,99,Lightweight Bout,6,0.9525077918345946,https://www.bestfightodds.com/events/ufc-fight-night-3363
9d5178c3013d1e893b1c,2024,UFC Fight Night,2024-07-13,Fatima Kline,Jasmine Jasudavicius,Jasmine Jasudavicius,99,Women's Flyweight Bout,6,0.9525077918345946,https://www.bestfightodds.com/events/ufc-fight-night-3363
9f69ef0cf412b91add0f,2024,UFC Fight Night,2024-07-13,Muslim Salikhov,Santiago Ponzinibbio,Muslim Salikhov,99,Welterweight Bout,6,0.9525077918345946,https://www.bestfightodds.com/events/ufc-fight-night-3363
b03e2324455e4be41e3e,2024,UFC Fight Night,2024-07-13,Ange Loosa,Gabriel Bonfim,Gabriel Bonfim,99,Welterweight Bout,6,0.9525077918345946,https://www.bestfightodds.com/events/ufc-fight-night-3363
c9f7898fbd653c7fa7a9,2024,UFC Fight Night,2024-07-13,Rose Namajunas,Tracy Cortez,Rose Namajunas,99,Women's Flyweight Bout,6,0.9525077918345946,https://www.bestfightodds.com/events/ufc-fight-night-3363
f035e3c3a192688fc8d1,2024,UFC Fight Night,2024-07-13,Damon Blackshear,Montel Jackson,Montel Jackson,99,Bantamweight Bout,6,0.9525077918345946,https://www.bestfightodds.com/events/ufc-fight-night-3363
f8625bca55bac799b813,2024,UFC Fight Night,2024-07-13,Christian Rodriguez,Julian Erosa,Julian Erosa,99,Featherweight Bout,6,0.9525077918345946,https://www.bestfightodds.com/events/ufc-fight-night-3363
133257d003da2b013c3f,2024,UFC Fight Night,2024-07-20,Luana Carolina,Lucie Pudilova,Luana Carolina,99,Women's Flyweight Bout,6,0.9525077918345946,https://www.bestfightodds.com/events/ufc-fight-night-3373
210b0c8c724a09876753,2024,UFC Fight Night,2024-07-20,Seungwoo Choi,Steve Garcia,Steve Garcia,99,Featherweight Bout,6,0.9525077918345946,https://www.bestfightodds.com/events/ufc-fight-night-3372
32fd3dc5d68f9c4bb134,2024,UFC Fight Night,2024-07-20,Kaynan Kruschewsky,Kurt Holobaugh,Kurt Holobaugh,99,Lightweight Bout,6,0.9525077918345946,https://www.bestfightodds.com/events/ufc-fight-night-3372
8a6232714deaa2c21084,2024,UFC Fight Night,2024-07-20,Loik Radzhabov,Trey Ogden,Trey Ogden,99,Lightweight Bout,6,0.9525077918345946,https://www.bestfightodds.com/events/ufc-fight-night-3373
8f785a9a6523350dfaa0,2024,UFC Fight Night,2024-07-20,Amanda Lemos,Virna Jandiroba,Virna Jandiroba,99,Women's Strawweight Bout,6,0.9525077918345946,https://www.bestfightodds.com/events/ufc-fight-night-3372
906bb95e2a99cd34b4e0,2024,UFC Fight Night,2024-07-20,Brian Kelleher,Cody Gibson,Cody Gibson,99,Bantamweight Bout,6,0.9525077918345946,https://www.bestfightodds.com/events/ufc-fight-night-3373
b12a7ff48b4b2b8ca8bc,2024,UFC Fight Night,2024-07-20,Dione Barbosa,Miranda Maverick,Miranda Maverick,99,Women's Flyweight Bout,6,0.9525077918345946,https://www.bestfightodds.com/events/ufc-fight-night-3373
b5a9048fbdea8e918e16,2024,UFC Fight Night,2024-07-20,Bill Algeo,Doo Ho Choi,Dooho Choi,99,Featherweight Bout,6,0.9525077918345946,https://www.bestfightodds.com/events/ufc-fight-night-3372
d1920581a837189d0668,2024,UFC Fight Night,2024-07-20,Bruno Silva,Cody Durden,Bruno Silva,99,Flyweight Bout,6,0.9525077918345946,https://www.bestfightodds.com/events/ufc-fight-night-3372
e00588b0e526ee61fba0,2024,UFC Fight Night,2024-07-20,Mohammed Usman,Thomas Petersen,Thomas Petersen,99,Heavyweight Bout,6,0.9525077918345946,https://www.bestfightodds.com/events/ufc-fight-night-3373
fa66b53f6bf870d9f016,2024,UFC Fight Night,2024-07-20,Hyder Amil,Jeongyeong Lee,Hyder Amil,99,Featherweight Bout,6,0.9525077918345946,https://www.bestfightodds.com/events/ufc-fight-night-3372
0357c9e4b1d129db500f,2024,UFC,2024-07-27,Curtis Blaydes,Tom Aspinall,Tom Aspinall,99,UFC Interim Heavyweight Title Bout,6,1.0953839606097837,https://www.bestfightodds.com/events/ufc-3307
252f22b842906021c1f7,2024,UFC,2024-07-27,Arnold Allen,Giga Chikadze,Arnold Allen,99,Featherweight Bout,6,0.9525077918345946,https://www.bestfightodds.com/events/ufc-3307
2d0673d68457559c4c98,2024,UFC,2024-07-27,Lukasz Brzeski,Mick Parkin,Mick Parkin,99,Heavyweight Bout,6,0.9525077918345946,https://www.bestfightodds.com/events/ufc-3374
39de1ce098c59b25cd4f,2024,UFC,2024-07-27,Caolan Loughran,Jake Hadley,Jake Hadley,99,Bantamweight Bout,6,0.9525077918345946,https://www.bestfightodds.com/events/ufc-3307
426f68ff2f1e0e2228bf,2024,UFC,2024-07-27,Manel Kape,Muhammad Mokaev,Muhammad Mokaev,99,Flyweight Bout,6,0.9525077918345946,https://www.bestfightodds.com/events/ufc-3307
4aa1c4da1241e48faf04,2024,UFC,2024-07-27,Belal Muhammad,Leon Edwards,Belal Muhammad,99,UFC Welterweight Title Bout,6,1.0953839606097837,https://www.bestfightodds.com/events/ufc-3307
50235e3aa0d57bad89f9,2024,UFC,2024-07-27,Daniel Pineda,Nathaniel Wood,Nathaniel Wood,99,Featherweight Bout,6,0.9525077918345946,https://www.bestfightodds.com/events/ufc-3307
6f18fe437215306caebe,2024,UFC,2024-07-27,Christian Leroy Duncan,Gregory Rodrigues,Gregory Rodrigues,99,Middleweight Bout,6,0.9525077918345946,https://www.bestfightodds.com/events/ufc-3307
8c2c8e2d10917bef71a4,2024,UFC,2024-07-27,Alice Ardelean,Shauna Bannon,Shauna Bannon,99,Women's Strawweight Bout,6,0.9525077918345946,https://www.bestfightodds.com/events/ufc-3374
abaa652b523fc865793d,2024,UFC,2024-07-27,Marcin Prachnio,Modestas Bukauskas,Modestas Bukauskas,99,Light Heavyweight Bout,6,0.9525077918345946,https://www.bestfightodds.com/events/ufc-3374
d20a64ac207e860b5e19,2024,UFC,2024-07-27,Oban Elliott,Preston Parsons,Oban Elliott,99,Welterweight Bout,6,0.9525077918345946,https://www.bestfightodds.com/events/ufc-3374
e9bd964d4d8cee2540af,2024,UFC,2024-07-27,Bruna Brasil,Molly McCann,Bruna Brasil,99,Women's Strawweight Bout,6,0.9525077918345946,https://www.bestfightodds.com/events/ufc-3307
ef529936332c3696b382,2024,UFC,2024-07-27,Kiefer Crosbie,Sam Patterson,Sam Patterson,99,Welterweight Bout,6,0.9525077918345946,https://www.bestfightodds.com/events/ufc-3374
02b8cea1ab7b7b5157a8,2024,UFC,2024-08-03,Jai Herbert,Rolando Bedoya,Jai Herbert,99,Lightweight Bout,6,0.9525077918345946,https://www.bestfightodds.com/events/ufc-3320
03f3a6a3001bc39b83db,2024,UFC,2024-08-03,Kaue Fernandes,Mohammad Yahya,Kaue Fernandes,99,Lightweight Bout,6,0.9525077918345946,https://www.bestfightodds.com/events/ufc-3320
3386d2b2fd2341d2ccf1,2024,UFC,2024-08-03,Don'tale Mayes,Shamil Gaziev,Shamil Gaziev,99,Heavyweight Bout,6,0.9525077918345946,https://www.bestfightodds.com/events/ufc-3320
33b5d54afe279596bc78,2024,UFC,2024-08-03,Deiveson Figueiredo,Marlon Vera,Deiveson Figueiredo,99,Bantamweight Bout,6,0.9525077918345946,https://www.bestfightodds.com/events/ufc-3320
5959fc910a5c2b6bc6b3,2024,UFC,2024-08-03,Cory Sandhagen,Umar Nurmagomedov,Umar Nurmagomedov,99,Bantamweight Bout,6,0.9525077918345946,https://www.bestfightodds.com/events/ufc-3320
801c689afc321156cc67,2024,UFC,2024-08-03,Michael Chiesa,Tony Ferguson,Michael Chiesa,99,Welterweight Bout,6,0.9525077918345946,https://www.bestfightodds.com/events/ufc-3320
814dc8f9d92f3b287485,2024,UFC,2024-08-03,Alonzo Menifield,Azamat Murzakanov,Azamat Murzakanov,99,Light Heavyweight Bout,6,0.9525077918345946,https://www.bestfightodds.com/events/ufc-3320
926e321d7a29d09ac3f4,2024,UFC,2024-08-03,Denis Tiuliulin,Sedriques Dumas,Sedriques Dumas,99,Middleweight Bout,6,0.9525077918345946,https://www.bestfightodds.com/events/ufc-3320
9c54f3454143bdf44c1c,2024,UFC,2024-08-03,Elves Brener,Joel Alvarez,Joel Alvarez,99,Lightweight Bout,5,0.8695166729787377,https://www.bestfightodds.com/events/ufc-3320
def742581c0bb149f69c,2024,UFC,2024-08-03,Sam Hughes,Victoria Dudakova,Sam Hughes,99,Women's Strawweight Bout,6,0.9525077918345946,https://www.bestfightodds.com/events/ufc-3320
fbe4bf618eda01bbbe06,2024,UFC,2024-08-03,Loopy Godinez,Mackenzie Dern,Mackenzie Dern,99,Women's Strawweight Bout,6,0.9525077918345946,https://www.bestfightodds.com/events/ufc-3320
fc5b9acbb9295f82ccde,2024,UFC,2024-08-03,Guram Kutateladze,Jordan Vucenic,Guram Kutateladze,99,Lightweight Bout,6,0.9525077918345946,https://www.bestfightodds.com/events/ufc-3320
044e3a526c3be43da884,2024,UFC,2024-08-10,Jhonata Diniz,Karl Williams,Jhonata Diniz,99,Heavyweight Bout,6,0.9525077918345946,https://www.bestfightodds.com/events/ufc-3406
0a2c7ee6a7709eb0ed4a,2024,UFC,2024-08-10,Chelsea Chandler,Yana Santos,Yana Santos,99,Women's Bantamweight Bout,6,0.9525077918345946,https://www.bestfightodds.com/events/ufc-3406
316136d32a898459bfe4,2024,UFC,2024-08-10,Karol Rosa,Pannie Kianzad,Karol Rosa,99,Women's Bantamweight Bout,6,0.9525077918345946,https://www.bestfightodds.com/events/ufc-3406
5eeea4897380527ebd79,2024,UFC,2024-08-10,Stephanie Luciano,Talita Alencar,Stephanie Luciano,99,Women's Strawweight Bout,6,0.9525077918345946,https://www.bestfightodds.com/events/ufc-3406
5fc01fe40ec7f5470715,2024,UFC,2024-08-10,Chepe Mariscal,Damon Jackson,Chepe Mariscal,99,Featherweight Bout,5,0.8695166729787377,https://www.bestfightodds.com/events/ufc-3407
8b27db2b277514ccbc8b,2024,UFC,2024-08-10,Chris Gutierrez,Quang Le,Chris Gutierrez,99,Bantamweight Bout,6,0.9525077918345946,https://www.bestfightodds.com/events/ufc-3407
aed907f8a1f4bf3b92c2,2024,UFC,2024-08-10,Danny Barlow,Nikolay Veretennikov,Danny Barlow,99,Welterweight Bout,6,0.9525077918345946,https://www.bestfightodds.com/events/ufc-3407
d0c3afd95e5036544dc0,2024,UFC,2024-08-10,Charalampos Grigoriou,Toshiomi Kazama,Toshiomi Kazama,99,Bantamweight Bout,6,0.9525077918345946,https://www.bestfightodds.com/events/ufc-3406
d5ab21667bab4c86a7bd,2024,UFC,2024-08-10,Jarno Errens,Youssef Zalal,Youssef Zalal,99,Featherweight Bout,6,0.9525077918345946,https://www.bestfightodds.com/events/ufc-3406
08be2832d8fff5cac32f,2024,UFC,2024-08-17,Kai Kara-France,Steve Erceg,Kai Kara-France,99,Flyweight Bout,6,0.9525077918345946,https://www.bestfightodds.com/events/ufc-3350
17cecce363182d98e7e5,2024,UFC,2024-08-17,Josh Culibao,Ricardo Ramos,Ricardo Ramos,99,Featherweight Bout,6,0.9525077918345946,https://www.bestfightodds.com/events/ufc-3350
4753ebb98eb1b6794dda,2024,UFC,2024-08-17,Casey O'Neill,Luana Santos,Casey O'Neill,99,Women's Flyweight Bout,6,0.9525077918345946,https://www.bestfightodds.com/events/ufc-3350
52daf4f8fe7ed1e893f3,2024,UFC,2024-08-17,Junior Tafa,Valter Walker,Valter Walker,99,Heavyweight Bout,6,0.9525077918345946,https://www.bestfightodds.com/events/ufc-3350
5706b6430e8688db3261,2024,UFC,2024-08-17,Alex Reyes,Tom Nolan,Tom Nolan,99,Lightweight Bout,6,0.9525077918345946,https://www.bestfightodds.com/events/ufc-3410
7369781da9f939de0c94,2024,UFC,2024-08-17,Herbert Burns,Jack Jenkins,Jack Jenkins,99,Featherweight Bout,6,0.9525077918345946,https://www.bestfightodds.com/events/ufc-3350
a9c19b5208e09b85486f,2024,UFC,2024-08-17,Carlos Prates,Li Jingliang,Carlos Prates,99,Welterweight Bout,6,0.9525077918345946,https://www.bestfightodds.com/events/ufc-3350
f14a216ad56cc2874b7e,2024,UFC,2024-08-17,Dricus Du Plessis,Israel Adesanya,Dricus Du Plessis,99,UFC Middleweight Title Bout,6,1.0953839606097837,https://www.bestfightodds.com/events/ufc-3350
f344a0db0ac3678902fe,2024,UFC,2024-08-17,Jairzinho Rozenstruik,Tai Tuivasa,Jairzinho Rozenstruik,99,Heavyweight Bout,6,0.9525077918345946,https://www.bestfightodds.com/events/ufc-3350
fe1572b6773120968403,2024,UFC,2024-08-17,Jesus Aguilar,Stewart Nicoll,Jesus Aguilar,99,Flyweight Bout,6,0.9525077918345946,https://www.bestfightodds.com/events/ufc-3410
ff3a5748182e351e32e1,2024,UFC,2024-08-17,Dan Hooker,Mateusz Gamrot,Dan Hooker,99,Lightweight Bout,6,0.9525077918345946,https://www.bestfightodds.com/events/ufc-3350
0e0ad2af79ff51962913,2024,UFC,2024-08-24,Edmen Shahbazyan,Gerald Meerschaert,Gerald Meerschaert,99,Middleweight Bout,6,0.9525077918345946,https://www.bestfightodds.com/events/ufc-3441
310691efe101b7a2c39b,2024,UFC,2024-08-24,Robert Valentin,Ryan Loder,Ryan Loder,99,Middleweight Bout,6,0.9525077918345946,https://www.bestfightodds.com/events/ufc-3441
3b1970cc093be941381a,2024,UFC,2024-08-24,Victoria Leonardo,Wang Cong,Wang Cong,99,Women's Flyweight Bout,2,0.5499306300209194,https://www.bestfightodds.com/events/ufc-3414
3dd0bc33484d57238c59,2024,UFC,2024-08-24,Dennis Buzukja,Francis Marshall,Francis Marshall,99,Lightweight Bout,6,0.9525077918345946,https://www.bestfightodds.com/events/ufc-3441
4b23799c452d903ff26a,2024,UFC,2024-08-24,Michael Morales,Neil Magny,Michael Morales,99,Welterweight Bout,6,0.9525077918345946,https://www.bestfightodds.com/events/ufc-3441
6798e5c1af91a64fc98b,2024,UFC,2024-08-24,Angela Hill,Tabatha Ricci,Tabatha Ricci,99,Women's Strawweight Bout,6,0.9525077918345946,https://www.bestfightodds.com/events/ufc-3441
74084875afcd7354d582,2024,UFC,2024-08-24,Kaan Ofli,Mairon Santos,Mairon Santos,99,Featherweight Bout,6,0.9525077918345946,https://www.bestfightodds.com/events/ufc-3441
837b4bae687de07d2f9c,2024,UFC,2024-08-24,Jacqueline Cavalcanti,Josiane Nunes,Jacqueline Cavalcanti,99,Women's Bantamweight Bout,6,0.9525077918345946,https://www.bestfightodds.com/events/ufc-3441
9586d4772aab9f6826e3,2024,UFC,2024-08-24,James Llontop,Viacheslav Borshchev,Viacheslav Borshchev,99,Lightweight Bout,6,0.9525077918345946,https://www.bestfightodds.com/events/ufc-3441
db3934d84297f521257b,2024,UFC,2024-08-24,Caio Borralho,Jared Cannonier,Caio Borralho,99,Middleweight Bout,6,0.9525077918345946,https://www.bestfightodds.com/events/ufc-3441
381499d1d11ec1973eef,2024,UFC,2024-09-07,Trevor Peek,Yanal Ashmouz,Yanal Ashmouz,99,Lightweight Bout,6,0.9525077918345946,https://www.bestfightodds.com/events/ufc-3415
62857e1c7f8d8384e5aa,2024,UFC,2024-09-07,Andre Petroski,Dylan Budka,Andre Petroski,99,Middleweight Bout,6,0.9525077918345946,https://www.bestfightodds.com/events/ufc-3415
6581bc5ba39e34aeba26,2024,UFC,2024-09-07,Andre Lima,Felipe Dos Santos,Andre Lima,99,Flyweight Bout,6,0.9525077918345946,https://www.bestfightodds.com/events/ufc-3415
7a340d6a649f1625d699,2024,UFC,2024-09-07,Jaqueline Amorim,Vanessa Demopoulos,Jaqueline Amorim,99,Women's Strawweight Bout,6,0.9525077918345946,https://www.bestfightodds.com/events/ufc-3415
80bc3f596848489a056c,2024,UFC,2024-09-07,Gabriel Santos,Yizha,Gabriel Santos,99,Featherweight Bout,4,0.7777193553399647,https://www.bestfightodds.com/events/ufc-3415
89203f24f6cbe02d9999,2024,UFC,2024-09-07,Jessica Andrade,Natalia Silva,Natalia Silva,99,Women's Flyweight Bout,6,0.9525077918345946,https://www.bestfightodds.com/events/ufc-3362
a468e270c9244d33f6b2,2024,UFC,2024-09-07,Chris Padilla,Rong Zhu,Chris Padilla,99,Lightweight Bout,6,0.9525077918345946,https://www.bestfightodds.com/events/ufc-3415
af0e09ac8fe530f54d78,2024,UFC,2024-09-07,Nathan Fletcher,Zygimantas Ramaska,Nathan Fletcher,99,Featherweight Bout,6,0.9525077918345946,https://www.bestfightodds.com/events/ufc-3415
d4e891746d21f5021bad,2024,UFC,2024-09-07,Kyle Nelson,Steve Garcia,Steve Garcia,99,Featherweight Bout,6,0.9525077918345946,https://www.bestfightodds.com/events/ufc-3362
d8307222341f65221c30,2024,UFC,2024-09-07,Gilbert Burns,Sean Brady,Sean Brady,99,Welterweight Bout,6,0.9525077918345946,https://www.bestfightodds.com/events/ufc-3362
e0334ccbd5fd8985c940,2024,UFC,2024-09-07,Cody Durden,Matt Schnell,Cody Durden,99,Bantamweight Bout,6,0.9525077918345946,https://www.bestfightodds.com/events/ufc-3415
fd6cf62ba8d4efe38cbc,2024,UFC,2024-09-07,Brendon Marotte,Isaac Dulgarian,Isaac Dulgarian,99,Featherweight Bout,6,0.9525077918345946,https://www.bestfightodds.com/events/ufc-3415
35a35ffff9a33bc7f108,2024,UFC,2024-09-14,Irene Aldana,Norma Dumont,Norma Dumont,99,Women's Bantamweight Bout,6,0.9525077918345946,https://www.bestfightodds.com/events/ufc-3371
480a828b1082ad804f52,2024,UFC,2024-09-14,Ignacio Bahamondes,Manuel Torres,Ignacio Bahamondes,99,Lightweight Bout,6,0.9525077918345946,https://www.bestfightodds.com/events/ufc-3371
7e531ae67513d9785fa2,2024,UFC,2024-09-14,Ketlen Souza,Yazmin Jauregui,Ketlen Souza,99,Women's Strawweight Bout,6,0.9525077918345946,https://www.bestfightodds.com/events/ufc-3371
99d13c32bc9f51998187,2024,UFC,2024-09-14,Edgar Chairez,Joshua van,Joshua Van,99,Flyweight Bout,6,0.9525077918345946,https://www.bestfightodds.com/events/ufc-3371
a67bf6c20de9900a1763,2024,UFC,2024-09-14,Daniel Zellhuber,Esteban Ribovics,Esteban Ribovics,99,Lightweight Bout,6,0.9525077918345946,https://www.bestfightodds.com/events/ufc-3371
adcf3952df2ecb49669c,2024,UFC,2024-09-14,Merab Dvalishvili,Sean O'Malley,Merab Dvalishvili,99,UFC Bantamweight Title Bout,6,1.0953839606097837,https://www.bestfightodds.com/events/ufc-3371
ae9d5bc13baeb1aff5a5,2024,UFC,2024-09-14,Brian Ortega,Diego Lopes,Diego Lopes,99,Featherweight Bout,6,0.9525077918345946,https://www.bestfightodds.com/events/ufc-3371
b557a7fbd6faab874214,2024,UFC,2024-09-14,Ode Osbourne,Ronaldo Rodriguez,Ronaldo Rodriguez,99,Flyweight Bout,6,0.9525077918345946,https://www.bestfightodds.com/events/ufc-3371
df2e59dad30bdcea706c,2024,UFC,2024-09-14,Alexa Grasso,Valentina Shevchenko,Valentina Shevchenko,99,UFC Women's Flyweight Title Bout,6,1.0953839606097837,https://www.bestfightodds.com/events/ufc-3371
938acb0c78fae1d979b4,2024,UFC 306,2024-09-14,Aoriqileng,Raul Rosas Jr.,Raul Rosas Jr.,99,Bantamweight Bout,4,0.9332632264079577,https://www.bestfightodds.com/events/ufc-306-3399
0a317df6382f0c4a000e,2024,UFC,2024-09-28,Gabriel Miranda,Morgan Charriere,Morgan Charriere,99,Featherweight Bout,6,0.9525077918345946,https://www.bestfightodds.com/events/ufc-3427
27e600cdee2fc18b3d35,2024,UFC,2024-09-28,Ion Cutelaba,Ivan Erslan,Ion Cutelaba,99,Light Heavyweight Bout,6,0.9525077918345946,https://www.bestfightodds.com/events/ufc-3427
36892395b9d16987f7f3,2024,UFC,2024-09-28,Taylor Lapilus,Vince Morales,Taylor Lapilus,99,Bantamweight Bout,6,0.9525077918345946,https://www.bestfightodds.com/events/ufc-3427
4d6324bbfb99bd5e4b2f,2024,UFC,2024-09-28,Daniel Barez,Victor Altamirano,Daniel Barez,99,Flyweight Bout,6,0.9525077918345946,https://www.bestfightodds.com/events/ufc-3427
6336300083dc83859308,2024,UFC,2024-09-28,Brendan Allen,Nassourdine Imavov,Nassourdine Imavov,99,Middleweight Bout,6,0.9525077918345946,https://www.bestfightodds.com/events/ufc-3427
7685c3fc44c266483dff,2024,UFC,2024-09-28,Fares Ziam,Matt Frevola,Fares Ziam,99,Lightweight Bout,6,0.9525077918345946,https://www.bestfightodds.com/events/ufc-3427
7aa60fa3a68e9bcb1d77,2024,UFC,2024-09-28,Jacqueline Cavalcanti,Nora Cornolle,Jacqueline Cavalcanti,99,Women's Bantamweight Bout,6,0.9525077918345946,https://www.bestfightodds.com/events/ufc-3427
c2e8c2758b002a40b414,2024,UFC,2024-09-28,Bryan Battle,Kevin Jousset,Bryan Battle,99,Welterweight Bout,6,0.9525077918345946,https://www.bestfightodds.com/events/ufc-3427
c371463a42a1fe406a45,2024,UFC,2024-09-28,Joanderson Brito,William Gomis,William Gomis,99,Featherweight Bout,6,0.9525077918345946,https://www.bestfightodds.com/events/ufc-3427
c89af920047bc0a448f0,2024,UFC,2024-09-28,Ailin Perez,Darya Zheleznyakova,Ailin Perez,99,Women's Bantamweight Bout,6,0.9525077918345946,https://www.bestfightodds.com/events/ufc-3427
e54095e8fcf80b8c4b7a,2024,UFC,2024-09-28,Ludovit Klein,Roosevelt Roberts,Ludovit Klein,99,Lightweight Bout,6,0.9525077918345946,https://www.bestfightodds.com/events/ufc-3427
eda01bf00eaf93b77f43,2024,UFC,2024-09-28,Benoit Saint-Denis,Renato Moicano,Renato Moicano,99,Lightweight Bout,6,0.9525077918345946,https://www.bestfightodds.com/events/ufc-3427
fccf07da8afa17abcab0,2024,UFC,2024-09-28,Da Woon Jung,Oumar Sy,Oumar Sy,99,Light Heavyweight Bout,5,0.8695166729787377,https://www.bestfightodds.com/events/ufc-3427
fed2d160b486b06d5ab2,2024,UFC,2024-09-28,Bolaji Oki,Chris Duncan,Chris Duncan,99,Lightweight Bout,6,0.9525077918345946,https://www.bestfightodds.com/events/ufc-3427
2392c96022f21fda001d,2024,UFC,2024-10-05,Alexander Hernandez,Austin Hubbard,Alexander Hernandez,99,Lightweight Bout,6,0.9525077918345946,https://www.bestfightodds.com/events/ufc-3433
46913c9e24ac5ee01015,2024,UFC,2024-10-05,Alex Pereira,Khalil Rountree Jr.,Alex Pereira,99,UFC Light Heavyweight Title Bout,6,1.0953839606097837,https://www.bestfightodds.com/events/ufc-3433
961c039ac007f09d5a82,2024,UFC,2024-10-05,Kevin Holland,Roman Dolidze,Roman Dolidze,99,Middleweight Bout,6,0.9525077918345946,https://www.bestfightodds.com/events/ufc-3433
c7d36dfb487f5c873024,2024,UFC,2024-10-05,Iasmin Lucindo,Marina Rodriguez,Iasmin Lucindo,99,Women's Strawweight Bout,6,0.9525077918345946,https://www.bestfightodds.com/events/ufc-3433
cb5420455da0fdf50b31,2024,UFC,2024-10-05,Julianna Pena,Raquel Pennington,Julianna Pena,99,UFC Women's Bantamweight Title Bout,6,1.0953839606097837,https://www.bestfightodds.com/events/ufc-3433
cf1ed84e59af696408f4,2024,UFC,2024-10-05,Kayla Harrison,Ketlen Vieira,Kayla Harrison,99,Women's Bantamweight Bout,6,0.9525077918345946,https://www.bestfightodds.com/events/ufc-3433
e33334358c849cef5038,2024,UFC,2024-10-05,Joaquin Buckley,Stephen Thompson,Joaquin Buckley,99,Welterweight Bout,6,0.9525077918345946,https://www.bestfightodds.com/events/ufc-3433
e793aaab2fd2380a60e5,2024,UFC,2024-10-05,Jose Aldo,Mario Bautista,Mario Bautista,99,Bantamweight Bout,6,0.9525077918345946,https://www.bestfightodds.com/events/ufc-3433
ea5539b54f0534f051e0,2024,UFC,2024-10-05,Cesar Almeida,Ihor Potieria,Cesar Almeida,99,Middleweight Bout,6,0.9525077918345946,https://www.bestfightodds.com/events/ufc-3433
34fa5393c5949bed5748,2024,UFC 307,2024-10-05,Carla Esparza,Tecia Pennington,Tecia Pennington,99,Women's Strawweight Bout,6,1.1430093502015135,https://www.bestfightodds.com/events/ufc-307-3449
57a69af2bc21062a328b,2024,UFC 307,2024-10-05,Court McGee,Tim Means,Court McGee,99,Welterweight Bout,6,1.1430093502015135,https://www.bestfightodds.com/events/ufc-307-3449
df7488771dd045ff4ac3,2024,UFC 307,2024-10-05,Ovince St. Preux,Ryan Spann,Ryan Spann,99,Light Heavyweight Bout,6,1.1430093502015135,https://www.bestfightodds.com/events/ufc-307-3449
0874a167410a28592d94,2024,UFC,2024-10-12,Cj Vergara,Ramazan Temirov,Ramazan Temirov,99,Flyweight Bout,6,0.9525077918345946,https://www.bestfightodds.com/events/ufc-3500
1596f554802b614df9cf,2024,UFC,2024-10-12,Grant Dawson,Rafa Garcia,Grant Dawson,99,Lightweight Bout,6,0.9525077918345946,https://www.bestfightodds.com/events/ufc-3500
325a7c375aaf933a134d,2024,UFC,2024-10-12,Alex Morono,Daniel Rodriguez,Daniel Rodriguez,99,Welterweight Bout,6,0.9525077918345946,https://www.bestfightodds.com/events/ufc-3500
3d0e2a75bdb9b626411a,2024,UFC,2024-10-12,Junior Tafa,Sean Sharaf,Junior Tafa,99,Heavyweight Bout,6,0.9525077918345946,https://www.bestfightodds.com/events/ufc-3500
4502bc3e84d069b4e1ed,2024,UFC,2024-10-12,Clayton Carpenter,Lucas Rocha,Clayton Carpenter,99,Flyweight Bout,6,0.9525077918345946,https://www.bestfightodds.com/events/ufc-3500
528f39baea1bb6ed609c,2024,UFC,2024-10-12,Cody Haddon,Daniel Argueta,Cody Haddon,99,Bantamweight Bout,6,0.9525077918345946,https://www.bestfightodds.com/events/ufc-3500
8e552da3a3436c0d30ca,2024,UFC,2024-10-12,Jonathan Pearce,Pat Sabatini,Pat Sabatini,99,Featherweight Bout,6,0.9525077918345946,https://www.bestfightodds.com/events/ufc-3500
a60956c26676570618d1,2024,UFC,2024-10-12,Cory McKenna,Julia Polastri,Julia Polastri,99,Women's Strawweight Bout,5,0.8695166729787377,https://www.bestfightodds.com/events/ufc-3500
d5df2bd6b70428ad5971,2024,UFC,2024-10-12,Niko Price,Themba Gorimbo,Themba Gorimbo,99,Welterweight Bout,6,0.9525077918345946,https://www.bestfightodds.com/events/ufc-3500
157d3148e8aed73a6ef0,2024,UFC Fight Night,2024-10-12,Brad Tavares,Jun Yong Park,JunYong Park,99,Middleweight Bout,6,0.9525077918345946,https://www.bestfightodds.com/events/ufc-fight-night-3501
c20eaaf7a845e49be922,2024,UFC Fight Night,2024-10-12,Brandon Royval,Tatsuro Taira,Brandon Royval,99,Flyweight Bout,6,0.9525077918345946,https://www.bestfightodds.com/events/ufc-fight-night-3501
fb38f3d2a8cc996f8bd9,2024,UFC Fight Night,2024-10-12,Chidi Njokuani,Jared Gooden,Chidi Njokuani,99,Welterweight Bout,6,0.9525077918345946,https://www.bestfightodds.com/events/ufc-fight-night-3501
1ce8e9db37db3869e546,2024,UFC,2024-10-19,Anthony Hernandez,Michel Pereira,Anthony Hernandez,99,Middleweight Bout,6,0.9525077918345946,https://www.bestfightodds.com/events/ufc-3513
39e1a4be95ec683ac5a6,2024,UFC,2024-10-19,Kyler Phillips,Rob Font,Rob Font,99,Bantamweight Bout,6,0.9525077918345946,https://www.bestfightodds.com/events/ufc-3513
3c4be586ad0bfc51ead7,2024,UFC,2024-10-19,Alice Ardelean,Melissa Martinez,Melissa Martinez,99,Women's Strawweight Bout,6,0.9525077918345946,https://www.bestfightodds.com/events/ufc-3513
6939e715109d63352ce9,2024,UFC,2024-10-19,Joselyne Edwards,Tamires Vidal,Joselyne Edwards,99,Women's Bantamweight Bout,6,0.9525077918345946,https://www.bestfightodds.com/events/ufc-3513
6e5a7b5c11c7932dd4ae,2024,UFC,2024-10-19,Brad Katona,Jean Matsumoto,Jean Matsumoto,99,Bantamweight Bout,6,0.9525077918345946,https://www.bestfightodds.com/events/ufc-3513
87258bbf7218398417aa,2024,UFC,2024-10-19,Daniel Pineda,Darren Elkins,Darren Elkins,99,Featherweight Bout,6,0.9525077918345946,https://www.bestfightodds.com/events/ufc-3513
89bcb666aa6cb43fbcd0,2024,UFC,2024-10-19,Asu Almabayev,Matheus Nicolau,Asu Almabayev,99,Flyweight Bout,6,0.9525077918345946,https://www.bestfightodds.com/events/ufc-3513
9c77b60ecaf25a762ceb,2024,UFC,2024-10-19,Elise Reed,Jessica Penne,Elise Reed,99,Women's Strawweight Bout,6,0.9525077918345946,https://www.bestfightodds.com/events/ufc-3513
b1cddd8bdcf8cd4ee484,2024,UFC,2024-10-19,Cameron Smotherman,Jake Hadley,Cameron Smotherman,99,Bantamweight Bout,6,0.9525077918345946,https://www.bestfightodds.com/events/ufc-3513
ecab9cae10cd41c8ed69,2024,UFC,2024-10-19,Austen Lane,Robelis Despaigne,Austen Lane,99,Heavyweight Bout,6,0.9525077918345946,https://www.bestfightodds.com/events/ufc-3513
1b8c066757e78d055350,2024,UFC,2024-10-26,Abus Magomedov,Brunno Ferreira,Abus Magomedov,99,Middleweight Bout,6,0.9525077918345946,https://www.bestfightodds.com/events/ufc-3412
233c6e6dae51339814e3,2024,UFC,2024-10-26,Dan Ige,Lerone Murphy,Lerone Murphy,99,Featherweight Bout,6,0.9525077918345946,https://www.bestfightodds.com/events/ufc-3412
3397bf62264fc72f0e41,2024,UFC,2024-10-26,Aleksandar Rakir,Magomed Ankalaev,Magomed Ankalaev,99,Light Heavyweight Bout,6,0.9525077918345946,https://www.bestfightodds.com/events/ufc-3412
3cd18be4ab36a8c00d31,2024,UFC,2024-10-26,Armen Petrosyan,Shara Magomedov,Shara Magomedov,99,Middleweight Bout,6,0.9525077918345946,https://www.bestfightodds.com/events/ufc-3412
963e0f72826268c799bd,2024,UFC,2024-10-26,Khamzat Chimaev,Robert Whittaker,Khamzat Chimaev,99,Middleweight Bout,6,0.9525077918345946,https://www.bestfightodds.com/events/ufc-3412
9e7ed232bf7124114e77,2024,UFC,2024-10-26,Ibo Aslan,Raffael Cerqueira,Ibo Aslan,99,Light Heavyweight Bout,6,0.9525077918345946,https://www.bestfightodds.com/events/ufc-3412
aa03729e8e8d12916d7a,2024,UFC,2024-10-26,Bruno Silva,Ismail Naurdiev,Ismail Naurdiev,99,Middleweight Bout,6,0.9525077918345946,https://www.bestfightodds.com/events/ufc-3412
afc7e5acd4d51a6a0fc6,2024,UFC,2024-10-26,Mateusz Rebecki,Myktybek Orolbai,Mateusz Rebecki,99,Catch Weight Bout,6,0.9525077918345946,https://www.bestfightodds.com/events/ufc-3412
b11c5a1dfe3bea5e18a6,2024,UFC,2024-10-26,Geoff Neal,Rafael Dos Anjos,Geoff Neal,99,Welterweight Bout,6,0.9525077918345946,https://www.bestfightodds.com/events/ufc-3412
b7a42ed4775130c3ce16,2024,UFC,2024-10-26,Ilia Topuria,Max Holloway,Ilia Topuria,99,UFC Featherweight Title Bout,6,1.0953839606097837,https://www.bestfightodds.com/events/ufc-3412
c7cdc3aa53a787ea8016,2024,UFC,2024-10-26,Chris Barnett,Kennedy Nzechukwu,Kennedy Nzechukwu,99,Heavyweight Bout,6,0.9525077918345946,https://www.bestfightodds.com/events/ufc-3412
ec1db7fe66b51847488c,2024,UFC,2024-10-26,Farid Basharat,Victor Hugo,Farid Basharat,99,Featherweight Bout,6,0.9525077918345946,https://www.bestfightodds.com/events/ufc-3412
363f254f6b903dbd464c,2024,UFC Fight Night,2024-11-02,Aiemann Zahabi,Pedro Munhoz,Aiemann Zahabi,99,Bantamweight Bout,6,0.9525077918345946,https://www.bestfightodds.com/events/ufc-fight-night-3450
442a19b3eeef90db6284,2024,UFC Fight Night,2024-11-02,Alexandr Romanov,Rodrigo Nascimento,Alexandr Romanov,99,Heavyweight Bout,6,0.9525077918345946,https://www.bestfightodds.com/events/ufc-fight-night-3450
467a18da298b5c8aef1d,2024,UFC Fight Night,2024-11-02,Amir Albazi,Brandon Moreno,Brandon Moreno,99,Flyweight Bout,6,0.9525077918345946,https://www.bestfightodds.com/events/ufc-fight-night-3436
507bc9f78f036f60272e,2024,UFC Fight Night,2024-11-02,Dustin Stoltzfus,Marc-Andre Barriault,Dustin Stoltzfus,99,Middleweight Bout,6,0.9525077918345946,https://www.bestfightodds.com/events/ufc-fight-night-3436
5d69b591eb9757c525eb,2024,UFC Fight Night,2024-11-02,Brendson Ribeiro,Caio Machado,Brendson Ribeiro,99,Light Heavyweight Bout,6,0.9525077918345946,https://www.bestfightodds.com/events/ufc-fight-night-3436
8f70c616ddc4cbac5ae5,2024,UFC Fight Night,2024-11-02,Erin Blanchfield,Rose Namajunas,Erin Blanchfield,99,Women's Flyweight Bout,6,0.9525077918345946,https://www.bestfightodds.com/events/ufc-fight-night-3436
93a6a0d1a2d508a6e37b,2024,UFC Fight Night,2024-11-02,Charles Jourdain,Victor Henry,Charles Jourdain,99,Bantamweight Bout,6,0.9525077918345946,https://www.bestfightodds.com/events/ufc-fight-night-3450
9652419d1495d2394eae,2024,UFC Fight Night,2024-11-02,Mike Malott,Trevin Giles,Mike Malott,99,Welterweight Bout,6,0.9525077918345946,https://www.bestfightodds.com/events/ufc-fight-night-3436
d06353e315a550d00646,2024,UFC Fight Night,2024-11-02,Garrett Armfield,Serhiy Sidey,Serhiy Sidey,99,Bantamweight Bout,6,0.9525077918345946,https://www.bestfightodds.com/events/ufc-fight-night-3450
e158d0493b9b41c0b0d2,2024,UFC Fight Night,2024-11-02,Chad Anheliger,Cody Gibson,Cody Gibson,99,Bantamweight Bout,6,0.9525077918345946,https://www.bestfightodds.com/events/ufc-fight-night-3450
ef15ccec1e6ea1c8923c,2024,UFC Fight Night,2024-11-02,Jack Shore,Youssef Zalal,Youssef Zalal,99,Featherweight Bout,6,0.9525077918345946,https://www.bestfightodds.com/events/ufc-fight-night-3450
ef99be94469ed1b92dda,2024,UFC Fight Night,2024-11-02,Ariane da Silva,Jasmine Jasudavicius,Jasmine Jasudavicius,99,Women's Flyweight Bout,4,0.7777193553399647,https://www.bestfightodds.com/events/ufc-fight-night-3436
4a7917ca86f310d513b1,2024,UFC,2024-11-09,Gerald Meerschaert,Reinier de Ridder,Reinier de Ridder,99,Middleweight Bout,6,0.9525077918345946,https://www.bestfightodds.com/events/ufc-3537
84464121e088c7151187,2024,UFC,2024-11-09,Carlos Prates,Neil Magny,Carlos Prates,99,Welterweight Bout,6,0.9525077918345946,https://www.bestfightodds.com/events/ufc-3537
a33c0cf78d6cb6acd4fb,2024,UFC,2024-11-09,Gillian Robertson,Luana Pinheiro,Gillian Robertson,99,Women's Strawweight Bout,6,0.9525077918345946,https://www.bestfightodds.com/events/ufc-3537
ae5e50bca308f0b6337b,2024,UFC,2024-11-09,Dusko Todorovic,Mansur Abdul-Malik,Mansur Abdul-Malik,99,Middleweight Bout,6,0.9525077918345946,https://www.bestfightodds.com/events/ufc-3537
cb34dd9311775a9dfdce,2024,UFC,2024-11-09,Cortavious Romious,Gaston Bolanos,Gaston Bolanos,99,Bantamweight Bout,6,0.9525077918345946,https://www.bestfightodds.com/events/ufc-3537
1e47362a76e58d9292c6,2024,UFC Fight Night,2024-11-09,Elizeu Zaleski,Zach Scroggin,Elizeu Zaleski dos Santos,99,Welterweight Bout,6,0.9525077918345946,https://www.bestfightodds.com/events/ufc-fight-night-3531
330ec4d87a89ef18f7bd,2024,UFC Fight Night,2024-11-09,Antonio Trocoli,Tresean Gore,Tresean Gore,99,Middleweight Bout,6,0.9525077918345946,https://www.bestfightodds.com/events/ufc-fight-night-3531
4c1ace693391d4c0c1ee,2024,UFC Fight Night,2024-11-09,Cody Stamann,Da'mon Blackshear,Da'Mon Blackshear,99,Bantamweight Bout,6,0.9525077918345946,https://www.bestfightodds.com/events/ufc-fight-night-3531
5d68c1cb2d133c674260,2024,UFC Fight Night,2024-11-09,Denise Gomes,Karolina Kowalkiewicz,Denise Gomes,99,Women's Strawweight Bout,6,0.9525077918345946,https://www.bestfightodds.com/events/ufc-fight-night-3531
fb79b6557993125f275d,2024,UFC Fight Night,2024-11-09,Charles Radtke,Matthew Semelsberger,Charles Radtke,99,Welterweight Bout,6,0.9525077918345946,https://www.bestfightodds.com/events/ufc-fight-night-3531
ff33f2e35dc7cd386de4,2024,UFC Fight Night,2024-11-09,Klaudia Sygula,Melissa Mullins,Melissa Mullins,99,Women's Bantamweight Bout,6,0.9525077918345946,https://www.bestfightodds.com/events/ufc-fight-night-3531
24e9e03b8cfe7d0d59ed,2024,UFC,2024-11-16,Jhonata Diniz,Marcin Tybura,Marcin Tybura,99,Heavyweight Bout,6,0.9525077918345946,https://www.bestfightodds.com/events/ufc-3476
256141248c07b47153f3,2024,UFC,2024-11-16,Jonathan Martinez,Marcus McGhee,Marcus McGhee,99,Bantamweight Bout,6,0.9525077918345946,https://www.bestfightodds.com/events/ufc-3476
4bc623d210e5523f5e8b,2024,UFC,2024-11-16,David Onama,Roberto Romero,David Onama,99,Lightweight Bout,6,0.9525077918345946,https://www.bestfightodds.com/events/ufc-3476
75fe1ddd594d9381ee72,2024,UFC,2024-11-16,James Llontop,Mauricio Ruffy,Mauricio Ruffy,99,Catch Weight Bout,6,0.9525077918345946,https://www.bestfightodds.com/events/ufc-3476
96a0bdb04b0b117200d5,2024,UFC,2024-11-16,Bo Nickal,Paul Craig,Bo Nickal,99,Middleweight Bout,6,0.9525077918345946,https://www.bestfightodds.com/events/ufc-3476
96c7f09956f413b10eb3,2024,UFC,2024-11-16,Jon Jones,Stipe Miocic,Jon Jones,99,UFC Heavyweight Title Bout,6,1.0953839606097837,https://www.bestfightodds.com/events/ufc-3476
bd9ffefdaad6d2021d44,2024,UFC,2024-11-16,Mickey Gall,Ramiz Brahimaj,Ramiz Brahimaj,99,Welterweight Bout,6,0.9525077918345946,https://www.bestfightodds.com/events/ufc-3476
d5f2ebc63385a22c46fc,2024,UFC,2024-11-16,Bassil Hafez,Oban Elliott,Oban Elliott,99,Welterweight Bout,6,0.9525077918345946,https://www.bestfightodds.com/events/ufc-3476
e6f70332daa9ea142c69,2024,UFC,2024-11-16,Damon Jackson,Jim Miller,Jim Miller,99,Lightweight Bout,6,0.9525077918345946,https://www.bestfightodds.com/events/ufc-3476
e71e146b555cf1a69a5d,2024,UFC,2024-11-16,Karine Silva,Viviane Araujo,Viviane Araujo,99,Women's Flyweight Bout,6,0.9525077918345946,https://www.bestfightodds.com/events/ufc-3476
f2347b4ea540a5b58251,2024,UFC,2024-11-16,Charles Oliveira,Michael Chandler,Charles Oliveira,99,Lightweight Bout,6,0.9525077918345946,https://www.bestfightodds.com/events/ufc-3476
fb8f4a4a2bca3f286872,2024,UFC,2024-11-16,Eduarda Moura,Veronica Hardy,Eduarda Moura,99,Women's Flyweight Bout,6,0.9525077918345946,https://www.bestfightodds.com/events/ufc-3538
087958a3710f2f37cacd,2024,UFC,2024-11-23,Deiveson Figueiredo,Petr Yan,Petr Yan,99,Bantamweight Bout,6,0.9525077918345946,https://www.bestfightodds.com/events/ufc-3549
10fa8cfa2230ebfaa38b,2024,UFC,2024-11-23,Feng Xiaocan,Shi Ming,Shi Ming,99,Women's Strawweight Bout,2,0.5499306300209194,https://www.bestfightodds.com/events/ufc-3549
1a0715fc290fa248f21a,2024,UFC,2024-11-23,Jose Ochoa,Lone'er Kavanagh,Lone'er Kavanagh,99,Flyweight Bout,6,0.9525077918345946,https://www.bestfightodds.com/events/ufc-3549
2ece42169b2d6f140b2b,2024,UFC,2024-11-23,Ozzy Diaz,Zhang Mingyang,Zhang Mingyang,99,Light Heavyweight Bout,4,0.7777193553399647,https://www.bestfightodds.com/events/ufc-3549
56b056c48fa720d77048,2024,UFC,2024-11-23,Gabriella Fernandes,Wang Cong,Gabriella Fernandes,99,Women's Flyweight Bout,2,0.5499306300209194,https://www.bestfightodds.com/events/ufc-3549
60d5ec09ce91d9ec3d05,2024,UFC,2024-11-23,Carlos Hernandez,Nyamjargal Tumendemberel,Carlos Hernandez,99,Flyweight Bout,6,0.9525077918345946,https://www.bestfightodds.com/events/ufc-3549
735030fd49d4f3360039,2024,UFC,2024-11-23,Quang Le,Xiao Long,Xiao Long,99,Bantamweight Bout,2,0.5499306300209194,https://www.bestfightodds.com/events/ufc-3549
871f40a11d6531a163e1,2024,UFC,2024-11-23,Carlos Ulberg,Volkan Oezdemir,Carlos Ulberg,99,Light Heavyweight Bout,6,0.9525077918345946,https://www.bestfightodds.com/events/ufc-3549
03a5f5161e4726004752,2024,UFC,2024-12-07,Dooho Choi,Nate Landwehr,Dooho Choi,99,Featherweight Bout,6,0.9525077918345946,https://www.bestfightodds.com/events/ufc-3522
18221069e72ad6e808db,2024,UFC,2024-12-07,Chase Hooper,Clay Guida,Chase Hooper,99,Lightweight Bout,6,0.9525077918345946,https://www.bestfightodds.com/events/ufc-3522
1d1162c3a7cac8b39162,2024,UFC,2024-12-07,Aljamain Sterling,Movsar Evloev,Movsar Evloev,99,Featherweight Bout,6,0.9525077918345946,https://www.bestfightodds.com/events/ufc-3522
237f5367fefe0065b007,2024,UFC,2024-12-07,Bryce Mitchell,Kron Gracie,Bryce Mitchell,99,Featherweight Bout,6,0.9525077918345946,https://www.bestfightodds.com/events/ufc-3522
2e64716197cc354a3a66,2024,UFC,2024-12-07,Themba Gorimbo,Vicente Luque,Vicente Luque,99,Welterweight Bout,6,0.9525077918345946,https://www.bestfightodds.com/events/ufc-3522
4dd92533ce65a18c0568,2024,UFC,2024-12-07,Bryan Battle,Randy Brown,Bryan Battle,99,Welterweight Bout,6,0.9525077918345946,https://www.bestfightodds.com/events/ufc-3522
50cfc7a0d39be33ea0d2,2024,UFC,2024-12-07,Cody Durden,Joshua van,Joshua Van,99,Flyweight Bout,6,0.9525077918345946,https://www.bestfightodds.com/events/ufc-3522
789df54accf485d27028,2024,UFC,2024-12-07,Max Griffin,Michael Chiesa,Michael Chiesa,99,Welterweight Bout,6,0.9525077918345946,https://www.bestfightodds.com/events/ufc-3522
7f63aa992da604bcc9fb,2024,UFC,2024-12-07,Alexander Volkov,Ciryl Gane,Ciryl Gane,99,Heavyweight Bout,6,0.9525077918345946,https://www.bestfightodds.com/events/ufc-3522
c3c5acf7f0f94a31648d,2024,UFC,2024-12-07,Chris Weidman,Eryk Anders,Eryk Anders,99,Catch Weight Bout,6,0.9525077918345946,https://www.bestfightodds.com/events/ufc-3522
ce8688ee95a759a90cb0,2024,UFC,2024-12-07,Kennedy Nzechukwu,Lukasz Brzeski,Kennedy Nzechukwu,99,Heavyweight Bout,6,0.9525077918345946,https://www.bestfightodds.com/events/ufc-3522
e1d926ca38b0b83aa1c9,2024,UFC,2024-12-07,Anthony Smith,Dominick Reyes,Dominick Reyes,99,Light Heavyweight Bout,6,0.9525077918345946,https://www.bestfightodds.com/events/ufc-3522
eb9d986bba59ea0c7aeb,2024,UFC,2024-12-07,Alexandre Pantoja,Kai Asakura,Alexandre Pantoja,99,UFC Flyweight Title Bout,6,1.0953839606097837,https://www.bestfightodds.com/events/ufc-3522
f5c2a148ca65f0e34707,2024,UFC,2024-12-07,Ian Machado Garry,Shavkat Rakhmonov,Shavkat Rakhmonov,99,Welterweight Bout,6,0.9525077918345946,https://www.bestfightodds.com/events/ufc-3522
15106cc6ad27118c164c,2024,UFC Fight Night,2024-12-14,Davey Grant,Ramon Taveras,Davey Grant,99,Bantamweight Bout,6,0.9525077918345946,https://www.bestfightodds.com/events/ufc-fight-night-3544
1f7010897de780944a29,2024,UFC Fight Night,2024-12-14,Josefin Knutsson,Piera Rodriguez,Piera Rodriguez,99,Women's Strawweight Bout,6,0.9525077918345946,https://www.bestfightodds.com/events/ufc-fight-night-3544
433fbbf78432e98f3f5a,2024,UFC Fight Night,2024-12-14,Billy Quarantillo,Cub Swanson,Cub Swanson,99,Featherweight Bout,6,0.9525077918345946,https://www.bestfightodds.com/events/ufc-fight-night-3544
484f962f240c7ba6097f,2024,UFC Fight Night,2024-12-14,Adrian Yanez,Daniel Marcos,Daniel Marcos,99,Bantamweight Bout,6,0.9525077918345946,https://www.bestfightodds.com/events/ufc-fight-night-3544
4a7fa3d30e4a180b94c5,2024,UFC Fight Night,2024-12-14,Navajo Stirling,Tuco Tokkos,Navajo Stirling,99,Light Heavyweight Bout,6,0.9525077918345946,https://www.bestfightodds.com/events/ufc-fight-night-3544
7c83ff5558ede5899a0f,2024,UFC Fight Night,2024-12-14,Michael Johnson,Ottman Azaitar,Michael Johnson,99,Lightweight Bout,6,0.9525077918345946,https://www.bestfightodds.com/events/ufc-fight-night-3544
7ca21678cf29cf125383,2024,UFC Fight Night,2024-12-14,Felipe Lima,Miles Johns,Felipe Lima,99,Featherweight Bout,6,0.9525077918345946,https://www.bestfightodds.com/events/ufc-fight-night-3544
b4416b38e3c62b0e596e,2024,UFC Fight Night,2024-12-14,Dustin Jacoby,Vitor Petrino,Dustin Jacoby,99,Light Heavyweight Bout,6,0.9525077918345946,https://www.bestfightodds.com/events/ufc-fight-night-3544
c6c109e9050f8268ea8b,2024,UFC Fight Night,2024-12-14,Jamey-Lyn Horth,Miranda Maverick,Miranda Maverick,99,Women's Flyweight Bout,6,0.9525077918345946,https://www.bestfightodds.com/events/ufc-fight-night-3544
d985bfedb9f13b834308,2024,UFC Fight Night,2024-12-14,Bruno Silva,Manel Kape,Manel Kape,99,Flyweight Bout,6,0.9525077918345946,https://www.bestfightodds.com/events/ufc-fight-night-3544
dfa0a038120f9a909c75,2024,UFC Fight Night,2024-12-14,Drakkar Klose,Joel Alvarez,Joel Alvarez,99,Lightweight Bout,6,0.9525077918345946,https://www.bestfightodds.com/events/ufc-fight-night-3544
ef19dd30d7d28e928eb9,2024,UFC Fight Night,2024-12-14,Colby Covington,Joaquin Buckley,Joaquin Buckley,99,Welterweight Bout,6,0.9525077918345946,https://www.bestfightodds.com/events/ufc-fight-night-3544
f2d80e87f1d1fe5ef1f5,2024,UFC Fight Night,2024-12-14,Fernando Padilla,Sean Woodson,Sean Woodson,99,Featherweight Bout,6,0.9525077918345946,https://www.bestfightodds.com/events/ufc-fight-night-3544
383f05e5e8a8dcac31cf,2025,UFC Fight Night,2025-01-11,Austin Bashi,Christian Rodriguez,Christian Rodriguez,99,Featherweight Bout,6,1.0159292322896694,https://www.bestfightodds.com/events/ufc-fight-night-3586
51384d785a62de099b7e,2025,UFC Fight Night,2025-01-11,Bruno Lopes,Magomed Gadzhiyasulov,Bruno Lopes,99,Light Heavyweight Bout,6,1.0159292322896694,https://www.bestfightodds.com/events/ufc-fight-night-3593
52a3f9eb34343b06a8d5,2025,UFC Fight Night,2025-01-11,Felipe Bunes,Jose Johnson,Felipe Bunes,99,Flyweight Bout,6,1.0159292322896694,https://www.bestfightodds.com/events/ufc-fight-night-3593
5986a7a454fbaa5fcd87,2025,UFC Fight Night,2025-01-11,Abdul Razak Alhassan,Cesar Almeida,Cesar Almeida,99,Middleweight Bout,6,1.0159292322896694,https://www.bestfightodds.com/events/ufc-fight-night-3586
8318d5d062f6658fa546,2025,UFC Fight Night,2025-01-11,Chris Curtis,Roman Kopylov,Roman Kopylov,99,Middleweight Bout,6,1.0159292322896694,https://www.bestfightodds.com/events/ufc-fight-night-3586
85c449f59aebd8c89bdd,2025,UFC Fight Night,2025-01-11,Ernesta Kareckaite,Nicolle Caliari,Ernesta Kareckaite,99,Women's Flyweight Bout,6,1.0159292322896694,https://www.bestfightodds.com/events/ufc-fight-night-3593
90a5a260a4a95dd2dcf3,2025,UFC Fight Night,2025-01-11,Amanda Ribas,Mackenzie Dern,Mackenzie Dern,99,Women's Strawweight Bout,6,1.0159292322896694,https://www.bestfightodds.com/events/ufc-fight-night-3586
a3327e70950375754d3b,2025,UFC Fight Night,2025-01-11,Joe Solecki,Nurullo Aliev,Nurullo Aliev,99,Lightweight Bout,6,1.0159292322896694,https://www.bestfightodds.com/events/ufc-fight-night-3593
a794553ad5c6c2eca2f6,2025,UFC Fight Night,2025-01-11,Jacobe Smith,Preston Parsons,Jacobe Smith,99,Welterweight Bout,6,1.0159292322896694,https://www.bestfightodds.com/events/ufc-fight-night-3593
afd9276ed9ba45b1d0c4,2025,UFC Fight Night,2025-01-11,Punahele Soriano,Uros Medic,Punahele Soriano,99,Welterweight Bout,6,1.0159292322896694,https://www.bestfightodds.com/events/ufc-fight-night-3586
c4b264418c25543aa9fe,2025,UFC Fight Night,2025-01-11,Thiago Moises,Trey Ogden,Thiago Moises,99,Lightweight Bout,6,1.0159292322896694,https://www.bestfightodds.com/events/ufc-fight-night-3593
d56d9f1b259000fc3843,2025,UFC Fight Night,2025-01-11,Fatima Kline,Victoria Dudakova,Fatima Kline,99,Women's Strawweight Bout,6,1.0159292322896694,https://www.bestfightodds.com/events/ufc-fight-night-3593
de7c41a7257dff837001,2025,UFC Fight Night,2025-01-11,Carlston Harris,Santiago Ponzinibbio,Santiago Ponzinibbio,99,Welterweight Bout,6,1.0159292322896694,https://www.bestfightodds.com/events/ufc-fight-night-3586
0cad3f1f534b86f7300a,2025,UFC,2025-01-18,Payton Talbott,Raoni Barcelos,Raoni Barcelos,99,Bantamweight Bout,6,1.0159292322896694,https://www.bestfightodds.com/events/ufc-3570
31d651a4b25bf5092abd,2025,UFC,2025-01-18,Azamat Bekoev,Zachary Reese,Azamat Bekoev,99,Middleweight Bout,6,1.0159292322896694,https://www.bestfightodds.com/events/ufc-3570
4399848d22c8f4ff56d8,2025,UFC,2025-01-18,Muin Gafurov,Rinya Nakamura,Muin Gafurov,99,Bantamweight Bout,6,1.0159292322896694,https://www.bestfightodds.com/events/ufc-3570
5ebd3be15db109c52579,2025,UFC,2025-01-18,Merab Dvalishvili,Umar Nurmagomedov,Merab Dvalishvili,99,UFC Bantamweight Title Bout,6,1.1683186171331197,https://www.bestfightodds.com/events/ufc-3570
6c39b89dab3a5bba2d06,2025,UFC,2025-01-18,Islam Makhachev,Renato Moicano,Islam Makhachev,99,UFC Lightweight Title Bout,6,1.1683186171331197,https://www.bestfightodds.com/events/ufc-3570
6fed86d45d351c53d3a3,2025,UFC,2025-01-18,Jailton Almeida,Serghei Spivac,Jailton Almeida,99,Heavyweight Bout,6,1.0159292322896694,https://www.bestfightodds.com/events/ufc-3570
844e93fb863bd4957b0e,2025,UFC,2025-01-18,Diego Ferreira,Grant Dawson,Grant Dawson,99,Lightweight Bout,6,1.0159292322896694,https://www.bestfightodds.com/events/ufc-3570
92a0cf53bf143066158e,2025,UFC,2025-01-18,Kevin Holland,Reinier de Ridder,Reinier de Ridder,99,Middleweight Bout,6,1.0159292322896694,https://www.bestfightodds.com/events/ufc-3570
9c16c0757b987e7c3971,2025,UFC,2025-01-18,Billy Elekana,Bogdan Guskov,Bogdan Guskov,99,Light Heavyweight Bout,6,1.0159292322896694,https://www.bestfightodds.com/events/ufc-3570
c2b4ff4a367f10978b1e,2025,UFC,2025-01-18,Ailin Perez,Karol Rosa,Ailin Perez,99,Women's Bantamweight Bout,6,1.0159292322896694,https://www.bestfightodds.com/events/ufc-3570
d96aa18acb2c67bd5061,2025,UFC,2025-01-18,Jamahal Hill,Jiri Prochazka,Jiri Prochazka,99,Light Heavyweight Bout,6,1.0159292322896694,https://www.bestfightodds.com/events/ufc-3570
9db130e794c48610168a,2025,UFC 311,2025-01-18,Benardo Sopaj,Ricky Turcios,Benardo Sopaj,99,Bantamweight Bout,6,1.2191150787476033,https://www.bestfightodds.com/events/ufc-311-3596
d122335ed9ceb259cf29,2025,UFC 311,2025-01-18,Clayton Carpenter,Tagir Ulanbekov,Tagir Ulanbekov,99,Flyweight Bout,6,1.2191150787476033,https://www.bestfightodds.com/events/ufc-311-3596
0cd7b665a20b07512229,2025,UFC,2025-02-01,Hamdy Abdelwahab,Jamal Pogues,Hamdy Abdelwahab,99,Heavyweight Bout,6,1.0159292322896694,https://www.bestfightodds.com/events/ufc-3592
50dc28cc2306aab7e921,2025,UFC,2025-02-01,Said Nurmagomedov,Vinicius Oliveira,Vinicius Oliveira,99,Bantamweight Bout,6,1.0159292322896694,https://www.bestfightodds.com/events/ufc-3592
5f21cac2e1318f79c604,2025,UFC,2025-02-01,Michael Page,Shara Magomedov,Michael Page,99,Middleweight Bout,6,1.0159292322896694,https://www.bestfightodds.com/events/ufc-3592
61843da105e4b591fe91,2025,UFC,2025-02-01,Jairzinho Rozenstruik,Sergei Pavlovich,Sergei Pavlovich,99,Heavyweight Bout,6,1.0159292322896694,https://www.bestfightodds.com/events/ufc-3592
626450c9be7e1558b1b2,2025,UFC,2025-02-01,Israel Adesanya,Nassourdine Imavov,Nassourdine Imavov,99,Middleweight Bout,6,1.0159292322896694,https://www.bestfightodds.com/events/ufc-3592
6e111f77bbe0cfd6457d,2025,UFC,2025-02-01,Damir Hadzovic,Terrance McKinney,Terrance McKinney,99,Lightweight Bout,6,1.0159292322896694,https://www.bestfightodds.com/events/ufc-3592
990e31ef1d719e693633,2025,UFC,2025-02-01,Bogdan Grad,Lucas Alexander,Bogdan Grad,99,Featherweight Bout,6,1.0159292322896694,https://www.bestfightodds.com/events/ufc-3592
a2118b8d61e40d7e22e7,2025,UFC,2025-02-01,Jasmine Jasudavicius,Mayra Bueno Silva,Jasmine Jasudavicius,99,Women's Flyweight Bout,6,1.0159292322896694,https://www.bestfightodds.com/events/ufc-3592
b8f1ebfe4450af9e1d21,2025,UFC,2025-02-01,Shamil Gaziev,Thomas Petersen,Shamil Gaziev,99,Heavyweight Bout,6,1.0159292322896694,https://www.bestfightodds.com/events/ufc-3592
ca84f0a5183e635d097b,2025,UFC,2025-02-01,Kaan Ofli,Muhammad Naimov,Muhammad Naimov,99,Featherweight Bout,6,1.0159292322896694,https://www.bestfightodds.com/events/ufc-3592
f40ca125b78cba9016a1,2025,UFC,2025-02-01,Fares Ziam,Mike Davis,Fares Ziam,99,Lightweight Bout,6,1.0159292322896694,https://www.bestfightodds.com/events/ufc-3592
0672f055ae76aa1e99fd,2025,UFC,2025-02-08,Dricus Du Plessis,Sean Strickland,Dricus Du Plessis,99,UFC Middleweight Title Bout,6,1.1683186171331197,https://www.bestfightodds.com/events/ufc-3626
1236308e16558ede0e02,2025,UFC,2025-02-08,Francisco Prado,Jake Matthews,Jake Matthews,99,Welterweight Bout,5,0.9274122622565962,https://www.bestfightodds.com/events/ufc-3626
2ba64a4f330448c5f1e0,2025,UFC,2025-02-08,Justin Tafa,Tallison Teixeira,Tallison Teixeira,99,Heavyweight Bout,6,1.0159292322896694,https://www.bestfightodds.com/events/ufc-3626
5660fad1a1062d658777,2025,UFC,2025-02-08,Jonathan Micallef,Kevin Jousset,Jonathan Micallef,99,Welterweight Bout,6,1.0159292322896694,https://www.bestfightodds.com/events/ufc-3626
77decac51a487e22a218,2025,UFC,2025-02-08,Anshul Jubli,Quillan Salkilld,Quillan Salkilld,99,Lightweight Bout,5,0.9274122622565962,https://www.bestfightodds.com/events/ufc-3617
7989ae723e6afdd2be98,2025,UFC,2025-02-08,Tom Nolan,Viacheslav Borshchev,Tom Nolan,99,Lightweight Bout,6,1.0159292322896694,https://www.bestfightodds.com/events/ufc-3626
7d72c2a55e54dff606bf,2025,UFC,2025-02-08,Kody Steele,Rongzhu,Rongzhu,99,Lightweight Bout,5,0.9274122622565962,https://www.bestfightodds.com/events/ufc-3626
86bcf564d2ef89b77f68,2025,UFC,2025-02-08,Gabriel Santos,Jack Jenkins,Gabriel Santos,99,Featherweight Bout,6,1.0159292322896694,https://www.bestfightodds.com/events/ufc-3626
9d4990e1891bd046e91d,2025,UFC,2025-02-08,Tatiana Suarez,Zhang Weili,Zhang Weili,99,UFC Women's Strawweight Title Bout,6,1.1683186171331197,https://www.bestfightodds.com/events/ufc-3626
ceb2f35f131b3424b77f,2025,UFC,2025-02-08,Aleksandre Topuria,Colby Thicknesse,Aleksandre Topuria,99,Bantamweight Bout,5,0.9274122622565962,https://www.bestfightodds.com/events/ufc-3626
433d35a3f95f3a0e5a31,2025,UFC,2025-02-15,Don'tale Mayes,Valter Walker,Valter Walker,99,Heavyweight Bout,5,0.9274122622565962,https://www.bestfightodds.com/events/ufc-3630
4d57378558031b772aa2,2025,UFC,2025-02-15,Jacqueline Cavalcanti,Julia Avila,Jacqueline Cavalcanti,99,Women's Bantamweight Bout,5,0.9274122622565962,https://www.bestfightodds.com/events/ufc-3630
5d09f4e61d792533762f,2025,UFC,2025-02-15,Gabriel Bonfim,Khaos Williams,Gabriel Bonfim,99,Welterweight Bout,5,0.9274122622565962,https://www.bestfightodds.com/events/ufc-3630
6574462423d1b008cfd7,2025,UFC,2025-02-15,Calvin Kattar,Youssef Zalal,Youssef Zalal,99,Featherweight Bout,5,0.9274122622565962,https://www.bestfightodds.com/events/ufc-3638
6ff819b49a6e6f02ca3d,2025,UFC,2025-02-15,Angela Hill,Ketlen Souza,Angela Hill,99,Women's Strawweight Bout,5,0.9274122622565962,https://www.bestfightodds.com/events/ufc-3630
702e2eb2ae4c0a2d6cd4,2025,UFC,2025-02-15,Dylan Budka,Edmen Shahbazyan,Edmen Shahbazyan,99,Middleweight Bout,5,0.9274122622565962,https://www.bestfightodds.com/events/ufc-3638
808de85690ce08e4018a,2025,UFC,2025-02-15,Jesus Aguilar,Rafael Estevam,Rafael Estevam,99,Flyweight Bout,5,0.9274122622565962,https://www.bestfightodds.com/events/ufc-3630
8f623dd6e9c0311331e8,2025,UFC,2025-02-15,Connor Matthews,Jose Delgado,Jose Delgado,99,Featherweight Bout,5,0.9274122622565962,https://www.bestfightodds.com/events/ufc-3630
9e2321034a8537f56d98,2025,UFC,2025-02-15,Andre Petroski,Rodolfo Vieira,Andre Petroski,99,Middleweight Bout,5,0.9274122622565962,https://www.bestfightodds.com/events/ufc-3638
bd0963c3cf121b0e006d,2025,UFC,2025-02-15,Gregory Rodrigues,Jared Cannonier,Jared Cannonier,99,Middleweight Bout,5,0.9274122622565962,https://www.bestfightodds.com/events/ufc-3638
c2921782c7be4c700b77,2025,UFC,2025-02-15,Elijah Smith,Vince Morales,Elijah Smith,99,Bantamweight Bout,5,0.9274122622565962,https://www.bestfightodds.com/events/ufc-3630
ce836cc88c4eb1d1b8d2,2025,UFC,2025-02-15,Ismael Bonfim,Nazim Sadykhov,Nazim Sadykhov,99,Lightweight Bout,5,0.9274122622565962,https://www.bestfightodds.com/events/ufc-3638
1cf4da22cb939735a199,2025,UFC,2025-02-22,Ibo Aslan,Ion Cutelaba,Ion Cutelaba,99,Light Heavyweight Bout,5,0.9274122622565962,https://www.bestfightodds.com/events/ufc-3601
4ee3e1d8ce5a3aa60aa5,2025,UFC,2025-02-22,Andre Fili,Melquizael Costa,Melquizael Costa,99,Featherweight Bout,5,0.9274122622565962,https://www.bestfightodds.com/events/ufc-3601
501d52191855f5b4d57c,2025,UFC,2025-02-22,Anthony Hernandez,Brendan Allen,Anthony Hernandez,99,Middleweight Bout,5,0.9274122622565962,https://www.bestfightodds.com/events/ufc-3601
5a98526c95cd04c0f99d,2025,UFC,2025-02-22,Alonzo Menifield,Julius Walker,Alonzo Menifield,99,Light Heavyweight Bout,5,0.9274122622565962,https://www.bestfightodds.com/events/ufc-3601
73fb1eb6c53682fd7f2e,2025,UFC,2025-02-22,Modestas Bukauskas,Raffael Cerqueira,Modestas Bukauskas,99,Light Heavyweight Bout,5,0.9274122622565962,https://www.bestfightodds.com/events/ufc-3604
7b122afe08a0dd8e0b2b,2025,UFC,2025-02-22,Eric McConico,Nursulton Ruziboev,Nursulton Ruziboev,99,Middleweight Bout,5,0.9274122622565962,https://www.bestfightodds.com/events/ufc-3604
adfaf6b9f2a31a5fca9f,2025,UFC,2025-02-22,Henry Cejudo,Song Yadong,Song Yadong,99,Bantamweight Bout,6,1.0159292322896694,https://www.bestfightodds.com/events/ufc-3601
bfa6112f23a5ec2b1c24,2025,UFC,2025-02-22,Jean Matsumoto,Rob Font,Rob Font,99,Catch Weight Bout,5,0.9274122622565962,https://www.bestfightodds.com/events/ufc-3601
d5bff65f92aa8219b44d,2025,UFC,2025-02-22,Austin Vanderford,Nikolay Veretennikov,Austin Vanderford,99,Catch Weight Bout,5,0.9274122622565962,https://www.bestfightodds.com/events/ufc-3601
e04d23df708a87e1a8aa,2025,UFC,2025-02-22,Mansur Abdul-Malik,Nick Klein,Mansur Abdul-Malik,99,Middleweight Bout,5,0.9274122622565962,https://www.bestfightodds.com/events/ufc-3601
fcd108b4d026b2d0c537,2025,UFC,2025-02-22,Javid Basharat,Ricky Simon,Ricky Simon,99,Bantamweight Bout,5,0.9274122622565962,https://www.bestfightodds.com/events/ufc-3601
fe619f95423f4d083aae,2025,UFC,2025-02-22,Jean Silva,Melsik Baghdasaryan,Jean Silva,99,Featherweight Bout,5,0.9274122622565962,https://www.bestfightodds.com/events/ufc-3601
004b0417fa5e7a8884cf,2025,UFC,2025-03-01,Chepe Mariscal,Ricardo Ramos,Chepe Mariscal,99,Featherweight Bout,5,0.9274122622565962,https://www.bestfightodds.com/events/ufc-3642
373ad52012f38baaa945,2025,UFC,2025-03-01,Andrea Lee,Jj Aldrich,JJ Aldrich,99,Women's Flyweight Bout,5,0.9274122622565962,https://www.bestfightodds.com/events/ufc-3642
684136b916305283bc47,2025,UFC,2025-03-01,Esteban Ribovics,Nasrat Haqparast,Nasrat Haqparast,99,Lightweight Bout,5,0.9274122622565962,https://www.bestfightodds.com/events/ufc-3600
79c9e58eb87e53b41fdc,2025,UFC,2025-03-01,Cody Brundage,Julian Marquez,Cody Brundage,99,Middleweight Bout,5,0.9274122622565962,https://www.bestfightodds.com/events/ufc-3600
a53b5047bd81b1ed9110,2025,UFC,2025-03-01,Asu Almabaev,Manel Kape,Manel Kape,99,Flyweight Bout,5,0.9274122622565962,https://www.bestfightodds.com/events/ufc-3600
c024eda7678b670646dc,2025,UFC,2025-03-01,Austen Lane,Mario Pinto,Mario Pinto,99,Heavyweight Bout,5,0.9274122622565962,https://www.bestfightodds.com/events/ufc-3642
e36719b58e20881dd2d9,2025,UFC,2025-03-01,Hyder Amil,William Gomis,Hyder Amil,99,Featherweight Bout,5,0.9274122622565962,https://www.bestfightodds.com/events/ufc-3600
f4a2659c3b8aa77d0bc9,2025,UFC,2025-03-01,Danny Silva,Lucas Almeida,Danny Silva,99,Featherweight Bout,5,0.9274122622565962,https://www.bestfightodds.com/events/ufc-3642
f9a7682534dc880eef22,2025,UFC,2025-03-01,Danny Barlow,Sam Patterson,Sam Patterson,99,Welterweight Bout,5,0.9274122622565962,https://www.bestfightodds.com/events/ufc-3600
4628a16b8d6624641b9c,2025,UFC,2025-03-08,Joshua van,Rei Tsuruya,Joshua Van,99,Flyweight Bout,5,0.9274122622565962,https://www.bestfightodds.com/events/ufc-3612
46c3bcdd342b994f8be8,2025,UFC,2025-03-08,Armen Petrosyan,Brunno Ferreira,Brunno Ferreira,99,Middleweight Bout,5,0.9274122622565962,https://www.bestfightodds.com/events/ufc-3612
786427be642f8f11ba56,2025,UFC,2025-03-08,Alex Pereira,Magomed Ankalaev,Magomed Ankalaev,99,UFC Light Heavyweight Title Bout,6,1.1683186171331197,https://www.bestfightodds.com/events/ufc-3612
8b064d9e7f295bde79ba,2025,UFC,2025-03-08,Amanda Lemos,Iasmin Lucindo,Amanda Lemos,99,Women's Strawweight Bout,5,0.9274122622565962,https://www.bestfightodds.com/events/ufc-3612
8d9c67dc93e4b4c9fd22,2025,UFC,2025-03-08,Ignacio Bahamondes,Jalin Turner,Ignacio Bahamondes,99,Lightweight Bout,5,0.9274122622565962,https://www.bestfightodds.com/events/ufc-3612
c1623c249b896c090bad,2025,UFC,2025-03-08,Justin Gaethje,Rafael Fiziev,Justin Gaethje,99,Lightweight Bout,5,0.9274122622565962,https://www.bestfightodds.com/events/ufc-3612
ddc5b03ef7ef3bad30a0,2025,UFC,2025-03-08,Francis Marshall,Mairon Santos,Mairon Santos,99,Featherweight Bout,5,0.9274122622565962,https://www.bestfightodds.com/events/ufc-3612
e859d1bbee39adb33b4c,2025,UFC,2025-03-08,King Green,Mauricio Ruffy,Mauricio Ruffy,99,Lightweight Bout,5,0.9274122622565962,https://www.bestfightodds.com/events/ufc-3612
1cd07a3020bb9cf8ff26,2025,UFC 313,2025-03-08,Djorden Santos,Ozzy Diaz,Ozzy Diaz,99,Middleweight Bout,5,1.1128947147079156,https://www.bestfightodds.com/events/ufc-313-3650
1bbeca2ca475f82fa0de,2025,UFC,2025-03-15,Kevin Vallejos,Seung Woo Choi,Kevin Vallejos,99,Featherweight Bout,5,0.9274122622565962,https://www.bestfightodds.com/events/ufc-3655
7620ec17f33d8adb74a1,2025,UFC,2025-03-15,Brendson Ribeiro,Diyar Nurgozhay,Brendson Ribeiro,99,Light Heavyweight Bout,5,0.9274122622565962,https://www.bestfightodds.com/events/ufc-3655
86d87fdf547fe09f0aa2,2025,UFC,2025-03-15,Andre Lima,Daniel Barez,Andre Lima,99,Flyweight Bout,5,0.9274122622565962,https://www.bestfightodds.com/events/ufc-3655
aef83d69e69af48bef7d,2025,UFC,2025-03-15,Carli Judice,Yuneisy Duben,Carli Judice,99,Women's Flyweight Bout,5,0.9274122622565962,https://www.bestfightodds.com/events/ufc-3655
b59729618f90fcc09c37,2025,UFC,2025-03-15,Carlos Vera,Josias Musasa,Carlos Vera,99,Bantamweight Bout,5,0.9274122622565962,https://www.bestfightodds.com/events/ufc-3655
f66643b556651f33c5f6,2025,UFC,2025-03-15,Ryan Spann,Waldo Cortes-Acosta,Waldo Cortes-Acosta,99,Heavyweight Bout,5,0.9274122622565962,https://www.bestfightodds.com/events/ufc-3655
f68d26a210b7381c93c7,2025,UFC,2025-03-15,Josiane Nunes,Priscila Cachoeira,Priscila Cachoeira,99,Women's Bantamweight Bout,5,0.9274122622565962,https://www.bestfightodds.com/events/ufc-3655
fc13daa2531ed3c59bb4,2025,UFC,2025-03-15,Sam Hughes,Stephanie Luciano,Sam Hughes,99,Women's Strawweight Bout,5,0.9274122622565962,https://www.bestfightodds.com/events/ufc-3655
36671415f2ce1d543cbf,2025,UFC Fight Night,2025-03-15,Chidi Njokuani,Elizeu Zaleski Dos Santos,Chidi Njokuani,99,Welterweight Bout,5,0.9274122622565962,https://www.bestfightodds.com/events/ufc-fight-night-3651
6d241da7d35b05ea38b2,2025,UFC Fight Night,2025-03-15,Cody Gibson,Da'mon Blackshear,Da'Mon Blackshear,99,Bantamweight Bout,5,0.9274122622565962,https://www.bestfightodds.com/events/ufc-fight-night-3651
82d02406fbb925be8023,2025,UFC Fight Night,2025-03-15,Alexander Hernandez,Kurt Holobaugh,Alexander Hernandez,99,Lightweight Bout,5,0.9274122622565962,https://www.bestfightodds.com/events/ufc-fight-night-3651
a763841d234fdb7926f8,2025,UFC Fight Night,2025-03-15,Marvin Vettori,Roman Dolidze,Roman Dolidze,99,Middleweight Bout,5,0.9274122622565962,https://www.bestfightodds.com/events/ufc-fight-night-3651
18914236ad57fa9b2ce2,2025,UFC,2025-03-22,Andrey Pulyaev,Christian Leroy Duncan,Christian Leroy Duncan,99,Middleweight Bout,5,0.9274122622565962,https://www.bestfightodds.com/events/ufc-3578
2aaf737676bed0de462b,2025,UFC,2025-03-22,Chris Duncan,Jordan Vucenic,Chris Duncan,99,Lightweight Bout,5,0.9274122622565962,https://www.bestfightodds.com/events/ufc-3578
2da6a5832c42ef5e7518,2025,UFC,2025-03-22,Chris Padilla,Jai Herbert,Chris Padilla,99,Lightweight Bout,5,0.9274122622565962,https://www.bestfightodds.com/events/ufc-3578
31b04737f67f3c4acdec,2025,UFC,2025-03-22,Leon Edwards,Sean Brady,Sean Brady,99,Welterweight Bout,5,0.9274122622565962,https://www.bestfightodds.com/events/ufc-3578
3a195458c88bb7d99547,2025,UFC,2025-03-22,Morgan Charriere,Nathaniel Wood,Nathaniel Wood,99,Featherweight Bout,5,0.9274122622565962,https://www.bestfightodds.com/events/ufc-3578
7763089c5e6914219a1b,2025,UFC,2025-03-22,Felipe Dos Santos,Lone'er Kavanagh,Lone'er Kavanagh,99,Flyweight Bout,5,0.9274122622565962,https://www.bestfightodds.com/events/ufc-3578
95acb216da334f542bb9,2025,UFC,2025-03-22,Carlos Ulberg,Jan Blachowicz,Carlos Ulberg,99,Light Heavyweight Bout,6,1.0159292322896694,https://www.bestfightodds.com/events/ufc-3578
c5bcb65da9b713b23891,2025,UFC,2025-03-22,Marcin Tybura,Mick Parkin,Marcin Tybura,99,Heavyweight Bout,5,0.9274122622565962,https://www.bestfightodds.com/events/ufc-3578
e86622675801b2ccdb0c,2025,UFC,2025-03-22,Puja Tomar,Shauna Bannon,Shauna Bannon,99,Women's Strawweight Bout,5,0.9274122622565962,https://www.bestfightodds.com/events/ufc-3578
ede3484db7ab94e5894d,2025,UFC,2025-03-22,Alexia Thainara,Molly McCann,Alexia Thainara,99,Women's Strawweight Bout,5,0.9274122622565962,https://www.bestfightodds.com/events/ufc-3578
f10dae2921e94b0a461e,2025,UFC,2025-03-22,Caolan Loughran,Nathan Fletcher,Caolan Loughran,99,Bantamweight Bout,5,0.9274122622565962,https://www.bestfightodds.com/events/ufc-3578
fe47ceba0a3647799a8a,2025,UFC,2025-03-22,Gunnar Nelson,Kevin Holland,Kevin Holland,99,Welterweight Bout,5,0.9274122622565962,https://www.bestfightodds.com/events/ufc-3578
0609308c119480ed58c6,2025,UFC Fight Night,2025-03-29,Julia Polastri,Loopy Godinez,Loopy Godinez,99,Women's Strawweight Bout,5,0.9274122622565962,https://www.bestfightodds.com/events/ufc-fight-night-3668
087f44d52bac34aee260,2025,UFC Fight Night,2025-03-29,Rafa Garcia,Vinc Pichel,Rafa Garcia,99,Lightweight Bout,5,0.9274122622565962,https://www.bestfightodds.com/events/ufc-fight-night-3668
15bc623ac0fd9181bbca,2025,UFC Fight Night,2025-03-29,Drew Dober,Manuel Torres,Manuel Torres,99,Lightweight Bout,5,0.9274122622565962,https://www.bestfightodds.com/events/ufc-fight-night-3667
1e58b6140e33c81ad4e0,2025,UFC Fight Night,2025-03-29,Ateba Gautier,Jose Daniel Medina,Ateba Gautier,99,Middleweight Bout,5,0.9274122622565962,https://www.bestfightodds.com/events/ufc-fight-night-3668
28ba71513fca3c5a45ae,2025,UFC Fight Night,2025-03-29,Christian Rodriguez,Melquizael Costa,Melquizael Costa,99,Featherweight Bout,5,0.9274122622565962,https://www.bestfightodds.com/events/ufc-fight-night-3668
505bbef47dc1f03d3a9f,2025,UFC Fight Night,2025-03-29,Austin Hubbard,Marquel Mederos,MarQuel Mederos,99,Lightweight Bout,5,0.9274122622565962,https://www.bestfightodds.com/events/ufc-fight-night-3668
6d36b6c829b950ccd90f,2025,UFC Fight Night,2025-03-29,Raul Rosas Jr,Vince Morales,Raul Rosas Jr.,99,Bantamweight Bout,5,0.9274122622565962,https://www.bestfightodds.com/events/ufc-fight-night-3667
6e461a00cf44bcf46f49,2025,UFC Fight Night,2025-03-29,Brandon Moreno,Steve Erceg,Brandon Moreno,99,Flyweight Bout,5,0.9274122622565962,https://www.bestfightodds.com/events/ufc-fight-night-3667
9ef82109ee6637cc0ec2,2025,UFC Fight Night,2025-03-29,Cj Vergara,Edgar Chairez,Edgar Chairez,99,Flyweight Bout,5,0.9274122622565962,https://www.bestfightodds.com/events/ufc-fight-night-3667
adca24f1d44d5b273ba0,2025,UFC Fight Night,2025-03-29,Gabriel Miranda,Jamall Emmers,Jamall Emmers,99,Featherweight Bout,5,0.9274122622565962,https://www.bestfightodds.com/events/ufc-fight-night-3668
dde554bcaaab048f84ed,2025,UFC Fight Night,2025-03-29,Kevin Borjas,Ronaldo Rodriguez,Kevin Borjas,99,Flyweight Bout,5,0.9274122622565962,https://www.bestfightodds.com/events/ufc-fight-night-3668
ebc861508381c8f5e363,2025,UFC Fight Night,2025-03-29,David Martinez,Saimon Oliveira,David Martinez,99,Bantamweight Bout,5,0.9274122622565962,https://www.bestfightodds.com/events/ufc-fight-night-3668
550e64a50d127a7db7e7,2025,UFC,2025-04-05,Martin Buday,Uran Satybaldiev,Martin Buday,99,Heavyweight Bout,5,0.9274122622565962,https://www.bestfightodds.com/events/ufc-3671
7130dc35930358f9fd28,2025,UFC,2025-04-05,Talita Alencar,Vanessa Demopoulos,Talita Alencar,99,Women's Strawweight Bout,5,0.9274122622565962,https://www.bestfightodds.com/events/ufc-3671
80c8e636b63886b94cde,2025,UFC,2025-04-05,Pedro Falcao,Victor Henry,Victor Henry,99,Bantamweight Bout,5,0.9274122622565962,https://www.bestfightodds.com/events/ufc-3671
b2b4d9ccfbcf4de412d2,2025,UFC,2025-04-05,Istela Nunes,Loma Lookboonmee,Loma Lookboonmee,99,Women's Strawweight Bout,5,0.9274122622565962,https://www.bestfightodds.com/events/ufc-3671
0170b817f6e3071e7fbb,2025,UFC Fight Night,2025-04-05,Luis Gurule,Ode Osbourne,Ode Osbourne,99,Flyweight Bout,5,0.9274122622565962,https://www.bestfightodds.com/events/ufc-fight-night-3676
28ed5862cb8f8ebec952,2025,UFC Fight Night,2025-04-05,Daniel Frunza,Rhys McKee,Rhys McKee,99,Welterweight Bout,5,0.9274122622565962,https://www.bestfightodds.com/events/ufc-fight-night-3676
523191df6b455dfb0c46,2025,UFC Fight Night,2025-04-05,Robert Valentin Frey,Torrez Finney,Torrez Finney,99,Middleweight Bout,5,0.9274122622565962,https://www.bestfightodds.com/events/ufc-fight-night-3676
b683bacfdedf891efc35,2025,UFC Fight Night,2025-04-05,Joanderson Brito,Pat Sabatini,Pat Sabatini,99,Featherweight Bout,5,0.9274122622565962,https://www.bestfightodds.com/events/ufc-fight-night-3676
cd93b77a3e0b0ef8bfd7,2025,UFC Fight Night,2025-04-05,Brad Tavares,Gerald Meerschaert,Brad Tavares,99,Middleweight Bout,5,0.9274122622565962,https://www.bestfightodds.com/events/ufc-fight-night-3676
ec719bd458eff2f3d1d9,2025,UFC Fight Night,2025-04-05,Josh Emmett,Lerone Murphy,Lerone Murphy,99,Featherweight Bout,5,0.9274122622565962,https://www.bestfightodds.com/events/ufc-fight-night-3676
f72422d3d3a3d4c6d959,2025,UFC Fight Night,2025-04-05,Diana Belbita,Dione Barbosa,Dione Barbosa,99,Women's Flyweight Bout,5,0.9274122622565962,https://www.bestfightodds.com/events/ufc-fight-night-3676
18649b595e25ce594a5f,2025,UFC,2025-04-12,Chase Hooper,Jim Miller,Chase Hooper,99,Lightweight Bout,5,0.9274122622565962,https://www.bestfightodds.com/events/ufc-3611
2a3fa90bfff2426cd6d4,2025,UFC,2025-04-12,Bryce Mitchell,Jean Silva,Jean Silva,99,Featherweight Bout,5,0.9274122622565962,https://www.bestfightodds.com/events/ufc-3611
4066481d35cdadae1ae5,2025,UFC,2025-04-12,Marco Tulio,Tresean Gore,Marco Tulio,99,Middleweight Bout,5,0.9274122622565962,https://www.bestfightodds.com/events/ufc-3654
477c98f11b4b906030c6,2025,UFC,2025-04-12,Dan Ige,Sean Woodson,Dan Ige,99,Featherweight Bout,5,0.9274122622565962,https://www.bestfightodds.com/events/ufc-3611
8503077f90e528f0c220,2025,UFC,2025-04-12,Michael Chandler,Paddy Pimblett,Paddy Pimblett,99,Lightweight Bout,5,0.9274122622565962,https://www.bestfightodds.com/events/ufc-3611
853348e431c18af7dd2e,2025,UFC,2025-04-12,Dominick Reyes,Nikita Krylov,Dominick Reyes,99,Light Heavyweight Bout,5,0.9274122622565962,https://www.bestfightodds.com/events/ufc-3611
98832f26dee14a38eee2,2025,UFC,2025-04-12,Hailey Cowan,Nora Cornolle,Nora Cornolle,99,Women's Bantamweight Bout,5,0.9274122622565962,https://www.bestfightodds.com/events/ufc-3654
b0e1e0602662a6dadc0d,2025,UFC,2025-04-12,Darren Elkins,Julian Erosa,Julian Erosa,99,Featherweight Bout,5,0.9274122622565962,https://www.bestfightodds.com/events/ufc-3611
be5903494260a2469a32,2025,UFC,2025-04-12,Alexander Volkanovski,Diego Lopes,Alexander Volkanovski,99,UFC Featherweight Title Bout,5,1.0665241015950857,https://www.bestfightodds.com/events/ufc-3611
e0c420446909db43b133,2025,UFC,2025-04-12,Virna Jandiroba,Yan Xiaonan,Virna Jandiroba,99,Women's Strawweight Bout,5,0.9274122622565962,https://www.bestfightodds.com/events/ufc-3611
e8c008aa15e8d348494b,2025,UFC,2025-04-12,Michal Oleksiejczuk,Sedriques Dumas,Michal Oleksiejczuk,99,Middleweight Bout,5,0.9274122622565962,https://www.bestfightodds.com/events/ufc-3654
fea7c1ece99fb02c1258,2025,UFC,2025-04-12,Patricio Freire,Yair Rodriguez,Yair Rodriguez,99,Featherweight Bout,5,0.9274122622565962,https://www.bestfightodds.com/events/ufc-3611
242aef16f02c1ac155aa,2025,UFC,2025-04-26,Abus Magomedov,Michel Pereira,Abus Magomedov,99,Middleweight Bout,5,0.9274122622565962,https://www.bestfightodds.com/events/ufc-3656
27a42116979900831b8f,2025,UFC,2025-04-26,David Onama,Giga Chikadze,David Onama,99,Featherweight Bout,5,0.9274122622565962,https://www.bestfightodds.com/events/ufc-3656
485b0a7584d412f1237a,2025,UFC,2025-04-26,Chris Gutierrez,John Castaneda,Chris Gutierrez,99,Featherweight Bout,5,0.9274122622565962,https://www.bestfightodds.com/events/ufc-3656
5aa4449c428cbe9eb810,2025,UFC,2025-04-26,Jimmy Flick,Matt Schnell,Matt Schnell,99,Flyweight Bout,5,0.9274122622565962,https://www.bestfightodds.com/events/ufc-3656
61a7ae930f42500dfef1,2025,UFC,2025-04-26,Carlos Prates,Ian Machado Garry,Ian Machado Garry,99,Welterweight Bout,5,0.9274122622565962,https://www.bestfightodds.com/events/ufc-3656
985f782db0b7db59f27a,2025,UFC,2025-04-26,Evan Elder,Gauge Young,Evan Elder,99,Lightweight Bout,5,0.9274122622565962,https://www.bestfightodds.com/events/ufc-3656
b8c2789fcfad228b1a90,2025,UFC,2025-04-26,Nicolas Dalby,Randy Brown,Randy Brown,99,Welterweight Bout,5,0.9274122622565962,https://www.bestfightodds.com/events/ufc-3656
c149ff0524d597048e1c,2025,UFC,2025-04-26,Andre Muniz,Ikram Aliskerov,Ikram Aliskerov,99,Middleweight Bout,5,0.9274122622565962,https://www.bestfightodds.com/events/ufc-3656
f0a96adb8e63a98add0a,2025,UFC,2025-04-26,Anthony Smith,Zhang Mingyang,Zhang Mingyang,99,Light Heavyweight Bout,5,0.9274122622565962,https://www.bestfightodds.com/events/ufc-3656
52b3468b0eeed4b28605,2025,UFC Fight Night,2025-04-26,Cameron Saaiman,Malcolm Wellmaker,Malcolm Wellmaker,99,Bantamweight Bout,5,0.9274122622565962,https://www.bestfightodds.com/events/ufc-fight-night-3688
a43ecae1176ffbc724b8,2025,UFC Fight Night,2025-04-26,Jaqueline Amorim,Polyana Viana,Jaqueline Amorim,99,Women's Strawweight Bout,5,0.9274122622565962,https://www.bestfightodds.com/events/ufc-fight-night-3688
f2c456d80132a6851d94,2025,UFC Fight Night,2025-04-26,Chelsea Chandler,Joselyne Edwards,Joselyne Edwards,99,Women's Bantamweight Bout,5,0.9274122622565962,https://www.bestfightodds.com/events/ufc-fight-night-3688
5d0a87a8ce715f3fb9de,2025,UFC,2025-05-03,Azamat Bekoev,Ryan Loder,Azamat Bekoev,99,Middleweight Bout,5,0.9274122622565962,https://www.bestfightodds.com/events/ufc-3665
7b7105be04f9ef06973d,2025,UFC,2025-05-03,Cory Sandhagen,Deiveson Figueiredo,Cory Sandhagen,99,Bantamweight Bout,5,0.9274122622565962,https://www.bestfightodds.com/events/ufc-3665
7cc7fbd9b11aa7fa9550,2025,UFC,2025-05-03,Miesha Tate,Yana Santos,Yana Santos,99,Women's Bantamweight Bout,5,0.9274122622565962,https://www.bestfightodds.com/events/ufc-3665
8886ad555a3370c9874f,2025,UFC,2025-05-03,Bo Nickal,Reinier de Ridder,Reinier de Ridder,99,Middleweight Bout,5,0.9274122622565962,https://www.bestfightodds.com/events/ufc-3665
8ca3bb83c22bdd356856,2025,UFC,2025-05-03,Jeremy Stephens,Mason Jones,Mason Jones,99,Lightweight Bout,5,0.9274122622565962,https://www.bestfightodds.com/events/ufc-3665
a4dbe9d7531a7ce5875d,2025,UFC,2025-05-03,Gillian Robertson,Marina Rodriguez,Gillian Robertson,99,Women's Strawweight Bout,5,0.9274122622565962,https://www.bestfightodds.com/events/ufc-3665
b64d92c87cf7284698e5,2025,UFC,2025-05-03,Cameron Smotherman,Serhiy Sidey,Serhiy Sidey,99,Bantamweight Bout,5,0.9274122622565962,https://www.bestfightodds.com/events/ufc-3665
b881006ee4eb5196b3ba,2025,UFC,2025-05-03,Daniel Rodriguez,Santiago Ponzinibbio,Daniel Rodriguez,99,Welterweight Bout,5,0.9274122622565962,https://www.bestfightodds.com/events/ufc-3665
e15ab27fac0c5d8e8916,2025,UFC,2025-05-03,Daniel Marcos,Montel Jackson,Montel Jackson,99,Bantamweight Bout,5,0.9274122622565962,https://www.bestfightodds.com/events/ufc-3665
ed22d10bedf8d172f364,2025,UFC,2025-05-03,Gaston Bolanos,Quang Le,Quang Le,99,Bantamweight Bout,5,0.9274122622565962,https://www.bestfightodds.com/events/ufc-3665
792a749b8c256728f33f,2025,UFC Fight Night,2025-05-03,Don'tale Mayes,Thomas Petersen,Thomas Petersen,99,Heavyweight Bout,5,0.9274122622565962,https://www.bestfightodds.com/events/ufc-fight-night-3694
b511a0ee75d94ff4ccff,2025,UFC Fight Night,2025-05-03,Ivana Petrovic,Juliana Miller,Juliana Miller,99,Women's Flyweight Bout,5,0.9274122622565962,https://www.bestfightodds.com/events/ufc-fight-night-3694
07adb42560221c04e1a8,2025,UFC,2025-05-10,Ion Cutelaba,Modestas Bukauskas,Modestas Bukauskas,99,Light Heavyweight Bout,5,0.9274122622565962,https://www.bestfightodds.com/events/ufc-3644
08fb60e08c2e6d37386b,2025,UFC,2025-05-10,Ivan Erslan,Navajo Stirling,Navajo Stirling,99,Light Heavyweight Bout,5,0.9274122622565962,https://www.bestfightodds.com/events/ufc-3644
14a616af9075817d833d,2025,UFC,2025-05-10,Jasmine Jasudavicius,Jessica Andrade,Jasmine Jasudavicius,99,Women's Flyweight Bout,5,0.9274122622565962,https://www.bestfightodds.com/events/ufc-3644
2cf107c8b352be65455b,2025,UFC,2025-05-10,Alexa Grasso,Natalia Silva,Natalia Silva,99,Women's Flyweight Bout,5,0.9274122622565962,https://www.bestfightodds.com/events/ufc-3644
2e6e16c073b86be674ea,2025,UFC,2025-05-10,Charles Radtke,Mike Malott,Mike Malott,99,Welterweight Bout,5,0.9274122622565962,https://www.bestfightodds.com/events/ufc-3644
53121a45ffc31aa843a1,2025,UFC,2025-05-10,Manon Fiorot,Valentina Shevchenko,Valentina Shevchenko,99,UFC Women's Flyweight Title Bout,5,1.0665241015950857,https://www.bestfightodds.com/events/ufc-3644
7bc94a7b89d54545352b,2025,UFC,2025-05-10,Belal Muhammad,Jack Della Maddalena,Jack Della Maddalena,99,UFC Welterweight Title Bout,5,1.0665241015950857,https://www.bestfightodds.com/events/ufc-3644
c4ac8baf4dbd6a1fc3ba,2025,UFC,2025-05-10,Benoit Saint-Denis,Kyle Prepolec,Benoit Saint Denis,99,Lightweight Bout,5,0.9274122622565962,https://www.bestfightodds.com/events/ufc-3644
fa23fe2fc7a795a53bbb,2025,UFC,2025-05-10,Aiemann Zahabi,Jose Aldo,Aiemann Zahabi,99,Featherweight Bout,5,0.9274122622565962,https://www.bestfightodds.com/events/ufc-3644
28a4d162feee30037572,2025,UFC 315,2025-05-10,Bekzat Almakhan,Brad Katona,Bekzat Almakhan,99,Bantamweight Bout,5,1.1128947147079156,https://www.bestfightodds.com/events/ufc-315-3708
d3151d36eb7453905fb8,2025,UFC 315,2025-05-10,Daniel Santos,Jeong Yeong Lee,Daniel Santos,99,Featherweight Bout,5,1.1128947147079156,https://www.bestfightodds.com/events/ufc-315-3708
e9709183ccdb9c875c6b,2025,UFC 315,2025-05-10,Bruno Silva,Marc Andre Barriault,Marc-Andre Barriault,99,Middleweight Bout,5,1.1128947147079156,https://www.bestfightodds.com/events/ufc-315-3708
0feb59d03a85dbb6e560,2025,UFC,2025-05-17,Luana Santos,Tainara Lisboa,Luana Santos,99,Women's Bantamweight Bout,5,0.9274122622565962,https://www.bestfightodds.com/events/ufc-3719
362e683c48ddc4974148,2025,UFC,2025-05-17,Gilbert Burns,Michael Morales,Michael Morales,99,Welterweight Bout,5,0.9274122622565962,https://www.bestfightodds.com/events/ufc-3722
402a66742a7c4dd2f94f,2025,UFC,2025-05-17,Gabe Green,Matheus Camilo,Gabe Green,99,Lightweight Bout,5,0.9274122622565962,https://www.bestfightodds.com/events/ufc-3719
5335b1cdb68b99e51d7a,2025,UFC,2025-05-17,Denise Gomes,Elise Reed,Denise Gomes,99,Women's Strawweight Bout,5,0.9274122622565962,https://www.bestfightodds.com/events/ufc-3719
8c4e2150bbcecbef5d24,2025,UFC,2025-05-17,Dustin Stoltzfus,Nursulton Ruziboev,Nursulton Ruziboev,99,Middleweight Bout,5,0.9274122622565962,https://www.bestfightodds.com/events/ufc-3719
943f6206c4fae25be2d9,2025,UFC,2025-05-17,Luana Pinheiro,Tecia Pennington,Tecia Pennington,99,Women's Strawweight Bout,5,0.9274122622565962,https://www.bestfightodds.com/events/ufc-3719
97a45a4228719db86b8a,2025,UFC,2025-05-17,Jared Gordon,Thiago Moises,Jared Gordon,99,Lightweight Bout,5,0.9274122622565962,https://www.bestfightodds.com/events/ufc-3719
adc1dbde4bcd47aaba6f,2025,UFC,2025-05-17,Julian Erosa,Melquizael Costa,Melquizael Costa,99,Featherweight Bout,5,0.9274122622565962,https://www.bestfightodds.com/events/ufc-3719
dd8956986ab31aa6dd61,2025,UFC,2025-05-17,Mairon Santos,Sodiq Yusuff,Mairon Santos,99,Lightweight Bout,5,0.9274122622565962,https://www.bestfightodds.com/events/ufc-3722
0878d122efb8a72dbb9c,2025,UFC,2025-05-31,Allan Nascimento,Jafel Filho,Allan Nascimento,99,Flyweight Bout,5,0.9274122622565962,https://www.bestfightodds.com/events/ufc-3741
12239862d4c46c7f4b04,2025,UFC,2025-05-31,Ketlen Vieira,Macy Chiasson,Ketlen Vieira,99,Women's Featherweight Bout,5,0.9274122622565962,https://www.bestfightodds.com/events/ufc-3741
17aa3da5c5387251453d,2025,UFC,2025-05-31,Bolaji Oki,Michael Aswell,Bolaji Oki,99,Lightweight Bout,5,0.9274122622565962,https://www.bestfightodds.com/events/ufc-3727
3ad4848bcc086310158c,2025,UFC,2025-05-31,Billy Ray Goff,Ramiz Brahimaj,Ramiz Brahimaj,99,Welterweight Bout,5,0.9274122622565962,https://www.bestfightodds.com/events/ufc-3741
3f9c8a44f0c259d2e75c,2025,UFC,2025-05-31,Jordan Leavitt,Kurt Holobaugh,Jordan Leavitt,99,Lightweight Bout,5,0.9274122622565962,https://www.bestfightodds.com/events/ufc-3727
806741cd2140c5a3b0bf,2025,UFC,2025-05-31,Bruno Lopes,Dustin Jacoby,Dustin Jacoby,99,Light Heavyweight Bout,5,0.9274122622565962,https://www.bestfightodds.com/events/ufc-3741
c810ce5c385628a78fdd,2025,UFC,2025-05-31,Alice Ardelean,Rayanne Dos Santos,Alice Ardelean,99,Women's Strawweight Bout,5,0.9274122622565962,https://www.bestfightodds.com/events/ufc-3727
fe51f9be4b7350c038c1,2025,UFC,2025-05-31,Ludovit Klein,Mateusz Gamrot,Mateusz Gamrot,99,Lightweight Bout,5,0.9274122622565962,https://www.bestfightodds.com/events/ufc-3741
17dffe909c6187e68db2,2025,UFC,2025-06-07,Merab Dvalishvili,Sean O'Malley,Merab Dvalishvili,99,UFC Bantamweight Title Bout,5,1.0665241015950857,https://www.bestfightodds.com/events/ufc-3684
1a105d09233db3a1419a,2025,UFC,2025-06-07,Serghei Spivac,Waldo Cortes-Acosta,Waldo Cortes-Acosta,99,Heavyweight Bout,5,0.9274122622565962,https://www.bestfightodds.com/events/ufc-3684
414a9cedea6b2ee9c4d5,2025,UFC,2025-06-07,Joe Pyfer,Kelvin Gastelum,Joe Pyfer,99,Middleweight Bout,5,0.9274122622565962,https://www.bestfightodds.com/events/ufc-3684
6552cefe842f26188bd4,2025,UFC,2025-06-07,Julianna Pena,Kayla Harrison,Kayla Harrison,99,UFC Women's Bantamweight Title Bout,5,1.0665241015950857,https://www.bestfightodds.com/events/ufc-3684
842e9c669ea529c2588e,2025,UFC,2025-06-07,Kevin Holland,Vicente Luque,Kevin Holland,99,Welterweight Bout,5,0.9274122622565962,https://www.bestfightodds.com/events/ufc-3684
91bab0b23ea38359ecab,2025,UFC,2025-06-07,Bruno Silva,Joshua van,Joshua Van,99,Flyweight Bout,5,0.9274122622565962,https://www.bestfightodds.com/events/ufc-3684
c29368706b9436f73f6e,2025,UFC,2025-06-07,Andreas Gustafsson,Khaos Williams,Andreas Gustafsson,99,Welterweight Bout,5,0.9274122622565962,https://www.bestfightodds.com/events/ufc-3684
c8c52ee20e907b093f6a,2025,UFC,2025-06-07,Azamat Murzakanov,Brendson Ribeiro,Azamat Murzakanov,99,Light Heavyweight Bout,5,0.9274122622565962,https://www.bestfightodds.com/events/ufc-3684
e6c266fe839c9cf7a4ee,2025,UFC,2025-06-07,Mario Bautista,Patrick Mix,Mario Bautista,99,Bantamweight Bout,5,0.9274122622565962,https://www.bestfightodds.com/events/ufc-3684
80f3a053808af27c5ee2,2025,UFC 316,2025-06-07,Quillan Salkilld,Yanal Ashmouz,Quillan Salkilld,99,Lightweight Bout,5,1.1128947147079156,https://www.bestfightodds.com/events/ufc-316-3702
bf55b2f8932f61f89b38,2025,UFC 316,2025-06-07,Ariane da Silva,Wang Cong,Wang Cong,99,Women's Flyweight Bout,3,0.8620445392292021,https://www.bestfightodds.com/events/ufc-316-3702
c7782f8cfb8472036e7f,2025,UFC 316,2025-06-07,Mark Choinski,Marquel Mederos,MarQuel Mederos,99,Lightweight Bout,5,1.1128947147079156,https://www.bestfightodds.com/events/ufc-316-3702
08b23397fad98f274d9e,2025,UFC Fight Night,2025-06-14,Cameron Smotherman,Ricky Simon,Ricky Simon,99,Bantamweight Bout,5,0.9274122622565962,https://www.bestfightodds.com/events/ufc-fight-night-3716
08be7bb67286b528e8b0,2025,UFC Fight Night,2025-06-14,Court McGee,Michael Chiesa,Michael Chiesa,99,Welterweight Bout,5,0.9274122622565962,https://www.bestfightodds.com/events/ufc-fight-night-3716
0feca729753d44cd15a2,2025,UFC Fight Night,2025-06-14,Cody Durden,Jose Ochoa,Jose Ochoa,99,Flyweight Bout,5,0.9274122622565962,https://www.bestfightodds.com/events/ufc-fight-night-3716
1635f0ab02298f88603e,2025,UFC Fight Night,2025-06-14,Ange Loosa,Phil Rowe,Phil Rowe,99,Welterweight Bout,5,0.9274122622565962,https://www.bestfightodds.com/events/ufc-fight-night-3715
16e1feb9486244243fae,2025,UFC Fight Night,2025-06-14,Alonzo Menifield,Oumar Sy,Alonzo Menifield,99,Light Heavyweight Bout,5,0.9274122622565962,https://www.bestfightodds.com/events/ufc-fight-night-3716
296e407a1a99ccb2a4ff,2025,UFC Fight Night,2025-06-14,Jamey-Lyn Horth,Vanessa Demopoulos,Jamey-Lyn Horth,99,Women's Flyweight Bout,5,0.9274122622565962,https://www.bestfightodds.com/events/ufc-fight-night-3715
2971af80cd2b4db56ad5,2025,UFC Fight Night,2025-06-14,Joaquin Buckley,Kamaru Usman,Kamaru Usman,99,Welterweight Bout,5,0.9274122622565962,https://www.bestfightodds.com/events/ufc-fight-night-3716
7e50fefeb075b2d484dc,2025,UFC Fight Night,2025-06-14,Kris Moutinho,Malcolm Wellmaker,Malcolm Wellmaker,99,Bantamweight Bout,5,0.9274122622565962,https://www.bestfightodds.com/events/ufc-fight-night-3716
94a3e27dd108f3060cbc,2025,UFC Fight Night,2025-06-14,Andre Petroski,Edmen Shahbazyan,Edmen Shahbazyan,99,Middleweight Bout,5,0.9274122622565962,https://www.bestfightodds.com/events/ufc-fight-night-3716
ee15608ab13a8b77486f,2025,UFC Fight Night,2025-06-14,Cody Garbrandt,Raoni Barcelos,Raoni Barcelos,99,Bantamweight Bout,5,0.9274122622565962,https://www.bestfightodds.com/events/ufc-fight-night-3716
f8ac28f3c057f628f845,2025,UFC Fight Night,2025-06-14,Miranda Maverick,Rose Namajunas,Rose Namajunas,99,Women's Flyweight Bout,5,0.9274122622565962,https://www.bestfightodds.com/events/ufc-fight-night-3716
465d3ec596fc5e7ca7f4,2025,UFC Fight Night,2025-06-21,Myktybek Orolbai,Tofiq Musayev,Myktybek Orolbai,99,Catch Weight Bout,5,0.9274122622565962,https://www.bestfightodds.com/events/ufc-fight-night-3701
548f53902c46c57206ee,2025,UFC Fight Night,2025-06-21,Ismail Naurdiev,Jun Yong Park,JunYong Park,99,Middleweight Bout,5,0.9274122622565962,https://www.bestfightodds.com/events/ufc-fight-night-3701
5e8920faeb22032b726c,2025,UFC Fight Night,2025-06-21,Ignacio Bahamondes,Rafael Fiziev,Rafael Fiziev,99,Lightweight Bout,5,0.9274122622565962,https://www.bestfightodds.com/events/ufc-fight-night-3701
673dbf0622dc38a923f5,2025,UFC Fight Night,2025-06-21,Curtis Blaydes,Rizvan Kuniev,Curtis Blaydes,99,Heavyweight Bout,5,0.9274122622565962,https://www.bestfightodds.com/events/ufc-fight-night-3701
7d257304fc16406380e7,2025,UFC Fight Night,2025-06-21,Hamdy Abdelwahab,Mohammed Usman,Mohammed Usman,99,Heavyweight Bout,5,0.9274122622565962,https://www.bestfightodds.com/events/ufc-fight-night-3701
7f35ea2b365f706ebc4d,2025,UFC Fight Night,2025-06-21,Nazim Sadykhov,Nikolas Motta,Nazim Sadykhov,99,Lightweight Bout,5,0.9274122622565962,https://www.bestfightodds.com/events/ufc-fight-night-3701
809f6ad5dda5404c9537,2025,UFC Fight Night,2025-06-21,Irina Alekseeva,Klaudia Sygula,Klaudia Sygula,99,Women's Bantamweight Bout,5,0.9274122622565962,https://www.bestfightodds.com/events/ufc-fight-night-3701
bc0fe2ada96d77b8adc6,2025,UFC Fight Night,2025-06-21,Oban Elliott,Seokhyeon Ko,Seokhyeon Ko,99,Welterweight Bout,5,0.9274122622565962,https://www.bestfightodds.com/events/ufc-fight-night-3701
c22e70f9a92dd12e6493,2025,UFC Fight Night,2025-06-21,Azat Maksum,Tagir Ulanbekov,Tagir Ulanbekov,99,Flyweight Bout,5,0.9274122622565962,https://www.bestfightodds.com/events/ufc-fight-night-3701
d3023b3ef5e34e823982,2025,UFC Fight Night,2025-06-21,Daria Zhelezniakova,Melissa Mullins,Daria Zhelezniakova,99,Women's Bantamweight Bout,5,0.9274122622565962,https://www.bestfightodds.com/events/ufc-fight-night-3701
d41b7c498757a7bf0a7b,2025,UFC Fight Night,2025-06-21,Bogdan Grad,Muhammad Naimov,Muhammad Naimov,99,Featherweight Bout,5,0.9274122622565962,https://www.bestfightodds.com/events/ufc-fight-night-3701
069c0f30542274fb1edb,2025,UFC,2025-06-28,Alvin Hines,Jhonata Diniz,Jhonata Diniz,99,Heavyweight Bout,4,0.8295027446290447,https://www.bestfightodds.com/events/ufc-3726
0da94fba57fbfd31a942,2025,UFC,2025-06-28,Gregory Rodrigues,Jack Hermansson,Gregory Rodrigues,99,Middleweight Bout,5,0.9274122622565962,https://www.bestfightodds.com/events/ufc-3725
3506ac1e607ec1ccd95b,2025,UFC,2025-06-28,Alexandre Pantoja,Kai Kara-France,Alexandre Pantoja,99,UFC Flyweight Title Bout,5,1.0665241015950857,https://www.bestfightodds.com/events/ufc-3725
3e4a8321daec93e9b64f,2025,UFC,2025-06-28,Tracy Cortez,Viviane Araujo,Tracy Cortez,99,Women's Flyweight Bout,5,0.9274122622565962,https://www.bestfightodds.com/events/ufc-3725
696a4a9b598963f56fa7,2025,UFC,2025-06-28,Charles Oliveira,Ilia Topuria,Ilia Topuria,99,UFC Lightweight Title Bout,5,1.0665241015950857,https://www.bestfightodds.com/events/ufc-3725
7c158b0af7a71dbbf0d8,2025,UFC,2025-06-28,Jacobe Smith,Niko Price,Jacobe Smith,99,Welterweight Bout,4,0.8295027446290447,https://www.bestfightodds.com/events/ufc-3726
8084bc9c3bad55ad4f79,2025,UFC,2025-06-28,Felipe Lima,Payton Talbott,Payton Talbott,99,Bantamweight Bout,4,0.8295027446290447,https://www.bestfightodds.com/events/ufc-3725
b5f083d57baeb16d3f64,2025,UFC,2025-06-28,Beneil Dariush,Renato Moicano,Beneil Dariush,99,Lightweight Bout,5,0.9274122622565962,https://www.bestfightodds.com/events/ufc-3725
c40566da916ffe297e11,2025,UFC,2025-06-28,Terrance McKinney,Viacheslav Borshchev,Terrance McKinney,99,Lightweight Bout,4,0.8295027446290447,https://www.bestfightodds.com/events/ufc-3725
dce06daf46afe0a7e030,2025,UFC,2025-06-28,Hyder Amil,Jose Delgado,Jose Delgado,99,Featherweight Bout,4,0.8295027446290447,https://www.bestfightodds.com/events/ufc-3725
ddc7770415a5b75d20c5,2025,UFC,2025-06-28,Brandon Royval,Joshua van,Joshua Van,99,Flyweight Bout,5,0.9274122622565962,https://www.bestfightodds.com/events/ufc-3725
0bc0eccb8787a2d3acd2,2025,UFC Fight Night,2025-07-12,Calvin Kattar,Steve Garcia,Steve Garcia,99,Featherweight Bout,4,0.8295027446290447,https://www.bestfightodds.com/events/ufc-fight-night-3749
20832233c51d67fd23ae,2025,UFC Fight Night,2025-07-12,Eduarda Moura,Lauren Murphy,Eduarda Moura,99,Women's Flyweight Bout,4,0.8295027446290447,https://www.bestfightodds.com/events/ufc-fight-night-3748
2f3d764c67131d0e1957,2025,UFC Fight Night,2025-07-12,Derrick Lewis,Tallison Teixeira,Derrick Lewis,99,Heavyweight Bout,4,0.8295027446290447,https://www.bestfightodds.com/events/ufc-fight-night-3749
3ce3b3291db1c8ce89c5,2025,UFC Fight Night,2025-07-12,Gabriel Bonfim,Stephen Thompson,Gabriel Bonfim,99,Welterweight Bout,4,0.8295027446290447,https://www.bestfightodds.com/events/ufc-fight-night-3749
5b0bbecfec3f52a01a08,2025,UFC Fight Night,2025-07-12,Fatima Kline,Melissa Martinez,Fatima Kline,99,Women's Strawweight Bout,4,0.8295027446290447,https://www.bestfightodds.com/events/ufc-fight-night-3748
689e1f4e3afa92231d48,2025,UFC Fight Night,2025-07-12,Kennedy Nzechukwu,Valter Walker,Valter Walker,99,Heavyweight Bout,4,0.8295027446290447,https://www.bestfightodds.com/events/ufc-fight-night-3748
754eade04ee66002099a,2025,UFC Fight Night,2025-07-12,Chidi Njokuani,Jake Matthews,Jake Matthews,99,Welterweight Bout,4,0.8295027446290447,https://www.bestfightodds.com/events/ufc-fight-night-3748
873f038e1badbc646453,2025,UFC Fight Night,2025-07-12,Austen Lane,Vitor Petrino,Vitor Petrino,99,Heavyweight Bout,4,0.8295027446290447,https://www.bestfightodds.com/events/ufc-fight-night-3749
b759d3f5dc7dea25bc70,2025,UFC Fight Night,2025-07-12,Chris Curtis,Max Griffin,Chris Curtis,99,Welterweight Bout,4,0.8295027446290447,https://www.bestfightodds.com/events/ufc-fight-night-3748
bcecd830a42e110904b9,2025,UFC Fight Night,2025-07-12,Mike Davis,Mitch Ramirez,Mike Davis,99,Lightweight Bout,4,0.8295027446290447,https://www.bestfightodds.com/events/ufc-fight-night-3748
d1a1bdce2e2016f6e8c1,2025,UFC Fight Night,2025-07-12,Morgan Charriere,Nate Landwehr,Morgan Charriere,99,Featherweight Bout,4,0.8295027446290447,https://www.bestfightodds.com/events/ufc-fight-night-3749
e728d174f69ae857cf43,2025,UFC Fight Night,2025-07-12,Junior Tafa,Tuco Tokkos,Tuco Tokkos,99,Light Heavyweight Bout,4,0.8295027446290447,https://www.bestfightodds.com/events/ufc-fight-night-3749
571c3c6e2399aa11c8ad,2025,UFC,2025-07-19,Adam Fugitt,Islam Dulatov,Islam Dulatov,99,Welterweight Bout,3,0.7183704493576685,https://www.bestfightodds.com/events/ufc-3706
717674b47b6e8a12a9c1,2025,UFC,2025-07-19,Brendan Allen,Marvin Vettori,Brendan Allen,99,Middleweight Bout,3,0.7183704493576685,https://www.bestfightodds.com/events/ufc-3706
c499e09850a96eca8164,2025,UFC,2025-07-19,Dustin Poirier,Max Holloway,Max Holloway,99,Lightweight Bout,5,0.9274122622565962,https://www.bestfightodds.com/events/ufc-3706
12e594c98a10bba8cd56,2025,UFC,2025-07-26,Mohammad Yahya,Steven Nguyen,Steven Nguyen,99,Featherweight Bout,5,0.9274122622565962,https://www.bestfightodds.com/events/ufc-3724
20320ac474737b30091c,2025,UFC,2025-07-26,Marcus McGhee,Petr Yan,Petr Yan,99,Bantamweight Bout,5,0.9274122622565962,https://www.bestfightodds.com/events/ufc-3724
264cf1dc5acd93b9ccf0,2025,UFC,2025-07-26,Reinier de Ridder,Robert Whittaker,Reinier de Ridder,99,Middleweight Bout,6,1.0159292322896694,https://www.bestfightodds.com/events/ufc-3724
3b2fea780177e2100425,2025,UFC,2025-07-26,Asu Almabaev,Jose Ochoa,Asu Almabayev,99,Flyweight Bout,5,0.9274122622565962,https://www.bestfightodds.com/events/ufc-3724
b177fbf088367e33c37a,2025,UFC,2025-07-26,Bogdan Guskov,Nikita Krylov,Bogdan Guskov,99,Light Heavyweight Bout,5,0.9274122622565962,https://www.bestfightodds.com/events/ufc-3724
ba027e02485480a5c405,2025,UFC,2025-07-26,Billy Elekana,Ibo Aslan,Billy Elekana,99,Light Heavyweight Bout,5,0.9274122622565962,https://www.bestfightodds.com/events/ufc-3724
bb6f5aa2adc9bc06a3c9,2025,UFC,2025-07-26,Bryce Mitchell,Said Nurmagomedov,Bryce Mitchell,99,Bantamweight Bout,5,0.9274122622565962,https://www.bestfightodds.com/events/ufc-3724
e3381a985b6b1bc7dd88,2025,UFC,2025-07-26,Marcus Buchecha,Martin Buday,Martin Buday,99,Heavyweight Bout,5,0.9274122622565962,https://www.bestfightodds.com/events/ufc-3724
e38e7de24030fe7f4d50,2025,UFC,2025-07-26,Amanda Ribas,Tabatha Ricci,Tabatha Ricci,99,Women's Strawweight Bout,5,0.9274122622565962,https://www.bestfightodds.com/events/ufc-3724
e6047780b30c804f2958,2025,UFC,2025-07-26,Da'mon Blackshear,Davey Grant,Davey Grant,99,Bantamweight Bout,5,0.9274122622565962,https://www.bestfightodds.com/events/ufc-3724
5bba4113757fe593a893,2025,UFC,2025-08-02,Nathan Fletcher,Rinya Nakamura,Rinya Nakamura,99,Bantamweight Bout,6,1.0159292322896694,https://www.bestfightodds.com/events/ufc-3791
6bc0d2b5b8c606c6b98d,2025,UFC,2025-08-02,Rodolfo Vieira,Tresean Gore,Rodolfo Vieira,99,Middleweight Bout,6,1.0159292322896694,https://www.bestfightodds.com/events/ufc-3791
138102592cd3c2a97eec,2025,UFC Fight Night: Albazi vs Taira Odds,2025-08-02,Felipe Bunes,Rafael Estevam,Rafael Estevam,99,Flyweight Bout,6,1.0159292322896694,https://www.bestfightodds.com/events/ufc-fight-night-albazi-vs-taira-odds-3777
3216b322b76b07476bfd,2025,UFC Fight Night: Albazi vs Taira Odds,2025-08-02,Danny Silva,Kevin Vallejos,Kevin Vallejos,99,Featherweight Bout,6,1.0159292322896694,https://www.bestfightodds.com/events/ufc-fight-night-albazi-vs-taira-odds-3777
46f1449eb6cb09338243,2025,UFC Fight Night: Albazi vs Taira Odds,2025-08-02,Elves Brener,Esteban Ribovics,Esteban Ribovics,99,Lightweight Bout,6,1.0159292322896694,https://www.bestfightodds.com/events/ufc-fight-night-albazi-vs-taira-odds-3777
6496476cd98606d148a2,2025,UFC Fight Night: Albazi vs Taira Odds,2025-08-02,Ketlen Souza,Piera Rodriguez,Piera Rodriguez,99,Women's Strawweight Bout,6,1.0159292322896694,https://www.bestfightodds.com/events/ufc-fight-night-albazi-vs-taira-odds-3777
74898212b0a262678848,2025,UFC Fight Night: Albazi vs Taira Odds,2025-08-02,Karol Rosa,Nora Cornolle,Karol Rosa,99,Women's Bantamweight Bout,6,1.0159292322896694,https://www.bestfightodds.com/events/ufc-fight-night-albazi-vs-taira-odds-3777
838386ce1d4d4cfb1979,2025,UFC Fight Night: Albazi vs Taira Odds,2025-08-02,Austin Bashi,John Yannis,Austin Bashi,99,Featherweight Bout,6,1.0159292322896694,https://www.bestfightodds.com/events/ufc-fight-night-albazi-vs-taira-odds-3777
ac418447f34d8085cf15,2025,UFC Fight Night: Albazi vs Taira Odds,2025-08-02,Hyun Sung Park,Tatsuro Taira,Tatsuro Taira,99,Flyweight Bout,6,1.0159292322896694,https://www.bestfightodds.com/events/ufc-fight-night-albazi-vs-taira-odds-3777
b43a13795bba5e8b216a,2025,UFC Fight Night: Albazi vs Taira Odds,2025-08-02,Elizeu Zaleski,Neil Magny,Neil Magny,99,Welterweight Bout,6,1.0159292322896694,https://www.bestfightodds.com/events/ufc-fight-night-albazi-vs-taira-odds-3777
e1ffa5edc1383bfc9a43,2025,UFC Fight Night: Albazi vs Taira Odds,2025-08-02,Chris Duncan,Mateusz Rebecki,Chris Duncan,99,Lightweight Bout,6,1.0159292322896694,https://www.bestfightodds.com/events/ufc-fight-night-albazi-vs-taira-odds-3777
ff29bc134d2db5f0c910,2025,UFC Fight Night: Albazi vs Taira Odds,2025-08-02,Andrey Pulyaev,Nick Klein,Andrey Pulyaev,99,Middleweight Bout,6,1.0159292322896694,https://www.bestfightodds.com/events/ufc-fight-night-albazi-vs-taira-odds-3777
046bbc22529a0fc35974,2025,UFC Fight Night: Dolidze vs. Hernandez Odds,2025-08-09,Angela Hill,Iasmin Lucindo,Iasmin Lucindo,99,Women's Strawweight Bout,6,1.0159292322896694,https://www.bestfightodds.com/events/ufc-fight-night-dolidze-vs-hernandez-odds-3789
1296d2e9c5dcfd4cda5c,2025,UFC Fight Night: Dolidze vs. Hernandez Odds,2025-08-09,Julius Walker,Raffael Cerqueira,Julius Walker,99,Light Heavyweight Bout,6,1.0159292322896694,https://www.bestfightodds.com/events/ufc-fight-night-dolidze-vs-hernandez-odds-3789
12dd4fbc69ec5819d147,2025,UFC Fight Night: Dolidze vs. Hernandez Odds,2025-08-09,Gilbert Urbina,Uros Medic,Uros Medic,99,Welterweight Bout,6,1.0159292322896694,https://www.bestfightodds.com/events/ufc-fight-night-dolidze-vs-hernandez-odds-3789
60423fcf894a5ec2a725,2025,UFC Fight Night: Dolidze vs. Hernandez Odds,2025-08-09,Andre Fili,Christian Rodriguez,Andre Fili,99,Featherweight Bout,6,1.0159292322896694,https://www.bestfightodds.com/events/ufc-fight-night-dolidze-vs-hernandez-odds-3789
6da4c3419fa065f6e547,2025,UFC Fight Night: Dolidze vs. Hernandez Odds,2025-08-09,Anthony Hernandez,Roman Dolideze,Anthony Hernandez,99,Middleweight Bout,6,1.0159292322896694,https://www.bestfightodds.com/events/ufc-fight-night-dolidze-vs-hernandez-odds-3789
9081518cae15ed60de02,2025,UFC Fight Night: Dolidze vs. Hernandez Odds,2025-08-09,Jean Matsumoto,Miles Johns,Jean Matsumoto,99,Bantamweight Bout,6,1.0159292322896694,https://www.bestfightodds.com/events/ufc-fight-night-dolidze-vs-hernandez-odds-3789
a54f3fd4354f3f114f47,2025,UFC Fight Night: Dolidze vs. Hernandez Odds,2025-08-09,Joselyne Edwards,Priscila Cachoeira,Joselyne Edwards,99,Women's Bantamweight Bout,6,1.0159292322896694,https://www.bestfightodds.com/events/ufc-fight-night-dolidze-vs-hernandez-odds-3789
a87dc2d46e994363e5ea,2025,UFC Fight Night: Dolidze vs. Hernandez Odds,2025-08-09,Elijah Smith,Toshiomi Kazama,Elijah Smith,99,Bantamweight Bout,6,1.0159292322896694,https://www.bestfightodds.com/events/ufc-fight-night-dolidze-vs-hernandez-odds-3789
b8a8bb2bfd5de0be35a8,2025,UFC Fight Night: Dolidze vs. Hernandez Odds,2025-08-09,Gabriella Fernandes,Julija Stoliarenko,Gabriella Fernandes,99,Women's Flyweight Bout,6,1.0159292322896694,https://www.bestfightodds.com/events/ufc-fight-night-dolidze-vs-hernandez-odds-3789
b9ff5597e11706a656c8,2025,UFC Fight Night: Dolidze vs. Hernandez Odds,2025-08-09,Ode Osbourne,Steve Erceg,Steve Erceg,99,Bantamweight Bout,6,1.0159292322896694,https://www.bestfightodds.com/events/ufc-fight-night-dolidze-vs-hernandez-odds-3789
be7eb04ba5079a93abd3,2025,UFC Fight Night: Dolidze vs. Hernandez Odds,2025-08-09,Christian Leroy Duncan,Eryk Anders,Christian Leroy Duncan,99,Middleweight Bout,6,1.0159292322896694,https://www.bestfightodds.com/events/ufc-fight-night-dolidze-vs-hernandez-odds-3789
cfe91617101ef18a9965,2025,UFC Fight Night: Dolidze vs. Hernandez Odds,2025-08-09,Cody Brundage,Eric McConico,Eric McConico,99,Light Heavyweight Bout,6,1.0159292322896694,https://www.bestfightodds.com/events/ufc-fight-night-dolidze-vs-hernandez-odds-3789
1e898c73d8c3a7f2afbe,2025,UFC 319,2025-08-16,Kai Asakura,Tim Elliott,Tim Elliott,99,Flyweight Bout,6,1.2191150787476033,https://www.bestfightodds.com/events/ufc-319-3800
2b25b04c0a7d424045d4,2025,UFC 319,2025-08-16,Jared Cannonier,Michael Page,Michael Page,99,Middleweight Bout,6,1.2191150787476033,https://www.bestfightodds.com/events/ufc-319-3800
2d9b126fafb5f8cb4836,2025,UFC 319,2025-08-16,Dricus Du Plessis,Khamzat Chimaev,Khamzat Chimaev,99,UFC Middleweight Title Bout,7,1.5143140021524402,https://www.bestfightodds.com/events/ufc-319-3800
b39bd59decbd477eebee,2025,UFC 319,2025-08-16,Alexander Hernandez,Chase Hooper,Alexander Hernandez,99,Lightweight Bout,6,1.2191150787476033,https://www.bestfightodds.com/events/ufc-319-3800
bf82b54f342ba6d01723,2025,UFC 319,2025-08-16,Jessica Andrade,Loopy Godinez,Loopy Godinez,99,Women's Strawweight Bout,6,1.2191150787476033,https://www.bestfightodds.com/events/ufc-319-3800
c344e7960b9dc81babdd,2025,UFC 319,2025-08-16,Carlos Prates,Geoff Neal,Carlos Prates,99,Welterweight Bout,6,1.2191150787476033,https://www.bestfightodds.com/events/ufc-319-3800
fcaced7f15bb835638ec,2025,UFC 319,2025-08-16,Aaron Pico,Lerone Murphy,Lerone Murphy,99,Featherweight Bout,6,1.2191150787476033,https://www.bestfightodds.com/events/ufc-319-3800
ff8bb09963f3a5bffa0c,2025,UFC 319,2025-08-16,Gerald Meerschaert,Michal Oleksiejczuk,Michal Oleksiejczuk,99,Middleweight Bout,6,1.2191150787476033,https://www.bestfightodds.com/events/ufc-319-3800
05bfa7a8c36d7e559384,2025,UFC 319 Odds,2025-08-16,Alibi Idiris,Joseph Morales,Joseph Morales,99,Ultimate Fighter 33 Flyweight Tournament Title Bout,6,1.4019823405597436,https://www.bestfightodds.com/events/ufc-319-odds-3767
6c6da5caa38c1a7cf82f,2025,UFC 319 Odds,2025-08-16,Dione Barbosa,Karine Silva,Karine Silva,99,Women's Flyweight Bout,6,1.2191150787476033,https://www.bestfightodds.com/events/ufc-319-odds-3767
aa2a09d4cac5e544bc2b,2025,UFC 319 Odds,2025-08-16,Drakkar Klose,Edson Barboza,Drakkar Klose,99,Lightweight Bout,6,1.2191150787476033,https://www.bestfightodds.com/events/ufc-319-odds-3767
b1e937d709dcf2f08459,2025,UFC,2025-08-22,Nyamjargal Tumendemberel,Terrance Saeteurn,Nyamjargal Tumendemberel,99,Flyweight Bout,3,0.7183704493576685,https://www.bestfightodds.com/events/ufc-3818
09bf83a363605dd432f2,2025,UFC,2025-08-23,Austin Hubbard,Rongzhu,Rongzhu,99,Lightweight Bout,6,1.0159292322896694,https://www.bestfightodds.com/events/ufc-3812
35ded722a136211f62a0,2025,UFC,2025-08-23,Westin Wilson,Yizha,Yizha,99,Featherweight Bout,6,1.0159292322896694,https://www.bestfightodds.com/events/ufc-3812
73721c9a98507ebb9b9c,2025,UFC,2025-08-23,Kyle Daukaus,Michel Pereira,Kyle Daukaus,99,Middleweight Bout,6,1.0159292322896694,https://www.bestfightodds.com/events/ufc-3812
763a802756cc5a777b74,2025,UFC,2025-08-23,Gauge Young,Maheshate,Gauge Young,99,Lightweight Bout,6,1.0159292322896694,https://www.bestfightodds.com/events/ufc-3812
7b04999dc57e772b8b74,2025,UFC,2025-08-23,Diyar Nurgozhay,Uran Satybaldiev,Uran Satybaldiev,99,Light Heavyweight Bout,6,1.0159292322896694,https://www.bestfightodds.com/events/ufc-3812
96b531ea328d129c02f4,2025,UFC,2025-08-23,Sergei Pavlovich,Waldo Cortes-Acosta,Sergei Pavlovich,99,Heavyweight Bout,6,1.0159292322896694,https://www.bestfightodds.com/events/ufc-3812
a23c02530fce2bce672d,2025,UFC,2025-08-23,Johnny Walker,Zhang Mingyang,Johnny Walker,99,Light Heavyweight Bout,6,1.0159292322896694,https://www.bestfightodds.com/events/ufc-3812
bad8e508d808e4f36084,2025,UFC,2025-08-23,Charles Johnson,Lone'er Kavanagh,Charles Johnson,99,Flyweight Bout,6,1.0159292322896694,https://www.bestfightodds.com/events/ufc-3812
d6915b09359a290a3fbd,2025,UFC,2025-08-23,Suyoung You,Xiao Long,SuYoung You,99,Bantamweight Bout,2,0.5865470157400505,https://www.bestfightodds.com/events/ufc-3812
dfe6e05e054b18696498,2025,UFC,2025-08-23,Kiefer Crosbie,Taiyilake Nueraji,Taiyilake Nueraji,99,Welterweight Bout,6,1.0159292322896694,https://www.bestfightodds.com/events/ufc-3812
01d4c53ae8d6a4532b94,2025,UFC Fight Night,2025-09-06,Ante Delija,Marcin Tybura,Ante Delija,99,Heavyweight Bout,6,1.0159292322896694,https://www.bestfightodds.com/events/ufc-fight-night-3775
4bb40c66a44497de87e8,2025,UFC Fight Night,2025-09-06,Brad Tavares,Robert Bryczek,Robert Bryczek,99,Middleweight Bout,6,1.0159292322896694,https://www.bestfightodds.com/events/ufc-fight-night-3775
5ea144668dcd68fafd99,2025,UFC Fight Night,2025-09-06,Sam Hughes,Shauna Bannon,Sam Hughes,99,Women's Strawweight Bout,6,1.0159292322896694,https://www.bestfightodds.com/events/ufc-fight-night-3775
6db34097e299a64056ad,2025,UFC Fight Night,2025-09-06,Caio Borralho,Nassourdine Imavov,Nassourdine Imavov,99,Middleweight Bout,6,1.0159292322896694,https://www.bestfightodds.com/events/ufc-fight-night-3775
6ef603a530ed6694ba31,2025,UFC Fight Night,2025-09-06,Benoit Saint-Denis,Mauricio Ruffy,Benoit Saint Denis,99,Lightweight Bout,6,1.0159292322896694,https://www.bestfightodds.com/events/ufc-fight-night-3775
87285678688649ea7fdb,2025,UFC Fight Night,2025-09-06,Brendson Ribeiro,Oumar Sy,Oumar Sy,99,Light Heavyweight Bout,6,1.0159292322896694,https://www.bestfightodds.com/events/ufc-fight-night-3775
896f5fe9eed66bf7bd7b,2025,UFC Fight Night,2025-09-06,Andreas Gustafsson,Rinat Fakhretdinov,Rinat Fakhretdinov,99,Welterweight Bout,6,1.0159292322896694,https://www.bestfightodds.com/events/ufc-fight-night-3775
9ccc1e250cc7831bc2f4,2025,UFC Fight Night,2025-09-06,Harry Hardwick,Kaue Fernandes,Kaue Fernandes,99,Lightweight Bout,6,1.0159292322896694,https://www.bestfightodds.com/events/ufc-fight-night-3775
a635cc65f24c9784f72f,2025,UFC Fight Night,2025-09-06,Sam Patterson,Trey Waters,Sam Patterson,99,Welterweight Bout,6,1.0159292322896694,https://www.bestfightodds.com/events/ufc-fight-night-3775
ad7e561fa6a14d389f73,2025,UFC Fight Night,2025-09-06,Bolaji Oki,Mason Jones,Mason Jones,99,Lightweight Bout,6,1.0159292322896694,https://www.bestfightodds.com/events/ufc-fight-night-3775
b966d756a4f807ccf224,2025,UFC Fight Night,2025-09-06,Robert Ruchala,William Gomis,William Gomis,99,Featherweight Bout,6,1.0159292322896694,https://www.bestfightodds.com/events/ufc-fight-night-3775
cc11a7bbd66d61ad2d71,2025,UFC Fight Night,2025-09-06,Modestas Bukauskas,Paul Craig,Modestas Bukauskas,99,Light Heavyweight Bout,6,1.0159292322896694,https://www.bestfightodds.com/events/ufc-fight-night-3775
d3decb79483c3631d297,2025,UFC Fight Night,2025-09-06,Axel Sola,Rhys McKee,Axel Sola,99,Welterweight Bout,6,1.0159292322896694,https://www.bestfightodds.com/events/ufc-fight-night-3775
051f0f126ea49220341b,2025,UFC Fight Night,2025-09-13,Daniil Donchenko,Rodrigo Sezinando,Daniil Donchenko,99,Ultimate Fighter 33 Welterweight Tournament Title Bout,6,1.1683186171331197,https://www.bestfightodds.com/events/ufc-fight-night-3794
054de1db06f572db8e0e,2025,UFC Fight Night,2025-09-13,Quang Le,Santiago Luna,Santiago Luna,99,Bantamweight Bout,6,1.0159292322896694,https://www.bestfightodds.com/events/ufc-fight-night-3794
16136f14ba4f25b77220,2025,UFC Fight Night,2025-09-13,Claudio Puelles,Joaquim Silva,Joaquim Silva,99,Lightweight Bout,6,1.0159292322896694,https://www.bestfightodds.com/events/ufc-fight-night-3794
240f528e728584302083,2025,UFC Fight Night,2025-09-13,Jesus Aguilar,Luis Gurule,Jesus Aguilar,99,Flyweight Bout,6,1.0159292322896694,https://www.bestfightodds.com/events/ufc-fight-night-3794
2629459af4516916a887,2025,UFC Fight Night,2025-09-13,Jared Gordon,Rafa Garcia,Rafa Garcia,99,Lightweight Bout,6,1.0159292322896694,https://www.bestfightodds.com/events/ufc-fight-night-3794
511839e3ce3f2eee6a8d,2025,UFC Fight Night,2025-09-13,Alden Coria,Alessandro Costa,Alden Coria,99,Flyweight Bout,6,1.0159292322896694,https://www.bestfightodds.com/events/ufc-fight-night-3794
615473e517a4ab465ddb,2025,UFC Fight Night,2025-09-13,Dustin Stoltzfus,Kelvin Gastelum,Kelvin Gastelum,99,Middleweight Bout,6,1.0159292322896694,https://www.bestfightodds.com/events/ufc-fight-night-3794
986a54e2d9aa8d5613be,2025,UFC Fight Night,2025-09-13,David Martinez,Rob Font,David Martinez,99,Bantamweight Bout,6,1.0159292322896694,https://www.bestfightodds.com/events/ufc-fight-night-3776
ad90a6d5d96b7e29bd40,2025,UFC Fight Night,2025-09-13,Dusko Todorovic,Jose Daniel Medina,Dusko Todorovic,99,Middleweight Bout,6,1.0159292322896694,https://www.bestfightodds.com/events/ufc-fight-night-3794
e2dc3b20f0f41956f463,2025,UFC Fight Night,2025-09-13,Alexander Hernandez,Diego Ferreira,Alexander Hernandez,99,Lightweight Bout,6,1.0159292322896694,https://www.bestfightodds.com/events/ufc-fight-night-3794
ed096231c75dbb8a5037,2025,UFC Fight Night,2025-09-13,Diego Lopes,Jean Silva,Diego Lopes,99,Featherweight Bout,6,1.0159292322896694,https://www.bestfightodds.com/events/ufc-fight-night-3776
f213d27f46be140ba77c,2025,UFC Fight Night,2025-09-13,Amanda Lemos,Tatiana Suarez,Tatiana Suarez,99,Women's Strawweight Bout,6,1.0159292322896694,https://www.bestfightodds.com/events/ufc-fight-night-3794
00b85b8dcd16ccb32e5d,2025,UFC Fight Night,2025-09-27,Luana Carolina,Michelle Montague,Michelle Montague,99,Women's Bantamweight Bout,6,1.0159292322896694,https://www.bestfightodds.com/events/ufc-fight-night-3846
0554f481794da7138747,2025,UFC Fight Night,2025-09-27,Charlie Campbell,Tom Nolan,Tom Nolan,99,Lightweight Bout,6,1.0159292322896694,https://www.bestfightodds.com/events/ufc-fight-night-3846
05d0f84a769525ea1a44,2025,UFC Fight Night,2025-09-27,Ivan Erslan,Jimmy Crute,Jimmy Crute,99,Light Heavyweight Bout,6,1.0159292322896694,https://www.bestfightodds.com/events/ufc-fight-night-3846
31032a2c60f879eb1e6d,2025,UFC Fight Night,2025-09-27,Alexia Thainara,Loma Lookboonmee,Alexia Thainara,99,Women's Strawweight Bout,6,1.0159292322896694,https://www.bestfightodds.com/events/ufc-fight-night-3840
380cdf5e7a80fc47aabb,2025,UFC Fight Night,2025-09-27,Colby Thicknesse,Josias Musasa,Colby Thicknesse,99,Bantamweight Bout,6,1.0159292322896694,https://www.bestfightodds.com/events/ufc-fight-night-3846
6a5cbeced0b0d2c95245,2025,UFC Fight Night,2025-09-27,Andre Petroski,Cam Rowston,Cam Rowston,99,Middleweight Bout,6,1.0159292322896694,https://www.bestfightodds.com/events/ufc-fight-night-3846
955656ec5b7f83c68a85,2025,UFC Fight Night,2025-09-27,Navajo Stirling,Rodolfo Bellato,Navajo Stirling,99,Light Heavyweight Bout,6,1.0159292322896694,https://www.bestfightodds.com/events/ufc-fight-night-3846
a632d58e1d87d5d3e27f,2025,UFC Fight Night,2025-09-27,Jack Jenkins,Ramon Taveras,Jack Jenkins,99,Featherweight Bout,6,1.0159292322896694,https://www.bestfightodds.com/events/ufc-fight-night-3846
e130ab3b2a3b762b2e70,2025,UFC Fight Night,2025-09-27,Jake Matthews,Neil Magny,Neil Magny,99,Welterweight Bout,6,1.0159292322896694,https://www.bestfightodds.com/events/ufc-fight-night-3846
e1cd0b252d33993874ce,2025,UFC Fight Night,2025-09-27,Carlos Ulberg,Dominick Reyes,Carlos Ulberg,99,Light Heavyweight Bout,6,1.0159292322896694,https://www.bestfightodds.com/events/ufc-fight-night-3846
edb49254ac688c5729e5,2025,UFC Fight Night,2025-09-27,Jamie Mullarkey,Rolando Bedoya,Jamie Mullarkey,99,Lightweight Bout,6,1.0159292322896694,https://www.bestfightodds.com/events/ufc-fight-night-3846
f7fd96c34973cfeb365c,2025,UFC Fight Night,2025-09-27,Brando Pericic,Elisha Ellison,Brando Pericic,99,Heavyweight Bout,6,1.0159292322896694,https://www.bestfightodds.com/events/ufc-fight-night-3840
3ca4807b00055f45b0c6,2025,UFC 320,2025-10-04,Austin Vanderford,Ramiz Brahimaj,Ramiz Brahimaj,99,Welterweight Bout,6,1.2191150787476033,https://www.bestfightodds.com/events/ufc-320-3853
8a6ef224f85f7fd1ac5c,2025,UFC 320,2025-10-04,Brogan Walker,Veronica Hardy,Veronica Hardy,99,Women's Flyweight Bout,6,1.2191150787476033,https://www.bestfightodds.com/events/ufc-320-3853
8aa06a2c803562348cf4,2025,UFC 320,2025-10-04,Chris Gutierrez,Farid Basharat,Farid Basharat,99,Bantamweight Bout,6,1.2191150787476033,https://www.bestfightodds.com/events/ufc-320-3853
9d314faf8a223d8beae0,2025,UFC 320,2025-10-04,Macy Chiasson,Yana Santos,Yana Santos,99,Women's Bantamweight Bout,6,1.2191150787476033,https://www.bestfightodds.com/events/ufc-320-3853
b48c8a0f630290236bac,2025,UFC 320,2025-10-04,Nikolay Veretennikov,Punahele Soriano,Punahele Soriano,99,Welterweight Bout,6,1.2191150787476033,https://www.bestfightodds.com/events/ufc-320-3853
1cfbae65d8f2a33895e7,2025,UFC 320 Odds,2025-10-04,Cory Sandhagen,Merab Dvalishvili,Merab Dvalishvili,99,UFC Bantamweight Title Bout,6,1.4019823405597436,https://www.bestfightodds.com/events/ufc-320-odds-3779
1e291ba5597de803cba6,2025,UFC 320 Odds,2025-10-04,Jiri Prochazka,Khalil Rountree Jr.,Jiri Prochazka,99,Light Heavyweight Bout,6,1.2191150787476033,https://www.bestfightodds.com/events/ufc-320-odds-3779
243db2fdb80e9b5945a9,2025,UFC 320 Odds,2025-10-04,Jakub Wiklacz,Patchy Mix,Jakub Wiklacz,99,Bantamweight Bout,6,1.2191150787476033,https://www.bestfightodds.com/events/ufc-320-odds-3779
6ddc3bd13d07b1d32200,2025,UFC 320 Odds,2025-10-04,Daniel Santos,Joosang Yoo,Daniel Santos,99,Catch Weight Bout,6,1.2191150787476033,https://www.bestfightodds.com/events/ufc-320-odds-3779
7139812beb96caa6b9d7,2025,UFC 320 Odds,2025-10-04,Alex Pereira,Magomed Ankalaev,Alex Pereira,99,UFC Light Heavyweight Title Bout,7,1.5143140021524402,https://www.bestfightodds.com/events/ufc-320-odds-3779
8917291941db87ed2da1,2025,UFC 320 Odds,2025-10-04,Josh Emmett,Youssef Zalal,Youssef Zalal,99,Featherweight Bout,6,1.2191150787476033,https://www.bestfightodds.com/events/ufc-320-odds-3779
a309774d3fe5fcfb79ab,2025,UFC 320 Odds,2025-10-04,Ateba Gautier,Treston Vines,Ateba Gautier,99,Middleweight Bout,6,1.2191150787476033,https://www.bestfightodds.com/events/ufc-320-odds-3779
bbaedcad3082cfe96fa4,2025,UFC 320 Odds,2025-10-04,Andre Muniz,Edmen Shahbazyan,Edmen Shahbazyan,99,Middleweight Bout,6,1.2191150787476033,https://www.bestfightodds.com/events/ufc-320-odds-3779
11990388b9248b0bc774,2025,UFC,2025-10-11,Joel Alvarez,Vicente Luque,Joel Alvarez,99,Welterweight Bout,6,1.0159292322896694,https://www.bestfightodds.com/events/ufc-3869
4eafdfb4355476b05171,2025,UFC,2025-10-11,Charles Oliveira,Mateusz Gamrot,Charles Oliveira,99,Lightweight Bout,6,1.0159292322896694,https://www.bestfightodds.com/events/ufc-3869
82ecd843b80174537729,2025,UFC,2025-10-11,Deiveson Figueiredo,Montel Jackson,Deiveson Figueiredo,99,Bantamweight Bout,6,1.0159292322896694,https://www.bestfightodds.com/events/ufc-3869
24f22d7926076709bc46,2025,UFC Rio,2025-10-11,Julia Polastri,Karolina Kowalkiewicz,Julia Polastri,99,Women's Strawweight Bout,6,1.0159292322896694,https://www.bestfightodds.com/events/ufc-rio-3872
4a55dbefd6b6f1b66287,2025,UFC Rio,2025-10-11,Lucas Rocha,Stewart Nicoll,Lucas Rocha,99,Flyweight Bout,6,1.0159292322896694,https://www.bestfightodds.com/events/ufc-rio-3872
4b8bea8fbb41a4cd3640,2025,UFC Rio,2025-10-11,Thomas Petersen,Vitor Petrino,Vitor Petrino,99,Heavyweight Bout,6,1.0159292322896694,https://www.bestfightodds.com/events/ufc-rio-3872
8193ea8758a359d15acf,2025,UFC Rio,2025-10-11,Luan Lacerda,Saimon Oliveira,Luan Lacerda,99,Bantamweight Bout,6,1.0159292322896694,https://www.bestfightodds.com/events/ufc-rio-3872
9d4b1bec0983c762107c,2025,UFC Rio,2025-10-11,Kaan Ofli,Ricardo Ramos,Kaan Ofli,99,Featherweight Bout,6,1.0159292322896694,https://www.bestfightodds.com/events/ufc-rio-3872
ce3bf6b6fee081da79eb,2025,UFC Rio,2025-10-11,Clayton Carpenter,Jafel Filho,Jafel Filho,99,Flyweight Bout,6,1.0159292322896694,https://www.bestfightodds.com/events/ufc-rio-3872
ff97b7e9cbc8631721b8,2025,UFC Rio,2025-10-11,Jhonata Diniz,Mario Pinto,Mario Pinto,99,Heavyweight Bout,6,1.0159292322896694,https://www.bestfightodds.com/events/ufc-rio-3872
01612ab6756cd4799a00,2025,UFC Fight Night,2025-10-18,Brendan Allen,Reinier de Ridder,Brendan Allen,99,Middleweight Bout,6,1.0159292322896694,https://www.bestfightodds.com/events/ufc-fight-night-3822
060ffc4bb1944f5d0089,2025,UFC Fight Night,2025-10-18,Drew Dober,Kyle Prepolec,Drew Dober,99,Lightweight Bout,6,1.0159292322896694,https://www.bestfightodds.com/events/ufc-fight-night-3822
063ef1d6d78cd100ba9d,2025,UFC Fight Night,2025-10-18,Aiemann Zahabi,Marlon Vera,Aiemann Zahabi,99,Bantamweight Bout,6,1.0159292322896694,https://www.bestfightodds.com/events/ufc-fight-night-3822
1ba6b4d933151c8693ee,2025,UFC Fight Night,2025-10-18,Charles Jourdain,Davey Grant,Charles Jourdain,99,Bantamweight Bout,6,1.0159292322896694,https://www.bestfightodds.com/events/ufc-fight-night-3822
2b0837112c94f5e58dfb,2025,UFC Fight Night,2025-10-18,Bruno Silva,Hyunsung Park,Bruno Silva,99,Flyweight Bout,6,1.0159292322896694,https://www.bestfightodds.com/events/ufc-fight-night-3822
53a42c3f7eadaf2f4822,2025,UFC Fight Night,2025-10-18,Kyle Nelson,Matt Frevola,Kyle Nelson,99,Lightweight Bout,6,1.0159292322896694,https://www.bestfightodds.com/events/ufc-fight-night-3822
55621117f9bf28cac61d,2025,UFC Fight Night,2025-10-18,Melissa Croden,Tainara Lisboa,Melissa Croden,99,Women's Bantamweight Bout,6,1.0159292322896694,https://www.bestfightodds.com/events/ufc-fight-night-3822
5d92af96bb40abc49642,2025,UFC Fight Night,2025-10-18,Aoriqileng,Cody Gibson,Aoriqileng,99,Bantamweight Bout,4,0.8295027446290447,https://www.bestfightodds.com/events/ufc-fight-night-3822
7eeed12a4d07bd00733b,2025,UFC Fight Night,2025-10-18,Kevin Holland,Mike Malott,Mike Malott,99,Welterweight Bout,6,1.0159292322896694,https://www.bestfightodds.com/events/ufc-fight-night-3822
9d999dc7a74d0e0877a0,2025,UFC Fight Night,2025-10-18,Danny Barlow,Djorden Santos,Djorden Santos,99,Middleweight Bout,6,1.0159292322896694,https://www.bestfightodds.com/events/ufc-fight-night-3822
cced01ca0a596db6a3ba,2025,UFC Fight Night,2025-10-18,Jasmine Jasudavicius,Manon Fiorot,Manon Fiorot,99,Women's Flyweight Bout,6,1.0159292322896694,https://www.bestfightodds.com/events/ufc-fight-night-3822
ed1a15dacf05bb4c52b9,2025,UFC Fight Night,2025-10-18,Azamat Bekoev,Yousri Belgaroui,Yousri Belgaroui,99,Middleweight Bout,6,1.0159292322896694,https://www.bestfightodds.com/events/ufc-fight-night-3822
f1a8118483d7c17a9dd9,2025,UFC Fight Night,2025-10-18,Ravena Oliveira,Stephanie Luciano,Stephanie Luciano,99,Women's Strawweight Bout,6,1.0159292322896694,https://www.bestfightodds.com/events/ufc-fight-night-3822
254640215ddecc790d5c,2025,UFC 321 Odds,2025-10-25,Jaqueline Amorim,Mizuki Inoue,Mizuki,99,Women's Strawweight Bout,6,1.2191150787476033,https://www.bestfightodds.com/events/ufc-321-odds-3780
3c2fc7965ba5d60231b4,2025,UFC 321 Odds,2025-10-25,Louie Sutherland,Valter Walker,Valter Walker,99,Heavyweight Bout,6,1.2191150787476033,https://www.bestfightodds.com/events/ufc-321-odds-3780
49d8350cdedfe893c8ba,2025,UFC 321 Odds,2025-10-25,Jose Delgado,Nathaniel Wood,Nathaniel Wood,99,Featherweight Bout,6,1.2191150787476033,https://www.bestfightodds.com/events/ufc-321-odds-3780
4dbbe25c2368c29285ff,2025,UFC 321 Odds,2025-10-25,Mario Bautista,Umar Nurmagomedov,Umar Nurmagomedov,99,Bantamweight Bout,6,1.2191150787476033,https://www.bestfightodds.com/events/ufc-321-odds-3780
5531c4ec465361751293,2025,UFC 321 Odds,2025-10-25,Aleksandar Rakic,Azamat Murzakanov,Azamat Murzakanov,99,Light Heavyweight Bout,6,1.2191150787476033,https://www.bestfightodds.com/events/ufc-321-odds-3780
58107a1278f3854b13ff,2025,UFC 321 Odds,2025-10-25,Azat Maksum,Mitch Raposo,Mitch Raposo,99,Flyweight Bout,6,1.2191150787476033,https://www.bestfightodds.com/events/ufc-321-odds-3780
95e19372e6416d9f4f95,2025,UFC 321 Odds,2025-10-25,Alexander Volkov,Jailton Almeida,Alexander Volkov,99,Heavyweight Bout,6,1.2191150787476033,https://www.bestfightodds.com/events/ufc-321-odds-3780
9664787c23012fa03c0b,2025,UFC 321 Odds,2025-10-25,Chris Barnett,Hamdy Abdelwahab,Hamdy Abdelwahab,99,Heavyweight Bout,6,1.2191150787476033,https://www.bestfightodds.com/events/ufc-321-odds-3780
b99464c3e8b0d099a7b2,2025,UFC 321 Odds,2025-10-25,Mackenzie Dern,Virna Jandiroba,Mackenzie Dern,99,UFC Women's Strawweight Title Bout,6,1.4019823405597436,https://www.bestfightodds.com/events/ufc-321-odds-3780
c95ea768b512546c7236,2025,UFC 321 Odds,2025-10-25,Ludovit Klein,Mateusz Rebecki,Ludovit Klein,99,Lightweight Bout,6,1.2191150787476033,https://www.bestfightodds.com/events/ufc-321-odds-3780
e239950563a70cb1f6ff,2025,UFC 321 Odds,2025-10-25,Ikram Aliskerov,Junyong Park,Ikram Aliskerov,99,Middleweight Bout,6,1.2191150787476033,https://www.bestfightodds.com/events/ufc-321-odds-3780
ef3825c435ccb7715a08,2025,UFC 321 Odds,2025-10-25,Nasrat Haqparast,Quillan Salkilld,Quillan Salkilld,99,Lightweight Bout,6,1.2191150787476033,https://www.bestfightodds.com/events/ufc-321-odds-3780
2f3f198518d18f3b58c1,2025,UFC Vegas 110,2025-11-01,Billy Elekana,Kevin Christian,Billy Elekana,99,Light Heavyweight Bout,6,1.0159292322896694,https://www.bestfightodds.com/events/ufc-vegas-110-3913
3903453e350290817524,2025,UFC Vegas 110,2025-11-01,David Onama,Steve Garcia,Steve Garcia,99,Featherweight Bout,6,1.0159292322896694,https://www.bestfightodds.com/events/ufc-vegas-110-3913
4eb3a6d45daf65d64d92,2025,UFC Vegas 110,2025-11-01,Charles Radtke,Daniel Frunza,Charles Radtke,99,Welterweight Bout,6,1.0159292322896694,https://www.bestfightodds.com/events/ufc-vegas-110-3913
566ad966cf6b8d7e5036,2025,UFC Vegas 110,2025-11-01,Ketlen Vieira,Norma Dumont,Norma Dumont,99,Women's Bantamweight Bout,6,1.0159292322896694,https://www.bestfightodds.com/events/ufc-vegas-110-3913
6694a16de48f0eff8682,2025,UFC Vegas 110,2025-11-01,Alice Ardelean,Montserrat Ruiz,Alice Ardelean,99,Women's Strawweight Bout,6,1.0159292322896694,https://www.bestfightodds.com/events/ufc-vegas-110-3913
69ec951037b229d33a1b,2025,UFC Vegas 110,2025-11-01,Jeremiah Wells,Themba Gorimbo,Jeremiah Wells,99,Welterweight Bout,6,1.0159292322896694,https://www.bestfightodds.com/events/ufc-vegas-110-3913
70272ea4e9497fbdfedf,2025,UFC Vegas 110,2025-11-01,Allan Nascimento,Cody Durden,Allan Nascimento,99,Catch Weight Bout,6,1.0159292322896694,https://www.bestfightodds.com/events/ufc-vegas-110-3913
771bf0a885aa97c8992a,2025,UFC Vegas 110,2025-11-01,Ante Delija,Waldo Cortes-Acosta,Waldo Cortes Acosta,99,Heavyweight Bout,6,1.0159292322896694,https://www.bestfightodds.com/events/ufc-vegas-110-3913
8bdfa64969dd4525ce5e,2025,UFC Vegas 110,2025-11-01,Isaac Dulgarian,Yadier Del Valle,Yadier del Valle,99,Featherweight Bout,5,0.9274122622565962,https://www.bestfightodds.com/events/ufc-vegas-110-3913
909869c3de4a4bbbe76e,2025,UFC Vegas 110,2025-11-01,Ariane Carnelossi,Talita Alencar,Talita Alencar,99,Women's Strawweight Bout,6,1.0159292322896694,https://www.bestfightodds.com/events/ufc-vegas-110-3913
d72fb777489c95af8a5c,2025,UFC Vegas 110,2025-11-01,Donte Johnson,Sedriques Dumas,Donte Johnson,99,Middleweight Bout,6,1.0159292322896694,https://www.bestfightodds.com/events/ufc-vegas-110-3913
e9f7f93549269f3496b0,2025,UFC Vegas 110,2025-11-01,Chang Ho Lee,Timmy Cuamba,Timmy Cuamba,99,Bantamweight Bout,6,1.0159292322896694,https://www.bestfightodds.com/events/ufc-vegas-110-3913
f0f8e543604c54f9c2c0,2025,UFC Vegas 110,2025-11-01,Phil Rowe,Seokhyeon Ko,Seokhyeon Ko,99,Welterweight Bout,6,1.0159292322896694,https://www.bestfightodds.com/events/ufc-vegas-110-3913
192ec4a10d5d6ecbccfa,2025,UFC Vegas 111,2025-11-08,Jacqueline Cavalcanti,Mayra Bueno Silva,Jacqueline Cavalcanti,99,Women's Bantamweight Bout,6,1.0159292322896694,https://www.bestfightodds.com/events/ufc-vegas-111-3918
437fdf06fff012acc978,2025,UFC Vegas 111,2025-11-08,Raoni Barcelos,Ricky Simon,Raoni Barcelos,99,Bantamweight Bout,6,1.0159292322896694,https://www.bestfightodds.com/events/ufc-vegas-111-3918
57a0b3fed33671ede13c,2025,UFC Vegas 111,2025-11-08,Josh Hokit,Max Gimenis,Josh Hokit,99,Heavyweight Bout,6,1.0159292322896694,https://www.bestfightodds.com/events/ufc-vegas-111-3918
6fcf7562090471e00678,2025,UFC Vegas 111,2025-11-08,Hyder Amil,Jamall Emmers,Jamall Emmers,99,Featherweight Bout,6,1.0159292322896694,https://www.bestfightodds.com/events/ufc-vegas-111-3918
a48acbb29743f6916fe0,2025,UFC Vegas 111,2025-11-08,Denise Gomes,Tecia Pennington,Denise Gomes,99,Women's Strawweight Bout,5,0.9274122622565962,https://www.bestfightodds.com/events/ufc-vegas-111-3918
f53bb3f3a7eb70f44c21,2025,UFC Vegas 111,2025-11-08,Daniel Marcos,Miles Johns,Daniel Marcos,99,Bantamweight Bout,6,1.0159292322896694,https://www.bestfightodds.com/events/ufc-vegas-111-3918
0e9ecb7ee9573f72c61e,2025,UFC 322,2025-11-15,Islam Makhachev,Jack Della Maddalena,Islam Makhachev,99,UFC Welterweight Title Bout,6,1.4019823405597436,https://www.bestfightodds.com/events/ufc-322-3830
1656de24d5ead75f632a,2025,UFC 322,2025-11-15,Valentina Shevchenko,Zhang Weili,Valentina Shevchenko,99,UFC Women's Flyweight Title Bout,6,1.4019823405597436,https://www.bestfightodds.com/events/ufc-322-3830
1a3d2f163ac582aed692,2025,UFC 322,2025-11-15,Bo Nickal,Rodolfo Vieira,Bo Nickal,99,Middleweight Bout,6,1.2191150787476033,https://www.bestfightodds.com/events/ufc-322-3830
67484512b650b5f46460,2025,UFC 322,2025-11-15,Carlos Prates,Leon Edwards,Carlos Prates,99,Welterweight Bout,6,1.2191150787476033,https://www.bestfightodds.com/events/ufc-322-3830
6b05be6638f528f9c4a6,2025,UFC 322,2025-11-15,Gregory Rodrigues,Roman Kopylov,Gregory Rodrigues,99,Middleweight Bout,6,1.2191150787476033,https://www.bestfightodds.com/events/ufc-322-3830
6c4e66b8dace1ab2fcc0,2025,UFC 322,2025-11-15,Matheus Camilo,Viacheslav Borshchev,Matheus Camilo,99,Lightweight Bout,6,1.2191150787476033,https://www.bestfightodds.com/events/ufc-322-3924
6de04f4822db271854e7,2025,UFC 322,2025-11-15,Ethyn Ewing,Malcolm Wellmaker,Ethyn Ewing,99,Featherweight Bout,6,1.2191150787476033,https://www.bestfightodds.com/events/ufc-322-3830
6ef9dc734a4064d132e2,2025,UFC 322,2025-11-15,Baisangur Susurkaev,Eric McConico,Baisangur Susurkaev,99,Middleweight Bout,6,1.2191150787476033,https://www.bestfightodds.com/events/ufc-322-3924
981585b7e4859a887c97,2025,UFC 322,2025-11-15,Michael Morales,Sean Brady,Michael Morales,99,Welterweight Bout,6,1.2191150787476033,https://www.bestfightodds.com/events/ufc-322-3830
b634dc87acc39829388f,2025,UFC 322,2025-11-15,Angela Hill,Fatima Kline,Fatima Kline,99,Women's Strawweight Bout,6,1.2191150787476033,https://www.bestfightodds.com/events/ufc-322-3830
b73473baa83629a1c5cf,2025,UFC 322,2025-11-15,Beneil Dariush,Benoit Saint-Denis,Benoit Saint Denis,99,Lightweight Bout,6,1.2191150787476033,https://www.bestfightodds.com/events/ufc-322-3830
cbea25a560af45481fd6,2025,UFC 322,2025-11-15,Erin Blanchfield,Tracy Cortez,Erin Blanchfield,99,Women's Flyweight Bout,6,1.2191150787476033,https://www.bestfightodds.com/events/ufc-322-3830
d8eebf82098e44ba1c56,2025,UFC 322,2025-11-15,Gerald Meerschaert,Kyle Daukaus,Kyle Daukaus,99,Middleweight Bout,6,1.2191150787476033,https://www.bestfightodds.com/events/ufc-322-3830
026cab6f18539ae36501,2025,UFC Qatar,2025-11-22,Nicolas Dalby,Saygid Izagakhmaev,Nicolas Dalby,99,Welterweight Bout,6,1.0159292322896694,https://www.bestfightodds.com/events/ufc-qatar-3941
23783a698eba749b1dc7,2025,UFC Qatar,2025-11-22,Bogdan Grad,Luke Riley,Luke Riley,99,Featherweight Bout,6,1.0159292322896694,https://www.bestfightodds.com/events/ufc-qatar-3941
2e4fbe4483c1f5aae69b,2025,UFC Qatar,2025-11-22,Shamil Gaziev,Waldo Cortes-Acosta,Waldo Cortes Acosta,99,Heavyweight Bout,6,1.0159292322896694,https://www.bestfightodds.com/events/ufc-qatar-3941
2f03a7cef79dc5f3431a,2025,UFC Qatar,2025-11-22,Kyoji Horiguchi,Tagir Ulanbekov,Kyoji Horiguchi,99,Flyweight Bout,6,1.0159292322896694,https://www.bestfightodds.com/events/ufc-qatar-3941
436e36140b8d592794d1,2025,UFC Qatar,2025-11-22,Alex Perez,Asu Almabayev,Asu Almabayev,99,Flyweight Bout,6,1.0159292322896694,https://www.bestfightodds.com/events/ufc-qatar-3941
66d951062cd0225eb4c4,2025,UFC Qatar,2025-11-22,Ismail Naurdiev,Ryan Loder,Ismail Naurdiev,99,Middleweight Bout,6,1.0159292322896694,https://www.bestfightodds.com/events/ufc-qatar-3941
7470734bc505e93c098c,2025,UFC Qatar,2025-11-22,Belal Muhammad,Ian Machado Garry,Ian Machado Garry,99,Welterweight Bout,6,1.0159292322896694,https://www.bestfightodds.com/events/ufc-qatar-3941
9194093d2070f3f7613e,2025,UFC Qatar,2025-11-22,Alonzo Menifield,Volkan Oezdemir,Volkan Oezdemir,99,Light Heavyweight Bout,6,1.0159292322896694,https://www.bestfightodds.com/events/ufc-qatar-3941
954975788454f9f2f253,2025,UFC Qatar,2025-11-22,Arman Tsarukyan,Dan Hooker,Arman Tsarukyan,99,Lightweight Bout,6,1.0159292322896694,https://www.bestfightodds.com/events/ufc-qatar-3941
a37d2754e76faa42b6a1,2025,UFC Qatar,2025-11-22,Aleksandre Topuria,Bekzat Almakhan,Aleksandre Topuria,99,Bantamweight Bout,6,1.0159292322896694,https://www.bestfightodds.com/events/ufc-qatar-3941
a793f609b6875d2b74ac,2025,UFC Qatar,2025-11-22,Denzel Freeman,Marek Bujlo,Denzel Freeman,99,Heavyweight Bout,6,1.0159292322896694,https://www.bestfightodds.com/events/ufc-qatar-3941
aefc05453666e5b6965d,2025,UFC Qatar,2025-11-22,Nurullo Aliev,Shem Rock,Nurullo Aliev,99,Lightweight Bout,6,1.0159292322896694,https://www.bestfightodds.com/events/ufc-qatar-3941
be8b50a89af7ade08acc,2025,UFC Qatar,2025-11-22,Jack Hermansson,Myktybek Orolbai,Myktybek Orolbai,99,Welterweight Bout,6,1.0159292322896694,https://www.bestfightodds.com/events/ufc-qatar-3941
0d1aa76fb7afc0147b3b,2025,UFC,2025-12-06,Karine Silva,Maycee Barber,Maycee Barber,99,Women's Flyweight Bout,6,1.0159292322896694,https://www.bestfightodds.com/events/ufc-3895
1c54c68ef70d2696351e,2025,UFC,2025-12-06,Henry Cejudo,Payton Talbott,Payton Talbott,99,Bantamweight Bout,6,1.0159292322896694,https://www.bestfightodds.com/events/ufc-3895
1ee7a11e8e01e0398e4a,2025,UFC,2025-12-06,Chris Duncan,Terrance McKinney,Chris Duncan,99,Lightweight Bout,6,1.0159292322896694,https://www.bestfightodds.com/events/ufc-3895
41cfa33688d05b19041f,2025,UFC,2025-12-06,Brunno Ferreira,Marvin Vettori,Brunno Ferreira,99,Middleweight Bout,6,1.0159292322896694,https://www.bestfightodds.com/events/ufc-3895
59a39ccc07bfeba78976,2025,UFC,2025-12-06,Merab Dvalishvili,Petr Yan,Petr Yan,99,UFC Bantamweight Title Bout,6,1.1683186171331197,https://www.bestfightodds.com/events/ufc-3895
5f22b4a0c4a32c15d3f2,2025,UFC,2025-12-06,Ibo Aslan,Iwo Baraniewski,Iwo Baraniewski,99,Light Heavyweight Bout,6,1.0159292322896694,https://www.bestfightodds.com/events/ufc-3895
651bc3c143f0216a9cc1,2025,UFC,2025-12-06,Fares Ziam,Nazim Sadykhov,Fares Ziam,99,Lightweight Bout,6,1.0159292322896694,https://www.bestfightodds.com/events/ufc-3895
65b8c6c34e7e8af50a7a,2025,UFC,2025-12-06,Grant Dawson,Manuel Torres,Manuel Torres,99,Lightweight Bout,6,1.0159292322896694,https://www.bestfightodds.com/events/ufc-3895
8369bfd40067fab4be9d,2025,UFC,2025-12-06,Edson Barboza,Jalin Turner,Jalin Turner,99,Lightweight Bout,6,1.0159292322896694,https://www.bestfightodds.com/events/ufc-3895
c42c3d89915bc30b9db4,2025,UFC,2025-12-06,Brandon Moreno,Tatsuro Taira,Tatsuro Taira,99,Flyweight Bout,6,1.0159292322896694,https://www.bestfightodds.com/events/ufc-3895
df7c52f94f2602cce6d3,2025,UFC,2025-12-06,Alexandre Pantoja,Joshua van,Joshua Van,99,UFC Flyweight Title Bout,6,1.1683186171331197,https://www.bestfightodds.com/events/ufc-3895
78c88c3b2031e0671a19,2025,UFC 323,2025-12-06,Antonio Trocoli,Mansur Abdul-Malik,Mansur Abdul-Malik,99,Middleweight Bout,6,1.2191150787476033,https://www.bestfightodds.com/events/ufc-323-3951
8a9cc0e65fe2157f74b1,2025,UFC 323,2025-12-06,Mairon Santos,Muhammad Naimov,Mairon Santos,99,Featherweight Bout,6,1.2191150787476033,https://www.bestfightodds.com/events/ufc-323-3951
03b58729ff326d886d48,2025,UFC Vegas 112,2025-12-13,Brandon Royval,Manel Kape,Manel Kape,99,Flyweight Bout,6,1.0159292322896694,https://www.bestfightodds.com/events/ufc-vegas-112-3987
07c518152e273bfaa067,2025,UFC Vegas 112,2025-12-13,Neil Magny,Yaroslav Amosov,Yaroslav Amosov,99,Welterweight Bout,6,1.0159292322896694,https://www.bestfightodds.com/events/ufc-vegas-112-3987
0e3223dd21640ca34b2d,2025,UFC Vegas 112,2025-12-13,Allen Frye,Guilherme Pat,Guilherme Pat,99,Heavyweight Bout,6,1.0159292322896694,https://www.bestfightodds.com/events/ufc-vegas-112-3987
12e864fe3e892fe95bb2,2025,UFC Vegas 112,2025-12-13,Isaac Thomson,Joanderson Brito,Joanderson Brito,99,Featherweight Bout,6,1.0159292322896694,https://www.bestfightodds.com/events/ufc-vegas-112-3987
35cb35924240944ea56e,2025,UFC Vegas 112,2025-12-13,Jamey-Lyn Horth,Tereza Bleda,Jamey-Lyn Horth,99,Women's Flyweight Bout,6,1.0159292322896694,https://www.bestfightodds.com/events/ufc-vegas-112-3987
a047dc1d76d5c2c8ec56,2025,UFC Vegas 112,2025-12-13,Luana Santos,Melissa Croden,Luana Santos,99,Women's Bantamweight Bout,6,1.0159292322896694,https://www.bestfightodds.com/events/ufc-vegas-112-3987
a1006feff1e565d28723,2025,UFC Vegas 112,2025-12-13,Melquizael Costa,Morgan Charriere,Melquizael Costa,99,Featherweight Bout,6,1.0159292322896694,https://www.bestfightodds.com/events/ufc-vegas-112-3987
a20d2a5b6eecc942a8b9,2025,UFC Vegas 112,2025-12-13,Giga Chikadze,Kevin Vallejos,Kevin Vallejos,99,Featherweight Bout,6,1.0159292322896694,https://www.bestfightodds.com/events/ufc-vegas-112-3987
f239d1c7f2c86e2c5327,2025,UFC Vegas 112,2025-12-13,Sean Sharaf,Steven Asplund,Steven Asplund,99,Heavyweight Bout,6,1.0159292322896694,https://www.bestfightodds.com/events/ufc-vegas-112-3987
fe35749988676fba0d96,2025,UFC Vegas 112,2025-12-13,Cesar Almeida,Cezary Oleksiejczuk,Cezary Oleksiejczuk,99,Middleweight Bout,6,1.0159292322896694,https://www.bestfightodds.com/events/ufc-vegas-112-3987
0feea6e9d18c3742693b,2026,UFC,2026-01-24,Derrick Lewis,Waldo Cortes-Acosta,Waldo Cortes Acosta,99,Heavyweight Bout,6,1.0059082317456325,https://www.bestfightodds.com/events/ufc-3970
2c579a5be30d28eef213,2026,UFC,2026-01-24,Andrey Pulyaev,Ateba Gautier,Ateba Gautier,99,Middleweight Bout,6,1.0059082317456325,https://www.bestfightodds.com/events/ufc-3970
33d48e5aaa5a07f3e49d,2026,UFC,2026-01-24,Justin Gaethje,Paddy Pimblett,Justin Gaethje,99,UFC Interim Lightweight Title Bout,6,1.1567944665074772,https://www.bestfightodds.com/events/ufc-3970
67e29f84af034c3c7d32,2026,UFC,2026-01-24,Alex Perez,Charles Johson,Alex Perez,99,Flyweight Bout,6,1.0059082317456325,https://www.bestfightodds.com/events/ufc-3970
9587385ac946b13c1b60,2026,UFC,2026-01-24,Modestas Bukauskas,Nikita Krylov,Nikita Krylov,99,Light Heavyweight Bout,6,1.0059082317456325,https://www.bestfightodds.com/events/ufc-3970
ab5a5c37ab6e88ec4f22,2026,UFC,2026-01-24,Deiveson Figueiredo,Umar Nurmagomedov,Umar Nurmagomedov,99,Bantamweight Bout,6,1.0059082317456325,https://www.bestfightodds.com/events/ufc-3970
ab611f0dde873f5df74a,2026,UFC,2026-01-24,Sean Omalley,Song Yadong,Sean O'Malley,99,Bantamweight Bout,6,1.0059082317456325,https://www.bestfightodds.com/events/ufc-3970
d7668cf4c6a285409db1,2026,UFC,2026-01-24,Natalia Silva,Rose Namajunas,Natalia Silva,99,Women's Flyweight Bout,6,1.0059082317456325,https://www.bestfightodds.com/events/ufc-3970
e6e0d967f432a9312239,2026,UFC,2026-01-24,Arnold Allen,Jean Silva,Jean Silva,99,Featherweight Bout,6,1.0059082317456325,https://www.bestfightodds.com/events/ufc-3970
059cead28f0c8d15ef8b,2026,UFC 324,2026-01-24,Adam Fugitt,Ty Miller,Ty Miller,99,Welterweight Bout,6,1.207089878094759,https://www.bestfightodds.com/events/ufc-324-3973
9d45afd743f296cd8a7b,2026,UFC 324,2026-01-24,Denzel Freeman,Josh Hokit,Josh Hokit,99,Heavyweight Bout,6,1.207089878094759,https://www.bestfightodds.com/events/ufc-324-3973
5099528c88c989bf2b9e,2026,UFC,2026-01-31,Cam Rowston,Cody Brundage,Cam Rowston,99,Middleweight Bout,6,1.0059082317456325,https://www.bestfightodds.com/events/ufc-3971
74f0f6a4353bfb08fa8f,2026,UFC,2026-01-31,Benoit Saint Denis,Dan Hooker,Benoit Saint Denis,99,Lightweight Bout,6,1.0059082317456325,https://www.bestfightodds.com/events/ufc-3971
80c88a911a80e59d463b,2026,UFC,2026-01-31,Mauricio Ruffy,Rafael Fiziev,Mauricio Ruffy,99,Lightweight Bout,6,1.0059082317456325,https://www.bestfightodds.com/events/ufc-3971
9efe77bfb5f063d34a7a,2026,UFC,2026-01-31,Jacob Malkoun,Torrez Finney,Jacob Malkoun,99,Middleweight Bout,6,1.0059082317456325,https://www.bestfightodds.com/events/ufc-3971
b580d62df0d0ae707d1e,2026,UFC,2026-01-31,Lawrence Lui,Sulangrangbo,Lawrence Lui,99,Road to UFC 4 Bantamweight Tournament Title Bout,6,1.1567944665074772,https://www.bestfightodds.com/events/ufc-3971
b8a2138eb782d7f7bc41,2026,UFC,2026-01-31,Tai Tuivasa,Tallison Teixeira,Tallison Teixeira,99,Heavyweight Bout,6,1.0059082317456325,https://www.bestfightodds.com/events/ufc-3971
b8f000731b4a674dfc37,2026,UFC,2026-01-31,Kaan Ofli,Yizha,Kaan Ofli,99,Featherweight Bout,6,1.0059082317456325,https://www.bestfightodds.com/events/ufc-3971
d5ed5b775e4c2f98546e,2026,UFC,2026-01-31,Jonathan Micallef,Oban Elliott,Jonathan Micallef,99,Welterweight Bout,6,1.0059082317456325,https://www.bestfightodds.com/events/ufc-3971
ddbb875c62507cc306d8,2026,UFC,2026-01-31,Keiichiro Nakamura,Sebastian Szalay,Keiichiro Nakamura,99,Road to UFC 4 Featherweight Tournament Title Bout,6,1.1567944665074772,https://www.bestfightodds.com/events/ufc-3971
de8e3695528e8b907f45,2026,UFC,2026-01-31,Alexander Volkanovski,Diego Lopes,Alexander Volkanovski,99,UFC Featherweight Title Bout,6,1.1567944665074772,https://www.bestfightodds.com/events/ufc-3971
f36cbd36094bad32317a,2026,UFC,2026-01-31,Billy Elekana,Junior Tafa,Billy Elekana,99,Light Heavyweight Bout,6,1.0059082317456325,https://www.bestfightodds.com/events/ufc-3971
f9b0d73a54ade0f6e0bf,2026,UFC,2026-01-31,Jamie Mullarkey,Quillan Salkilld,Quillan Salkilld,99,Lightweight Bout,6,1.0059082317456325,https://www.bestfightodds.com/events/ufc-3971
50fdf06651ea7e0be6b8,2026,UFC Fight Night,2026-02-07,Klaudia Sygula,Priscila Cachoeira,Klaudia Sygula,99,Women's Bantamweight Bout,5,0.9182643821786954,https://www.bestfightodds.com/events/ufc-fight-night-4026
5bfd37f69acfedbcee0b,2026,UFC Fight Night,2026-02-07,Eduarda Moura,Wang Cong,Wang Cong,99,Catch Weight Bout,5,0.9182643821786954,https://www.bestfightodds.com/events/ufc-fight-night-4026
6103562276f268c99503,2026,UFC Fight Night,2026-02-07,Jakub Wiklacz,Muin Gafurov,Jakub Wiklacz,99,Bantamweight Bout,5,0.9182643821786954,https://www.bestfightodds.com/events/ufc-fight-night-4026
7a5c1327805f232c9bc9,2026,UFC Fight Night,2026-02-07,Gianni Vazquez,Javid Basharat,Javid Basharat,99,Bantamweight Bout,5,0.9182643821786954,https://www.bestfightodds.com/events/ufc-fight-night-4026
1880606d6e6f0c77f50a,2026,UFC Vegas 113,2026-02-07,Niko Price,Nikolay Veretennikov,Nikolay Veretennikov,99,Welterweight Bout,5,0.9182643821786954,https://www.bestfightodds.com/events/ufc-vegas-113-4033
5104c238333a0882f081,2026,UFC Vegas 113,2026-02-07,Farid Basharat,Jean Matsumoto,Farid Basharat,99,Bantamweight Bout,5,0.9182643821786954,https://www.bestfightodds.com/events/ufc-vegas-113-4033
556f04ef8fd65e02c334,2026,UFC Vegas 113,2026-02-07,Mario Bautista,Vinicius Oliveira,Mario Bautista,99,Bantamweight Bout,5,0.9182643821786954,https://www.bestfightodds.com/events/ufc-vegas-113-4033
5b9c291225f5a0f2dbc3,2026,UFC Vegas 113,2026-02-07,Alex Morono,Daniil Donchenko,Daniil Donchenko,99,Welterweight Bout,5,0.9182643821786954,https://www.bestfightodds.com/events/ufc-vegas-113-4033
73d6065f2cfb197f70b2,2026,UFC Vegas 113,2026-02-07,Amir Albazi,Kyoji Horiguchi,Kyoji Horiguchi,99,Flyweight Bout,5,0.9182643821786954,https://www.bestfightodds.com/events/ufc-vegas-113-4033
a399404d4263296cec7a,2026,UFC Vegas 113,2026-02-07,Bruna Brasil,Ketlen Souza,Ketlen Souza,99,Women's Strawweight Bout,5,0.9182643821786954,https://www.bestfightodds.com/events/ufc-vegas-113-4033
cd824fdd780774549cfe,2026,UFC Vegas 113,2026-02-07,Dustin Jacoby,Julius Walker,Dustin Jacoby,99,Light Heavyweight Bout,5,0.9182643821786954,https://www.bestfightodds.com/events/ufc-vegas-113-4033
fa2e614f09a41da51d93,2026,UFC Vegas 113,2026-02-07,Jailton Almeida,Rizvan Kuniev,Rizvan Kuniev,99,Heavyweight Bout,5,0.9182643821786954,https://www.bestfightodds.com/events/ufc-vegas-113-4033
12e739f7afbad08c6b88,2026,UFC,2026-02-21,Dan Ige,Melquizael Costa,Melquizael Costa,99,Featherweight Bout,5,0.9182643821786954,https://www.bestfightodds.com/events/ufc-3996
8055f55904fed21e6898,2026,UFC,2026-02-21,Ante Delija,Serghei Spivac,Serghei Spivac,99,Heavyweight Bout,5,0.9182643821786954,https://www.bestfightodds.com/events/ufc-3996
81e8db3ca4ff2c86a789,2026,UFC,2026-02-21,Geoff Neal,Uros Medic,Uros Medic,99,Welterweight Bout,5,0.9182643821786954,https://www.bestfightodds.com/events/ufc-3996
a8a4d025ac890d85eb13,2026,UFC,2026-02-21,Michel Pereira,Zach Reese,Michel Pereira,99,Middleweight Bout,5,0.9182643821786954,https://www.bestfightodds.com/events/ufc-3996
b3034a5ed0c1b40b26ea,2026,UFC,2026-02-21,Alibi Idiris,Ode Osbourne,Alibi Idiris,99,Flyweight Bout,5,0.9182643821786954,https://www.bestfightodds.com/events/ufc-3996
c029fe425641f62cb89d,2026,UFC,2026-02-21,Alden Coria,Luis Gurule,Alden Coria,99,Flyweight Bout,5,0.9182643821786954,https://www.bestfightodds.com/events/ufc-3996
c5f38958b7cf49f39d85,2026,UFC,2026-02-21,Anthony Hernandez,Sean Strickland,Sean Strickland,99,Middleweight Bout,6,1.0059082317456325,https://www.bestfightodds.com/events/ufc-3996
c847d4b40ad374a9fa43,2026,UFC,2026-02-21,Jacobe Smith,Josiah Harrell,Jacobe Smith,99,Welterweight Bout,5,0.9182643821786954,https://www.bestfightodds.com/events/ufc-3996
31dce0f83d7f1d245747,2026,UFC Houston,2026-02-21,Carli Judice,Juliana Miller,Carli Judice,99,Women's Flyweight Bout,5,0.9182643821786954,https://www.bestfightodds.com/events/ufc-houston-4044
60d93c3cba40cd15ce52,2026,UFC Houston,2026-02-21,Jordan Leavitt,Yadier Del Valle,Jordan Leavitt,99,Featherweight Bout,5,0.9182643821786954,https://www.bestfightodds.com/events/ufc-houston-4044
9ae4b060a51448f91549,2026,UFC Houston,2026-02-21,Joselyne Edwards,Nora Cornolle,Joselyne Edwards,99,Women's Bantamweight Bout,5,0.9182643821786954,https://www.bestfightodds.com/events/ufc-houston-4044
d381b41930d04cb1e012,2026,UFC Houston,2026-02-21,Jean-Paul Lebosnoyani,Phil Rowe,Jean-Paul Lebosnoyani,99,Welterweight Bout,5,0.9182643821786954,https://www.bestfightodds.com/events/ufc-houston-4044
dda56784acae9b802387,2026,UFC Houston,2026-02-21,Punahele Soriano,Ramiz Brahimaj,Punahele Soriano,99,Welterweight Bout,5,0.9182643821786954,https://www.bestfightodds.com/events/ufc-houston-4044
088939ff609c0aa58f58,2026,UFC Mexico,2026-02-28,Angel Pacheco,Santiago Luna,Santiago Luna,99,Bantamweight Bout,5,0.9182643821786954,https://www.bestfightodds.com/events/ufc-mexico-4052
20dd53047bce3bf48575,2026,UFC Mexico,2026-02-28,Douglas Silva de Andrade,Javier Reyes,Javier Reyes,99,Featherweight Bout,5,0.9182643821786954,https://www.bestfightodds.com/events/ufc-mexico-4053
4e289e8f79c7bc32b34a,2026,UFC Mexico,2026-02-28,Damian Pinas,Wes Schultz,Damian Pinas,99,Middleweight Bout,5,0.9182643821786954,https://www.bestfightodds.com/events/ufc-mexico-4053
663990411e01ba943f0b,2026,UFC Mexico,2026-02-28,Ernesta Kareckaite,Regina Tarin,Regina Tarin,99,Catch Weight Bout,5,0.9182643821786954,https://www.bestfightodds.com/events/ufc-mexico-4053
774823d5b1903d6723db,2026,UFC Mexico,2026-02-28,David Martinez,Marlon Vera,David Martinez,99,Bantamweight Bout,5,0.9182643821786954,https://www.bestfightodds.com/events/ufc-mexico-4052
82f5abf813091d620320,2026,UFC Mexico,2026-02-28,Brandon Moreno,Loneer Kavanagh,Lone'er Kavanagh,99,Flyweight Bout,5,0.9182643821786954,https://www.bestfightodds.com/events/ufc-mexico-4052
a581cb543fec3c28761b,2026,UFC Mexico,2026-02-28,Cristian Quinonez,Kris Moutinho,Cristian Quinonez,99,Bantamweight Bout,5,0.9182643821786954,https://www.bestfightodds.com/events/ufc-mexico-4052
aa579a5281b93801aed0,2026,UFC Mexico,2026-02-28,Daniel Zellhuber,King Green,King Green,99,Lightweight Bout,4,0.8213206319473637,https://www.bestfightodds.com/events/ufc-mexico-4052
c774e196117b033121a3,2026,UFC Mexico,2026-02-28,Imanol Rodriguez,Kevin Borjas,Imanol Rodriguez,99,Flyweight Bout,5,0.9182643821786954,https://www.bestfightodds.com/events/ufc-mexico-4052
d12bb6e838e1d8564564,2026,UFC Mexico,2026-02-28,Edgar Chairez,Felipe Bunes,Edgar Chairez,99,Flyweight Bout,5,0.9182643821786954,https://www.bestfightodds.com/events/ufc-mexico-4052
e3e01e5f06556932679b,2026,UFC Mexico,2026-02-28,Ailin Perez,Macy Chiasson,Ailin Perez,99,Women's Bantamweight Bout,5,0.9182643821786954,https://www.bestfightodds.com/events/ufc-mexico-4052
e6db022a3e5273a04a96,2026,UFC Mexico,2026-02-28,Erik Silva,Francis Marshall,Francis Marshall,99,Featherweight Bout,5,0.9182643821786954,https://www.bestfightodds.com/events/ufc-mexico-4053
0e78ef30731d9058ca44,2026,UFC,2026-03-07,Charles Oliveira,Max Holloway,Charles Oliveira,99,Lightweight Bout,6,1.0059082317456325,https://www.bestfightodds.com/events/ufc-4025
3a129bfdf0037ccf6c5f,2026,UFC,2026-03-07,Brunno Ferreira,Gregory Rodrigues,Gregory Rodrigues,99,Middleweight Bout,5,0.9182643821786954,https://www.bestfightodds.com/events/ufc-4025
3c3d9d3adedd6f1b2898,2026,UFC,2026-03-07,Caio Borralho,Reinier de Ridder,Caio Borralho,99,Middleweight Bout,5,0.9182643821786954,https://www.bestfightodds.com/events/ufc-4025
41c2faeb90b2244fe349,2026,UFC,2026-03-07,Alberto Montes,Ricky Turcios,Alberto Montes,99,Featherweight Bout,5,0.9182643821786954,https://www.bestfightodds.com/events/ufc-4025
8bdb4d4381291f360950,2026,UFC,2026-03-07,Cody Durden,Nyamjargal Tumendemberel,Nyamjargal Tumendemberel,99,Flyweight Bout,5,0.9182643821786954,https://www.bestfightodds.com/events/ufc-4025
9b4a39390c4c9dd1bfa3,2026,UFC,2026-03-07,Drew Dober,Michael Johnson,Drew Dober,99,Lightweight Bout,5,0.9182643821786954,https://www.bestfightodds.com/events/ufc-4025
d8fa42e4f2d71362230a,2026,UFC,2026-03-07,Raul Rosas Jr,Rob Font,Raul Rosas Jr.,99,Bantamweight Bout,5,0.9182643821786954,https://www.bestfightodds.com/events/ufc-4025
ec4085f446c03037e22f,2026,UFC,2026-03-07,Cody Brundage,Donte Johnson,Donte Johnson,99,Middleweight Bout,5,0.9182643821786954,https://www.bestfightodds.com/events/ufc-4025
0cd1466d1b2d72e710e8,2026,UFC 326,2026-03-07,Diyar Nurgozhay,Rafael Tobias,Diyar Nurgozhay,99,Light Heavyweight Bout,5,1.1019172586144346,https://www.bestfightodds.com/events/ufc-326-4065
89030a4ed01dcad575e4,2026,UFC 326,2026-03-07,Luke Fernandez,Rodolfo Bellato,Rodolfo Bellato,99,Light Heavyweight Bout,5,1.1019172586144346,https://www.bestfightodds.com/events/ufc-326-4065
0247b14963655bbf4fc9,2026,UFC Vegas 114,2026-03-14,Hecher Sosa,Luan Lacerda,Hecher Sosa,99,Bantamweight Bout,5,0.9182643821786954,https://www.bestfightodds.com/events/ufc-vegas-114-4080
074e3df5c668178a8f24,2026,UFC Vegas 114,2026-03-14,Harry Hardwick,Marwan Rahiki,Marwan Rahiki,99,Featherweight Bout,5,0.9182643821786954,https://www.bestfightodds.com/events/ufc-vegas-114-4080
3e6c7adfd7001d41de63,2026,UFC Vegas 114,2026-03-14,Ion Cutelaba,Oumar Sy,Ion Cutelaba,99,Light Heavyweight Bout,5,0.9182643821786954,https://www.bestfightodds.com/events/ufc-vegas-114-4080
4b1ee729c53552792137,2026,UFC Vegas 114,2026-03-14,Amanda Lemos,Gillian Robertson,Gillian Robertson,99,Women's Strawweight Bout,5,0.9182643821786954,https://www.bestfightodds.com/events/ufc-vegas-114-4080
5332244e789270193b6f,2026,UFC Vegas 114,2026-03-14,Elijah Smith,Suyoung You,Elijah Smith,99,Bantamweight Bout,5,0.9182643821786954,https://www.bestfightodds.com/events/ufc-vegas-114-4080
6143c08e081701d24cda,2026,UFC Vegas 114,2026-03-14,Bruno Silva,Charles Johnson,Charles Johnson,99,Flyweight Bout,5,0.9182643821786954,https://www.bestfightodds.com/events/ufc-vegas-114-4080
78ff257472ec76ccc721,2026,UFC Vegas 114,2026-03-14,Piera Rodriguez,Sam Hughes,Piera Rodriguez,99,Women's Strawweight Bout,5,0.9182643821786954,https://www.bestfightodds.com/events/ufc-vegas-114-4080
7acbef30bea908938898,2026,UFC Vegas 114,2026-03-14,Chris Curtis,Myktybek Orolbai,Myktybek Orolbai,99,Welterweight Bout,5,0.9182643821786954,https://www.bestfightodds.com/events/ufc-vegas-114-4080
83d5b9a93b11ac71e7bc,2026,UFC Vegas 114,2026-03-14,Steven Asplund,Vitor Petrino,Vitor Petrino,99,Heavyweight Bout,5,0.9182643821786954,https://www.bestfightodds.com/events/ufc-vegas-114-4080
8862d3af5eda533ffee3,2026,UFC Vegas 114,2026-03-14,Bolaji Oki,Manoel Sousa,Manoel Sousa,99,Lightweight Bout,5,0.9182643821786954,https://www.bestfightodds.com/events/ufc-vegas-114-4080
91c51ab8d8cf25e864ad,2026,UFC Vegas 114,2026-03-14,Andre Fili,Jose Delgado,Jose Delgado,99,Featherweight Bout,5,0.9182643821786954,https://www.bestfightodds.com/events/ufc-vegas-114-4080
c5f27cbbf98e09b95762,2026,UFC Vegas 114,2026-03-14,Josh Emmett,Kevin Vallejos,Kevin Vallejos,99,Featherweight Bout,5,0.9182643821786954,https://www.bestfightodds.com/events/ufc-vegas-114-4080
c91c01842f5199cbbf0f,2026,UFC Vegas 114,2026-03-14,Bia Mesquita,Montserrat Rendon,Bia Mesquita,99,Women's Bantamweight Bout,5,0.9182643821786954,https://www.bestfightodds.com/events/ufc-vegas-114-4080
d110c320eea5b9cb2639,2026,UFC Vegas 114,2026-03-14,Brad Tavares,Eryk Anders,Eryk Anders,99,Middleweight Bout,5,0.9182643821786954,https://www.bestfightodds.com/events/ufc-vegas-114-4080
50ed66c62797dd400c18,2026,UFC London,2026-03-21,Axel Sola,Mason Jones,Mason Jones,99,Lightweight Bout,5,0.9182643821786954,https://www.bestfightodds.com/events/ufc-london-4081
6801dd5e3ac0db245182,2026,UFC London,2026-03-21,Ravena Oliveira,Shanelle Dyer,Shanelle Dyer,99,Women's Strawweight Bout,5,0.9182643821786954,https://www.bestfightodds.com/events/ufc-london-4081
7e8cfbe54674458dbf8a,2026,UFC London,2026-03-21,Luke Riley,Michael Aswell,Luke Riley,99,Featherweight Bout,5,0.9182643821786954,https://www.bestfightodds.com/events/ufc-london-4081
9688e886323d42cc3137,2026,UFC London,2026-03-21,Michael Page,Sam Patterson,Michael Page,99,Welterweight Bout,5,0.9182643821786954,https://www.bestfightodds.com/events/ufc-london-4081
9884a9a7f4a8791fdbe6,2026,UFC London,2026-03-21,Austen Lane,Iwo Baraniewski,Iwo Baraniewski,99,Light Heavyweight Bout,5,0.9182643821786954,https://www.bestfightodds.com/events/ufc-london-4081
9ac4140627e3c883e24e,2026,UFC London,2026-03-21,Brando Pericic,Louie Sutherland,Brando Pericic,99,Heavyweight Bout,5,0.9182643821786954,https://www.bestfightodds.com/events/ufc-london-4081
aa96d4b6b8caad65f622,2026,UFC London,2026-03-21,Abdul-Kareem Al-Selwady,Shem Rock,Abdul-Kareem Al-Selwady,99,Lightweight Bout,5,0.9182643821786954,https://www.bestfightodds.com/events/ufc-london-4081
aaa06764546e4b35d279,2026,UFC London,2026-03-21,Felipe Franco,Mario Pinto,Mario Pinto,99,Heavyweight Bout,5,0.9182643821786954,https://www.bestfightodds.com/events/ufc-london-4081
ae59231d13a4c752b87e,2026,UFC London,2026-03-21,Danny Silva,Kurtis Campbell,Danny Silva,99,Featherweight Bout,5,0.9182643821786954,https://www.bestfightodds.com/events/ufc-london-4081
b637e8d485247e3cda56,2026,UFC London,2026-03-21,Lerone Murphy,Movsar Evloev,Movsar Evloev,99,Featherweight Bout,5,0.9182643821786954,https://www.bestfightodds.com/events/ufc-london-4081
c32b60fee52eeb40f545,2026,UFC London,2026-03-21,Antonio Trocoli,Mantas Kondratavicius,Mantas Kondratavicius,99,Middleweight Bout,5,0.9182643821786954,https://www.bestfightodds.com/events/ufc-london-4081
d8984c8b692ebd971e37,2026,UFC London,2026-03-21,Losene Keita,Nathaniel Wood,Nathaniel Wood,99,Featherweight Bout,5,0.9182643821786954,https://www.bestfightodds.com/events/ufc-london-4081
e6d34eddb81daa33a8c5,2026,UFC London,2026-03-21,Christian Leroy Duncan,Roman Dolidze,Christian Leroy Duncan,99,Middleweight Bout,5,0.9182643821786954,https://www.bestfightodds.com/events/ufc-london-4081
29fecfa624e71c22b83d,2026,UFC Seattle,2026-03-28,Kyle Nelson,Terrance McKinney,Terrance McKinney,99,Lightweight Bout,5,0.9182643821786954,https://www.bestfightodds.com/events/ufc-seattle-4018
2a35195a4e7befba9919,2026,UFC Seattle,2026-03-28,Ignacio Bahamondes,Tofiq Musayev,Tofiq Musayev,99,Lightweight Bout,5,0.9182643821786954,https://www.bestfightodds.com/events/ufc-seattle-4095
372ec37b5fabc659800f,2026,UFC Seattle,2026-03-28,Casey Oneill,Gabriella Fernandes,Casey O'Neill,99,Women's Flyweight Bout,5,0.9182643821786954,https://www.bestfightodds.com/events/ufc-seattle-4095
445374c9bed547b810ee,2026,UFC Seattle,2026-03-28,Chase Hooper,Lance Gibson Jr,Lance Gibson Jr.,99,Lightweight Bout,5,0.9182643821786954,https://www.bestfightodds.com/events/ufc-seattle-4095
584345161ebc786e0a20,2026,UFC Seattle,2026-03-28,Israel Adesanya,Joe Pyfer,Joe Pyfer,99,Middleweight Bout,5,0.9182643821786954,https://www.bestfightodds.com/events/ufc-seattle-4018
8c79a3842a400991e961,2026,UFC Seattle,2026-03-28,Marcin Tybura,Tyrell Fortune,Tyrell Fortune,99,Heavyweight Bout,5,0.9182643821786954,https://www.bestfightodds.com/events/ufc-seattle-4095
9517409f7977d56db15d,2026,UFC Seattle,2026-03-28,Bruno Lopes,Navajo Stirling,Navajo Stirling,99,Light Heavyweight Bout,5,0.9182643821786954,https://www.bestfightodds.com/events/ufc-seattle-4095
a2e5eb85a00e4a21b2e1,2026,UFC Seattle,2026-03-28,Julian Erosa,Lerryan Douglas,Lerryan Douglas,99,Featherweight Bout,5,0.9182643821786954,https://www.bestfightodds.com/events/ufc-seattle-4018
c6287144bb3ca8bebf8d,2026,UFC Seattle,2026-03-28,Mansur Abdul-Malik,Yousri Belgaroui,Yousri Belgaroui,99,Middleweight Bout,5,0.9182643821786954,https://www.bestfightodds.com/events/ufc-seattle-4018
c9d51a73882229fccfe7,2026,UFC Seattle,2026-03-28,Alexa Grasso,Maycee Barber,Alexa Grasso,99,Women's Flyweight Bout,5,0.9182643821786954,https://www.bestfightodds.com/events/ufc-seattle-4018
cfbd71489bbf4a1c8ae2,2026,UFC Seattle,2026-03-28,Alexia Thainara,Bruna Brasil,Alexia Thainara,99,Women's Strawweight Bout,5,0.9182643821786954,https://www.bestfightodds.com/events/ufc-seattle-4095
db892be0bceb4c9c7ea9,2026,UFC Seattle,2026-03-28,Michael Chiesa,Niko Price,Michael Chiesa,99,Welterweight Bout,4,0.8213206319473637,https://www.bestfightodds.com/events/ufc-seattle-4018
4996a4df527a59b902ba,2026,UFC Winnipeg,2026-04-18,Charles Jourdain,Kyler Phillips,Charles Jourdain,99,Bantamweight Bout,7,1.086505069389568,https://www.bestfightodds.com/events/ufc-winnipeg-4145
6043bdafde3c2323390b,2026,UFC Winnipeg,2026-04-18,Jamey-Lyn Horth,Jj Aldrich,JJ Aldrich,99,Women's Flyweight Bout,6,1.0059082317456325,https://www.bestfightodds.com/events/ufc-winnipeg-4130
6fab532a15582f57bce4,2026,UFC Winnipeg,2026-04-18,Jamie Siraj,John Yannis,John Yannis,99,Bantamweight Bout,6,1.0059082317456325,https://www.bestfightodds.com/events/ufc-winnipeg-4130
7d64ab5483e17a8b1e97,2026,UFC Winnipeg,2026-04-18,Gauge Young,Thiago Moises,Gauge Young,99,Lightweight Bout,7,1.086505069389568,https://www.bestfightodds.com/events/ufc-winnipeg-4145
82620b8beb59cecb0e65,2026,UFC Winnipeg,2026-04-18,Gokhan Saricam,Tanner Boser,Gokhan Saricam,99,Heavyweight Bout,6,1.0059082317456325,https://www.bestfightodds.com/events/ufc-winnipeg-4130
a56a501fa98ba81766eb,2026,UFC Winnipeg,2026-04-18,Jai Herbert,Mandel Nallo,Jai Herbert,99,Lightweight Bout,7,1.086505069389568,https://www.bestfightodds.com/events/ufc-winnipeg-4145
b286f281bbbbae6ba360,2026,UFC Winnipeg,2026-04-18,Dennis Buzukja,Marcio Barbosa,Marcio Barbosa,99,Featherweight Bout,6,1.0059082317456325,https://www.bestfightodds.com/events/ufc-winnipeg-4145
b2eab265427467a47b0f,2026,UFC Winnipeg,2026-04-18,Daria Zhelezniakova,Melissa Croden,Melissa Croden,99,Women's Bantamweight Bout,7,1.086505069389568,https://www.bestfightodds.com/events/ufc-winnipeg-4130
caefd3609a478f68f737,2026,UFC Winnipeg,2026-04-18,Jasmine Jasudavicius,Karine Silva,Jasmine Jasudavicius,99,Women's Flyweight Bout,6,1.0059082317456325,https://www.bestfightodds.com/events/ufc-winnipeg-4145
e1940d44f01a4b0d2843,2026,UFC Winnipeg,2026-04-18,Gilbert Burns,Mike Malott,Mike Malott,99,Welterweight Bout,6,1.0059082317456325,https://www.bestfightodds.com/events/ufc-winnipeg-4145
f7114631021c4ed7c872,2026,UFC Winnipeg,2026-04-18,Julien Leblanc,Robert Valentin,Robert Valentin,99,Middleweight Bout,6,1.0059082317456325,https://www.bestfightodds.com/events/ufc-winnipeg-4130
084a5a08013f295449f9,2026,UFC Vegas 116,2026-04-25,Adrian Luna Martinetti,Davey Grant,Davey Grant,99,Bantamweight Bout,3,0.711284531918706,https://www.bestfightodds.com/events/ufc-vegas-116-4147
1128d8591ea5f20c828a,2026,UFC Vegas 116,2026-04-25,Mayra Bueno Silva,Michelle Montague,Michelle Montague,99,Women's Bantamweight Bout,5,0.9182643821786954,https://www.bestfightodds.com/events/ufc-vegas-116-4147
343a017a283c904701b5,2026,UFC Vegas 116,2026-04-25,Joselyne Edwards,Norma Dumont,Joselyne Edwards,99,Women's Bantamweight Bout,6,1.0059082317456325,https://www.bestfightodds.com/events/ufc-vegas-116-4147
3e50793cc60c6ac11412,2026,UFC Vegas 116,2026-04-25,Julia Polastri,Talita Alencar,Talita Alencar,99,Women's Strawweight Bout,5,0.9182643821786954,https://www.bestfightodds.com/events/ufc-vegas-116-4147
79d3475dc3d2f5776488,2026,UFC Vegas 116,2026-04-25,Eric McConico,Rodolfo Vieira,Eric McConico,99,Middleweight Bout,5,0.9182643821786954,https://www.bestfightodds.com/events/ufc-vegas-116-4147
b25c158170ac96b3a5f0,2026,UFC Vegas 116,2026-04-25,Jackson McVey,Sedriques Dumas,Jackson McVey,99,Middleweight Bout,7,1.086505069389568,https://www.bestfightodds.com/events/ufc-vegas-116-4147
ba9fe6092e48268a92ab,2026,UFC Vegas 116,2026-04-25,Alexander Hernandez,Rafa Garcia,Rafa Garcia,99,Lightweight Bout,6,1.0059082317456325,https://www.bestfightodds.com/events/ufc-vegas-116-4147
c470241a6342ee208dd6,2026,UFC Vegas 116,2026-04-25,Max Griffin,Victor Valenzuela,Victor Valenzuela,99,Welterweight Bout,6,1.0059082317456325,https://www.bestfightodds.com/events/ufc-vegas-116-4147
c4eb4e1074f1a5a2c485,2026,UFC Vegas 116,2026-04-25,Francis Marshall,Lucas Brennan,Francis Marshall,99,Lightweight Bout,5,0.9182643821786954,https://www.bestfightodds.com/events/ufc-vegas-116-4147
e111f5459a8634976ee3,2026,UFC Vegas 116,2026-04-25,Aljamain Sterling,Youssef Zalal,Aljamain Sterling,99,Featherweight Bout,6,1.0059082317456325,https://www.bestfightodds.com/events/ufc-vegas-116-4147
e1fe6daf051c846e7e08,2026,UFC Vegas 116,2026-04-25,Marcus Buchecha,Ryan Spann,Ryan Spann,99,Heavyweight Bout,7,1.086505069389568,https://www.bestfightodds.com/events/ufc-vegas-116-4147
f3cafe467e4082e5f69f,2026,UFC Vegas 116,2026-04-25,Cody Durden,Jafel Filho,Cody Durden,99,Bantamweight Bout,5,0.9182643821786954,https://www.bestfightodds.com/events/ufc-vegas-116-4147
fab944911a032cb96b97,2026,UFC Vegas 116,2026-04-25,Montel Jackson,Raoni Barcelos,Raoni Barcelos,99,Bantamweight Bout,7,1.086505069389568,https://www.bestfightodds.com/events/ufc-vegas-116-4147
038aeadde6aa75633c07,2026,UFC Perth,2026-05-02,Jonathan Micallef,Themba Gorimbo,Jonathan Micallef,99,Welterweight Bout,6,1.0059082317456325,https://www.bestfightodds.com/events/ufc-perth-4079
0ba69865a09b2948da88,2026,UFC Perth,2026-05-02,Colby Thicknesse,Vince Morales,Colby Thicknesse,99,Bantamweight Bout,7,1.086505069389568,https://www.bestfightodds.com/events/ufc-perth-4079
17230cbae93e9b56fb20,2026,UFC Perth,2026-05-02,Gerald Meerschaert,Jacob Malkoun,Jacob Malkoun,99,Middleweight Bout,6,1.0059082317456325,https://www.bestfightodds.com/events/ufc-perth-4079
70333b6ef09616e55b04,2026,UFC Perth,2026-05-02,Junior Tafa,Kevin Christian,Junior Tafa,99,Light Heavyweight Bout,5,0.9182643821786954,https://www.bestfightodds.com/events/ufc-perth-4079
7725c96cc648f3eb4dc4,2026,UFC Perth,2026-05-02,Brando Pericic,Shamil Gaziev,Brando Pericic,99,Heavyweight Bout,7,1.086505069389568,https://www.bestfightodds.com/events/ufc-perth-4079
98631a84fcf409f37adb,2026,UFC Perth,2026-05-02,Dom Mar Fan,Kody Steele,Kody Steele,99,Lightweight Bout,7,1.086505069389568,https://www.bestfightodds.com/events/ufc-perth-4079
a6feb237f1abbfe105b1,2026,UFC Perth,2026-05-02,Benjamin Johnston,Wes Schultz,Wes Schultz,99,Middleweight Bout,6,1.0059082317456325,https://www.bestfightodds.com/events/ufc-perth-4079
a73e61f151e9749ab7ca,2026,UFC Perth,2026-05-02,Cam Rowston,Robert Bryczek,Cam Rowston,99,Middleweight Bout,7,1.086505069389568,https://www.bestfightodds.com/events/ufc-perth-4079
b131e337df03cffb9812,2026,UFC Perth,2026-05-02,Steve Erceg,Tim Elliott,Steve Erceg,99,Flyweight Bout,7,1.086505069389568,https://www.bestfightodds.com/events/ufc-perth-4079
c0f633ff70c55ee1be6b,2026,UFC Perth,2026-05-02,Marwan Rahiki,Ollie Schmid,Marwan Rahiki,99,Featherweight Bout,6,1.0059082317456325,https://www.bestfightodds.com/events/ufc-perth-4079
c1b96686a797a9d1ba28,2026,UFC Perth,2026-05-02,Carlos Prates,Jack Della Maddalena,Carlos Prates,99,Welterweight Bout,6,1.0059082317456325,https://www.bestfightodds.com/events/ufc-perth-4079
eb58aa538025d84754a6,2026,UFC Perth,2026-05-02,Louie Sutherland,Tai Tuivasa,Louie Sutherland,99,Heavyweight Bout,5,0.9182643821786954,https://www.bestfightodds.com/events/ufc-perth-4079
f80a8d10244914be7afe,2026,UFC Perth,2026-05-02,Beneil Dariush,Quillan Salkilld,Quillan Salkilld,99,Lightweight Bout,6,1.0059082317456325,https://www.bestfightodds.com/events/ufc-perth-4079
08dcbff830ffd3e10af8,2026,UFC Vegas 117,2026-05-16,Daniel Barez,Luis Gurule,Luis Gurule,99,Flyweight Bout,6,1.0059082317456325,https://www.bestfightodds.com/events/ufc-vegas-117-4186
09fc9c5729ac7a18c0c3,2026,UFC Vegas 117,2026-05-16,Andre Petroski,Cody Brundage,Cody Brundage,99,Middleweight Bout,7,1.086505069389568,https://www.bestfightodds.com/events/ufc-vegas-117-4186
13909d8dc783f89dc3c1,2026,UFC Vegas 117,2026-05-16,Ivan Erslan,Tuco Tokkos,Ivan Erslan,99,Light Heavyweight Bout,6,1.0059082317456325,https://www.bestfightodds.com/events/ufc-vegas-117-4186
1e419eeb5630271dbf66,2026,UFC Vegas 117,2026-05-16,Nicolle Caliari,Shauna Bannon,Nicolle Caliari,99,Women's Strawweight Bout,7,1.086505069389568,https://www.bestfightodds.com/events/ufc-vegas-117-4186
2672c7af1eb24c5c9c3c,2026,UFC Vegas 117,2026-05-16,Alice Ardelean,Polyana Viana,Alice Ardelean,99,Women's Strawweight Bout,7,1.086505069389568,https://www.bestfightodds.com/events/ufc-vegas-117-4186
5923ccd1e4b81b2ba606,2026,UFC Vegas 117,2026-05-16,Arnold Allen,Melquizael Costa,Arnold Allen,99,Featherweight Bout,7,1.086505069389568,https://www.bestfightodds.com/events/ufc-vegas-117-4178
7dda5ce705397038ac74,2026,UFC Vegas 117,2026-05-16,Daniel Santos,Doo Ho Choi,Dooho Choi,99,Featherweight Bout,7,1.086505069389568,https://www.bestfightodds.com/events/ufc-vegas-117-4178
991dab556af7c040dd76,2026,UFC Vegas 117,2026-05-16,Jacqueline Cavalcanti,Ketlen Vieira,Ketlen Vieira,99,Women's Bantamweight Bout,7,1.086505069389568,https://www.bestfightodds.com/events/ufc-vegas-117-4186
a8eb65cd5cf4a4aaa93b,2026,UFC Vegas 117,2026-05-16,Christian Edwards,Modestas Bukauskas,Modestas Bukauskas,99,Catch Weight Bout,7,1.086505069389568,https://www.bestfightodds.com/events/ufc-vegas-117-4178
a9ee81bf45912cb96343,2026,UFC Vegas 117,2026-05-16,Benardo Sopaj,Timmy Cuamba,Benardo Sopaj,99,Bantamweight Bout,7,1.086505069389568,https://www.bestfightodds.com/events/ufc-vegas-117-4178
db078efbd974d0c1dad2,2026,UFC Vegas 117,2026-05-16,Juan Diaz,Malcolm Wellmaker,Juan Diaz,99,Bantamweight Bout,6,1.0059082317456325,https://www.bestfightodds.com/events/ufc-vegas-117-4178
de43645e85a85df1304f,2026,UFC Vegas 117,2026-05-16,Khaos Williams,Nikolay Veretennikov,Khaos Williams,99,Welterweight Bout,7,1.086505069389568,https://www.bestfightodds.com/events/ufc-vegas-117-4186
168f8ad5d51eb39cd714,2026,UFC Macau,2026-05-30,Angela Hill,Xiong Jingnan,Angela Hill,99,Women's Strawweight Bout,6,1.0059082317456325,https://www.bestfightodds.com/events/ufc-macau-4188
4b8c9e06fcb0420e24ee,2026,UFC Macau,2026-05-30,Sergei Pavlovich,Tallison Teixeira,Sergei Pavlovich,99,Heavyweight Bout,6,1.0059082317456325,https://www.bestfightodds.com/events/ufc-macau-4188
52125fa1d1102145dc6b,2026,UFC Macau,2026-05-30,Aoriqileng,Cody Haddon,Cody Haddon,99,Bantamweight Bout,6,1.0059082317456325,https://www.bestfightodds.com/events/ufc-macau-4188
5d510807422d68829e18,2026,UFC Macau,2026-05-30,Rodrigo Vera,Zhu Kangjie,Rodrigo Vera,99,Featherweight Bout,4,0.8213206319473637,https://www.bestfightodds.com/events/ufc-macau-4188
7af7158f31968da339d1,2026,UFC Macau,2026-05-30,Jaqueline Amorim,Loma Lookboonmee,Jaqueline Amorim,99,Women's Strawweight Bout,7,1.086505069389568,https://www.bestfightodds.com/events/ufc-macau-4188
7ff0e1c7da1de35ef002,2026,UFC Macau,2026-05-30,Alonzo Menifield,Zhang Mingyang,Alonzo Menifield,99,Light Heavyweight Bout,7,1.086505069389568,https://www.bestfightodds.com/events/ufc-macau-4188
8b588b8350d8c82eae98,2026,UFC Macau,2026-05-30,Luis Gurule,Rei Tsuruya,Rei Tsuruya,99,Bantamweight Bout,7,1.086505069389568,https://www.bestfightodds.com/events/ufc-macau-4188
986aa2eb7eafab6be895,2026,UFC Macau,2026-05-30,Carlston Harris,Jake Matthews,Jake Matthews,99,Welterweight Bout,7,1.086505069389568,https://www.bestfightodds.com/events/ufc-macau-4188
a0fd7ebc95cd651e36d2,2026,UFC Macau,2026-05-30,Deiveson Figueiredo,Song Yadong,Song Yadong,99,Bantamweight Bout,6,1.0059082317456325,https://www.bestfightodds.com/events/ufc-macau-4188
b10afdd9d5aecdf9db4b,2026,UFC Macau,2026-05-30,Luis Felipe Dias,Yi Sak Lee,Luis Felipe Dias,99,Middleweight Bout,6,1.0059082317456325,https://www.bestfightodds.com/events/ufc-macau-4188
d73dfd233c99db7b8068,2026,UFC Macau,2026-05-30,Cameron Smotherman,Kai Asakura,Kai Asakura,99,Bantamweight Bout,7,1.086505069389568,https://www.bestfightodds.com/events/ufc-macau-4188
013496cde4cc533d699b,2026,UFC Vegas 118,2026-06-06,Alessandro Costa,Matt Schnell,Alessandro Costa,99,Catch Weight Bout,7,1.086505069389568,https://www.bestfightodds.com/events/ufc-vegas-118-4200
0855858baf94ebd07b4d,2026,UFC Vegas 118,2026-06-06,John Yannis,Marcus McGhee,Marcus McGhee,99,Bantamweight Bout,7,1.086505069389568,https://www.bestfightodds.com/events/ufc-vegas-118-4200
1478b7212ad5d3f18b93,2026,UFC Vegas 118,2026-06-06,Jeisla Chaves,Yuneisy Duben,Jeisla Chaves,99,Women's Flyweight Bout,7,1.086505069389568,https://www.bestfightodds.com/events/ufc-vegas-118-4200
5b4c1cfb92672074b055,2026,UFC Vegas 118,2026-06-06,Ariane Carnelossi,Ketlen Souza,Ketlen Souza,99,Women's Strawweight Bout,7,1.086505069389568,https://www.bestfightodds.com/events/ufc-vegas-118-4200
685928a1ac1faea54cd2,2026,UFC Vegas 118,2026-06-06,Joanderson Brito,Jordan Leavitt,Joanderson Brito,99,Featherweight Bout,7,1.086505069389568,https://www.bestfightodds.com/events/ufc-vegas-118-4200
8419bdb8285179e426fb,2026,UFC Vegas 118,2026-06-06,Fares Ziam,Tom Nolan,Tom Nolan,99,Lightweight Bout,6,1.0059082317456325,https://www.bestfightodds.com/events/ufc-vegas-118-4200
90e9c76ff35b13e7555a,2026,UFC Vegas 118,2026-06-06,Iwo Baraniewski,Junior Tafa,Iwo Baraniewski,99,Light Heavyweight Bout,7,1.086505069389568,https://www.bestfightodds.com/events/ufc-vegas-118-4200
948d4673afc7b223899b,2026,UFC Vegas 118,2026-06-06,Bryce Mitchell,Santiago Luna,Bryce Mitchell,99,Bantamweight Bout,6,1.0059082317456325,https://www.bestfightodds.com/events/ufc-vegas-118-4200
d4bc2e295192ce53d072,2026,UFC Vegas 118,2026-06-06,Chelsea Chandler,Priscila Cachoeira,Chelsea Chandler,99,Women's Bantamweight Bout,7,1.086505069389568,https://www.bestfightodds.com/events/ufc-vegas-118-4200
dfa93bb1d976cc4cc1b2,2026,UFC Vegas 118,2026-06-06,Bruno Silva,Edgar Chairez,Edgar Chairez,99,Flyweight Bout,7,1.086505069389568,https://www.bestfightodds.com/events/ufc-vegas-118-4200
ed8d3c649d26e4bcd5e8,2026,UFC Vegas 118,2026-06-06,Belal Muhammad,Gabriel Bonfim,Gabriel Bonfim,99,Welterweight Bout,6,1.0059082317456325,https://www.bestfightodds.com/events/ufc-vegas-118-4200
f2812ea254580ee66c3a,2026,UFC Vegas 118,2026-06-06,Brendan Allen,Edmen Shahbazyan,Brendan Allen,99,Middleweight Bout,7,1.086505069389568,https://www.bestfightodds.com/events/ufc-vegas-118-4200
0b5dc6114ac277c111f7,2026,UFC Vegas 119,2026-06-20,Kyoji Horiguchi,Manel Kape,Manel Kape,99,Flyweight Bout,7,1.086505069389568,https://www.bestfightodds.com/events/ufc-vegas-119-4226
14bbd53e291579a005d6,2026,UFC Vegas 119,2026-06-20,Leon Shahbazyan,Levan Chokheli,Levan Chokheli,99,Welterweight Bout,6,1.0059082317456325,https://www.bestfightodds.com/events/ufc-vegas-119-4225
414286bded2f14efcfea,2026,UFC Vegas 119,2026-06-20,Andre Lima,Kevin Borjas,Kevin Borjas,99,Flyweight Bout,5,0.9182643821786954,https://www.bestfightodds.com/events/ufc-vegas-119-4225
636eb49f21c902cd2756,2026,UFC Vegas 119,2026-06-20,Otari Tanzilovi,Shane Collins,Shane Collins,99,Featherweight Bout,6,1.0059082317456325,https://www.bestfightodds.com/events/ufc-vegas-119-4225
6d6e2965a746227ec485,2026,UFC Vegas 119,2026-06-20,Andre Fili,Vinicius Oliveira,Vinicius Oliveira,99,Featherweight Bout,6,1.0059082317456325,https://www.bestfightodds.com/events/ufc-vegas-119-4225
7bd5b6351f4f8b7ef5bd,2026,UFC Vegas 119,2026-06-20,Allan Nascimento,Mitch Raposo,Mitch Raposo,99,Flyweight Bout,6,1.0059082317456325,https://www.bestfightodds.com/events/ufc-vegas-119-4225
82acd9353eb25292c309,2026,UFC Vegas 119,2026-06-20,Karol Rosa,Luana Santos,Luana Santos,99,Women's Bantamweight Bout,6,1.0059082317456325,https://www.bestfightodds.com/events/ufc-vegas-119-4225
c04fbc8eee3321847da0,2026,UFC Vegas 119,2026-06-20,Melsik Baghdasaryan,Murtazali Magomedov,Murtazali Magomedov,99,Featherweight Bout,7,1.086505069389568,https://www.bestfightodds.com/events/ufc-vegas-119-4225
c3246abf6fc2af026266,2026,UFC Vegas 119,2026-06-20,Bia Mesquita,Melissa Mullins,Bia Mesquita,99,Women's Bantamweight Bout,6,1.0059082317456325,https://www.bestfightodds.com/events/ufc-vegas-119-4225
cda3a3c3df3104a04452,2026,UFC Vegas 119,2026-06-20,Christian Rodriguez,Hyder Amil,Christian Rodriguez,99,Featherweight Bout,7,1.086505069389568,https://www.bestfightodds.com/events/ufc-vegas-119-4225
e396bb5fdf6427313b93,2026,UFC Vegas 119,2026-06-20,Gaston Bolanos,Michael Aswell,Gaston Bolanos,99,Featherweight Bout,7,1.086505069389568,https://www.bestfightodds.com/events/ufc-vegas-119-4225
fa4ad85b23b894724d2c,2026,UFC Vegas 119,2026-06-20,Ion Cutelaba,Navajo Stirling,Navajo Stirling,99,Light Heavyweight Bout,7,1.086505069389568,https://www.bestfightodds.com/events/ufc-vegas-119-4225
0b820db9d5cf6709ff4f,2026,UFC Fight Night,2026-06-27,Jefferson Nascimento,Tahir Abdullayev,Tahir Abdullayev,99,Welterweight Bout,5,0.9182643821786954,https://www.bestfightodds.com/events/ufc-fight-night-4230
0dbc53f6a59072dacd4f,2026,UFC Fight Night,2026-06-27,Manuel Torres,Rafael Fiziev,Rafael Fiziev,99,Lightweight Bout,7,1.086505069389568,https://www.bestfightodds.com/events/ufc-fight-night-4230
205bb45165f44786ac23,2026,UFC Fight Night,2026-06-27,Andrey Pulyaev,Nursulton Ruziboev,Nursulton Ruziboev,99,Middleweight Bout,7,1.086505069389568,https://www.bestfightodds.com/events/ufc-fight-night-4230
33f0d691a15119433744,2026,UFC Fight Night,2026-06-27,Matheus Camilo,Nazim Sadykhov,Matheus Camilo,99,Lightweight Bout,7,1.086505069389568,https://www.bestfightodds.com/events/ufc-fight-night-4230
371989525478258a4f97,2026,UFC Fight Night,2026-06-27,Daniil Donchenko,Theodor Berggren,Daniil Donchenko,99,Welterweight Bout,6,1.0059082317456325,https://www.bestfightodds.com/events/ufc-fight-night-4230
a78e8a0582f39d9a422a,2026,UFC Fight Night,2026-06-27,Brunno Ferreira,Ikram Aliskerov,Ikram Aliskerov,99,Middleweight Bout,7,1.086505069389568,https://www.bestfightodds.com/events/ufc-fight-night-4230
bc7d5e47f86204070ea3,2026,UFC Fight Night,2026-06-27,Asu Almabayev,Charles Johnson,Asu Almabayev,99,Flyweight Bout,7,1.086505069389568,https://www.bestfightodds.com/events/ufc-fight-night-4230
c5f5275f9f3356771eca,2026,UFC Fight Night,2026-06-27,Abus Magomedov,Michal Oleksiejczuk,Abus Magomedov,99,Middleweight Bout,7,1.086505069389568,https://www.bestfightodds.com/events/ufc-fight-night-4230
edfe774680c3e59bcc37,2026,UFC Fight Night,2026-06-27,Eric Nolan,Farman Hasanov,Farman Hasanov,99,Welterweight Bout,7,1.086505069389568,https://www.bestfightodds.com/events/ufc-fight-night-4230
ee0c114b568ca85729c7,2026,UFC Fight Night,2026-06-27,Abdul Rakhman Yakhyaev,Julius Walker,Abdul Rakhman Yakhyaev,99,Light Heavyweight Bout,7,1.086505069389568,https://www.bestfightodds.com/events/ufc-fight-night-4230
f085b6878a4760c0b0e3,2026,UFC Fight Night,2026-06-27,Javier Reyes,Kaan Ofli,Kaan Ofli,99,Featherweight Bout,7,1.086505069389568,https://www.bestfightodds.com/events/ufc-fight-night-4230
f19defb934ada1999ee4,2026,UFC Fight Night,2026-06-27,Bekzat Almakhan,Jean Matsumoto,Jean Matsumoto,99,Bantamweight Bout,7,1.086505069389568,https://www.bestfightodds.com/events/ufc-fight-night-4230
f55185e1d549708a9d1f,2026,UFC Fight Night,2026-06-27,Michel Pereira,Shara Magomedov,Shara Magomedov,99,Middleweight Bout,7,1.086505069389568,https://www.bestfightodds.com/events/ufc-fight-night-4230
281ce2a023a74357b7ed,2026,UFC Oklahoma,2026-07-18,Alvin Hines,Rj Harris,RJ Harris,99,Heavyweight Bout,6,1.0059082317456325,https://www.bestfightodds.com/events/ufc-oklahoma-4195
4e1a30372d927b45148e,2026,UFC Oklahoma,2026-07-18,Alden Coria,Stewart Nicoll,Alden Coria,99,Flyweight Bout,6,1.0059082317456325,https://www.bestfightodds.com/events/ufc-oklahoma-4195
66dc4a0ecdc2d08082e3,2026,UFC Oklahoma,2026-07-18,Alberto Montes,Tommy McMillen,Tommy McMillen,99,Featherweight Bout,7,1.086505069389568,https://www.bestfightodds.com/events/ufc-oklahoma-4195
6e9f6397a46d31367ed9,2026,UFC Oklahoma,2026-07-18,Jean-Paul Lebosnoyani,Seok Hyun Ko,Jean-Paul Lebosnoyani,99,Welterweight Bout,6,1.0059082317456325,https://www.bestfightodds.com/events/ufc-oklahoma-4195
7c457629f21348751be6,2026,UFC Oklahoma,2026-07-18,Dricus Du Plessis,Kamaru Usman,Dricus Du Plessis,99,Middleweight Bout,7,1.086505069389568,https://www.bestfightodds.com/events/ufc-oklahoma-4195
8eb291ad921ad810a74e,2026,UFC Oklahoma,2026-07-18,Fatima Kline,Tabatha Ricci,Fatima Kline,99,Women's Strawweight Bout,7,1.086505069389568,https://www.bestfightodds.com/events/ufc-oklahoma-4195
a2182e95f8fe84c52ef6,2026,UFC Oklahoma,2026-07-18,Chase Hooper,Mitch Ramirez,Chase Hooper,99,Lightweight Bout,7,1.086505069389568,https://www.bestfightodds.com/events/ufc-oklahoma-4195
ac4b1e2d91f6b715fd6e,2026,UFC Oklahoma,2026-07-18,Christian Leroy Duncan,Jared Cannonier,Christian Leroy Duncan,99,Middleweight Bout,6,1.0059082317456325,https://www.bestfightodds.com/events/ufc-oklahoma-4195
b2364aa5adae45c39dea,2026,UFC Oklahoma,2026-07-18,Felipe Franco,Levi Rodrigues,Felipe Franco,99,Light Heavyweight Bout,7,1.086505069389568,https://www.bestfightodds.com/events/ufc-oklahoma-4195
d1e09f5dd8171f3825e3,2026,UFC Oklahoma,2026-07-18,Austin Bashi,Jose Delgado,Jose Delgado,99,Featherweight Bout,7,1.086505069389568,https://www.bestfightodds.com/events/ufc-oklahoma-4195
ecb02ddefb8b95e86f24,2026,UFC Oklahoma,2026-07-18,Anna Melisano,Dione Barbosa,Dione Barbosa,99,Women's Flyweight Bout,6,1.0059082317456325,https://www.bestfightodds.com/events/ufc-oklahoma-4195
352b33510046b21c4af1,2026,UFC Abu Dhabi,2026-07-25,Bogdan Guskov,Magomed Ankalaev,Magomed Ankalaev,99,Light Heavyweight Bout,7,1.086505069389568,https://www.bestfightodds.com/events/ufc-abu-dhabi-4216
36e31ecb5e5293d338d9,2026,UFC Abu Dhabi,2026-07-25,Damian Rzepecki,Magomed Zaynukov,Magomed Zaynukov,99,Lightweight Bout,6,1.0059082317456325,https://www.bestfightodds.com/events/ufc-abu-dhabi-4216
3b17678a95e04865565a,2026,UFC Abu Dhabi,2026-07-25,Axel Sola,Ismael Bonfim,Axel Sola,99,Lightweight Bout,7,1.086505069389568,https://www.bestfightodds.com/events/ufc-abu-dhabi-4216
801423d5a5a7374e1cf3,2026,UFC Abu Dhabi,2026-07-25,Abubakar Vagaev,Saygid Izagakhmaev,Abubakar Vagaev,99,Welterweight Bout,6,1.0059082317456325,https://www.bestfightodds.com/events/ufc-abu-dhabi-4216
a0845b5e1180cce5c49f,2026,UFC Abu Dhabi,2026-07-25,Ramazan Temirov,Steve Erceg,Ramazan Temirov,99,Flyweight Bout,7,1.086505069389568,https://www.bestfightodds.com/events/ufc-abu-dhabi-4216
a22ee15debd2086f7a41,2026,UFC Abu Dhabi,2026-07-25,Abdul Hussein,Cody Gibson,Abdul Hussein,99,Bantamweight Bout,6,1.0059082317456325,https://www.bestfightodds.com/events/ufc-abu-dhabi-4216
afe0ba3cb12e92511585,2026,UFC Abu Dhabi,2026-07-25,Mike Davis,Nurullo Aliev,Nurullo Aliev,99,Lightweight Bout,7,1.086505069389568,https://www.bestfightodds.com/events/ufc-abu-dhabi-4216
c37d7252dda9a5078114,2026,UFC Abu Dhabi,2026-07-25,Sam Patterson,Santiago Ponzinibbio,Sam Patterson,99,Welterweight Bout,7,1.086505069389568,https://www.bestfightodds.com/events/ufc-abu-dhabi-4216
e39c7acbd0c482c9689c,2026,UFC Abu Dhabi,2026-07-25,Brendson Ribeiro,Magomed Tuchalov,Magomed Tuchalov,99,Light Heavyweight Bout,6,1.0059082317456325,https://www.bestfightodds.com/events/ufc-abu-dhabi-4216
f058f881adccadfa28b8,2026,UFC Abu Dhabi,2026-07-25,Rizvan Kuniev,Tyrell Fortune,Rizvan Kuniev,99,Heavyweight Bout,7,1.086505069389568,https://www.bestfightodds.com/events/ufc-abu-dhabi-4216
f3e8a2f420b0dedd2a5e,2026,UFC Abu Dhabi,2026-07-25,Thomas Petersen,Valter Walker,Valter Walker,99,Heavyweight Bout,7,1.086505069389568,https://www.bestfightodds.com/events/ufc-abu-dhabi-4216
058f9aea1bb8683475e1,2026,UFC Belgrade,2026-08-01,Bogdan Grad,Dennis Buzukia,Bogdan Grad,99,Featherweight Bout,7,1.086505069389568,https://www.bestfightodds.com/events/ufc-belgrade-4285
083a0fa6e6396a8da12d,2026,UFC Belgrade,2026-08-01,Hailey Cowan,Nina Milosevic,Nina Milosevic,99,Women's Bantamweight Bout,7,1.086505069389568,https://www.bestfightodds.com/events/ufc-belgrade-4285
105ec9d435f1e11186f7,2026,UFC Belgrade,2026-08-01,Gilbert Urbina,Vlasto Cepo,Gilbert Urbina,99,Middleweight Bout,7,1.086505069389568,https://www.bestfightodds.com/events/ufc-belgrade-4285
3495b3f90d859d1832fd,2026,UFC Belgrade,2026-08-01,Milos Janicic,Noah Gugnon,Noah Gugnon,99,Lightweight Bout,6,1.0059082317456325,https://www.bestfightodds.com/events/ufc-belgrade-4285
46f09d9257c18b48fff4,2026,UFC Belgrade,2026-08-01,Kyle Prepolec,Mateusz Rebecki,Mateusz Rebecki,99,Lightweight Bout,7,1.086505069389568,https://www.bestfightodds.com/events/ufc-belgrade-4285
4eb0053e15c20c645034,2026,UFC Belgrade,2026-08-01,Daniel Rodriguez,Uros Medic,Uros Medic,99,Welterweight Bout,7,1.086505069389568,https://www.bestfightodds.com/events/ufc-belgrade-4285
5c9419dd61dff4b58d94,2026,UFC Belgrade,2026-08-01,Ludovit Klein,Tofiq Musayev,Tofiq Musayev,99,Lightweight Bout,6,1.0059082317456325,https://www.bestfightodds.com/events/ufc-belgrade-4285
9133902a409e189e342c,2026,UFC Belgrade,2026-08-01,Alexander Poppeck,Jovan Leka,Jovan Leka,99,Heavyweight Bout,6,1.0059082317456325,https://www.bestfightodds.com/events/ufc-belgrade-4285
b4b08a33180b7b2d489f,2026,UFC Belgrade,2026-08-01,Marina Spasic,Stephanie Luciano,Stephanie Luciano,99,Women's Strawweight Bout,6,1.0059082317456325,https://www.bestfightodds.com/events/ufc-belgrade-4285
c2f2d7590556bf604804,2026,UFC Belgrade,2026-08-01,Dusko Todorovic,Robert Valentin,Robert Valentin,99,Middleweight Bout,7,1.086505069389568,https://www.bestfightodds.com/events/ufc-belgrade-4285
cbcd69e82411be35787d,2026,UFC Belgrade,2026-08-01,Borislav Nikolic,Mark Vologdin,Borislav Nikolic,99,Bantamweight Bout,5,0.9182643821786954,https://www.bestfightodds.com/events/ufc-belgrade-4285
cdaf555d92c9c46baea7,2026,UFC Belgrade,2026-08-01,Jan Blachowicz,Navajo Stirling,Navajo Stirling,99,Light Heavyweight Bout,6,1.0059082317456325,https://www.bestfightodds.com/events/ufc-belgrade-4285
edb821cd03911f78b0fa,2026,UFC Belgrade,2026-08-01,Aleksandar Rakic,Marcin Tybura,Aleksandar Rakic,99,Heavyweight Bout,7,1.086505069389568,https://www.bestfightodds.com/events/ufc-belgrade-4285
ef47757f79c77f3d54b4,2026,UFC Belgrade,2026-08-01,Michael Oliveira,Oban Elliott,Michael Oliveira,99,Welterweight Bout,7,1.086505069389568,https://www.bestfightodds.com/events/ufc-belgrade-4285
0bbb6a44b95ddfba7f49,2026,UFC Vegas 120,2026-08-08,Juliana Miller,Ravena Oliveira,Juliana Miller,99,Women's Flyweight Bout,6,1.0059082317456325,https://www.bestfightodds.com/events/ufc-vegas-120-4301
8613cae867b6f8aa7214,2026,UFC Vegas 120,2026-08-08,Carol Foro,Gigi Canuto,Carol Foro,99,Women's Strawweight Bout,6,1.0059082317456325,https://www.bestfightodds.com/events/ufc-vegas-120-4301
882154759bdbba4d2de9,2026,UFC Vegas 120,2026-08-08,Guilherme Pat,Steven Asplund,Steven Asplund,99,Heavyweight Bout,7,1.086505069389568,https://www.bestfightodds.com/events/ufc-vegas-120-4301
886024fece18702766ba,2026,UFC Vegas 120,2026-08-08,Alexia Thainara,Amanda Lemos,Alexia Thainara,99,Women's Strawweight Bout,7,1.086505069389568,https://www.bestfightodds.com/events/ufc-vegas-120-4301
8d097d505bbce7efec41,2026,UFC Vegas 120,2026-08-08,Jose Montanha,Louie Sutherland,Jose Montanha,99,Heavyweight Bout,6,1.0059082317456325,https://www.bestfightodds.com/events/ufc-vegas-120-4301
a8d79a68d510ae9cdfd3,2026,UFC Vegas 120,2026-08-08,Mateusz Gamrot,Quillan Salkilld,Quillan Salkilld,99,Lightweight Bout,7,1.086505069389568,https://www.bestfightodds.com/events/ufc-vegas-120-4301
be1cff34cb795dde46a1,2026,UFC Vegas 120,2026-08-08,Darren Elkins,Yadier Del Valle,Yadier del Valle,99,Featherweight Bout,6,1.0059082317456325,https://www.bestfightodds.com/events/ufc-vegas-120-4301
c9226cb007c6ac33b60c,2026,UFC Vegas 120,2026-08-08,Billy Ray Goff,Ty Miller,Ty Miller,99,Welterweight Bout,5,0.9182643821786954,https://www.bestfightodds.com/events/ufc-vegas-120-4301
cf3d43ecedc949bc9a6f,2026,UFC Vegas 120,2026-08-08,Billy Quarantillo,Diego Ferreira,Diego Ferreira,99,Lightweight Bout,6,1.0059082317456325,https://www.bestfightodds.com/events/ufc-vegas-120-4301
f40e01554bcd9ac8b517,2026,UFC Vegas 120,2026-08-08,Bruno Lopes,Diyar Nurgozhay,Diyar Nurgozhay,99,Light Heavyweight Bout,7,1.086505069389568,https://www.bestfightodds.com/events/ufc-vegas-120-4301
f845a492d3340b9edbfd,2026,UFC Vegas 120,2026-08-08,Manoel Sousa,Richie Miranda,Manoel Sousa,99,Lightweight Bout,6,1.0059082317456325,https://www.bestfightodds.com/events/ufc-vegas-120-4301
f953179d398f36ab9f4c,2026,UFC Vegas 120,2026-08-08,Gianni Vazquez,Miles Johns,Miles Johns,99,Featherweight Bout,6,1.0059082317456325,https://www.bestfightodds.com/events/ufc-vegas-120-4301
