source_event_id,event_name,event_date_iso,event_url,source_matchup_id,fighter_1_name,fighter_2_name,fighter_1_url,fighter_2_url,pair_key,ufc_fight_id,ufc_event_id,ufc_event_name,ufc_event_date_iso,winner_name,fight_order,weight_class,match_method,match_similarity
ufc-3123,UFC,2024-01-13,https://www.bestfightodds.com/events/ufc-3123,33725,Matthew Semelsberger,Preston Parsons,/fighters/matthew-semelsberger-10268,/fighters/preston-parsons-6472,"('matt semelsberger', 'preston parsons')",09bde55e0cf4cecefd1b,010986ee359fb863,,2024-01-13,Preston Parsons,99,Welterweight Bout,exact_pair,1.0
ufc-3123,UFC,2024-01-13,https://www.bestfightodds.com/events/ufc-3123,33474,Gabriel Benitez,Jim Miller,/fighters/gabriel-benitez-5295,/fighters/jim-miller-265,"('gabriel benitez', 'jim miller')",0d35dc46797421685d5e,010986ee359fb863,,2024-01-13,Jim Miller,99,Lightweight Bout,exact_pair,1.0
ufc-3123,UFC,2024-01-13,https://www.bestfightodds.com/events/ufc-3123,33477,Brunno Ferreira,Phil Hawes,/fighters/brunno-ferreira-14404,/fighters/phil-hawes-5712,"('brunno ferreira', 'phil hawes')",15fe37ad36976bc981ae,010986ee359fb863,,2024-01-13,Brunno Ferreira,99,Middleweight Bout,exact_pair,1.0
ufc-3123,UFC,2024-01-13,https://www.bestfightodds.com/events/ufc-3123,33726,Felipe Bunes,Joshua van,/fighters/felipe-bunes-13242,/fighters/joshua-van-14745,"('felipe bunes', 'joshua van')",40c6363af256ee6a975c,010986ee359fb863,,2024-01-13,Joshua Van,99,Flyweight Bout,exact_pair,1.0
ufc-3123,UFC,2024-01-13,https://www.bestfightodds.com/events/ufc-3123,33479,Andrei Arlovski,Waldo Cortes-Acosta,/fighters/andrei-arlovski-487,/fighters/waldo-cortes-acosta-12830,"('andrei arlovski', 'waldo cortes acosta')",4ca17d32dfb75e06e9f3,010986ee359fb863,,2024-01-13,Waldo Cortes-Acosta,99,Heavyweight Bout,exact_pair,1.0
ufc-3123,UFC,2024-01-13,https://www.bestfightodds.com/events/ufc-3123,33485,Gaston Bolanos,Marcus McGhee,/fighters/gaston-bolanos-6991,/fighters/marcus-mcghee-14050,"('gaston bolanos', 'marcus mcghee')",50d3302b08480437837a,010986ee359fb863,,2024-01-13,Marcus McGhee,99,Bantamweight Bout,exact_pair,1.0
ufc-3123,UFC,2024-01-13,https://www.bestfightodds.com/events/ufc-3123,33483,Nikolas Motta,Tom Nolan,/fighters/nikolas-motta-9314,/fighters/tom-nolan-16303,"('nikolas motta', 'tom nolan')",c5d25e2e780f37cfddf7,010986ee359fb863,,2024-01-13,Nikolas Motta,99,Lightweight Bout,exact_pair,1.0
ufc-3123,UFC,2024-01-13,https://www.bestfightodds.com/events/ufc-3123,33480,Farid Basharat,Taylor Lapilus,/fighters/farid-basharat-11791,/fighters/taylor-lapilus-5164,"('farid basharat', 'taylor lapilus')",cd922769130b4951b12b,010986ee359fb863,,2024-01-13,Farid Basharat,99,Bantamweight Bout,exact_pair,1.0
ufc-3123,UFC,2024-01-13,https://www.bestfightodds.com/events/ufc-3123,33475,Mario Bautista,Ricky Simon,/fighters/mario-bautista-8867,/fighters/ricky-simon-5780,"('mario bautista', 'ricky simon')",ea16545c9eb46d19815b,010986ee359fb863,,2024-01-13,Mario Bautista,99,Bantamweight Bout,exact_pair,1.0
ufc-3123,UFC,2024-01-13,https://www.bestfightodds.com/events/ufc-3123,33361,Johnny Walker,Magomed Ankalaev,/fighters/johnny-walker-8542,/fighters/magomed-ankalaev-7794,"('johnny walker', 'magomed ankalaev')",ec5931735bb1aaae3259,010986ee359fb863,,2024-01-13,Magomed Ankalaev,99,Light Heavyweight Bout,exact_pair,1.0
ufc-3123,UFC,2024-01-13,https://www.bestfightodds.com/events/ufc-3123,33652,Jean Silva,Westin Wilson,/fighters/jean-silva-554,/fighters/westin-wilson-7567,"('jean silva', 'westin wilson')",fe0e8fe7c17e71c65d25,010986ee359fb863,,2024-01-13,Jean Silva,99,Featherweight Bout,exact_pair,1.0
ufc-297-3106,UFC 297,2024-01-21,https://www.bestfightodds.com/events/ufc-297-3106,33351,Charles Jourdain,Sean Woodson,/fighters/charles-jourdain-9131,/fighters/sean-woodson-9342,"('charles jourdain', 'sean woodson')",1492e73aa5ab656ab950,bd85ca0bb4f26cfc,,2024-01-20,Sean Woodson,99,Featherweight Bout,exact_pair,1.0
ufc-297-3106,UFC 297,2024-01-21,https://www.bestfightodds.com/events/ufc-297-3106,33357,Brad Katona,Garrett Armfield,/fighters/brad-katona-8426,/fighters/garrett-armfield-9084,"('brad katona', 'garrett armfield')",15176ffb34a83da505a2,bd85ca0bb4f26cfc,,2024-01-20,Garrett Armfield,99,Bantamweight Bout,exact_pair,1.0
ufc-297-3106,UFC 297,2024-01-21,https://www.bestfightodds.com/events/ufc-297-3106,33354,Mike Malott,Neil Magny,/fighters/mike-malott-5196,/fighters/neil-magny-3807,"('mike malott', 'neil magny')",187ad9db437c5c94c03b,bd85ca0bb4f26cfc,,2024-01-20,Neil Magny,99,Welterweight Bout,exact_pair,1.0
ufc-297-3106,UFC 297,2024-01-21,https://www.bestfightodds.com/events/ufc-297-3106,33349,Mayra Bueno Silva,Raquel Pennington,/fighters/mayra-bueno-silva-9839,/fighters/raquel-pennington-3353,"('mayra bueno silva', 'raquel pennington')",1e16863c041e77cb547b,bd85ca0bb4f26cfc,,2024-01-20,Raquel Pennington,99,UFC Women's Bantamweight Title Bout,exact_pair,1.0
ufc-297-3106,UFC 297,2024-01-21,https://www.bestfightodds.com/events/ufc-297-3106,33355,Arnold Allen,Movsar Evloev,/fighters/arnold-allen-4218,/fighters/movsar-evloev-8457,"('arnold allen', 'movsar evloev')",6145c102248eb5ed9f0a,bd85ca0bb4f26cfc,,2024-01-20,Movsar Evloev,99,Featherweight Bout,exact_pair,1.0
ufc-297-3106,UFC 297,2024-01-21,https://www.bestfightodds.com/events/ufc-297-3106,33358,Sam Patterson,Yohan Lainesse,/fighters/sam-patterson-11410,/fighters/yohan-lainesse-9952,"('sam patterson', 'yohan lainesse')",6592ccc1e9478909f041,bd85ca0bb4f26cfc,,2024-01-20,Sam Patterson,99,Welterweight Bout,exact_pair,1.0
ufc-297-3106,UFC 297,2024-01-21,https://www.bestfightodds.com/events/ufc-297-3106,33653,Jasmine Jasudavicius,Priscila Cachoeira,/fighters/jasmine-jasudavicius-9869,/fighters/priscila-cachoeira-7754,"('jasmine jasudavicius', 'priscila cachoeira')",95ac157acb7a19e2a372,bd85ca0bb4f26cfc,,2024-01-20,Jasmine Jasudavicius,99,Women's Bantamweight Bout,exact_pair,1.0
ufc-297-3106,UFC 297,2024-01-21,https://www.bestfightodds.com/events/ufc-297-3106,33359,Gillian Robertson,Polyana Viana,/fighters/gillian-robertson-7784,/fighters/polyana-viana-7817,"('gillian robertson', 'polyana viana')",976a9b9c88a74b57c476,bd85ca0bb4f26cfc,,2024-01-20,Gillian Robertson,99,Women's Strawweight Bout,exact_pair,1.0
ufc-297-3106,UFC 297,2024-01-21,https://www.bestfightodds.com/events/ufc-297-3106,33353,Ramon Taveras,Serhiy Sidey,/fighters/ramon-taveras-16460,/fighters/serhiy-sidey-13707,"('ramon taveras', 'serhiy sidey')",a511d0f6b1e28ec2540e,bd85ca0bb4f26cfc,,2024-01-20,Ramon Taveras,99,Bantamweight Bout,exact_pair,1.0
ufc-3122,UFC,2024-01-20,https://www.bestfightodds.com/events/ufc-3122,33360,Jimmy Flick,Malcolm Gordon,/fighters/jimmy-flick-1923,/fighters/malcolm-gordon-3630,"('jimmy flick', 'malcolm gordon')",dd6558e025968097504d,bd85ca0bb4f26cfc,,2024-01-20,Jimmy Flick,99,Flyweight Bout,exact_pair,1.0
ufc-297-3106,UFC 297,2024-01-21,https://www.bestfightodds.com/events/ufc-297-3106,33356,Chris Curtis,Marc-Andre Barriault,/fighters/chris-curtis-6020,/fighters/marc-andre-barriault-8960,"('chris curtis', 'marc andre barriault')",f5281b466197f4cf14ce,bd85ca0bb4f26cfc,,2024-01-20,Chris Curtis,99,Middleweight Bout,exact_pair,1.0
ufc-297-3106,UFC 297,2024-01-21,https://www.bestfightodds.com/events/ufc-297-3106,33198,Dricus Du Plessis,Sean Strickland,/fighters/dricus-du-plessis-7951,/fighters/sean-strickland-4733,"('dricus du plessis', 'sean strickland')",fe5fc08c9550c8d4399c,bd85ca0bb4f26cfc,,2024-01-20,Dricus Du Plessis,99,UFC Middleweight Title Bout,exact_pair,1.0
ufc-fight-night-3160,UFC Fight Night,2024-02-04,https://www.bestfightodds.com/events/ufc-fight-night-3160,33721,Drew Dober,Renato Moicano,/fighters/drew-dober-1576,/fighters/renato-moicano-5598,"('drew dober', 'renato moicano')",171e512f703ca1e098a7,cce79e827569f26e,,2024-02-03,Renato Moicano,99,Lightweight Bout,exact_pair,1.0
ufc-fight-night-3158,UFC Fight Night,2024-02-03,https://www.bestfightodds.com/events/ufc-fight-night-3158,33871,Pete Rodriguez,Themba Gorimbo,/fighters/pete-rodriguez-14497,/fighters/themba-gorimbo-12770,"('pete rodriguez', 'themba gorimbo')",1f14f075e86ea0558add,cce79e827569f26e,,2024-02-03,Themba Gorimbo,99,Welterweight Bout,exact_pair,1.0
ufc-fight-night-3160,UFC Fight Night,2024-02-04,https://www.bestfightodds.com/events/ufc-fight-night-3160,33705,Nassourdine Imavov,Roman Dolidze,/fighters/nassourdine-imavov-10307,/fighters/roman-dolidze-9094,"('nassourdine imavov', 'roman dolidze')",2d9a95ee45caae25269b,cce79e827569f26e,,2024-02-03,Nassourdine Imavov,99,Middleweight Bout,exact_pair,1.0
ufc-fight-night-3158,UFC Fight Night,2024-02-03,https://www.bestfightodds.com/events/ufc-fight-night-3158,33718,Blake Bilder,Jeongyeong Lee,/fighters/blake-bilder-13013,/fighters/jeongyeong-lee-14611,"('blake bilder', 'jeongyeong lee')",666ce1b6308df1ecae91,cce79e827569f26e,,2024-02-03,JeongYeong Lee,99,Featherweight Bout,exact_pair,1.0
ufc-fight-night-3158,UFC Fight Night,2024-02-03,https://www.bestfightodds.com/events/ufc-fight-night-3158,33719,Diana Belbita,Molly McCann,/fighters/diana-belbita-9450,/fighters/molly-mccann-5311,"('diana belbita', 'molly mccann')",9f86d8850afb7019b422,cce79e827569f26e,,2024-02-03,Molly McCann,99,Women's Strawweight Bout,exact_pair,1.0
ufc-fight-night-3158,UFC Fight Night,2024-02-03,https://www.bestfightodds.com/events/ufc-fight-night-3158,33711,Jamal Pogues,Thomas Petersen,/fighters/jamal-pogues-8230,/fighters/thomas-petersen-10546,"('jamal pogues', 'thomas petersen')",a952c0e819c9cf006b7f,cce79e827569f26e,,2024-02-03,Jamal Pogues,99,Heavyweight Bout,exact_pair,1.0
ufc-fight-night-3160,UFC Fight Night,2024-02-04,https://www.bestfightodds.com/events/ufc-fight-night-3160,33722,Charles Radtke,Gilbert Urbina,/fighters/charles-radtke-10622,/fighters/gilbert-urbina-8520,"('charles radtke', 'gilbert urbina')",babf5f6886501bda22c9,cce79e827569f26e,,2024-02-03,Charles Radtke,99,Welterweight Bout,exact_pair,1.0
ufc-fight-night-3158,UFC Fight Night,2024-02-03,https://www.bestfightodds.com/events/ufc-fight-night-3158,33712,Julija Stoliarenko,Luana Carolina,/fighters/julija-stoliarenko-9926,/fighters/luana-carolina-8992,"('julija stoliarenko', 'luana carolina')",c3475d0bce54ad65f871,cce79e827569f26e,,2024-02-03,Luana Carolina,99,Women's Flyweight Bout,exact_pair,1.0
ufc-fight-night-3160,UFC Fight Night,2024-02-04,https://www.bestfightodds.com/events/ufc-fight-night-3160,33716,Natalia Silva,Viviane Araujo,/fighters/natalia-silva-10547,/fighters/viviane-araujo-9155,"('natalia silva', 'viviane araujo')",c942b6f6bce61c1346a0,cce79e827569f26e,,2024-02-03,Natalia Silva,99,Women's Flyweight Bout,exact_pair,1.0
ufc-fight-night-3160,UFC Fight Night,2024-02-04,https://www.bestfightodds.com/events/ufc-fight-night-3160,33806,Muslim Salikhov,Randy Brown,/fighters/muslim-salikhov-7701,/fighters/randy-brown-6139,"('muslim salikhov', 'randy brown')",e7ba15d738abe50b90f6,cce79e827569f26e,,2024-02-03,Randy Brown,99,Welterweight Bout,exact_pair,1.0
ufc-fight-night-3158,UFC Fight Night,2024-02-03,https://www.bestfightodds.com/events/ufc-fight-night-3158,33713,Landon Quinones,Marquel Mederos,/fighters/landon-quinones-9461,/fighters/marquel-mederos-10796,"('landon quinones', 'marquel mederos')",e9e1f791135daef3093f,cce79e827569f26e,,2024-02-03,MarQuel Mederos,99,Lightweight Bout,exact_pair,1.0
ufc-fight-night-3158,UFC Fight Night,2024-02-03,https://www.bestfightodds.com/events/ufc-fight-night-3158,33744,Azat Maksum,Charles Johnson,/fighters/azat-maksum-10897,/fighters/charles-johnson-7494,"('azat maksum', 'charles johnson')",ef6ffc1e660d28a1511b,cce79e827569f26e,,2024-02-03,Charles Johnson,99,Flyweight Bout,exact_pair,1.0
ufc-3163,UFC,2024-02-10,https://www.bestfightodds.com/events/ufc-3163,33740,Bogdan Guskov,Zac Pauga,/fighters/bogdan-guskov-16384,/fighters/zac-pauga-10550,"('bogdan guskov', 'zac pauga')",06628d3426302f94265a,eaea0fc7b76525a8,,2024-02-10,Bogdan Guskov,99,Light Heavyweight Bout,exact_pair,1.0
ufc-3163,UFC,2024-02-10,https://www.bestfightodds.com/events/ufc-3163,33997,Bolaji Oki,Timothy Cuamba,/fighters/bolaji-oki-16406,/fighters/timothy-cuamba-11019,"('bolaji oki', 'timothy cuamba')",2e805a40165c58fe9926,eaea0fc7b76525a8,,2024-02-10,Bolaji Oki,99,Lightweight Bout,fuzzy_pair,0.9230769230769231
ufc-3163,UFC,2024-02-10,https://www.bestfightodds.com/events/ufc-3163,33738,Jeremiah Wells,Max Griffin,/fighters/jeremiah-wells-8059,/fighters/max-griffin-6581,"('jeremiah wells', 'max griffin')",6aa518527baabb354e4e,eaea0fc7b76525a8,,2024-02-10,Max Griffin,99,Welterweight Bout,exact_pair,1.0
ufc-3194,UFC,2024-02-11,https://www.bestfightodds.com/events/ufc-3194,33735,Jack Hermansson,Joe Pyfer,/fighters/jack-hermansson-2474,/fighters/joe-pyfer-8530,"('jack hermansson', 'joe pyfer')",72983d92c87d33142fd3,eaea0fc7b76525a8,,2024-02-10,Jack Hermansson,99,Middleweight Bout,exact_pair,1.0
ufc-3194,UFC,2024-02-11,https://www.bestfightodds.com/events/ufc-3194,33731,Brad Tavares,Gregory Rodrigues,/fighters/brad-tavares-1959,/fighters/gregory-rodrigues-6917,"('brad tavares', 'gregory rodrigues')",737d67768667aa7beac4,eaea0fc7b76525a8,,2024-02-10,Gregory Rodrigues,99,Middleweight Bout,exact_pair,1.0
ufc-3194,UFC,2024-02-11,https://www.bestfightodds.com/events/ufc-3194,33730,Armen Petrosyan,Rodolfo Vieira,/fighters/armen-petrosyan-11514,/fighters/rodolfo-vieira-9318,"('armen petrosyan', 'rodolfo vieira')",79b1fad1bf1dd01a7ab0,eaea0fc7b76525a8,,2024-02-10,Rodolfo Vieira,99,Middleweight Bout,exact_pair,1.0
ufc-3163,UFC,2024-02-10,https://www.bestfightodds.com/events/ufc-3163,33986,Fernie Garcia,Hyder Amil,/fighters/fernie-garcia-9000,/fighters/hyder-amil-8178,"('fernie garcia', 'hyder amil')",79d2fde5ca14fdaa0272,eaea0fc7b76525a8,,2024-02-10,Hyder Amil,99,Featherweight Bout,exact_pair,1.0
ufc-3194,UFC,2024-02-11,https://www.bestfightodds.com/events/ufc-3194,33732,Darrius Flowers,Michael Johnson,/fighters/darrius-flowers-8177,/fighters/michael-johnson-2219,"('darrius flowers', 'michael johnson')",7f73f4b704c52cce7f7b,eaea0fc7b76525a8,,2024-02-10,Michael Johnson,99,Lightweight Bout,exact_pair,1.0
ufc-3163,UFC,2024-02-10,https://www.bestfightodds.com/events/ufc-3163,33742,Devin Clark,Marcin Prachnio,/fighters/devin-clark-5571,/fighters/marcin-prachnio-6346,"('devin clark', 'marcin prachnio')",d09bb840c26445b018ca,eaea0fc7b76525a8,,2024-02-10,Marcin Prachnio,99,Light Heavyweight Bout,exact_pair,1.0
ufc-3194,UFC,2024-02-11,https://www.bestfightodds.com/events/ufc-3194,33734,Carlos Prates,Trevin Giles,/fighters/carlos-prates-14705,/fighters/trevin-giles-4665,"('carlos prates', 'trevin giles')",ed61008fff23d0fb249a,eaea0fc7b76525a8,,2024-02-10,Carlos Prates,99,Welterweight Bout,exact_pair,1.0
ufc-3194,UFC,2024-02-11,https://www.bestfightodds.com/events/ufc-3194,33987,Ihor Potieria,Robert Bryczek,/fighters/ihor-potieria-13119,/fighters/robert-bryczek-11162,"('ihor potieria', 'robert bryczek')",f41cc62ee3a79aee41c5,eaea0fc7b76525a8,,2024-02-10,Ihor Potieria,99,Middleweight Bout,exact_pair,1.0
ufc-3194,UFC,2024-02-11,https://www.bestfightodds.com/events/ufc-3194,33920,Andre Fili,Dan Ige,/fighters/andre-fili-4466,/fighters/dan-ige-6448,"('andre fili', 'dan ige')",f4e80aa52818764def00,eaea0fc7b76525a8,,2024-02-10,Dan Ige,99,Featherweight Bout,exact_pair,1.0
ufc-3163,UFC,2024-02-10,https://www.bestfightodds.com/events/ufc-3163,33736,Bruna Brasil,Loma Lookboonmee,/fighters/bruna-brasil-13778,/fighters/loma-lookboonmee-7834,"('bruna brasil', 'loma lookboonmee')",fea94bf868c91c54168e,eaea0fc7b76525a8,,2024-02-10,Loma Lookboonmee,99,Women's Strawweight Bout,exact_pair,1.0
ufc-298-3112,UFC 298,2024-02-18,https://www.bestfightodds.com/events/ufc-298-3112,33706,Paulo Costa,Robert Whittaker,/fighters/paulo-costa-7991,/fighters/robert-whittaker-3761,"('paulo costa', 'robert whittaker')",00bdb1b9a94fb3249366,dab0e6cb8c932162,,2024-02-17,Robert Whittaker,99,Middleweight Bout,exact_pair,1.0
ufc-298-3112,UFC 298,2024-02-18,https://www.bestfightodds.com/events/ufc-298-3112,33921,Carlos Vera,Rinya Nakamura,/fighters/carlos-vera-7002,/fighters/rinya-nakamura-13935,"('carlos vera', 'rinya nakamura')",2ea13e39a797cffb711b,dab0e6cb8c932162,,2024-02-17,Rinya Nakamura,99,Bantamweight Bout,exact_pair,1.0
ufc-298-3112,UFC 298,2024-02-18,https://www.bestfightodds.com/events/ufc-298-3112,33694,Brendson Ribeiro,Zhang Mingyang,/fighters/brendson-ribeiro-13392,/fighters/zhang-mingyang-14721,"('brendson ribeiro', 'zhang mingyang')",5165ac684af9505d8636,dab0e6cb8c932162,,2024-02-17,Zhang Mingyang,99,Light Heavyweight Bout,exact_pair,1.0
ufc-298-3112,UFC 298,2024-02-18,https://www.bestfightodds.com/events/ufc-298-3112,33854,Danny Barlow,Josh Quinlan,/fighters/danny-barlow-14814,/fighters/josh-quinlan-10316,"('danny barlow', 'josh quinlan')",65a05fe6a7cf56426a32,dab0e6cb8c932162,,2024-02-17,Danny Barlow,99,Welterweight Bout,exact_pair,1.0
ufc-298-3112,UFC 298,2024-02-18,https://www.bestfightodds.com/events/ufc-298-3112,33919,Anthony Hernandez,Roman Kopylov,/fighters/anthony-hernandez-6092,/fighters/roman-kopylov-7343,"('anthony hernandez', 'roman kopylov')",83dc04ebc13aa1a05f85,dab0e6cb8c932162,,2024-02-17,Anthony Hernandez,99,Middleweight Bout,exact_pair,1.0
ufc-298-3112,UFC 298,2024-02-18,https://www.bestfightodds.com/events/ufc-298-3112,33668,Geoff Neal,Ian Machado Garry,/fighters/geoff-neal-8453,/fighters/ian-machado-garry-15690,"('geoff neal', 'ian machado garry')",a372dd6209fe06d39602,dab0e6cb8c932162,,2024-02-17,Ian Machado Garry,99,Welterweight Bout,exact_pair,1.0
ufc-3156,UFC,2024-02-17,https://www.bestfightodds.com/events/ufc-3156,33697,Andrea Lee,Miranda Maverick,/fighters/andrea-lee-5260,/fighters/miranda-maverick-6780,"('andrea lee', 'miranda maverick')",aca5501bd9735ba97d98,dab0e6cb8c932162,,2024-02-17,Miranda Maverick,99,Women's Flyweight Bout,exact_pair,1.0
ufc-298-3112,UFC 298,2024-02-18,https://www.bestfightodds.com/events/ufc-298-3112,33690,Henry Cejudo,Merab Dvalishvili,/fighters/henry-cejudo-4438,/fighters/merab-dvalishvili-6415,"('henry cejudo', 'merab dvalishvili')",aeead159a4437eae8a8c,dab0e6cb8c932162,,2024-02-17,Merab Dvalishvili,99,Bantamweight Bout,exact_pair,1.0
ufc-298-3112,UFC 298,2024-02-18,https://www.bestfightodds.com/events/ufc-298-3112,33815,Amanda Lemos,Mackenzie Dern,/fighters/amanda-lemos-7335,/fighters/mackenzie-dern-6488,"('amanda lemos', 'mackenzie dern')",c381689ec7002be9d678,dab0e6cb8c932162,,2024-02-17,Amanda Lemos,99,Women's Strawweight Bout,exact_pair,1.0
ufc-298-3112,UFC 298,2024-02-18,https://www.bestfightodds.com/events/ufc-298-3112,33699,Oban Elliott,Val Woodburn,/fighters/oban-elliott-9107,/fighters/val-woodburn-16106,"('oban elliott', 'val woodburn')",ed633de0961105b82c69,dab0e6cb8c932162,,2024-02-17,Oban Elliott,99,Welterweight Bout,exact_pair,1.0
ufc-3162,UFC,2024-02-25,https://www.bestfightodds.com/events/ufc-3162,33750,Sam Hughes,Yazmin Jauregui,/fighters/sam-hughes-9863,/fighters/yazmin-jauregui-13793,"('sam hughes', 'yazmin jauregui')",16f0b118cc455f7498cc,902ab9197b83d0db,,2024-02-24,Yazmin Jauregui,99,Women's Strawweight Bout,exact_pair,1.0
ufc-3162,UFC,2024-02-25,https://www.bestfightodds.com/events/ufc-3162,33749,Felipe Dos Santos,Victor Altamirano,/fighters/felipe-dos-santos-14707,/fighters/victor-altamirano-9662,"('felipe dos santos', 'victor altamirano')",3a9877497034792d2867,902ab9197b83d0db,,2024-02-24,Felipe dos Santos,99,Flyweight Bout,exact_pair,1.0
ufc-3162,UFC,2024-02-25,https://www.bestfightodds.com/events/ufc-3162,33751,Chris Duncan,Manuel Torres,/fighters/chris-duncan-8861,/fighters/manuel-torres-11468,"('chris duncan', 'manuel torres')",4d66185f3822f50d3d9d,902ab9197b83d0db,,2024-02-24,Manuel Torres,99,Lightweight Bout,exact_pair,1.0
ufc-3162,UFC,2024-02-25,https://www.bestfightodds.com/events/ufc-3162,33916,Erik Silva,Muhammad Naimov,/fighters/erik-silva-14213,/fighters/muhammad-naimov-10630,"('erik silva', 'muhammad naimov')",5090fdb9b82dada93990,902ab9197b83d0db,,2024-02-24,Muhammad Naimov,99,Featherweight Bout,exact_pair,1.0
ufc-3162,UFC,2024-02-25,https://www.bestfightodds.com/events/ufc-3162,33805,Brandon Moreno,Brandon Royval,/fighters/brandon-moreno-6681,/fighters/brandon-royval-7031,"('brandon moreno', 'brandon royval')",591bae381de411608876,902ab9197b83d0db,,2024-02-24,Brandon Royval,99,Flyweight Bout,exact_pair,1.0
ufc-3162,UFC,2024-02-25,https://www.bestfightodds.com/events/ufc-3162,33748,Jesus Santos Aguilar,Mateus Mendonca,/fighters/jesus-santos-aguilar-14279,/fighters/mateus-mendonca-14501,"('jesus santos aguilar', 'mateus mendonca')",625a9afc36476ab6e456,902ab9197b83d0db,,2024-02-24,Jesus Aguilar,99,Flyweight Bout,fuzzy_pair,0.8939393939393939
ufc-3162,UFC,2024-02-25,https://www.bestfightodds.com/events/ufc-3162,33918,Daniel Zellhuber,Francisco Prado,/fighters/daniel-zellhuber-9200,/fighters/francisco-prado-15049,"('daniel zellhuber', 'francisco prado')",8848002a97c00f32e2ce,902ab9197b83d0db,,2024-02-24,Daniel Zellhuber,99,Lightweight Bout,exact_pair,1.0
ufc-3162,UFC,2024-02-25,https://www.bestfightodds.com/events/ufc-3162,33917,Christian Quinonez,Raoni Barcelos,/fighters/christian-quinonez-10741,/fighters/raoni-barcelos-4521,"('christian quinonez', 'raoni barcelos')",9f845f23071da9a3a1bd,902ab9197b83d0db,,2024-02-24,Raoni Barcelos,99,Bantamweight Bout,fuzzy_pair,0.9857142857142858
ufc-3162,UFC,2024-02-25,https://www.bestfightodds.com/events/ufc-3162,33729,Brian Ortega,Yair Rodriguez,/fighters/brian-ortega-4290,/fighters/yair-rodriguez-5292,"('brian ortega', 'yair rodriguez')",c633a07f4ec1a80c673e,902ab9197b83d0db,,2024-02-24,Brian Ortega,99,Featherweight Bout,exact_pair,1.0
ufc-3162,UFC,2024-02-25,https://www.bestfightodds.com/events/ufc-3162,33915,Claudio Puelles,Fares Ziam,/fighters/claudio-puelles-6804,/fighters/fares-ziam-9451,"('claudio puelles', 'fares ziam')",d4c1e89678bfade5622e,902ab9197b83d0db,,2024-02-24,Fares Ziam,99,Lightweight Bout,exact_pair,1.0
ufc-3162,UFC,2024-02-25,https://www.bestfightodds.com/events/ufc-3162,33747,Daniel Lacerda,Edgar Chairez,/fighters/daniel-lacerda-12102,/fighters/edgar-chairez-9509,"('daniel lacerda', 'edgar chairez')",dccfa4eed46a2d9fc245,902ab9197b83d0db,,2024-02-24,Edgar Chairez,99,Flyweight Bout,exact_pair,1.0
ufc-3193,UFC,2024-03-02,https://www.bestfightodds.com/events/ufc-3193,34089,Christian Leroy Duncan,Claudio Ribeiro,/fighters/christian-leroy-duncan-12577,/fighters/claudio-ribeiro-14247,"('christian leroy duncan', 'claudio ribeiro')",1274fb280c34f16a29cf,e4a9dbade7c7e1a7,,2024-03-02,Christian Leroy Duncan,99,Middleweight Bout,exact_pair,1.0
ufc-3193,UFC,2024-03-02,https://www.bestfightodds.com/events/ufc-3193,34191,Bernardo Sopai,Vinicius Oliveira,/fighters/bernardo-sopai-10998,/fighters/vinicius-oliveira-16540,"('bernardo sopai', 'vinicius oliveira')",1ce6db4216255a63c095,e4a9dbade7c7e1a7,,2024-03-02,Vinicius Oliveira,99,Bantamweight Bout,fuzzy_pair,0.9444444444444444
ufc-3193,UFC,2024-03-02,https://www.bestfightodds.com/events/ufc-3193,34190,Aj Cunningham,Ludovit Klein,/fighters/aj-cunningham-12280,/fighters/ludovit-klein-7610,"('aj cunningham', 'ludovit klein')",21ff3572d07c9552d096,e4a9dbade7c7e1a7,,2024-03-02,Ludovit Klein,99,Lightweight Bout,exact_pair,1.0
ufc-3193,UFC,2024-03-02,https://www.bestfightodds.com/events/ufc-3193,33982,Eryk Anders,Jamie Pickett,/fighters/eryk-anders-6686,/fighters/jamie-pickett-7361,"('eryk anders', 'jamie pickett')",22a9aca846329f88b2a1,e4a9dbade7c7e1a7,,2024-03-02,Eryk Anders,99,Middleweight Bout,exact_pair,1.0
ufc-3193,UFC,2024-03-02,https://www.bestfightodds.com/events/ufc-3193,33977,Abdul-Kareem Al-Selwady,Loik Radzhabov,/fighters/abdul-kareem-al-selwady-10295,/fighters/loik-radzhabov-9040,"('abdul kareem al selwady', 'loik radzhabov')",4119ef8a8af1e012718e,e4a9dbade7c7e1a7,,2024-03-02,Loik Radzhabov,99,Lightweight Bout,exact_pair,1.0
ufc-3193,UFC,2024-03-02,https://www.bestfightodds.com/events/ufc-3193,33983,Alex Perez,Muhammad Mokaev,/fighters/alex-perez-2459,/fighters/muhammad-mokaev-10995,"('alex perez', 'muhammad mokaev')",59ca2689fd2bba346cd2,e4a9dbade7c7e1a7,,2024-03-02,Muhammad Mokaev,99,Flyweight Bout,exact_pair,1.0
ufc-3193,UFC,2024-03-02,https://www.bestfightodds.com/events/ufc-3193,34072,Matt Schnell,Steve Erceg,/fighters/matt-schnell-3492,/fighters/steve-erceg-17167,"('matt schnell', 'steve erceg')",6ac36c2e3bcfbd711191,e4a9dbade7c7e1a7,,2024-03-02,Steve Erceg,99,Flyweight Bout,exact_pair,1.0
ufc-3193,UFC,2024-03-02,https://www.bestfightodds.com/events/ufc-3193,33979,Aiemann Zahabi,Javid Basharat,/fighters/aiemann-zahabi-6901,/fighters/javid-basharat-10973,"('aiemann zahabi', 'javid basharat')",6d53dac5d8618e3c3b5d,e4a9dbade7c7e1a7,,2024-03-02,Aiemann Zahabi,99,Bantamweight Bout,exact_pair,1.0
ufc-3193,UFC,2024-03-02,https://www.bestfightodds.com/events/ufc-3193,33975,Tyson Pedro,Vitor Petrino,/fighters/tyson-pedro-6826,/fighters/vitor-petrino-14346,"('tyson pedro', 'vitor petrino')",a771c91f25565ef67136,e4a9dbade7c7e1a7,,2024-03-02,Vitor Petrino,99,Light Heavyweight Bout,exact_pair,1.0
ufc-3193,UFC,2024-03-02,https://www.bestfightodds.com/events/ufc-3193,34090,Bekzat Almakhan,Umar Nurmagomedov,/fighters/bekzat-almakhan-15004,/fighters/umar-nurmagomedov-9365,"('bekzat almakhan', 'umar nurmagomedov')",fb0d2dfd70d4f603876c,e4a9dbade7c7e1a7,,2024-03-02,Umar Nurmagomedov,99,Bantamweight Bout,exact_pair,1.0
ufc-299-3155,UFC 299,2024-03-10,https://www.bestfightodds.com/events/ufc-299-3155,33669,Gilbert Burns,Jack Della Maddalena,/fighters/gilbert-burns-4747,/fighters/jack-della-maddalena-7492,"('gilbert burns', 'jack della maddalena')",26fc8f276d5947414e55,a9df5ae20a97b090,,2024-03-09,Jack Della Maddalena,99,Welterweight Bout,exact_pair,1.0
ufc-299-3155,UFC 299,2024-03-10,https://www.bestfightodds.com/events/ufc-299-3155,34189,Katlyn Cerminara,Maycee Barber,/fighters/katlyn-cerminara-17241,/fighters/maycee-barber-7240,"('katlyn cerminara', 'maycee barber')",3d8c57a6f10ca6d1cff8,a9df5ae20a97b090,,2024-03-09,Maycee Barber,99,Women's Flyweight Bout,exact_pair,1.0
ufc-299-3155,UFC 299,2024-03-10,https://www.bestfightodds.com/events/ufc-299-3155,34212,Ion Cutelaba,Philipe Lins,/fighters/ion-cutelaba-4315,/fighters/philipe-lins-3370,"('ion cutelaba', 'philipe lins')",5dea188f67ad6adcae6a,a9df5ae20a97b090,,2024-03-09,Philipe Lins,99,Light Heavyweight Bout,exact_pair,1.0
ufc-299-3155,UFC 299,2024-03-10,https://www.bestfightodds.com/events/ufc-299-3155,33703,Mateusz Gamrot,Rafael Dos Anjos,/fighters/mateusz-gamrot-4189,/fighters/rafael-dos-anjos-895,"('mateusz gamrot', 'rafael dos anjos')",658604bfe193411e9b93,a9df5ae20a97b090,,2024-03-09,Mateusz Gamrot,99,Lightweight Bout,exact_pair,1.0
ufc-299-3155,UFC 299,2024-03-10,https://www.bestfightodds.com/events/ufc-299-3155,32385,Marlon Vera,Sean O'Malley,/fighters/marlon-vera-5317,/fighters/sean-o-malley-7125,"('marlon vera', 'sean omalley')",7e964819f0415225136d,a9df5ae20a97b090,,2024-03-09,Sean O'Malley,99,UFC Bantamweight Title Bout,exact_pair,1.0
ufc-299-3155,UFC 299,2024-03-10,https://www.bestfightodds.com/events/ufc-299-3155,33701,Kyler Phillips,Pedro Munhoz,/fighters/kyler-phillips-7228,/fighters/pedro-munhoz-3750,"('kyler phillips', 'pedro munhoz')",7ff6078e5230c8bd739f,a9df5ae20a97b090,,2024-03-09,Kyler Phillips,99,Bantamweight Bout,exact_pair,1.0
ufc-3157,UFC,2024-03-09,https://www.bestfightodds.com/events/ufc-3157,33700,Asu Almabaev,Cj Vergara,/fighters/asu-almabaev-10853,/fighters/cj-vergara-17015,"('asu almabayev', 'cj vergara')",837dbf6901033843734d,a9df5ae20a97b090,,2024-03-09,Asu Almabayev,99,Flyweight Bout,exact_pair,1.0
ufc-3157,UFC,2024-03-09,https://www.bestfightodds.com/events/ufc-3157,33924,Joanne Wood,Maryna Moroz,/fighters/joanne-wood-12845,/fighters/maryna-moroz-5527,"('joanne wood', 'maryna moroz')",8a77f18238e1c6275bae,a9df5ae20a97b090,,2024-03-09,Joanne Wood,99,Women's Flyweight Bout,exact_pair,1.0
ufc-299-3155,UFC 299,2024-03-10,https://www.bestfightodds.com/events/ufc-299-3155,33922,Michal Oleksiejczuk,Michel Pereira,/fighters/michal-oleksiejczuk-7639,/fighters/michel-pereira-9071,"('michal oleksiejczuk', 'michel pereira')",9375e043b8990f22a714,a9df5ae20a97b090,,2024-03-09,Michel Pereira,99,Middleweight Bout,exact_pair,1.0
ufc-299-3155,UFC 299,2024-03-10,https://www.bestfightodds.com/events/ufc-299-3155,33667,Petr Yan,Song Yadong,/fighters/petr-yan-7578,/fighters/song-yadong-9482,"('petr yan', 'song yadong')",99fb035e72b5e6943c58,a9df5ae20a97b090,,2024-03-09,Petr Yan,99,Bantamweight Bout,exact_pair,1.0
ufc-299-3155,UFC 299,2024-03-10,https://www.bestfightodds.com/events/ufc-299-3155,33923,Josh Parisian,Robelis Despaigne,/fighters/josh-parisian-8374,/fighters/robelis-despaigne-16067,"('josh parisian', 'robelis despaigne')",bf8eb5da33679f5c8405,a9df5ae20a97b090,,2024-03-09,Robelis Despaigne,99,Heavyweight Bout,exact_pair,1.0
ufc-299-3155,UFC 299,2024-03-10,https://www.bestfightodds.com/events/ufc-299-3155,33672,Curtis Blaydes,Jailton Almeida,/fighters/curtis-blaydes-5732,/fighters/jailton-almeida-12427,"('curtis blaydes', 'jailton almeida')",c09c5df32745df8002e1,a9df5ae20a97b090,,2024-03-09,Curtis Blaydes,99,Heavyweight Bout,exact_pair,1.0
ufc-299-3155,UFC 299,2024-03-10,https://www.bestfightodds.com/events/ufc-299-3155,33670,Kevin Holland,Michael Page,/fighters/kevin-holland-5910,/fighters/michael-page-3937,"('kevin holland', 'michael page')",caacb01e1bf23ce49afa,a9df5ae20a97b090,,2024-03-09,Michael Page,99,Welterweight Bout,exact_pair,1.0
ufc-299-3155,UFC 299,2024-03-10,https://www.bestfightodds.com/events/ufc-299-3155,33752,Benoit Saint-Denis,Dustin Poirier,/fighters/benoit-saint-denis-10992,/fighters/dustin-poirier-2034,"('benoit saint denis', 'dustin poirier')",ebd59d4e4a8ad1cdb256,a9df5ae20a97b090,,2024-03-09,Dustin Poirier,99,Lightweight Bout,exact_pair,1.0
ufc-3192,UFC,2024-03-16,https://www.bestfightodds.com/events/ufc-3192,33971,Bryan Barberena,Gerald Meerschaert,/fighters/bryan-barberena-4982,/fighters/gerald-meerschaert-3628,"('bryan barberena', 'gerald meerschaert')",01b10f5ddecc5f03b870,c398235fcaf8d71d,,2024-03-16,Gerald Meerschaert,99,Middleweight Bout,exact_pair,1.0
ufc-3192,UFC,2024-03-16,https://www.bestfightodds.com/events/ufc-3192,34186,Mike Davis,Natan Levy,/fighters/mike-davis-8423,/fighters/natan-levy-9159,"('mike davis', 'natan levy')",14e91b68dc54c8b54cad,c398235fcaf8d71d,,2024-03-16,Mike Davis,99,Lightweight Bout,exact_pair,1.0
ufc-3206,UFC,2024-03-17,https://www.bestfightodds.com/events/ufc-3206,33964,Kennedy Nzechukwu,Ovince St. Preux,/fighters/kennedy-nzechukwu-7454,/fighters/ovince-st-preux-1788,"('kennedy nzechukwu', 'ovince st preux')",2c1111e04477fedd57e3,c398235fcaf8d71d,,2024-03-16,Ovince Saint Preux,99,Light Heavyweight Bout,exact_pair,1.0
ufc-3206,UFC,2024-03-17,https://www.bestfightodds.com/events/ufc-3206,34092,Marcin Tybura,Tai Tuivasa,/fighters/marcin-tybura-6200,/fighters/tai-tuivasa-7444,"('marcin tybura', 'tai tuivasa')",2edd7c698fcce55cbd3d,c398235fcaf8d71d,,2024-03-16,Marcin Tybura,99,Heavyweight Bout,exact_pair,1.0
ufc-3192,UFC,2024-03-16,https://www.bestfightodds.com/events/ufc-3192,33967,Jafel Filho,Ode Osbourne,/fighters/jafel-filho-14406,/fighters/ode-osbourne-9282,"('jafel filho', 'ode osbourne')",55547b8762e101f25fb0,c398235fcaf8d71d,,2024-03-16,Jafel Filho,99,Flyweight Bout,exact_pair,1.0
ufc-3192,UFC,2024-03-16,https://www.bestfightodds.com/events/ufc-3192,34278,Mitch Ramirez,Thiago Moises,/fighters/mitch-ramirez-15736,/fighters/thiago-moises-6149,"('mitch ramirez', 'thiago moises')",873db7693c6a516659c9,c398235fcaf8d71d,,2024-03-16,Thiago Moises,99,Lightweight Bout,exact_pair,1.0
ufc-3192,UFC,2024-03-16,https://www.bestfightodds.com/events/ufc-3192,33970,Chad Anheliger,Charalampos Grigoriou,/fighters/chad-anheliger-12270,/fighters/charalampos-grigoriou-9980,"('chad anheliger', 'charalampos grigoriou')",9d2201bb8fbf37895bb1,c398235fcaf8d71d,,2024-03-16,Chad Anheliger,99,Bantamweight Bout,exact_pair,1.0
ufc-3192,UFC,2024-03-16,https://www.bestfightodds.com/events/ufc-3192,33972,Macy Chiasson,Pannie Kianzad,/fighters/macy-chiasson-8148,/fighters/pannie-kianzad-5306,"('macy chiasson', 'pannie kianzad')",baba566de6b9e6df1ee5,c398235fcaf8d71d,,2024-03-16,Macy Chiasson,99,Women's Bantamweight Bout,exact_pair,1.0
ufc-3192,UFC,2024-03-16,https://www.bestfightodds.com/events/ufc-3192,33973,Chelsea Chandler,Josiane Nunes,/fighters/chelsea-chandler-7946,/fighters/josiane-nunes-11029,"('chelsea chandler', 'josiane nunes')",c0e76533180528eeeab5,c398235fcaf8d71d,,2024-03-16,Chelsea Chandler,99,Women's Bantamweight Bout,exact_pair,1.0
ufc-3206,UFC,2024-03-17,https://www.bestfightodds.com/events/ufc-3206,33974,Christian Rodriguez,Isaac Dulgarian,/fighters/christian-rodriguez-9146,/fighters/isaac-dulgarian-10816,"('christian rodriguez', 'isaac dulgarian')",e76444392b6a9eeec125,c398235fcaf8d71d,,2024-03-16,Christian Rodriguez,99,Featherweight Bout,exact_pair,1.0
ufc-3192,UFC,2024-03-16,https://www.bestfightodds.com/events/ufc-3192,33965,Danny Silva,Josh Culibao,/fighters/danny-silva-9217,/fighters/josh-culibao-9928,"('danny silva', 'josh culibao')",f1d1e4b989d15b058d51,c398235fcaf8d71d,,2024-03-16,Danny Silva,99,Featherweight Bout,exact_pair,1.0
ufc-3192,UFC,2024-03-16,https://www.bestfightodds.com/events/ufc-3192,33969,Cory McKenna,Jaqueline Amorim,/fighters/cory-mckenna-7840,/fighters/jaqueline-amorim-10780,"('cory mckenna', 'jaqueline amorim')",f735be83ad1398197d28,c398235fcaf8d71d,,2024-03-16,Jaqueline Amorim,99,Women's Strawweight Bout,exact_pair,1.0
ufc-3174,UFC,2024-03-24,https://www.bestfightodds.com/events/ufc-3174,34291,Cody Gibson,Miles Johns,/fighters/cody-gibson-1915,/fighters/miles-johns-5373,"('cody gibson', 'miles johns')",12431e57407555ddbec5,79ff6545b0abc685,,2024-03-23,Miles Johns,99,Bantamweight Bout,exact_pair,1.0
ufc-3174,UFC,2024-03-24,https://www.bestfightodds.com/events/ufc-3174,34066,Fernando Padilla,Luis Pajuelo,/fighters/fernando-padilla-7653,/fighters/luis-pajuelo-16354,"('fernando padilla', 'luis pajuelo')",1dd6ed47da137f6f206c,79ff6545b0abc685,,2024-03-23,Fernando Padilla,99,Featherweight Bout,exact_pair,1.0
ufc-3174,UFC,2024-03-24,https://www.bestfightodds.com/events/ufc-3174,34069,Aj Dobson,Edmen Shahbazyan,/fighters/aj-dobson-12493,/fighters/edmen-shahbazyan-8418,"('aj dobson', 'edmen shahbazyan')",3d090fbe916c3c58d87d,79ff6545b0abc685,,2024-03-23,Edmen Shahbazyan,99,Middleweight Bout,exact_pair,1.0
ufc-3202,UFC,2024-03-23,https://www.bestfightodds.com/events/ufc-3202,34288,Andre Lima,Igor Severino,/fighters/andre-lima-16132,/fighters/igor-severino-17299,"('andre lima', 'igor severino')",6d8e1f9c4f899cfff85c,79ff6545b0abc685,,2024-03-23,Andre Lima,99,Flyweight Bout,exact_pair,1.0
ufc-3174,UFC,2024-03-24,https://www.bestfightodds.com/events/ufc-3174,33817,Amanda Ribas,Rose Namajunas,/fighters/amanda-ribas-7245,/fighters/rose-namajunas-3803,"('amanda ribas', 'rose namajunas')",729efef70a0ea0de27b3,79ff6545b0abc685,,2024-03-23,Rose Namajunas,99,Women's Flyweight Bout,exact_pair,1.0
ufc-3174,UFC,2024-03-24,https://www.bestfightodds.com/events/ufc-3174,34063,Jarno Errens,Steven Nguyen,/fighters/jarno-errens-8222,/fighters/steven-nguyen-9291,"('jarno errens', 'steven nguyen')",7e487a83cbb8e7c895c9,79ff6545b0abc685,,2024-03-23,Jarno Errens,99,Featherweight Bout,exact_pair,1.0
ufc-3174,UFC,2024-03-24,https://www.bestfightodds.com/events/ufc-3174,34293,Billy Quartantillo,Youssef Zalal,/fighters/billy-quartantillo-17301,/fighters/youssef-zalal-8823,"('billy quartantillo', 'youssef zalal')",7ed70101f7a1066f115d,79ff6545b0abc685,,2024-03-23,Youssef Zalal,99,Featherweight Bout,fuzzy_pair,0.9857142857142858
ufc-3174,UFC,2024-03-24,https://www.bestfightodds.com/events/ufc-3174,34060,Cameron Saaiman,Payton Talbott,/fighters/cameron-saaiman-11217,/fighters/payton-talbott-15422,"('cameron saaiman', 'payton talbott')",8dc1894c0d00d3d39dea,79ff6545b0abc685,,2024-03-23,Payton Talbott,99,Bantamweight Bout,exact_pair,1.0
ufc-3174,UFC,2024-03-24,https://www.bestfightodds.com/events/ufc-3174,34289,Julian Erosa,Ricardo Ramos,/fighters/julian-erosa-6088,/fighters/ricardo-ramos-5477,"('julian erosa', 'ricardo ramos')",9d6b7b4940f41ac474e0,79ff6545b0abc685,,2024-03-23,Julian Erosa,99,Featherweight Bout,exact_pair,1.0
ufc-3174,UFC,2024-03-24,https://www.bestfightodds.com/events/ufc-3174,34294,Justin Tafa,Karl Williams,/fighters/justin-tafa-9315,/fighters/karl-williams-13254,"('justin tafa', 'karl williams')",ab48c0a79a3596cdab37,79ff6545b0abc685,,2024-03-23,Karl Williams,99,Heavyweight Bout,exact_pair,1.0
ufc-3202,UFC,2024-03-23,https://www.bestfightodds.com/events/ufc-3202,34061,Mick Parkin,Mohammed Usman,/fighters/mick-parkin-16020,/fighters/mohammed-usman-8067,"('mick parkin', 'mohammed usman')",be90ffed19365ef8c6bd,79ff6545b0abc685,,2024-03-23,Mick Parkin,99,Heavyweight Bout,exact_pair,1.0
ufc-3174,UFC,2024-03-24,https://www.bestfightodds.com/events/ufc-3174,34065,Darya Zheleznyakova,Montserrat Rendon,/fighters/darya-zheleznyakova-14690,/fighters/montserrat-rendon-14504,"('darya zheleznyakova', 'montserrat rendon')",cdf75d2178abaa18d002,79ff6545b0abc685,,2024-03-23,Daria Zhelezniakova,99,Women's Bantamweight Bout,fuzzy_pair,0.9473684210526316
ufc-3174,UFC,2024-03-24,https://www.bestfightodds.com/events/ufc-3174,34062,Kurt Holobaugh,Trey Ogden,/fighters/kurt-holobaugh-3814,/fighters/trey-ogden-5784,"('kurt holobaugh', 'trey ogden')",f8cb651494d32d88af82,79ff6545b0abc685,,2024-03-23,Trey Ogden,99,Lightweight Bout,exact_pair,1.0
ufc-3225,UFC,2024-03-30,https://www.bestfightodds.com/events/ufc-3225,34300,Angel Pacheco,Caolan Loughran,/fighters/angel-pacheco-13017,/fighters/caolan-loughran-13592,"('angel pacheco', 'caolan loughran')",1d56e5bb536780be347b,dba230fe33011201,,2024-03-30,Caolan Loughran,99,Bantamweight Bout,exact_pair,1.0
ufc-3173,UFC,2024-03-31,https://www.bestfightodds.com/events/ufc-3173,34306,Jamall Emmers,Nate Landwehr,/fighters/jamall-emmers-6475,/fighters/nate-landwehr-3413,"('jamall emmers', 'nate landwehr')",29b92b9227462eb4fafe,dba230fe33011201,,2024-03-30,Nate Landwehr,99,Featherweight Bout,exact_pair,1.0
ufc-3173,UFC,2024-03-31,https://www.bestfightodds.com/events/ufc-3173,34307,Bill Algeo,Kyle Nelson,/fighters/bill-algeo-9171,/fighters/kyle-nelson-3633,"('bill algeo', 'kyle nelson')",553dd54ec7756929719f,dba230fe33011201,,2024-03-30,Kyle Nelson,99,Featherweight Bout,exact_pair,1.0
ufc-3173,UFC,2024-03-31,https://www.bestfightodds.com/events/ufc-3173,34296,Nursulton Ruziboev,Sedriques Dumas,/fighters/nursulton-ruziboev-10851,/fighters/sedriques-dumas-12309,"('nursulton ruziboev', 'sedriques dumas')",633ff0c016eea26ec9fa,dba230fe33011201,,2024-03-30,Nursulton Ruziboev,99,Middleweight Bout,exact_pair,1.0
ufc-3173,UFC,2024-03-31,https://www.bestfightodds.com/events/ufc-3173,34303,Bruno Silva,Chris Weidman,/fighters/bruno-silva-7121,/fighters/chris-weidman-2309,"('bruno silva', 'chris weidman')",6e9e4584cf60363b2c9d,dba230fe33011201,,2024-03-30,Chris Weidman,99,Middleweight Bout,exact_pair,1.0
ufc-3173,UFC,2024-03-31,https://www.bestfightodds.com/events/ufc-3173,34305,Connor Matthews,Dennis Buzukja,/fighters/connor-matthews-13028,/fighters/dennis-buzukja-8602,"('connor matthews', 'dennis buzukja')",79e044030dcb30c9e963,dba230fe33011201,,2024-03-30,Dennis Buzukja,99,Featherweight Bout,exact_pair,1.0
ufc-3173,UFC,2024-03-31,https://www.bestfightodds.com/events/ufc-3173,34299,Erin Blanchfield,Manon Fiorot,/fighters/erin-blanchfield-8336,/fighters/manon-fiorot-8225,"('erin blanchfield', 'manon fiorot')",7fa1008034e49e1fe858,dba230fe33011201,,2024-03-30,Manon Fiorot,99,Women's Flyweight Bout,exact_pair,1.0
ufc-3173,UFC,2024-03-31,https://www.bestfightodds.com/events/ufc-3173,34295,Chidi Njokuani,Rhys McKee,/fighters/chidi-njokuani-2452,/fighters/rhys-mckee-6874,"('chidi njokuani', 'rhys mckee')",aa92992292a52534eb1a,dba230fe33011201,,2024-03-30,Chidi Njokuani,99,Welterweight Bout,exact_pair,1.0
ufc-3225,UFC,2024-03-30,https://www.bestfightodds.com/events/ufc-3225,34302,Andre Petroski,Jacob Malkoun,/fighters/andre-petroski-10388,/fighters/jacob-malkoun-10348,"('andre petroski', 'jacob malkoun')",bbe26ad8df606f9ec70d,dba230fe33011201,,2024-03-30,Jacob Malkoun,99,Middleweight Bout,exact_pair,1.0
ufc-3173,UFC,2024-03-31,https://www.bestfightodds.com/events/ufc-3173,34298,Joaquin Buckley,Vicente Luque,/fighters/joaquin-buckley-6458,/fighters/vicente-luque-5744,"('joaquin buckley', 'vicente luque')",d6b1d6899d0d2a41d0fd,dba230fe33011201,,2024-03-30,Joaquin Buckley,99,Welterweight Bout,exact_pair,1.0
ufc-3173,UFC,2024-03-31,https://www.bestfightodds.com/events/ufc-3173,34304,Anton Turkalj,Ibo Aslan,/fighters/anton-turkalj-10870,/fighters/ibo-aslan-16319,"('anton turkalj', 'ibo aslan')",e242d3f1e5138111faf5,dba230fe33011201,,2024-03-30,Ibo Aslan,99,Light Heavyweight Bout,exact_pair,1.0
ufc-3173,UFC,2024-03-31,https://www.bestfightodds.com/events/ufc-3173,34332,Herbert Burns,Julio Arce,/fighters/herbert-burns-4735,/fighters/julio-arce-7436,"('herbert burns', 'julio arce')",ea340f4ae16f299559b2,dba230fe33011201,,2024-03-30,Julio Arce,99,Featherweight Bout,exact_pair,1.0
ufc-3230,UFC,2024-04-06,https://www.bestfightodds.com/events/ufc-3230,34431,Lukasz Brzeski,Valter Walker,/fighters/lukasz-brzeski-10059,/fighters/valter-walker-17371,"('lukasz brzeski', 'valter walker')",088d48d86cd87be36b2d,899eaba48fa864a6,,2024-04-06,Lukasz Brzeski,99,Heavyweight Bout,exact_pair,1.0
ufc-3230,UFC,2024-04-06,https://www.bestfightodds.com/events/ufc-3230,34471,Charlie Campbell,Trevor Peek,/fighters/charlie-campbell-10235,/fighters/trevor-peek-14364,"('charlie campbell', 'trevor peek')",0b4d146a4398b97c5c36,899eaba48fa864a6,,2024-04-06,Charlie Campbell,99,Lightweight Bout,exact_pair,1.0
ufc-3230,UFC,2024-04-06,https://www.bestfightodds.com/events/ufc-3230,34425,Chepe Mariscal,Morgan Charriere,/fighters/chepe-mariscal-16150,/fighters/morgan-charriere-8980,"('chepe mariscal', 'morgan charriere')",111e0f1018d7a8bda086,899eaba48fa864a6,,2024-04-06,Chepe Mariscal,99,Featherweight Bout,exact_pair,1.0
ufc-3230,UFC,2024-04-06,https://www.bestfightodds.com/events/ufc-3230,34429,Germaine de Randamie,Norma Dumont,/fighters/germaine-de-randamie-2269,/fighters/norma-dumont-9825,"('germaine de randamie', 'norma dumont')",13c24fa89d09ff8fc185,899eaba48fa864a6,,2024-04-06,Norma Dumont,99,Women's Bantamweight Bout,exact_pair,1.0
ufc-3230,UFC,2024-04-06,https://www.bestfightodds.com/events/ufc-3230,34430,Alex Morono,Court McGee,/fighters/alex-morono-2727,/fighters/court-mcgee-1956,"('alex morono', 'court mcgee')",1b68280885ab273a5373,899eaba48fa864a6,,2024-04-06,Alex Morono,99,Welterweight Bout,exact_pair,1.0
ufc-3230,UFC,2024-04-06,https://www.bestfightodds.com/events/ufc-3230,34432,Alexander Hernandez,Damon Jackson,/fighters/alexander-hernandez-7977,/fighters/damon-jackson-3828,"('alexander hernandez', 'damon jackson')",28d675aa0e82388cde52,899eaba48fa864a6,,2024-04-06,Damon Jackson,99,Featherweight Bout,exact_pair,1.0
ufc-3230,UFC,2024-04-06,https://www.bestfightodds.com/events/ufc-3230,34348,Brendan Allen,Chris Curtis,/fighters/brendan-allen-6203,/fighters/chris-curtis-6020,"('brendan allen', 'chris curtis')",2a6d61db5d1c98127dbd,899eaba48fa864a6,,2024-04-06,Brendan Allen,99,Middleweight Bout,exact_pair,1.0
ufc-3230,UFC,2024-04-06,https://www.bestfightodds.com/events/ufc-3230,34426,Christos Giagos,Ignacio Bahamondes,/fighters/christos-giagos-5071,/fighters/ignacio-bahamondes-9750,"('christos giagos', 'ignacio bahamondes')",50b06369aaddd8d68c63,899eaba48fa864a6,,2024-04-06,Ignacio Bahamondes,99,Lightweight Bout,exact_pair,1.0
ufc-3230,UFC,2024-04-06,https://www.bestfightodds.com/events/ufc-3230,34468,Cesar Almeida,Dylan Budka,/fighters/cesar-almeida-16304,/fighters/dylan-budka-13649,"('cesar almeida', 'dylan budka')",915f6cf587dd55fc9086,899eaba48fa864a6,,2024-04-06,Cesar Almeida,99,Middleweight Bout,exact_pair,1.0
ufc-3230,UFC,2024-04-06,https://www.bestfightodds.com/events/ufc-3230,34470,Melissa Mullins,Nora Cornolle,/fighters/melissa-mullins-17402,/fighters/nora-cornolle-14385,"('melissa mullins', 'nora cornolle')",d0e15a22c7b620390322,899eaba48fa864a6,,2024-04-06,Nora Cornolle,99,Women's Bantamweight Bout,exact_pair,1.0
ufc-3230,UFC,2024-04-06,https://www.bestfightodds.com/events/ufc-3230,34603,Pedro Falcao,Victor Hugo,/fighters/pedro-falcao-5809,/fighters/victor-hugo-12838,"('pedro falcao', 'victor hugo')",d8f2372d606cbd759317,899eaba48fa864a6,,2024-04-06,Victor Hugo,99,Bantamweight Bout,exact_pair,1.0
ufc-3230,UFC,2024-04-06,https://www.bestfightodds.com/events/ufc-3230,34433,Dan Argueta,Jean Matsumoto,/fighters/dan-argueta-14725,/fighters/jean-matsumoto-14110,"('dan argueta', 'jean matsumoto')",db289563086f137c15c8,899eaba48fa864a6,,2024-04-06,Jean Matsumoto,99,Bantamweight Bout,exact_pair,1.0
ufc-300-3205,UFC 300,2024-04-14,https://www.bestfightodds.com/events/ufc-300-3205,34033,Diego Lopes,Sodiq Yusuff,/fighters/diego-lopes-12328,/fighters/sodiq-yusuff-6562,"('diego lopes', 'sodiq yusuff')",1d40ceb0117d7ae963c1,6750e338922a099d,,2024-04-13,Diego Lopes,99,Featherweight Bout,exact_pair,1.0
ufc-3159,UFC,2024-04-13,https://www.bestfightodds.com/events/ufc-3159,34347,Jalin Turner,Renato Moicano,/fighters/jalin-turner-6854,/fighters/renato-moicano-5598,"('jalin turner', 'renato moicano')",1d7c286062bb0e13d1e2,6750e338922a099d,,2024-04-13,Renato Moicano,99,Lightweight Bout,exact_pair,1.0
ufc-300-3205,UFC 300,2024-04-14,https://www.bestfightodds.com/events/ufc-300-3205,33710,Aljamain Sterling,Calvin Kattar,/fighters/aljamain-sterling-4688,/fighters/calvin-kattar-717,"('aljamain sterling', 'calvin kattar')",2540f87429e1837bf4f7,6750e338922a099d,,2024-04-13,Aljamain Sterling,99,Featherweight Bout,exact_pair,1.0
ufc-300-3205,UFC 300,2024-04-14,https://www.bestfightodds.com/events/ufc-300-3205,33753,Arman Tsarukyan,Charles Oliveira,/fighters/arman-tsarukyan-9034,/fighters/charles-oliveira-1893,"('arman tsarukyan', 'charles oliveira')",2cc566bc61716863c40d,6750e338922a099d,,2024-04-13,Arman Tsarukyan,99,Lightweight Bout,exact_pair,1.0
ufc-3159,UFC,2024-04-13,https://www.bestfightodds.com/events/ufc-3159,33808,Cody Garbrandt,Deiveson Figueiredo,/fighters/cody-garbrandt-5368,/fighters/deiveson-figueiredo-7514,"('cody garbrandt', 'deiveson figueiredo')",40a35a37e71c67535e09,6750e338922a099d,,2024-04-13,Deiveson Figueiredo,99,Bantamweight Bout,exact_pair,1.0
ufc-300-3205,UFC 300,2024-04-14,https://www.bestfightodds.com/events/ufc-300-3205,33813,Justin Gaethje,Max Holloway,/fighters/justin-gaethje-3964,/fighters/max-holloway-3090,"('justin gaethje', 'max holloway')",47a2f505d7613e646e7d,6750e338922a099d,,2024-04-13,Max Holloway,99,Lightweight Bout,exact_pair,1.0
ufc-300-3205,UFC 300,2024-04-14,https://www.bestfightodds.com/events/ufc-300-3205,33803,Yan Xiaonan,Zhang Weili,/fighters/yan-xiaonan-9553,/fighters/zhang-weili-9795,"('yan xiaonan', 'zhang weili')",56a06e151e11c7083a95,6750e338922a099d,,2024-04-13,Zhang Weili,99,UFC Women's Strawweight Title Bout,exact_pair,1.0
ufc-300-3205,UFC 300,2024-04-14,https://www.bestfightodds.com/events/ufc-300-3205,34091,Alex Pereira,Jamahal Hill,/fighters/alex-pereira-10463,/fighters/jamahal-hill-9288,"('alex pereira', 'jamahal hill')",6511b13f35231710542e,6750e338922a099d,,2024-04-13,Alex Pereira,99,UFC Light Heavyweight Title Bout,exact_pair,1.0
ufc-300-3205,UFC 300,2024-04-14,https://www.bestfightodds.com/events/ufc-300-3205,33708,Bo Nickal,Cody Brundage,/fighters/bo-nickal-14211,/fighters/cody-brundage-10168,"('bo nickal', 'cody brundage')",a497be0022632a3ca0e2,6750e338922a099d,,2024-04-13,Bo Nickal,99,Middleweight Bout,exact_pair,1.0
ufc-300-3205,UFC 300,2024-04-14,https://www.bestfightodds.com/events/ufc-300-3205,33898,Holly Holm,Kayla Harrison,/fighters/holly-holm-3908,/fighters/kayla-harrison-8276,"('holly holm', 'kayla harrison')",b12fe710508293522bbf,6750e338922a099d,,2024-04-13,Kayla Harrison,99,Women's Bantamweight Bout,exact_pair,1.0
ufc-300-3205,UFC 300,2024-04-14,https://www.bestfightodds.com/events/ufc-300-3205,33709,Aleksandar Rakic,Jiri Prochazka,/fighters/aleksandar-rakic-7356,/fighters/jiri-prochazka-6058,"('aleksandar rakic', 'jiri prochazka')",d6f41d362be606a87863,6750e338922a099d,,2024-04-13,Jiri Prochazka,99,Light Heavyweight Bout,exact_pair,1.0
ufc-3159,UFC,2024-04-13,https://www.bestfightodds.com/events/ufc-3159,33814,Bobby Green,Jim Miller,/fighters/bobby-green-1060,/fighters/jim-miller-265,"('bobby green', 'jim miller')",eab5f4e22515965424ad,6750e338922a099d,,2024-04-13,Bobby Green,99,Lightweight Bout,exact_pair,1.0
ufc-3159,UFC,2024-04-13,https://www.bestfightodds.com/events/ufc-3159,34034,Jessica Andrade,Marina Rodriguez,/fighters/jessica-andrade-4201,/fighters/marina-rodriguez-8543,"('jessica andrade', 'marina rodriguez')",ef30f68fc54484f60160,6750e338922a099d,,2024-04-13,Jessica Andrade,99,Women's Strawweight Bout,exact_pair,1.0
ufc-3252,UFC,2024-04-27,https://www.bestfightodds.com/events/ufc-3252,34706,Austin Hubbard,Michal Figlak,/fighters/austin-hubbard-8207,/fighters/michal-figlak-9957,"('austin hubbard', 'michal figlak')",1d048e682abc86cee9a8,a16ce18149021139,,2024-04-27,Austin Hubbard,99,Lightweight Bout,exact_pair,1.0
ufc-3252,UFC,2024-04-27,https://www.bestfightodds.com/events/ufc-3252,34779,Chris Padilla,James Llontop,/fighters/chris-padilla-6093,/fighters/james-llontop-12200,"('chris padilla', 'james llontop')",24f71fc7188d25264f39,a16ce18149021139,,2024-04-27,Chris Padilla,99,Lightweight Bout,exact_pair,1.0
ufc-3252,UFC,2024-04-27,https://www.bestfightodds.com/events/ufc-3252,34544,Tim Means,Uros Medic,/fighters/tim-means-3125,/fighters/uros-medic-10229,"('tim means', 'uros medic')",561b32ba4490662c010c,a16ce18149021139,,2024-04-27,Uros Medic,99,Welterweight Bout,exact_pair,1.0
ufc-3252,UFC,2024-04-27,https://www.bestfightodds.com/events/ufc-3252,34546,Rani Yahya,Victor Henry,/fighters/rani-yahya-199,/fighters/victor-henry-9364,"('rani yahya', 'victor henry')",65ef46cc7746371427ec,a16ce18149021139,,2024-04-27,Victor Henry,99,Bantamweight Bout,exact_pair,1.0
ufc-3252,UFC,2024-04-27,https://www.bestfightodds.com/events/ufc-3252,34710,David Onama,Jonathan Pearce,/fighters/david-onama-10808,/fighters/jonathan-pearce-9246,"('david onama', 'jonathan pearce')",753a9d193c5db68edcf0,a16ce18149021139,,2024-04-27,David Onama,99,Featherweight Bout,exact_pair,1.0
ufc-3252,UFC,2024-04-27,https://www.bestfightodds.com/events/ufc-3252,34549,Ketlen Souza,Marnic Mann,/fighters/ketlen-souza-13460,/fighters/marnic-mann-12701,"('ketlen souza', 'marnic mann')",b2feaac845630664d0e5,a16ce18149021139,,2024-04-27,Ketlen Souza,99,Women's Strawweight Bout,exact_pair,1.0
ufc-3260,UFC,2024-04-28,https://www.bestfightodds.com/events/ufc-3260,34643,Alex Perez,Matheus Nicolau,/fighters/alex-perez-2459,/fighters/matheus-nicolau-5923,"('alex perez', 'matheus nicolau')",b5ba25323661b4c2784c,a16ce18149021139,,2024-04-27,Alex Perez,99,Flyweight Bout,exact_pair,1.0
ufc-3252,UFC,2024-04-27,https://www.bestfightodds.com/events/ufc-3252,34547,Caio Machado,Don'tale Mayes,/fighters/caio-machado-4965,/fighters/don-tale-mayes-6830,"('caio machado', 'dontale mayes')",cbc7f73be7e3294a2e44,a16ce18149021139,,2024-04-27,Don'Tale Mayes,99,Heavyweight Bout,exact_pair,1.0
ufc-3252,UFC,2024-04-27,https://www.bestfightodds.com/events/ufc-3252,34550,Gabriel Benitez,Maheshate,/fighters/gabriel-benitez-5295,/fighters/maheshate-12733,"('gabriel benitez', 'maheshate')",cf04951361d7fef86cc1,a16ce18149021139,,2024-04-27,Maheshate,99,Lightweight Bout,exact_pair,1.0
ufc-3260,UFC,2024-04-28,https://www.bestfightodds.com/events/ufc-3260,34552,Austen Lane,Jhonata Diniz,/fighters/austen-lane-8254,/fighters/jhonata-diniz-16483,"('austen lane', 'jhonata diniz')",dad7041c48559bb4e2c9,a16ce18149021139,,2024-04-27,Jhonata Diniz,99,Heavyweight Bout,exact_pair,1.0
ufc-3260,UFC,2024-04-28,https://www.bestfightodds.com/events/ufc-3260,34542,Bogdan Guskov,Ryan Spann,/fighters/bogdan-guskov-16384,/fighters/ryan-spann-3502,"('bogdan guskov', 'ryan spann')",f736386646b73fecbe2c,a16ce18149021139,,2024-04-27,Bogdan Guskov,99,Light Heavyweight Bout,exact_pair,1.0
ufc-3271,UFC,2024-05-05,https://www.bestfightodds.com/events/ufc-3271,34553,Anthony Smith,Vitor Petrino,/fighters/anthony-smith-1829,/fighters/vitor-petrino-14346,"('anthony smith', 'vitor petrino')",063d720dc8d85c114e15,981ab7a0576f76a0,,2024-05-04,Anthony Smith,99,Light Heavyweight Bout,exact_pair,1.0
ufc-3271,UFC,2024-05-05,https://www.bestfightodds.com/events/ufc-3271,34799,Ihor Potieria,Michel Pereira,/fighters/ihor-potieria-13119,/fighters/michel-pereira-9071,"('ihor potieria', 'michel pereira')",0776892fcc9c886b92c6,981ab7a0576f76a0,,2024-05-04,Michel Pereira,99,Middleweight Bout,exact_pair,1.0
ufc-3271,UFC,2024-05-05,https://www.bestfightodds.com/events/ufc-3271,34558,Caio Borralho,Paul Craig,/fighters/caio-borralho-12570,/fighters/paul-craig-6791,"('caio borralho', 'paul craig')",31de5d8a253102b0a08f,981ab7a0576f76a0,,2024-05-04,Caio Borralho,99,Middleweight Bout,exact_pair,1.0
ufc-3271,UFC,2024-05-05,https://www.bestfightodds.com/events/ufc-3271,34556,Elves Brener,Myktybek Orolbai,/fighters/elves-brener-16626,/fighters/myktybek-orolbai-16276,"('elves brener', 'myktybek orolbai')",3a480b87f59469cb1faa,981ab7a0576f76a0,,2024-05-04,Myktybek Orolbai,99,Lightweight Bout,exact_pair,1.0
ufc-3271,UFC,2024-05-05,https://www.bestfightodds.com/events/ufc-3271,34709,Jonathan Martinez,Jose Aldo,/fighters/jonathan-martinez-5932,/fighters/jose-aldo-659,"('jonathan martinez', 'jose aldo')",3b0d60ccce44dada503d,981ab7a0576f76a0,,2024-05-04,Jose Aldo,99,Bantamweight Bout,exact_pair,1.0
ufc-3231,UFC,2024-05-04,https://www.bestfightodds.com/events/ufc-3231,34555,Dione Barbosa,Ernesta Kareckaite,/fighters/dione-barbosa-12811,/fighters/ernesta-kareckaite-15113,"('dione barbosa', 'ernesta kareckaite')",4edea6d1be7655ad29bb,981ab7a0576f76a0,,2024-05-04,Dione Barbosa,99,Women's Flyweight Bout,exact_pair,1.0
ufc-3231,UFC,2024-05-04,https://www.bestfightodds.com/events/ufc-3231,34554,Alessandro Costa,Kevin Borjas,/fighters/alessandro-costa-14121,/fighters/kevin-borjas-9841,"('alessandro costa', 'kevin borjas')",7e3fb9e8618b845acdcc,981ab7a0576f76a0,,2024-05-04,Alessandro Costa,99,Flyweight Bout,exact_pair,1.0
ufc-3271,UFC,2024-05-05,https://www.bestfightodds.com/events/ufc-3271,34562,Iasmin Lucindo,Karolina Kowalkiewicz,/fighters/iasmin-lucindo-14124,/fighters/karolina-kowalkiewicz-3745,"('iasmin lucindo', 'karolina kowalkiewicz')",8887711ea26010e9fd52,981ab7a0576f76a0,,2024-05-04,Iasmin Lucindo,99,Women's Strawweight Bout,exact_pair,1.0
ufc-3231,UFC,2024-05-04,https://www.bestfightodds.com/events/ufc-3231,34557,Ismael Bonfim,Vinc Pichel,/fighters/ismael-bonfim-11723,/fighters/vinc-pichel-3284,"('ismael bonfim', 'vinc pichel')",8bceef552674acfb8fb8,981ab7a0576f76a0,,2024-05-04,Ismael Bonfim,99,Lightweight Bout,exact_pair,1.0
ufc-3271,UFC,2024-05-05,https://www.bestfightodds.com/events/ufc-3271,34564,Jack Shore,Joanderson Brito,/fighters/jack-shore-6409,/fighters/joanderson-brito-9135,"('jack shore', 'joanderson brito')",aab8949c6641aebd0499,981ab7a0576f76a0,,2024-05-04,Joanderson Brito,99,Featherweight Bout,exact_pair,1.0
ufc-3271,UFC,2024-05-05,https://www.bestfightodds.com/events/ufc-3271,34349,Alexandre Pantoja,Steve Erceg,/fighters/alexandre-pantoja-5118,/fighters/steve-erceg-17167,"('alexandre pantoja', 'steve erceg')",c5a841afab8026dcda0a,981ab7a0576f76a0,,2024-05-04,Alexandre Pantoja,99,UFC Flyweight Title Bout,exact_pair,1.0
ufc-3231,UFC,2024-05-04,https://www.bestfightodds.com/events/ufc-3231,34561,Jamie Mullarkey,Mauricio Ruffy,/fighters/jamie-mullarkey-9518,/fighters/mauricio-ruffy-16595,"('jamie mullarkey', 'mauricio ruffy')",dfdd09034fcc9af3f7dd,981ab7a0576f76a0,,2024-05-04,Mauricio Ruffy,99,Lightweight Bout,exact_pair,1.0
ufc-3271,UFC,2024-05-05,https://www.bestfightodds.com/events/ufc-3271,34563,Drakkar Klose,Joaquim Silva,/fighters/drakkar-klose-6701,/fighters/joaquim-silva-5756,"('drakkar klose', 'joaquim silva')",e531477f0d4333376bb2,981ab7a0576f76a0,,2024-05-04,Drakkar Klose,99,Lightweight Bout,exact_pair,1.0
ufc-3238,UFC,2024-05-11,https://www.bestfightodds.com/events/ufc-3238,34773,Jj Aldrich,Veronica Hardy,/fighters/jj-aldrich-12276,/fighters/veronica-hardy-16779,"('jj aldrich', 'veronica hardy')",1223d7e1cfda2c264cb8,5dfe71ade71f3a4b,,2024-05-11,Veronica Hardy,99,Women's Flyweight Bout,exact_pair,1.0
ufc-3278,UFC,2024-05-12,https://www.bestfightodds.com/events/ufc-3278,34768,Alonzo Menifield,Carlos Ulberg,/fighters/alonzo-menifield-5961,/fighters/carlos-ulberg-10404,"('alonzo menifield', 'carlos ulberg')",1ed65c3a967e930d8391,5dfe71ade71f3a4b,,2024-05-11,Carlos Ulberg,99,Light Heavyweight Bout,exact_pair,1.0
ufc-3278,UFC,2024-05-12,https://www.bestfightodds.com/events/ufc-3278,34777,Diego Ferreira,Mateusz Rebecki,/fighters/diego-ferreira-5180,/fighters/mateusz-rebecki-10102,"('diego ferreira', 'mateusz rebecki')",211bbe346fb72665a8bb,5dfe71ade71f3a4b,,2024-05-11,Diego Ferreira,99,Lightweight Bout,exact_pair,1.0
ufc-3238,UFC,2024-05-11,https://www.bestfightodds.com/events/ufc-3238,34459,Robelis Despaigne,Waldo Cortes-Acosta,/fighters/robelis-despaigne-16067,/fighters/waldo-cortes-acosta-12830,"('robelis despaigne', 'waldo cortes acosta')",34caec375f49514ebf0b,5dfe71ade71f3a4b,,2024-05-11,Waldo Cortes-Acosta,99,Heavyweight Bout,exact_pair,1.0
ufc-3238,UFC,2024-05-11,https://www.bestfightodds.com/events/ufc-3238,34808,Billy Goff,Trey Waters,/fighters/billy-goff-8893,/fighters/trey-waters-13847,"('billy goff', 'trey waters')",3bacc1ae18ba366b8a59,5dfe71ade71f3a4b,,2024-05-11,Trey Waters,99,Welterweight Bout,fuzzy_pair,0.9166666666666667
ufc-3238,UFC,2024-05-11,https://www.bestfightodds.com/events/ufc-3238,34778,Tabatha Ricci,Tecia Pennington,/fighters/tabatha-ricci-10312,/fighters/tecia-pennington-17554,"('tabatha ricci', 'tecia pennington')",4162cf2ea662245a5879,5dfe71ade71f3a4b,,2024-05-11,Tabatha Ricci,99,Women's Strawweight Bout,exact_pair,1.0
ufc-3278,UFC,2024-05-12,https://www.bestfightodds.com/events/ufc-3278,34828,Joaquin Buckley,Nursulton Ruziboev,/fighters/joaquin-buckley-6458,/fighters/nursulton-ruziboev-10851,"('joaquin buckley', 'nursulton ruziboev')",4e4f90e45a3e53880857,5dfe71ade71f3a4b,,2024-05-11,Joaquin Buckley,99,Welterweight Bout,exact_pair,1.0
ufc-3238,UFC,2024-05-11,https://www.bestfightodds.com/events/ufc-3238,34767,Chase Hooper,Viacheslav Borshchev,/fighters/chase-hooper-8425,/fighters/viacheslav-borshchev-12730,"('chase hooper', 'viacheslav borshchev')",9924b3f84a2a8fbcf192,5dfe71ade71f3a4b,,2024-05-11,Chase Hooper,99,Lightweight Bout,exact_pair,1.0
ufc-3278,UFC,2024-05-12,https://www.bestfightodds.com/events/ufc-3278,34766,Derrick Lewis,Rodrigo Nascimento,/fighters/derrick-lewis-2610,/fighters/rodrigo-nascimento-9293,"('derrick lewis', 'rodrigo nascimento')",ce383652b75dbf1bafa5,5dfe71ade71f3a4b,,2024-05-11,Derrick Lewis,99,Heavyweight Bout,exact_pair,1.0
ufc-3238,UFC,2024-05-11,https://www.bestfightodds.com/events/ufc-3238,34771,Charles Johnson,Jake Hadley,/fighters/charles-johnson-7494,/fighters/jake-hadley-9411,"('charles johnson', 'jake hadley')",d452acc80779a31e2121,5dfe71ade71f3a4b,,2024-05-11,Charles Johnson,99,Flyweight Bout,exact_pair,1.0
ufc-3238,UFC,2024-05-11,https://www.bestfightodds.com/events/ufc-3238,34774,Esteban Ribovics,Terrance McKinney,/fighters/esteban-ribovics-14245,/fighters/terrance-mckinney-9286,"('esteban ribovics', 'terrance mckinney')",da85d6aee3bfe1a95058,5dfe71ade71f3a4b,,2024-05-11,Esteban Ribovics,99,Lightweight Bout,exact_pair,1.0
ufc-3238,UFC,2024-05-11,https://www.bestfightodds.com/events/ufc-3238,34772,Alex Caceres,Sean Woodson,/fighters/alex-caceres-2247,/fighters/sean-woodson-9342,"('alex caceres', 'sean woodson')",eaf9ef8878737d6856e5,5dfe71ade71f3a4b,,2024-05-11,Sean Woodson,99,Featherweight Bout,exact_pair,1.0
ufc-3290,UFC,2024-05-18,https://www.bestfightodds.com/events/ufc-3290,34871,Tom Nolan,Victor Martinez,/fighters/tom-nolan-16303,/fighters/victor-martinez-9804,"('tom nolan', 'victor martinez')",17983d20429d99ba4e3e,46baf0f57edfa4df,,2024-05-18,Tom Nolan,99,Lightweight Bout,exact_pair,1.0
ufc-3290,UFC,2024-05-18,https://www.bestfightodds.com/events/ufc-3290,34872,Adrian Yanez,Vinicius Salvador,/fighters/adrian-yanez-4952,/fighters/vinicius-salvador-12267,"('adrian yanez', 'vinicius salvador')",19b1bc78a87e97f39316,46baf0f57edfa4df,,2024-05-18,Adrian Yanez,99,Bantamweight Bout,exact_pair,1.0
ufc-3290,UFC,2024-05-18,https://www.bestfightodds.com/events/ufc-3290,34870,Emily Ducote,Vanessa Demopoulos,/fighters/emily-ducote-6534,/fighters/vanessa-demopoulos-8998,"('emily ducote', 'vanessa demopoulos')",449a4bc55c384cbfeea8,46baf0f57edfa4df,,2024-05-18,Vanessa Demopoulos,99,Women's Strawweight Bout,exact_pair,1.0
ufc-3290,UFC,2024-05-18,https://www.bestfightodds.com/events/ufc-3290,34869,Abus Magomedov,Warlley Alves,/fighters/abus-magomedov-16645,/fighters/warlley-alves-4924,"('abus magomedov', 'warlley alves')",50a9d47802a00fe4ec54,46baf0f57edfa4df,,2024-05-18,Abus Magomedov,99,Middleweight Bout,exact_pair,1.0
road-to-ufc-3306,Road to UFC,2024-05-19,https://www.bestfightodds.com/events/road-to-ufc-3306,34868,Edson Barboza,Lerone Murphy,/fighters/edson-barboza-2099,/fighters/lerone-murphy-9433,"('edson barboza', 'lerone murphy')",81d2ba92765ec2332236,46baf0f57edfa4df,,2024-05-18,Lerone Murphy,99,Featherweight Bout,exact_pair,1.0
road-to-ufc-3306,Road to UFC,2024-05-19,https://www.bestfightodds.com/events/road-to-ufc-3306,34874,Ramiz Brahimaj,Themba Gorimbo,/fighters/ramiz-brahimaj-7724,/fighters/themba-gorimbo-12770,"('ramiz brahimaj', 'themba gorimbo')",8418062f323ba691f160,46baf0f57edfa4df,,2024-05-18,Themba Gorimbo,99,Welterweight Bout,exact_pair,1.0
ufc-3290,UFC,2024-05-18,https://www.bestfightodds.com/events/ufc-3290,34863,Angela Hill,Luana Pinheiro,/fighters/angela-hill-5348,/fighters/luana-pinheiro-10468,"('angela hill', 'luana pinheiro')",c2dfabdaf8ce0faeca59,46baf0f57edfa4df,,2024-05-18,Angela Hill,99,Women's Strawweight Bout,exact_pair,1.0
ufc-3290,UFC,2024-05-18,https://www.bestfightodds.com/events/ufc-3290,34866,Melissa Gatto,Tamires Vidal,/fighters/melissa-gatto-9088,/fighters/tamires-vidal-11785,"('melissa gatto', 'tamires vidal')",c60ab6ac469bbaad262b,46baf0f57edfa4df,,2024-05-18,Melissa Gatto,99,Women's Bantamweight Bout,exact_pair,1.0
road-to-ufc-3306,Road to UFC,2024-05-19,https://www.bestfightodds.com/events/road-to-ufc-3306,34867,Carlston Harris,Khaos Williams,/fighters/carlston-harris-10791,/fighters/khaos-williams-9974,"('carlston harris', 'khaos williams')",d10298fa880c95e32fa5,46baf0f57edfa4df,,2024-05-18,Khaos Williams,99,Welterweight Bout,exact_pair,1.0
ufc-3290,UFC,2024-05-18,https://www.bestfightodds.com/events/ufc-3290,35017,Oumar Sy,Tuco Tokkos,/fighters/oumar-sy-12679,/fighters/tuco-tokkos-17649,"('oumar sy', 'tuco tokkos')",e2c8aac83b14344c2665,46baf0f57edfa4df,,2024-05-18,Oumar Sy,99,Light Heavyweight Bout,exact_pair,1.0
ufc-3290,UFC,2024-05-18,https://www.bestfightodds.com/events/ufc-3290,34865,Ariane Carnelossi,Piera Rodriguez,/fighters/ariane-carnelossi-9317,/fighters/piera-rodriguez-11127,"('ariane carnelossi', 'piera rodriguez')",e79c855b5940b0bfce86,46baf0f57edfa4df,,2024-05-18,Ariane Carnelossi,99,Women's Strawweight Bout,exact_pair,1.0
ufc-3269,UFC,2024-06-02,https://www.bestfightodds.com/events/ufc-3269,34950,Alex Morono,Niko Price,/fighters/alex-morono-2727,/fighters/niko-price-6895,"('alex morono', 'niko price')",0fc84be1540f97cdfecc,6e4acc2c115215b5,,2024-06-01,Niko Price,99,Welterweight Bout,exact_pair,1.0
ufc-3270,UFC,2024-06-01,https://www.bestfightodds.com/events/ufc-3270,34964,Bassil Hafez,Mickey Gall,/fighters/bassil-hafez-10482,/fighters/mickey-gall-6162,"('bassil hafez', 'mickey gall')",102f41d7a50363efc08b,6e4acc2c115215b5,,2024-06-01,Bassil Hafez,99,Welterweight Bout,exact_pair,1.0
ufc-3269,UFC,2024-06-02,https://www.bestfightodds.com/events/ufc-3269,34708,Paulo Costa,Sean Strickland,/fighters/paulo-costa-7991,/fighters/sean-strickland-4733,"('paulo costa', 'sean strickland')",21d6940f5b34d37b75e0,6e4acc2c115215b5,,2024-06-01,Sean Strickland,99,Middleweight Bout,exact_pair,1.0
ufc-3269,UFC,2024-06-02,https://www.bestfightodds.com/events/ufc-3269,34707,Dustin Poirier,Islam Makhachev,/fighters/dustin-poirier-2034,/fighters/islam-makhachev-5541,"('dustin poirier', 'islam makhachev')",21ee3189088d9e6cdd92,6e4acc2c115215b5,,2024-06-01,Islam Makhachev,99,UFC Lightweight Title Bout,exact_pair,1.0
ufc-3269,UFC,2024-06-02,https://www.bestfightodds.com/events/ufc-3269,34951,Grant Dawson,Joe Solecki,/fighters/grant-dawson-5841,/fighters/joe-solecki-9559,"('grant dawson', 'joe solecki')",2210384b2d3c92195ed0,6e4acc2c115215b5,,2024-06-01,Grant Dawson,99,Lightweight Bout,exact_pair,1.0
ufc-3269,UFC,2024-06-02,https://www.bestfightodds.com/events/ufc-3269,34949,Alexandr Romanov,Jailton Almeida,/fighters/alexandr-romanov-10383,/fighters/jailton-almeida-12427,"('alexandr romanov', 'jailton almeida')",6b13511e108aa9f398fb,6e4acc2c115215b5,,2024-06-01,Jailton Almeida,99,Heavyweight Bout,exact_pair,1.0
ufc-3269,UFC,2024-06-02,https://www.bestfightodds.com/events/ufc-3269,34965,Elizeu Zaleski Dos Santos,Randy Brown,/fighters/elizeu-zaleski-dos-santos-6667,/fighters/randy-brown-6139,"('elizeu zaleski', 'randy brown')",af6f78986aa24eff6ed6,6e4acc2c115215b5,,2024-06-01,Randy Brown,99,Welterweight Bout,exact_pair,1.0
ufc-3269,UFC,2024-06-02,https://www.bestfightodds.com/events/ufc-3269,35043,Kevin Holland,Michal Oleksiejczuk,/fighters/kevin-holland-5910,/fighters/michal-oleksiejczuk-7639,"('kevin holland', 'michal oleksiejczuk')",dd190399f0b9d4963018,6e4acc2c115215b5,,2024-06-01,Kevin Holland,99,Middleweight Bout,exact_pair,1.0
ufc-3269,UFC,2024-06-02,https://www.bestfightodds.com/events/ufc-3269,34967,Cesar Almeida,Roman Kopylov,/fighters/cesar-almeida-16304,/fighters/roman-kopylov-7343,"('cesar almeida', 'roman kopylov')",e0b816d2032f7af21523,6e4acc2c115215b5,,2024-06-01,Roman Kopylov,99,Middleweight Bout,exact_pair,1.0
ufc-3269,UFC,2024-06-02,https://www.bestfightodds.com/events/ufc-3269,34952,Jake Matthews,Phil Rowe,/fighters/jake-matthews-4978,/fighters/phil-rowe-9898,"('jake matthews', 'phil rowe')",e770d2b166727344c89b,6e4acc2c115215b5,,2024-06-01,Jake Matthews,99,Welterweight Bout,exact_pair,1.0
ufc-3270,UFC,2024-06-01,https://www.bestfightodds.com/events/ufc-3270,34966,Ailin Perez,Joselyne Edwards,/fighters/ailin-perez-13883,/fighters/joselyne-edwards-8664,"('ailin perez', 'joselyne edwards')",e8d9d4e577f4205e068d,6e4acc2c115215b5,,2024-06-01,Ailin Perez,99,Women's Bantamweight Bout,exact_pair,1.0
ufc-3270,UFC,2024-06-01,https://www.bestfightodds.com/events/ufc-3270,35059,Andre Lima,Mitch Raposo,/fighters/andre-lima-16132,/fighters/mitch-raposo-10778,"('andre lima', 'mitch raposo')",eb8d3e3086b9ed9d67ca,6e4acc2c115215b5,,2024-06-01,Andre Lima,99,Flyweight Bout,exact_pair,1.0
ufc-fight-night-3313,UFC Fight Night,2024-06-08,https://www.bestfightodds.com/events/ufc-fight-night-3313,35098,Denise Gomes,Eduarda Moura,/fighters/denise-gomes-13433,/fighters/eduarda-moura-16318,"('denise gomes', 'eduarda moura')",109232e5db4cc91690b7,cba3a2dfbc06ce79,,2024-06-08,Denise Gomes,99,Women's Strawweight Bout,exact_pair,1.0
ufc-fight-night-3313,UFC Fight Night,2024-06-08,https://www.bestfightodds.com/events/ufc-fight-night-3313,35097,Carlos Prates,Charles Radtke,/fighters/carlos-prates-14705,/fighters/charles-radtke-10622,"('carlos prates', 'charles radtke')",287130d562867ec109c1,cba3a2dfbc06ce79,,2024-06-08,Carlos Prates,99,Welterweight Bout,exact_pair,1.0
ufc-fight-night-3313,UFC Fight Night,2024-06-08,https://www.bestfightodds.com/events/ufc-fight-night-3313,35148,Puja Tomar,Rayanne Dos Santos,/fighters/puja-tomar-7943,/fighters/rayanne-dos-santos-15719,"('puja tomar', 'rayanne dos santos')",2b0acba973a4a0c2e29b,cba3a2dfbc06ce79,,2024-06-08,Puja Tomar,99,Women's Strawweight Bout,exact_pair,1.0
ufc-fight-night-3313,UFC Fight Night,2024-06-08,https://www.bestfightodds.com/events/ufc-fight-night-3313,35099,Andrea Lee,Montana de La Rosa,/fighters/andrea-lee-5260,/fighters/montana-de-la-rosa-7780,"('andrea lee', 'montana de la rosa')",30c1f7be23dde35e2d5c,cba3a2dfbc06ce79,,2024-06-08,Montana De La Rosa,99,Women's Flyweight Bout,exact_pair,1.0
ufc-3170,UFC,2024-06-09,https://www.bestfightodds.com/events/ufc-3170,35093,Dominick Reyes,Dustin Jacoby,/fighters/dominick-reyes-7225,/fighters/dustin-jacoby-2939,"('dominick reyes', 'dustin jacoby')",4604c0e22a4d12c6064b,cba3a2dfbc06ce79,,2024-06-08,Dominick Reyes,99,Light Heavyweight Bout,exact_pair,1.0
ufc-fight-night-3313,UFC Fight Night,2024-06-08,https://www.bestfightodds.com/events/ufc-fight-night-3313,35101,Ludovit Klein,Thiago Moises,/fighters/ludovit-klein-7610,/fighters/thiago-moises-6149,"('ludovit klein', 'thiago moises')",762a952e3e9473ffe112,cba3a2dfbc06ce79,,2024-06-08,Ludovit Klein,99,Lightweight Bout,exact_pair,1.0
ufc-3170,UFC,2024-06-09,https://www.bestfightodds.com/events/ufc-3170,35104,Brunno Ferreira,Dustin Stoltzfus,/fighters/brunno-ferreira-14404,/fighters/dustin-stoltzfus-10214,"('brunno ferreira', 'dustin stoltzfus')",79466b872d6c8bea7486,cba3a2dfbc06ce79,,2024-06-08,Brunno Ferreira,99,Middleweight Bout,exact_pair,1.0
ufc-3170,UFC,2024-06-09,https://www.bestfightodds.com/events/ufc-3170,35092,Jared Cannonier,Nassourdine Imavov,/fighters/jared-cannonier-5333,/fighters/nassourdine-imavov-10307,"('jared cannonier', 'nassourdine imavov')",8c9b69fca05b7fbe7c10,cba3a2dfbc06ce79,,2024-06-08,Nassourdine Imavov,99,Middleweight Bout,exact_pair,1.0
ufc-3170,UFC,2024-06-09,https://www.bestfightodds.com/events/ufc-3170,35096,Julian Marquez,Zachary Reese,/fighters/julian-marquez-5998,/fighters/zachary-reese-14747,"('julian marquez', 'zachary reese')",982f0906bcdd461ab752,cba3a2dfbc06ce79,,2024-06-08,Zach Reese,99,Middleweight Bout,fuzzy_pair,0.9347826086956521
ufc-fight-night-3313,UFC Fight Night,2024-06-08,https://www.bestfightodds.com/events/ufc-fight-night-3313,35102,Daniel Marcos,John Castaneda,/fighters/daniel-marcos-14365,/fighters/john-castaneda-7396,"('daniel marcos', 'john castaneda')",9b491617efcd7a1191c5,cba3a2dfbc06ce79,,2024-06-08,Daniel Marcos,99,Bantamweight Bout,exact_pair,1.0
ufc-fight-night-3313,UFC Fight Night,2024-06-08,https://www.bestfightodds.com/events/ufc-fight-night-3313,35103,Cody Stamann,Taylor Lapilus,/fighters/cody-stamann-7352,/fighters/taylor-lapilus-5164,"('cody stamann', 'taylor lapilus')",ddc812c439c1d4054e63,cba3a2dfbc06ce79,,2024-06-08,Taylor Lapilus,99,Bantamweight Bout,exact_pair,1.0
ufc-fight-night-3313,UFC Fight Night,2024-06-08,https://www.bestfightodds.com/events/ufc-fight-night-3313,35100,Brad Katona,Jesse Butler,/fighters/brad-katona-8426,/fighters/jesse-butler-13186,"('brad katona', 'jesse butler')",de3af8198f8310520798,cba3a2dfbc06ce79,,2024-06-08,Brad Katona,99,Bantamweight Bout,exact_pair,1.0
ufc-3170,UFC,2024-06-09,https://www.bestfightodds.com/events/ufc-3170,35094,Raul Rosas Jr,Ricky Turcios,/fighters/raul-rosas-jr-14405,/fighters/ricky-turcios-4236,"('raul rosas jr', 'ricky turcios')",de7851d8388f9a3bc897,cba3a2dfbc06ce79,,2024-06-08,Raul Rosas Jr.,99,Bantamweight Bout,exact_pair,1.0
ufc-3170,UFC,2024-06-09,https://www.bestfightodds.com/events/ufc-3170,35095,Miguel Baeza,Punahele Soriano,/fighters/miguel-baeza-6383,/fighters/punahele-soriano-7386,"('miguel baeza', 'punahele soriano')",f4f35c4d63ae387aa615,cba3a2dfbc06ce79,,2024-06-08,Punahele Soriano,99,Welterweight Bout,exact_pair,1.0
ufc-3318,UFC,2024-06-15,https://www.bestfightodds.com/events/ufc-3318,35132,Josefine Knutsson,Julia Polastri,/fighters/josefine-knutsson-12357,/fighters/julia-polastri-12394,"('josefine knutsson', 'julia polastri')",09f26465d8a75b7050fe,9c5828c6fd9dc948,,2024-06-15,Josefine Knutsson,99,Women's Strawweight Bout,exact_pair,1.0
ufc-3318,UFC,2024-06-15,https://www.bestfightodds.com/events/ufc-3318,35130,Adam Fugitt,Josh Quinlan,/fighters/adam-fugitt-8646,/fighters/josh-quinlan-10316,"('adam fugitt', 'josh quinlan')",0bf3bf7e19327b5163fe,9c5828c6fd9dc948,,2024-06-15,Adam Fugitt,99,Welterweight Bout,exact_pair,1.0
ufc-3318,UFC,2024-06-15,https://www.bestfightodds.com/events/ufc-3318,35127,Asu Almabaev,Jose Johnson,/fighters/asu-almabaev-10853,/fighters/jose-johnson-9257,"('asu almabayev', 'jose johnson')",1df67fd906bcc6107a0b,9c5828c6fd9dc948,,2024-06-15,Asu Almabayev,99,Flyweight Bout,exact_pair,1.0
ufc-3318,UFC,2024-06-15,https://www.bestfightodds.com/events/ufc-3318,35126,Jeka Saragih,Westin Wilson,/fighters/jeka-saragih-15072,/fighters/westin-wilson-7567,"('jeka saragih', 'westin wilson')",847e3868308784e212bb,9c5828c6fd9dc948,,2024-06-15,Westin Wilson,99,Featherweight Bout,exact_pair,1.0
ufc-3318,UFC,2024-06-15,https://www.bestfightodds.com/events/ufc-3318,35133,Melquizael Costa,Shayilan Nuerdanbieke,/fighters/melquizael-costa-13774,/fighters/shayilan-nuerdanbieke-11334,"('melquizael costa', 'shayilan nuerdanbieke')",9b9528658349cf5611cd,9c5828c6fd9dc948,,2024-06-15,Melquizael Costa,99,Featherweight Bout,exact_pair,1.0
ufc-3318,UFC,2024-06-15,https://www.bestfightodds.com/events/ufc-3318,35136,Lucas Almeida,Timothy Cuamba,/fighters/lucas-almeida-12571,/fighters/timothy-cuamba-11019,"('lucas almeida', 'timothy cuamba')",c23fbe4a3181197008f9,9c5828c6fd9dc948,,2024-06-15,Lucas Almeida,99,Featherweight Bout,fuzzy_pair,0.9230769230769231
ufc-3318,UFC,2024-06-15,https://www.bestfightodds.com/events/ufc-3318,35125,Brady Hiestand,Garrett Armfield,/fighters/brady-hiestand-12231,/fighters/garrett-armfield-9084,"('brady hiestand', 'garrett armfield')",cc5a1c1c6a7c8c772bf7,9c5828c6fd9dc948,,2024-06-15,Brady Hiestand,99,Bantamweight Bout,exact_pair,1.0
ufc-3318,UFC,2024-06-15,https://www.bestfightodds.com/events/ufc-3318,35134,Carli Judice,Gabriella Fernandes,/fighters/carli-judice-16539,/fighters/gabriella-fernandes-14517,"('carli judice', 'gabriella fernandes')",d07b412c90e848fcc719,9c5828c6fd9dc948,,2024-06-15,Gabriella Fernandes,99,Women's Flyweight Bout,exact_pair,1.0
ufc-3318,UFC,2024-06-15,https://www.bestfightodds.com/events/ufc-3318,35123,Alex Perez,Tatsuro Taira,/fighters/alex-perez-2459,/fighters/tatsuro-taira-13311,"('alex perez', 'tatsuro taira')",e2f02c44aa5e588e186b,9c5828c6fd9dc948,,2024-06-15,Tatsuro Taira,99,Flyweight Bout,exact_pair,1.0
ufc-3318,UFC,2024-06-15,https://www.bestfightodds.com/events/ufc-3318,35135,Douglas Silva de Andrade,Miles Johns,/fighters/douglas-silva-de-andrade-6730,/fighters/miles-johns-5373,"('douglas silva de andrade', 'miles johns')",f43196f484203a27accc,9c5828c6fd9dc948,,2024-06-15,Miles Johns,99,Bantamweight Bout,exact_pair,1.0
ufc-3318,UFC,2024-06-15,https://www.bestfightodds.com/events/ufc-3318,35128,Jimmy Flick,Nate Maness,/fighters/jimmy-flick-1923,/fighters/nate-maness-10489,"('jimmy flick', 'nate maness')",fbfea06413027c27f023,9c5828c6fd9dc948,,2024-06-15,Nate Maness,99,Flyweight Bout,exact_pair,1.0
ufc-3277,UFC,2024-06-22,https://www.bestfightodds.com/events/ufc-3277,35139,Johnny Walker,Volkan Oezdemir,/fighters/johnny-walker-8542,/fighters/volkan-oezdemir-4473,"('johnny walker', 'volkan oezdemir')",0fac13348cc98b4dfcf2,b12a1d19ee383b7c,,2024-06-22,Volkan Oezdemir,99,Light Heavyweight Bout,exact_pair,1.0
ufc-3277,UFC,2024-06-22,https://www.bestfightodds.com/events/ufc-3277,35456,Antonio Trocoli,Shara Magomedov,/fighters/antonio-trocoli-6081,/fighters/shara-magomedov-17740,"('antonio trocoli', 'shara magomedov')",4732a437390e94e1069d,b12a1d19ee383b7c,,2024-06-22,Shara Magomedov,99,Middleweight Bout,exact_pair,1.0
ufc-3277,UFC,2024-06-22,https://www.bestfightodds.com/events/ufc-3277,35432,Felipe Lima,Muhammadjon Naimov,/fighters/felipe-lima-10819,/fighters/muhammadjon-naimov-9740,"('felipe lima', 'muhammadjon naimov')",6854993f02be2845ba0e,b12a1d19ee383b7c,,2024-06-22,Felipe Lima,99,Featherweight Bout,fuzzy_pair,0.9545454545454546
ufc-3277,UFC,2024-06-22,https://www.bestfightodds.com/events/ufc-3277,35145,Nicolas Dalby,Rinat Fakhretdinov,/fighters/nicolas-dalby-3878,/fighters/rinat-fakhretdinov-13557,"('nicolas dalby', 'rinat fakhretdinov')",9d2b9f7605fd6946f6ca,b12a1d19ee383b7c,,2024-06-22,Rinat Fakhretdinov,99,Welterweight Bout,exact_pair,1.0
ufc-3277,UFC,2024-06-22,https://www.bestfightodds.com/events/ufc-3277,35137,Daniel Rodriguez,Kelvin Gastelum,/fighters/daniel-rodriguez-6856,/fighters/kelvin-gastelum-4061,"('daniel rodriguez', 'kelvin gastelum')",b42630b78f79a446d050,b12a1d19ee383b7c,,2024-06-22,Kelvin Gastelum,99,Middleweight Bout,exact_pair,1.0
ufc-3277,UFC,2024-06-22,https://www.bestfightodds.com/events/ufc-3277,35142,Kyung Ho Kang,Muin Gafurov,/fighters/kyung-ho-kang-1738,/fighters/muin-gafurov-5832,"('kyung ho kang', 'muin gafurov')",c22b66398906b388f591,b12a1d19ee383b7c,,2024-06-22,Muin Gafurov,99,Bantamweight Bout,exact_pair,1.0
ufc-3277,UFC,2024-06-22,https://www.bestfightodds.com/events/ufc-3277,34776,Alexander Volkov,Sergei Pavlovich,/fighters/alexander-volkov-2439,/fighters/sergei-pavlovich-8961,"('alexander volkov', 'sergei pavlovich')",c89100348d1dfaeaf049,b12a1d19ee383b7c,,2024-06-22,Alexander Volkov,99,Heavyweight Bout,exact_pair,1.0
ufc-3277,UFC,2024-06-22,https://www.bestfightodds.com/events/ufc-3277,35144,Brendson Ribeiro,Magomed Gadzhiyasulov,/fighters/brendson-ribeiro-13392,/fighters/magomed-gadzhiyasulov-14658,"('brendson ribeiro', 'magomed gadzhiyasulov')",c9414569f6a02f62e3d0,b12a1d19ee383b7c,,2024-06-22,Magomed Gadzhiyasulov,99,Light Heavyweight Bout,exact_pair,1.0
ufc-3277,UFC,2024-06-22,https://www.bestfightodds.com/events/ufc-3277,35140,Jared Gordon,Nasrat Haqparast,/fighters/jared-gordon-2971,/fighters/nasrat-haqparast-7622,"('jared gordon', 'nasrat haqparast')",e83eb22b114c7b2b1a43,b12a1d19ee383b7c,,2024-06-22,Nasrat Haqparast,99,Lightweight Bout,exact_pair,1.0
ufc-3277,UFC,2024-06-22,https://www.bestfightodds.com/events/ufc-3277,35389,Ikram Aliskerov,Robert Whittaker,/fighters/ikram-aliskerov-10994,/fighters/robert-whittaker-3761,"('ikram aliskerov', 'robert whittaker')",e9acbc17f97ee96e67bc,b12a1d19ee383b7c,,2024-06-22,Robert Whittaker,99,Middleweight Bout,exact_pair,1.0
ufc-3161,UFC,2024-06-29,https://www.bestfightodds.com/events/ufc-3161,35187,Gillian Robertson,Michelle Waterson-Gomez,/fighters/gillian-robertson-7784,/fighters/michelle-waterson-gomez-17773,"('gillian robertson', 'michelle waterson gomez')",01a3617b5f3008d87d5e,f3743d8ef5dde970,,2024-06-29,Gillian Robertson,99,Women's Strawweight Bout,exact_pair,1.0
ufc-303-3283,UFC 303,2024-06-30,https://www.bestfightodds.com/events/ufc-303-3283,35532,Dan Ige,Diego Lopes,/fighters/dan-ige-6448,/fighters/diego-lopes-12328,"('dan ige', 'diego lopes')",04cbb1de73ee33cc35cc,f3743d8ef5dde970,,2024-06-29,Diego Lopes,99,Catch Weight Bout,exact_pair,1.0
ufc-303-3283,UFC 303,2024-06-30,https://www.bestfightodds.com/events/ufc-303-3283,34924,Payton Talbott,Yanis Ghemmouri,/fighters/payton-talbott-15422,/fighters/yanis-ghemmouri-11422,"('payton talbott', 'yanis ghemmouri')",27a9e13e8ce41b152f00,f3743d8ef5dde970,,2024-06-29,Payton Talbott,99,Bantamweight Bout,exact_pair,1.0
ufc-3161,UFC,2024-06-29,https://www.bestfightodds.com/events/ufc-3161,35185,Andrei Arlovski,Martin Buday,/fighters/andrei-arlovski-487,/fighters/martin-buday-11489,"('andrei arlovski', 'martin buday')",59fc6aa212cf69880106,f3743d8ef5dde970,,2024-06-29,Martin Buday,99,Heavyweight Bout,exact_pair,1.0
ufc-303-3283,UFC 303,2024-06-30,https://www.bestfightodds.com/events/ufc-303-3283,35484,Anthony Smith,Roman Dolidze,/fighters/anthony-smith-1829,/fighters/roman-dolidze-9094,"('anthony smith', 'roman dolidze')",853b42c8d377a0efc2af,f3743d8ef5dde970,,2024-06-29,Roman Dolidze,99,Light Heavyweight Bout,exact_pair,1.0
ufc-3161,UFC,2024-06-29,https://www.bestfightodds.com/events/ufc-3161,35186,Ricky Simon,Vinicius Oliveira,/fighters/ricky-simon-5780,/fighters/vinicius-oliveira-16540,"('ricky simon', 'vinicius oliveira')",8ab8e92726cd0879accc,f3743d8ef5dde970,,2024-06-29,Vinicius Oliveira,99,Bantamweight Bout,exact_pair,1.0
ufc-303-3283,UFC 303,2024-06-30,https://www.bestfightodds.com/events/ufc-303-3283,35390,Alex Pereira,Jiri Prochazka,/fighters/alex-pereira-10463,/fighters/jiri-prochazka-6058,"('alex pereira', 'jiri prochazka')",9985df666363abdedbff,f3743d8ef5dde970,,2024-06-29,Alex Pereira,99,UFC Light Heavyweight Title Bout,exact_pair,1.0
ufc-303-3283,UFC 303,2024-06-30,https://www.bestfightodds.com/events/ufc-303-3283,35107,Ian Machado Garry,Michael Page,/fighters/ian-machado-garry-15690,/fighters/michael-page-3937,"('ian machado garry', 'michael page')",c6450fe91ac7fdd5c58c,f3743d8ef5dde970,,2024-06-29,Ian Machado Garry,99,Welterweight Bout,exact_pair,1.0
ufc-303-3283,UFC 303,2024-06-30,https://www.bestfightodds.com/events/ufc-303-3283,35188,Charles Jourdain,Jean Silva,/fighters/charles-jourdain-9131,/fighters/jean-silva-554,"('charles jourdain', 'jean silva')",c7ba628cadac31519914,f3743d8ef5dde970,,2024-06-29,Jean Silva,99,Featherweight Bout,exact_pair,1.0
ufc-3161,UFC,2024-06-29,https://www.bestfightodds.com/events/ufc-3161,35184,Carlos Hernandez,Rei Tsuruya,/fighters/carlos-hernandez-5501,/fighters/rei-tsuruya-15872,"('carlos hernandez', 'rei tsuruya')",cfa749e828358aa43168,f3743d8ef5dde970,,2024-06-29,Rei Tsuruya,99,Flyweight Bout,exact_pair,1.0
ufc-303-3283,UFC 303,2024-06-30,https://www.bestfightodds.com/events/ufc-303-3283,35183,Macy Chiasson,Mayra Bueno Silva,/fighters/macy-chiasson-8148,/fighters/mayra-bueno-silva-9839,"('macy chiasson', 'mayra bueno silva')",fd72acc59db67e53992b,f3743d8ef5dde970,,2024-06-29,Macy Chiasson,99,Women's Bantamweight Bout,exact_pair,1.0
ufc-303-3283,UFC 303,2024-06-30,https://www.bestfightodds.com/events/ufc-303-3283,35181,Andre Fili,Cub Swanson,/fighters/andre-fili-4466,/fighters/cub-swanson-387,"('andre fili', 'cub swanson')",fdb75241fae5b432ff00,f3743d8ef5dde970,,2024-06-29,Andre Fili,99,Featherweight Bout,exact_pair,1.0
ufc-303-3283,UFC 303,2024-06-30,https://www.bestfightodds.com/events/ufc-303-3283,35182,Joe Pyfer,Marc-Andre Barriault,/fighters/joe-pyfer-8530,/fighters/marc-andre-barriault-8960,"('joe pyfer', 'marc andre barriault')",fef181bdc7f5fb749edb,f3743d8ef5dde970,,2024-06-29,Joe Pyfer,99,Middleweight Bout,exact_pair,1.0
ufc-fight-night-3363,UFC Fight Night,2024-07-14,https://www.bestfightodds.com/events/ufc-fight-night-3363,35302,Luana Santos,Mariya Agapova,/fighters/luana-santos-14049,/fighters/mariya-agapova-8477,"('luana santos', 'mariya agapova')",117beeb877418cecb0fa,66e0a70352fef46a,,2024-07-13,Luana Santos,99,Women's Flyweight Bout,exact_pair,1.0
ufc-fight-night-3363,UFC Fight Night,2024-07-14,https://www.bestfightodds.com/events/ufc-fight-night-3363,35579,Charles Johnson,Joshua van,/fighters/charles-johnson-7494,/fighters/joshua-van-14745,"('charles johnson', 'joshua van')",2ad08bec63c0a406c97b,66e0a70352fef46a,,2024-07-13,Charles Johnson,99,Flyweight Bout,exact_pair,1.0
ufc-fight-night-3363,UFC Fight Night,2024-07-14,https://www.bestfightodds.com/events/ufc-fight-night-3363,35609,Drew Dober,Jean Silva,/fighters/drew-dober-1576,/fighters/jean-silva-554,"('drew dober', 'jean silva')",700e9f9e254b098055b8,66e0a70352fef46a,,2024-07-13,Jean Silva,99,Lightweight Bout,exact_pair,1.0
ufc-fight-night-3363,UFC Fight Night,2024-07-14,https://www.bestfightodds.com/events/ufc-fight-night-3363,35610,Fatima Kline,Jasmine Jasudavicius,/fighters/fatima-kline-11138,/fighters/jasmine-jasudavicius-9869,"('fatima kline', 'jasmine jasudavicius')",9d5178c3013d1e893b1c,66e0a70352fef46a,,2024-07-13,Jasmine Jasudavicius,99,Women's Flyweight Bout,exact_pair,1.0
ufc-fight-night-3363,UFC Fight Night,2024-07-14,https://www.bestfightodds.com/events/ufc-fight-night-3363,35307,Muslim Salikhov,Santiago Ponzinibbio,/fighters/muslim-salikhov-7701,/fighters/santiago-ponzinibbio-4415,"('muslim salikhov', 'santiago ponzinibbio')",9f69ef0cf412b91add0f,66e0a70352fef46a,,2024-07-13,Muslim Salikhov,99,Welterweight Bout,exact_pair,1.0
ufc-3336,UFC,2024-07-13,https://www.bestfightodds.com/events/ufc-3336,35657,Darrius Flowers,Evan Elder,/fighters/darrius-flowers-8177,/fighters/evan-elder-10280,"('darrius flowers', 'evan elder')",a106e728b8e4b95c59e3,66e0a70352fef46a,,2024-07-13,Evan Elder,99,Welterweight Bout,exact_pair,1.0
ufc-fight-night-3363,UFC Fight Night,2024-07-14,https://www.bestfightodds.com/events/ufc-fight-night-3363,35304,Ange Loosa,Gabriel Bonfim,/fighters/ange-loosa-9074,/fighters/gabriel-bonfim-11752,"('ange loosa', 'gabriel bonfim')",b03e2324455e4be41e3e,66e0a70352fef46a,,2024-07-13,Gabriel Bonfim,99,Welterweight Bout,exact_pair,1.0
ufc-fight-night-3363,UFC Fight Night,2024-07-14,https://www.bestfightodds.com/events/ufc-fight-night-3363,35517,Rose Namajunas,Tracy Cortez,/fighters/rose-namajunas-3803,/fighters/tracy-cortez-7427,"('rose namajunas', 'tracy cortez')",c9f7898fbd653c7fa7a9,66e0a70352fef46a,,2024-07-13,Rose Namajunas,99,Women's Flyweight Bout,exact_pair,1.0
ufc-3336,UFC,2024-07-13,https://www.bestfightodds.com/events/ufc-3336,35308,Andre Petroski,Josh Fremd,/fighters/andre-petroski-10388,/fighters/josh-fremd-7675,"('andre petroski', 'josh fremd')",e0f725fa13a4b2d2e382,66e0a70352fef46a,,2024-07-13,Andre Petroski,99,Middleweight Bout,exact_pair,1.0
ufc-fight-night-3363,UFC Fight Night,2024-07-14,https://www.bestfightodds.com/events/ufc-fight-night-3363,35580,Damon Blackshear,Montel Jackson,/fighters/damon-blackshear-11177,/fighters/montel-jackson-8255,"('damon blackshear', 'montel jackson')",f035e3c3a192688fc8d1,66e0a70352fef46a,,2024-07-13,Montel Jackson,99,Bantamweight Bout,exact_pair,1.0
ufc-fight-night-3363,UFC Fight Night,2024-07-14,https://www.bestfightodds.com/events/ufc-fight-night-3363,35305,Christian Rodriguez,Julian Erosa,/fighters/christian-rodriguez-9146,/fighters/julian-erosa-6088,"('christian rodriguez', 'julian erosa')",f8625bca55bac799b813,66e0a70352fef46a,,2024-07-13,Julian Erosa,99,Featherweight Bout,exact_pair,1.0
ufc-fight-night-3373,UFC Fight Night,2024-07-20,https://www.bestfightodds.com/events/ufc-fight-night-3373,35586,Luana Carolina,Lucie Pudilova,/fighters/luana-carolina-8992,/fighters/lucie-pudilova-7065,"('luana carolina', 'lucie pudilova')",133257d003da2b013c3f,c11036da9162cb5f,,2024-07-20,Luana Carolina,99,Women's Flyweight Bout,exact_pair,1.0
ufc-fight-night-3372,UFC Fight Night,2024-07-21,https://www.bestfightodds.com/events/ufc-fight-night-3372,35589,Seungwoo Choi,Steve Garcia,/fighters/seungwoo-choi-9685,/fighters/steve-garcia-2576,"('seungwoo choi', 'steve garcia')",210b0c8c724a09876753,c11036da9162cb5f,,2024-07-20,Steve Garcia,99,Featherweight Bout,exact_pair,1.0
ufc-fight-night-3372,UFC Fight Night,2024-07-21,https://www.bestfightodds.com/events/ufc-fight-night-3372,35590,Kaynan Kruschewsky,Kurt Holobaugh,/fighters/kaynan-kruschewsky-11749,/fighters/kurt-holobaugh-3814,"('kaynan kruschewsky', 'kurt holobaugh')",32fd3dc5d68f9c4bb134,c11036da9162cb5f,,2024-07-20,Kurt Holobaugh,99,Lightweight Bout,exact_pair,1.0
ufc-fight-night-3373,UFC Fight Night,2024-07-20,https://www.bestfightodds.com/events/ufc-fight-night-3373,35591,Loik Radzhabov,Trey Ogden,/fighters/loik-radzhabov-9040,/fighters/trey-ogden-5784,"('loik radzhabov', 'trey ogden')",8a6232714deaa2c21084,c11036da9162cb5f,,2024-07-20,Trey Ogden,99,Lightweight Bout,exact_pair,1.0
ufc-fight-night-3372,UFC Fight Night,2024-07-21,https://www.bestfightodds.com/events/ufc-fight-night-3372,35593,Amanda Lemos,Virna Jandiroba,/fighters/amanda-lemos-7335,/fighters/virna-jandiroba-7726,"('amanda lemos', 'virna jandiroba')",8f785a9a6523350dfaa0,c11036da9162cb5f,,2024-07-20,Virna Jandiroba,99,Women's Strawweight Bout,exact_pair,1.0
ufc-fight-night-3373,UFC Fight Night,2024-07-20,https://www.bestfightodds.com/events/ufc-fight-night-3373,35584,Brian Kelleher,Cody Gibson,/fighters/brian-kelleher-2978,/fighters/cody-gibson-1915,"('brian kelleher', 'cody gibson')",906bb95e2a99cd34b4e0,c11036da9162cb5f,,2024-07-20,Cody Gibson,99,Bantamweight Bout,exact_pair,1.0
ufc-fight-night-3373,UFC Fight Night,2024-07-20,https://www.bestfightodds.com/events/ufc-fight-night-3373,35588,Dione Barbosa,Miranda Maverick,/fighters/dione-barbosa-12811,/fighters/miranda-maverick-6780,"('dione barbosa', 'miranda maverick')",b12a7ff48b4b2b8ca8bc,c11036da9162cb5f,,2024-07-20,Miranda Maverick,99,Women's Flyweight Bout,exact_pair,1.0
ufc-fight-night-3372,UFC Fight Night,2024-07-21,https://www.bestfightodds.com/events/ufc-fight-night-3372,35583,Bill Algeo,Doo Ho Choi,/fighters/bill-algeo-9171,/fighters/doo-ho-choi-2152,"('bill algeo', 'dooho choi')",b5a9048fbdea8e918e16,c11036da9162cb5f,,2024-07-20,Dooho Choi,99,Featherweight Bout,exact_pair,1.0
ufc-fight-night-3372,UFC Fight Night,2024-07-21,https://www.bestfightodds.com/events/ufc-fight-night-3372,35585,Bruno Silva,Cody Durden,/fighters/bruno-silva-7121,/fighters/cody-durden-10231,"('bruno silva', 'cody durden')",d1920581a837189d0668,c11036da9162cb5f,,2024-07-20,Bruno Silva,99,Flyweight Bout,exact_pair,1.0
ufc-fight-night-3373,UFC Fight Night,2024-07-20,https://www.bestfightodds.com/events/ufc-fight-night-3373,35587,Mohammed Usman,Thomas Petersen,/fighters/mohammed-usman-8067,/fighters/thomas-petersen-10546,"('mohammed usman', 'thomas petersen')",e00588b0e526ee61fba0,c11036da9162cb5f,,2024-07-20,Thomas Petersen,99,Heavyweight Bout,exact_pair,1.0
ufc-fight-night-3372,UFC Fight Night,2024-07-21,https://www.bestfightodds.com/events/ufc-fight-night-3372,35592,Hyder Amil,Jeongyeong Lee,/fighters/hyder-amil-8178,/fighters/jeongyeong-lee-14611,"('hyder amil', 'jeongyeong lee')",fa66b53f6bf870d9f016,c11036da9162cb5f,,2024-07-20,Hyder Amil,99,Featherweight Bout,exact_pair,1.0
ufc-3307,UFC,2024-07-28,https://www.bestfightodds.com/events/ufc-3307,35040,Curtis Blaydes,Tom Aspinall,/fighters/curtis-blaydes-5732,/fighters/tom-aspinall-8930,"('curtis blaydes', 'tom aspinall')",0357c9e4b1d129db500f,026b4f7049085842,,2024-07-27,Tom Aspinall,99,UFC Interim Heavyweight Title Bout,exact_pair,1.0
ufc-3307,UFC,2024-07-28,https://www.bestfightodds.com/events/ufc-3307,35041,Arnold Allen,Giga Chikadze,/fighters/arnold-allen-4218,/fighters/giga-chikadze-6073,"('arnold allen', 'giga chikadze')",252f22b842906021c1f7,026b4f7049085842,,2024-07-27,Arnold Allen,99,Featherweight Bout,exact_pair,1.0
ufc-3374,UFC,2024-07-27,https://www.bestfightodds.com/events/ufc-3374,35602,Lukasz Brzeski,Mick Parkin,/fighters/lukasz-brzeski-10059,/fighters/mick-parkin-16020,"('lukasz brzeski', 'mick parkin')",2d0673d68457559c4c98,026b4f7049085842,,2024-07-27,Mick Parkin,99,Heavyweight Bout,exact_pair,1.0
ufc-3307,UFC,2024-07-28,https://www.bestfightodds.com/events/ufc-3307,35731,Caolan Loughran,Jake Hadley,/fighters/caolan-loughran-13592,/fighters/jake-hadley-9411,"('caolan loughran', 'jake hadley')",39de1ce098c59b25cd4f,026b4f7049085842,,2024-07-27,Jake Hadley,99,Bantamweight Bout,exact_pair,1.0
ufc-3307,UFC,2024-07-28,https://www.bestfightodds.com/events/ufc-3307,35042,Manel Kape,Muhammad Mokaev,/fighters/manel-kape-7510,/fighters/muhammad-mokaev-10995,"('manel kape', 'muhammad mokaev')",426f68ff2f1e0e2228bf,026b4f7049085842,,2024-07-27,Muhammad Mokaev,99,Flyweight Bout,exact_pair,1.0
ufc-3307,UFC,2024-07-28,https://www.bestfightodds.com/events/ufc-3307,35038,Belal Muhammad,Leon Edwards,/fighters/belal-muhammad-3777,/fighters/leon-edwards-4608,"('belal muhammad', 'leon edwards')",4aa1c4da1241e48faf04,026b4f7049085842,,2024-07-27,Belal Muhammad,99,UFC Welterweight Title Bout,exact_pair,1.0
ufc-3307,UFC,2024-07-28,https://www.bestfightodds.com/events/ufc-3307,35599,Daniel Pineda,Nathaniel Wood,/fighters/daniel-pineda-1240,/fighters/nathaniel-wood-5309,"('daniel pineda', 'nathaniel wood')",50235e3aa0d57bad89f9,026b4f7049085842,,2024-07-27,Nathaniel Wood,99,Featherweight Bout,exact_pair,1.0
ufc-3307,UFC,2024-07-28,https://www.bestfightodds.com/events/ufc-3307,35600,Christian Leroy Duncan,Gregory Rodrigues,/fighters/christian-leroy-duncan-12577,/fighters/gregory-rodrigues-6917,"('christian leroy duncan', 'gregory rodrigues')",6f18fe437215306caebe,026b4f7049085842,,2024-07-27,Gregory Rodrigues,99,Middleweight Bout,exact_pair,1.0
ufc-3374,UFC,2024-07-27,https://www.bestfightodds.com/events/ufc-3374,35732,Alice Ardelean,Shauna Bannon,/fighters/alice-ardelean-15320,/fighters/shauna-bannon-14505,"('alice ardelean', 'shauna bannon')",8c2c8e2d10917bef71a4,026b4f7049085842,,2024-07-27,Shauna Bannon,99,Women's Strawweight Bout,exact_pair,1.0
ufc-3374,UFC,2024-07-27,https://www.bestfightodds.com/events/ufc-3374,35594,Marcin Prachnio,Modestas Bukauskas,/fighters/marcin-prachnio-6346,/fighters/modestas-bukauskas-7865,"('marcin prachnio', 'modestas bukauskas')",abaa652b523fc865793d,026b4f7049085842,,2024-07-27,Modestas Bukauskas,99,Light Heavyweight Bout,exact_pair,1.0
ufc-3374,UFC,2024-07-27,https://www.bestfightodds.com/events/ufc-3374,35596,Oban Elliott,Preston Parsons,/fighters/oban-elliott-9107,/fighters/preston-parsons-6472,"('oban elliott', 'preston parsons')",d20a64ac207e860b5e19,026b4f7049085842,,2024-07-27,Oban Elliott,99,Welterweight Bout,exact_pair,1.0
ufc-3307,UFC,2024-07-28,https://www.bestfightodds.com/events/ufc-3307,35597,Bruna Brasil,Molly McCann,/fighters/bruna-brasil-13778,/fighters/molly-mccann-5311,"('bruna brasil', 'molly mccann')",e9bd964d4d8cee2540af,026b4f7049085842,,2024-07-27,Bruna Brasil,99,Women's Strawweight Bout,exact_pair,1.0
ufc-3374,UFC,2024-07-27,https://www.bestfightodds.com/events/ufc-3374,35595,Kiefer Crosbie,Sam Patterson,/fighters/kiefer-crosbie-6784,/fighters/sam-patterson-11410,"('kiefer crosbie', 'sam patterson')",ef529936332c3696b382,026b4f7049085842,,2024-07-27,Sam Patterson,99,Welterweight Bout,exact_pair,1.0
ufc-3320,UFC,2024-08-03,https://www.bestfightodds.com/events/ufc-3320,35765,Jai Herbert,Rolando Bedoya,/fighters/jai-herbert-6873,/fighters/rolando-bedoya-16166,"('jai herbert', 'rolando bedoya')",02b8cea1ab7b7b5157a8,fe435e440b5de0ff,,2024-08-03,Jai Herbert,99,Lightweight Bout,exact_pair,1.0
ufc-3320,UFC,2024-08-03,https://www.bestfightodds.com/events/ufc-3320,35766,Kaue Fernandes,Mohammad Yahya,/fighters/kaue-fernandes-11734,/fighters/mohammad-yahya-7764,"('kaue fernandes', 'mohammad yahya')",03f3a6a3001bc39b83db,fe435e440b5de0ff,,2024-08-03,Kaue Fernandes,99,Lightweight Bout,exact_pair,1.0
ufc-3320,UFC,2024-08-03,https://www.bestfightodds.com/events/ufc-3320,35770,Don'tale Mayes,Shamil Gaziev,/fighters/don-tale-mayes-6830,/fighters/shamil-gaziev-12522,"('dontale mayes', 'shamil gaziev')",3386d2b2fd2341d2ccf1,fe435e440b5de0ff,,2024-08-03,Shamil Gaziev,99,Heavyweight Bout,exact_pair,1.0
ufc-3320,UFC,2024-08-03,https://www.bestfightodds.com/events/ufc-3320,35108,Deiveson Figueiredo,Marlon Vera,/fighters/deiveson-figueiredo-7514,/fighters/marlon-vera-5317,"('deiveson figueiredo', 'marlon vera')",33b5d54afe279596bc78,fe435e440b5de0ff,,2024-08-03,Deiveson Figueiredo,99,Bantamweight Bout,exact_pair,1.0
ufc-3320,UFC,2024-08-03,https://www.bestfightodds.com/events/ufc-3320,35159,Cory Sandhagen,Umar Nurmagomedov,/fighters/cory-sandhagen-6127,/fighters/umar-nurmagomedov-9365,"('cory sandhagen', 'umar nurmagomedov')",5959fc910a5c2b6bc6b3,fe435e440b5de0ff,,2024-08-03,Umar Nurmagomedov,99,Bantamweight Bout,exact_pair,1.0
ufc-3320,UFC,2024-08-03,https://www.bestfightodds.com/events/ufc-3320,35768,Michal Oleksiejczuk,Sharabutdin Magomedov,/fighters/michal-oleksiejczuk-7639,/fighters/sharabutdin-magomedov-18058,"('michal oleksiejczuk', 'sharabutdin magomedov')",610fc19550a7426494d0,fe435e440b5de0ff,,2024-08-03,Shara Magomedov,99,Middleweight Bout,fuzzy_pair,0.9166666666666667
ufc-3320,UFC,2024-08-03,https://www.bestfightodds.com/events/ufc-3320,35157,Michael Chiesa,Tony Ferguson,/fighters/michael-chiesa-3317,/fighters/tony-ferguson-2568,"('michael chiesa', 'tony ferguson')",801c689afc321156cc67,fe435e440b5de0ff,,2024-08-03,Michael Chiesa,99,Welterweight Bout,exact_pair,1.0
ufc-3320,UFC,2024-08-03,https://www.bestfightodds.com/events/ufc-3320,35763,Alonzo Menifield,Azamat Murzakanov,/fighters/alonzo-menifield-5961,/fighters/azamat-murzakanov-7264,"('alonzo menifield', 'azamat murzakanov')",814dc8f9d92f3b287485,fe435e440b5de0ff,,2024-08-03,Azamat Murzakanov,99,Light Heavyweight Bout,exact_pair,1.0
ufc-3320,UFC,2024-08-03,https://www.bestfightodds.com/events/ufc-3320,35767,Denis Tiuliulin,Sedriques Dumas,/fighters/denis-tiuliulin-13474,/fighters/sedriques-dumas-12309,"('denis tiuliulin', 'sedriques dumas')",926e321d7a29d09ac3f4,fe435e440b5de0ff,,2024-08-03,Sedriques Dumas,99,Middleweight Bout,exact_pair,1.0
ufc-3320,UFC,2024-08-03,https://www.bestfightodds.com/events/ufc-3320,35764,Elves Brener,Joel Alvarez,/fighters/elves-brener-16626,/fighters/joel-alvarez-8910,"('elves brener', 'joel alvarez')",9c54f3454143bdf44c1c,fe435e440b5de0ff,,2024-08-03,Joel Alvarez,99,Lightweight Bout,exact_pair,1.0
ufc-3320,UFC,2024-08-03,https://www.bestfightodds.com/events/ufc-3320,35769,Sam Hughes,Victoria Dudakova,/fighters/sam-hughes-9863,/fighters/victoria-dudakova-17302,"('sam hughes', 'victoria dudakova')",def742581c0bb149f69c,fe435e440b5de0ff,,2024-08-03,Sam Hughes,99,Women's Strawweight Bout,fuzzy_pair,0.9571428571428571
ufc-3320,UFC,2024-08-03,https://www.bestfightodds.com/events/ufc-3320,35160,Loopy Godinez,Mackenzie Dern,/fighters/loopy-godinez-12828,/fighters/mackenzie-dern-6488,"('loopy godinez', 'mackenzie dern')",fbe4bf618eda01bbbe06,fe435e440b5de0ff,,2024-08-03,Mackenzie Dern,99,Women's Strawweight Bout,exact_pair,1.0
ufc-3320,UFC,2024-08-03,https://www.bestfightodds.com/events/ufc-3320,35855,Guram Kutateladze,Jordan Vucenic,/fighters/guram-kutateladze-10385,/fighters/jordan-vucenic-9515,"('guram kutateladze', 'jordan vucenic')",fc5b9acbb9295f82ccde,fe435e440b5de0ff,,2024-08-03,Guram Kutateladze,99,Lightweight Bout,exact_pair,1.0
ufc-3406,UFC,2024-08-10,https://www.bestfightodds.com/events/ufc-3406,35908,Jhonata Diniz,Karl Williams,/fighters/jhonata-diniz-16483,/fighters/karl-williams-13254,"('jhonata diniz', 'karl williams')",044e3a526c3be43da884,2c733e059462c1dc,,2024-08-10,Jhonata Diniz,99,Heavyweight Bout,exact_pair,1.0
ufc-3406,UFC,2024-08-10,https://www.bestfightodds.com/events/ufc-3406,35909,Chelsea Chandler,Yana Santos,/fighters/chelsea-chandler-7946,/fighters/yana-santos-15381,"('chelsea chandler', 'yana santos')",0a2c7ee6a7709eb0ed4a,2c733e059462c1dc,,2024-08-10,Yana Santos,99,Women's Bantamweight Bout,exact_pair,1.0
ufc-3406,UFC,2024-08-10,https://www.bestfightodds.com/events/ufc-3406,35902,Karol Rosa,Pannie Kianzad,/fighters/karol-rosa-9417,/fighters/pannie-kianzad-5306,"('karol rosa', 'pannie kianzad')",316136d32a898459bfe4,2c733e059462c1dc,,2024-08-10,Karol Rosa,99,Women's Bantamweight Bout,exact_pair,1.0
ufc-3406,UFC,2024-08-10,https://www.bestfightodds.com/events/ufc-3406,35900,Stephanie Luciano,Talita Alencar,/fighters/stephanie-luciano-11737,/fighters/talita-alencar-11655,"('stephanie luciano', 'talita alencar')",5eeea4897380527ebd79,2c733e059462c1dc,,2024-08-10,Stephanie Luciano,99,Women's Strawweight Bout,exact_pair,1.0
ufc-3407,UFC,2024-08-11,https://www.bestfightodds.com/events/ufc-3407,35914,Chepe Mariscal,Damon Jackson,/fighters/chepe-mariscal-16150,/fighters/damon-jackson-3828,"('chepe mariscal', 'damon jackson')",5fc01fe40ec7f5470715,2c733e059462c1dc,,2024-08-10,Chepe Mariscal,99,Featherweight Bout,exact_pair,1.0
ufc-3407,UFC,2024-08-11,https://www.bestfightodds.com/events/ufc-3407,35974,Chris Gutierrez,Quang Le,/fighters/chris-gutierrez-4725,/fighters/quang-le-12547,"('chris gutierrez', 'quang le')",8b27db2b277514ccbc8b,2c733e059462c1dc,,2024-08-10,Chris Gutierrez,99,Bantamweight Bout,exact_pair,1.0
ufc-3407,UFC,2024-08-11,https://www.bestfightodds.com/events/ufc-3407,35911,Danny Barlow,Nikolay Veretennikov,/fighters/danny-barlow-14814,/fighters/nikolay-veretennikov-7722,"('danny barlow', 'nikolay veretennikov')",aed907f8a1f4bf3b92c2,2c733e059462c1dc,,2024-08-10,Danny Barlow,99,Welterweight Bout,exact_pair,1.0
ufc-3406,UFC,2024-08-10,https://www.bestfightodds.com/events/ufc-3406,35899,Charalampos Grigoriou,Toshiomi Kazama,/fighters/charalampos-grigoriou-9980,/fighters/toshiomi-kazama-13922,"('charalampos grigoriou', 'toshiomi kazama')",d0c3afd95e5036544dc0,2c733e059462c1dc,,2024-08-10,Toshiomi Kazama,99,Bantamweight Bout,exact_pair,1.0
ufc-3406,UFC,2024-08-10,https://www.bestfightodds.com/events/ufc-3406,35901,Jarno Errens,Youssef Zalal,/fighters/jarno-errens-8222,/fighters/youssef-zalal-8823,"('jarno errens', 'youssef zalal')",d5ab21667bab4c86a7bd,2c733e059462c1dc,,2024-08-10,Youssef Zalal,99,Featherweight Bout,exact_pair,1.0
ufc-3407,UFC,2024-08-11,https://www.bestfightodds.com/events/ufc-3407,35907,Marcin Tybura,Sergey Spivak,/fighters/marcin-tybura-6200,/fighters/sergey-spivak-9063,"('marcin tybura', 'sergey spivak')",ea5849689a4c905717da,2c733e059462c1dc,,2024-08-10,Serghei Spivac,99,Heavyweight Bout,fuzzy_pair,0.9074074074074074
ufc-3350,UFC,2024-08-18,https://www.bestfightodds.com/events/ufc-3350,35910,Kai Kara-France,Steve Erceg,/fighters/kai-kara-france-8800,/fighters/steve-erceg-17167,"('kai kara france', 'steve erceg')",08be2832d8fff5cac32f,32ba186f4b0e3267,,2024-08-17,Kai Kara-France,99,Flyweight Bout,exact_pair,1.0
ufc-3350,UFC,2024-08-18,https://www.bestfightodds.com/events/ufc-3350,35937,Josh Culibao,Ricardo Ramos,/fighters/josh-culibao-9928,/fighters/ricardo-ramos-5477,"('josh culibao', 'ricardo ramos')",17cecce363182d98e7e5,32ba186f4b0e3267,,2024-08-17,Ricardo Ramos,99,Featherweight Bout,exact_pair,1.0
ufc-3350,UFC,2024-08-18,https://www.bestfightodds.com/events/ufc-3350,35940,Casey O'Neill,Luana Santos,/fighters/casey-o-neill-10524,/fighters/luana-santos-14049,"('casey oneill', 'luana santos')",4753ebb98eb1b6794dda,32ba186f4b0e3267,,2024-08-17,Casey O'Neill,99,Women's Flyweight Bout,exact_pair,1.0
ufc-3350,UFC,2024-08-18,https://www.bestfightodds.com/events/ufc-3350,35938,Junior Tafa,Valter Walker,/fighters/junior-tafa-14832,/fighters/valter-walker-17371,"('jr tafa', 'valter walker')",52daf4f8fe7ed1e893f3,32ba186f4b0e3267,,2024-08-17,Valter Walker,99,Heavyweight Bout,exact_pair,1.0
ufc-3410,UFC,2024-08-17,https://www.bestfightodds.com/events/ufc-3410,35942,Alex Reyes,Tom Nolan,/fighters/alex-reyes-7224,/fighters/tom-nolan-16303,"('alex reyes', 'tom nolan')",5706b6430e8688db3261,32ba186f4b0e3267,,2024-08-17,Tom Nolan,99,Lightweight Bout,exact_pair,1.0
ufc-3350,UFC,2024-08-18,https://www.bestfightodds.com/events/ufc-3350,35939,Herbert Burns,Jack Jenkins,/fighters/herbert-burns-4735,/fighters/jack-jenkins-8037,"('herbert burns', 'jack jenkins')",7369781da9f939de0c94,32ba186f4b0e3267,,2024-08-17,Jack Jenkins,99,Featherweight Bout,exact_pair,1.0
ufc-3350,UFC,2024-08-18,https://www.bestfightodds.com/events/ufc-3350,35896,Carlos Prates,Li Jingliang,/fighters/carlos-prates-14705,/fighters/li-jingliang-5510,"('carlos prates', 'li jingliang')",a9c19b5208e09b85486f,32ba186f4b0e3267,,2024-08-17,Carlos Prates,99,Welterweight Bout,exact_pair,1.0
ufc-3350,UFC,2024-08-18,https://www.bestfightodds.com/events/ufc-3350,35421,Dricus Du Plessis,Israel Adesanya,/fighters/dricus-du-plessis-7951,/fighters/israel-adesanya-7845,"('dricus du plessis', 'israel adesanya')",f14a216ad56cc2874b7e,32ba186f4b0e3267,,2024-08-17,Dricus Du Plessis,99,UFC Middleweight Title Bout,exact_pair,1.0
ufc-3350,UFC,2024-08-18,https://www.bestfightodds.com/events/ufc-3350,35897,Jairzinho Rozenstruik,Tai Tuivasa,/fighters/jairzinho-rozenstruik-8218,/fighters/tai-tuivasa-7444,"('jairzinho rozenstruik', 'tai tuivasa')",f344a0db0ac3678902fe,32ba186f4b0e3267,,2024-08-17,Jairzinho Rozenstruik,99,Heavyweight Bout,exact_pair,1.0
ufc-3410,UFC,2024-08-17,https://www.bestfightodds.com/events/ufc-3410,35941,Jesus Aguilar,Stewart Nicoll,/fighters/jesus-aguilar-14733,/fighters/stewart-nicoll-18148,"('jesus aguilar', 'stewart nicoll')",fe1572b6773120968403,32ba186f4b0e3267,,2024-08-17,Jesus Aguilar,99,Flyweight Bout,exact_pair,1.0
ufc-3350,UFC,2024-08-18,https://www.bestfightodds.com/events/ufc-3350,35898,Dan Hooker,Mateusz Gamrot,/fighters/dan-hooker-6767,/fighters/mateusz-gamrot-4189,"('dan hooker', 'mateusz gamrot')",ff3a5748182e351e32e1,32ba186f4b0e3267,,2024-08-17,Dan Hooker,99,Lightweight Bout,exact_pair,1.0
ufc-3441,UFC,2024-08-25,https://www.bestfightodds.com/events/ufc-3441,35951,Edmen Shahbazyan,Gerald Meerschaert,/fighters/edmen-shahbazyan-8418,/fighters/gerald-meerschaert-3628,"('edmen shahbazyan', 'gerald meerschaert')",0e0ad2af79ff51962913,be8ad887e4d674b0,,2024-08-24,Gerald Meerschaert,99,Middleweight Bout,exact_pair,1.0
ufc-3441,UFC,2024-08-25,https://www.bestfightodds.com/events/ufc-3441,36107,Robert Valentin,Ryan Loder,/fighters/robert-valentin-13471,/fighters/ryan-loder-15079,"('robert valentin', 'ryan loder')",310691efe101b7a2c39b,be8ad887e4d674b0,,2024-08-24,Ryan Loder,99,Middleweight Bout,exact_pair,1.0
ufc-3414,UFC,2024-08-24,https://www.bestfightodds.com/events/ufc-3414,35971,Victoria Leonardo,Wang Cong,/fighters/victoria-leonardo-8900,/fighters/wang-cong-18152,"('victoria leonardo', 'wang cong')",3b1970cc093be941381a,be8ad887e4d674b0,,2024-08-24,Wang Cong,99,Women's Flyweight Bout,exact_pair,1.0
ufc-3441,UFC,2024-08-25,https://www.bestfightodds.com/events/ufc-3441,36141,Dennis Buzukja,Francis Marshall,/fighters/dennis-buzukja-8602,/fighters/francis-marshall-14185,"('dennis buzukja', 'francis marshall')",3dd0bc33484d57238c59,be8ad887e4d674b0,,2024-08-24,Francis Marshall,99,Lightweight Bout,exact_pair,1.0
ufc-3441,UFC,2024-08-25,https://www.bestfightodds.com/events/ufc-3441,35954,Michael Morales,Neil Magny,/fighters/michael-morales-12495,/fighters/neil-magny-3807,"('michael morales', 'neil magny')",4b23799c452d903ff26a,be8ad887e4d674b0,,2024-08-24,Michael Morales,99,Welterweight Bout,exact_pair,1.0
ufc-3441,UFC,2024-08-25,https://www.bestfightodds.com/events/ufc-3441,35957,Angela Hill,Tabatha Ricci,/fighters/angela-hill-5348,/fighters/tabatha-ricci-10312,"('angela hill', 'tabatha ricci')",6798e5c1af91a64fc98b,be8ad887e4d674b0,,2024-08-24,Tabatha Ricci,99,Women's Strawweight Bout,exact_pair,1.0
ufc-3441,UFC,2024-08-25,https://www.bestfightodds.com/events/ufc-3441,36143,Kaan Ofli,Mairon Santos,/fighters/kaan-ofli-18252,/fighters/mairon-santos-13140,"('kaan ofli', 'mairon santos')",74084875afcd7354d582,be8ad887e4d674b0,,2024-08-24,Mairon Santos,99,Featherweight Bout,exact_pair,1.0
ufc-3441,UFC,2024-08-25,https://www.bestfightodds.com/events/ufc-3441,35956,Jacqueline Cavalcanti,Josiane Nunes,/fighters/jacqueline-cavalcanti-13407,/fighters/josiane-nunes-11029,"('jacqueline cavalcanti', 'josiane nunes')",837b4bae687de07d2f9c,be8ad887e4d674b0,,2024-08-24,Jacqueline Cavalcanti,99,Women's Bantamweight Bout,exact_pair,1.0
ufc-3441,UFC,2024-08-25,https://www.bestfightodds.com/events/ufc-3441,35952,James Llontop,Viacheslav Borshchev,/fighters/james-llontop-12200,/fighters/viacheslav-borshchev-12730,"('james llontop', 'viacheslav borshchev')",9586d4772aab9f6826e3,be8ad887e4d674b0,,2024-08-24,Viacheslav Borshchev,99,Lightweight Bout,exact_pair,1.0
ufc-3441,UFC,2024-08-25,https://www.bestfightodds.com/events/ufc-3441,36004,Caio Borralho,Jared Cannonier,/fighters/caio-borralho-12570,/fighters/jared-cannonier-5333,"('caio borralho', 'jared cannonier')",db3934d84297f521257b,be8ad887e4d674b0,,2024-08-24,Caio Borralho,99,Middleweight Bout,exact_pair,1.0
ufc-3415,UFC,2024-09-07,https://www.bestfightodds.com/events/ufc-3415,35967,Trevor Peek,Yanal Ashmouz,/fighters/trevor-peek-14364,/fighters/yanal-ashmouz-15722,"('trevor peek', 'yanal ashmouz')",381499d1d11ec1973eef,ee0b69e307c857e5,,2024-09-07,Yanal Ashmouz,99,Lightweight Bout,exact_pair,1.0
ufc-3415,UFC,2024-09-07,https://www.bestfightodds.com/events/ufc-3415,35961,Andre Petroski,Dylan Budka,/fighters/andre-petroski-10388,/fighters/dylan-budka-13649,"('andre petroski', 'dylan budka')",62857e1c7f8d8384e5aa,ee0b69e307c857e5,,2024-09-07,Andre Petroski,99,Middleweight Bout,exact_pair,1.0
ufc-3415,UFC,2024-09-07,https://www.bestfightodds.com/events/ufc-3415,35963,Andre Lima,Felipe Dos Santos,/fighters/andre-lima-16132,/fighters/felipe-dos-santos-14707,"('andre lima', 'felipe dos santos')",6581bc5ba39e34aeba26,ee0b69e307c857e5,,2024-09-07,Andre Lima,99,Flyweight Bout,exact_pair,1.0
ufc-3415,UFC,2024-09-07,https://www.bestfightodds.com/events/ufc-3415,35959,Jaqueline Amorim,Vanessa Demopoulos,/fighters/jaqueline-amorim-10780,/fighters/vanessa-demopoulos-8998,"('jaqueline amorim', 'vanessa demopoulos')",7a340d6a649f1625d699,ee0b69e307c857e5,,2024-09-07,Jaqueline Amorim,99,Women's Strawweight Bout,exact_pair,1.0
ufc-3415,UFC,2024-09-07,https://www.bestfightodds.com/events/ufc-3415,35962,Gabriel Santos,Yizha,/fighters/gabriel-santos-14703,/fighters/yizha-17111,"('gabriel santos', 'yizha')",80bc3f596848489a056c,ee0b69e307c857e5,,2024-09-07,Gabriel Santos,99,Featherweight Bout,exact_pair,1.0
ufc-3362,UFC,2024-09-08,https://www.bestfightodds.com/events/ufc-3362,35968,Jessica Andrade,Natalia Silva,/fighters/jessica-andrade-4201,/fighters/natalia-silva-10547,"('jessica andrade', 'natalia silva')",89203f24f6cbe02d9999,ee0b69e307c857e5,,2024-09-07,Natalia Silva,99,Women's Flyweight Bout,exact_pair,1.0
ufc-3415,UFC,2024-09-07,https://www.bestfightodds.com/events/ufc-3415,36084,Chris Padilla,Rong Zhu,/fighters/chris-padilla-6093,/fighters/rong-zhu-11320,"('chris padilla', 'rong zhu')",a468e270c9244d33f6b2,ee0b69e307c857e5,,2024-09-07,Chris Padilla,99,Lightweight Bout,fuzzy_pair,0.9666666666666667
ufc-3415,UFC,2024-09-07,https://www.bestfightodds.com/events/ufc-3415,36171,Nathan Fletcher,Zygimantas Ramaska,/fighters/nathan-fletcher-9198,/fighters/zygimantas-ramaska-18251,"('nathan fletcher', 'zygimantas ramaska')",af0e09ac8fe530f54d78,ee0b69e307c857e5,,2024-09-07,Nathan Fletcher,99,Featherweight Bout,exact_pair,1.0
ufc-3362,UFC,2024-09-08,https://www.bestfightodds.com/events/ufc-3362,36085,Kyle Nelson,Steve Garcia,/fighters/kyle-nelson-3633,/fighters/steve-garcia-2576,"('kyle nelson', 'steve garcia')",d4e891746d21f5021bad,ee0b69e307c857e5,,2024-09-07,Steve Garcia,99,Featherweight Bout,exact_pair,1.0
ufc-3362,UFC,2024-09-08,https://www.bestfightodds.com/events/ufc-3362,35516,Gilbert Burns,Sean Brady,/fighters/gilbert-burns-4747,/fighters/sean-brady-8521,"('gilbert burns', 'sean brady')",d8307222341f65221c30,ee0b69e307c857e5,,2024-09-07,Sean Brady,99,Welterweight Bout,exact_pair,1.0
ufc-3415,UFC,2024-09-07,https://www.bestfightodds.com/events/ufc-3415,36286,Cody Durden,Matt Schnell,/fighters/cody-durden-10231,/fighters/matt-schnell-3492,"('cody durden', 'matt schnell')",e0334ccbd5fd8985c940,ee0b69e307c857e5,,2024-09-07,Cody Durden,99,Bantamweight Bout,exact_pair,1.0
ufc-3415,UFC,2024-09-07,https://www.bestfightodds.com/events/ufc-3415,35964,Brendon Marotte,Isaac Dulgarian,/fighters/brendon-marotte-7869,/fighters/isaac-dulgarian-10816,"('brendon marotte', 'isaac dulgarian')",fd6cf62ba8d4efe38cbc,ee0b69e307c857e5,,2024-09-07,Isaac Dulgarian,99,Featherweight Bout,exact_pair,1.0
ufc-3371,UFC,2024-09-15,https://www.bestfightodds.com/events/ufc-3371,35858,Irene Aldana,Norma Dumont,/fighters/irene-aldana-5093,/fighters/norma-dumont-9825,"('irene aldana', 'norma dumont')",35a35ffff9a33bc7f108,0c01568b1ac77bff,,2024-09-14,Norma Dumont,99,Women's Bantamweight Bout,exact_pair,1.0
ufc-3371,UFC,2024-09-15,https://www.bestfightodds.com/events/ufc-3371,35857,Ignacio Bahamondes,Manuel Torres,/fighters/ignacio-bahamondes-9750,/fighters/manuel-torres-11468,"('ignacio bahamondes', 'manuel torres')",480a828b1082ad804f52,0c01568b1ac77bff,,2024-09-14,Ignacio Bahamondes,99,Lightweight Bout,exact_pair,1.0
ufc-3371,UFC,2024-09-15,https://www.bestfightodds.com/events/ufc-3371,35861,Ketlen Souza,Yazmin Jauregui,/fighters/ketlen-souza-13460,/fighters/yazmin-jauregui-13793,"('ketlen souza', 'yazmin jauregui')",7e531ae67513d9785fa2,0c01568b1ac77bff,,2024-09-14,Ketlen Souza,99,Women's Strawweight Bout,exact_pair,1.0
ufc-306-3399,UFC 306,2024-09-14,https://www.bestfightodds.com/events/ufc-306-3399,35944,Aoriqileng,Raul Rosas Jr.,/fighters/aoriqileng-16506,/fighters/raul-rosas-jr-14661,"('aoriqileng', 'raul rosas jr')",938acb0c78fae1d979b4,0c01568b1ac77bff,,2024-09-14,Raul Rosas Jr.,99,Bantamweight Bout,exact_pair,1.0
ufc-3371,UFC,2024-09-15,https://www.bestfightodds.com/events/ufc-3371,36323,Edgar Chairez,Joshua van,/fighters/edgar-chairez-9509,/fighters/joshua-van-14745,"('edgar chairez', 'joshua van')",99d13c32bc9f51998187,0c01568b1ac77bff,,2024-09-14,Joshua Van,99,Flyweight Bout,exact_pair,1.0
ufc-3371,UFC,2024-09-15,https://www.bestfightodds.com/events/ufc-3371,35860,Daniel Zellhuber,Esteban Ribovics,/fighters/daniel-zellhuber-9200,/fighters/esteban-ribovics-14245,"('daniel zellhuber', 'esteban ribovics')",a67bf6c20de9900a1763,0c01568b1ac77bff,,2024-09-14,Esteban Ribovics,99,Lightweight Bout,exact_pair,1.0
ufc-3371,UFC,2024-09-15,https://www.bestfightodds.com/events/ufc-3371,35844,Merab Dvalishvili,Sean O'Malley,/fighters/merab-dvalishvili-6415,/fighters/sean-o-malley-7125,"('merab dvalishvili', 'sean omalley')",adcf3952df2ecb49669c,0c01568b1ac77bff,,2024-09-14,Merab Dvalishvili,99,UFC Bantamweight Title Bout,exact_pair,1.0
ufc-3371,UFC,2024-09-15,https://www.bestfightodds.com/events/ufc-3371,35859,Brian Ortega,Diego Lopes,/fighters/brian-ortega-4290,/fighters/diego-lopes-12328,"('brian ortega', 'diego lopes')",ae9d5bc13baeb1aff5a5,0c01568b1ac77bff,,2024-09-14,Diego Lopes,99,Featherweight Bout,exact_pair,1.0
ufc-3371,UFC,2024-09-15,https://www.bestfightodds.com/events/ufc-3371,35864,Ode Osbourne,Ronaldo Rodriguez,/fighters/ode-osbourne-9282,/fighters/ronaldo-rodriguez-18123,"('ode osbourne', 'ronaldo rodriguez')",b557a7fbd6faab874214,0c01568b1ac77bff,,2024-09-14,Ronaldo Rodriguez,99,Flyweight Bout,exact_pair,1.0
ufc-3371,UFC,2024-09-15,https://www.bestfightodds.com/events/ufc-3371,35856,Alexa Grasso,Valentina Shevchenko,/fighters/alexa-grasso-5096,/fighters/valentina-shevchenko-5475,"('alexa grasso', 'valentina shevchenko')",df2e59dad30bdcea706c,0c01568b1ac77bff,,2024-09-14,Valentina Shevchenko,99,UFC Women's Flyweight Title Bout,exact_pair,1.0
ufc-3427,UFC,2024-09-28,https://www.bestfightodds.com/events/ufc-3427,36428,Gabriel Miranda,Morgan Charriere,/fighters/gabriel-miranda-10991,/fighters/morgan-charriere-8980,"('gabriel miranda', 'morgan charriere')",0a317df6382f0c4a000e,079488710f012779,,2024-09-28,Morgan Charriere,99,Featherweight Bout,exact_pair,1.0
ufc-3427,UFC,2024-09-28,https://www.bestfightodds.com/events/ufc-3427,36178,Ion Cutelaba,Ivan Erslan,/fighters/ion-cutelaba-4315,/fighters/ivan-erslan-9672,"('ion cutelaba', 'ivan erslan')",27e600cdee2fc18b3d35,079488710f012779,,2024-09-28,Ion Cutelaba,99,Light Heavyweight Bout,exact_pair,1.0
ufc-3427,UFC,2024-09-28,https://www.bestfightodds.com/events/ufc-3427,36539,Taylor Lapilus,Vince Morales,/fighters/taylor-lapilus-5164,/fighters/vince-morales-6316,"('taylor lapilus', 'vince morales')",36892395b9d16987f7f3,079488710f012779,,2024-09-28,Taylor Lapilus,99,Bantamweight Bout,exact_pair,1.0
ufc-3427,UFC,2024-09-28,https://www.bestfightodds.com/events/ufc-3427,36426,Daniel Barez,Victor Altamirano,/fighters/daniel-barez-4827,/fighters/victor-altamirano-9662,"('daniel barez', 'victor altamirano')",4d6324bbfb99bd5e4b2f,079488710f012779,,2024-09-28,Daniel Barez,99,Flyweight Bout,exact_pair,1.0
ufc-3427,UFC,2024-09-28,https://www.bestfightodds.com/events/ufc-3427,36175,Brendan Allen,Nassourdine Imavov,/fighters/brendan-allen-6203,/fighters/nassourdine-imavov-10307,"('brendan allen', 'nassourdine imavov')",6336300083dc83859308,079488710f012779,,2024-09-28,Nassourdine Imavov,99,Middleweight Bout,exact_pair,1.0
ufc-3427,UFC,2024-09-28,https://www.bestfightodds.com/events/ufc-3427,36179,Fares Ziam,Matt Frevola,/fighters/fares-ziam-9451,/fighters/matt-frevola-5332,"('fares ziam', 'matt frevola')",7685c3fc44c266483dff,079488710f012779,,2024-09-28,Fares Ziam,99,Lightweight Bout,exact_pair,1.0
ufc-3427,UFC,2024-09-28,https://www.bestfightodds.com/events/ufc-3427,36425,Jacqueline Cavalcanti,Nora Cornolle,/fighters/jacqueline-cavalcanti-13407,/fighters/nora-cornolle-14385,"('jacqueline cavalcanti', 'nora cornolle')",7aa60fa3a68e9bcb1d77,079488710f012779,,2024-09-28,Jacqueline Cavalcanti,99,Women's Bantamweight Bout,exact_pair,1.0
ufc-3427,UFC,2024-09-28,https://www.bestfightodds.com/events/ufc-3427,36172,Bryan Battle,Kevin Jousset,/fighters/bryan-battle-12265,/fighters/kevin-jousset-16429,"('bryan battle', 'kevin jousset')",c2e8c2758b002a40b414,079488710f012779,,2024-09-28,Bryan Battle,99,Welterweight Bout,exact_pair,1.0
ufc-3427,UFC,2024-09-28,https://www.bestfightodds.com/events/ufc-3427,36174,Joanderson Brito,William Gomis,/fighters/joanderson-brito-9135,/fighters/william-gomis-10345,"('joanderson brito', 'william gomis')",c371463a42a1fe406a45,079488710f012779,,2024-09-28,William Gomis,99,Featherweight Bout,exact_pair,1.0
ufc-3427,UFC,2024-09-28,https://www.bestfightodds.com/events/ufc-3427,36229,Ailin Perez,Darya Zheleznyakova,/fighters/ailin-perez-13883,/fighters/darya-zheleznyakova-14690,"('ailin perez', 'darya zheleznyakova')",c89af920047bc0a448f0,079488710f012779,,2024-09-28,Ailin Perez,99,Women's Bantamweight Bout,fuzzy_pair,0.9473684210526316
ufc-3427,UFC,2024-09-28,https://www.bestfightodds.com/events/ufc-3427,36427,Ludovit Klein,Roosevelt Roberts,/fighters/ludovit-klein-7610,/fighters/roosevelt-roberts-7881,"('ludovit klein', 'roosevelt roberts')",e54095e8fcf80b8c4b7a,079488710f012779,,2024-09-28,Ludovit Klein,99,Lightweight Bout,exact_pair,1.0
ufc-3427,UFC,2024-09-28,https://www.bestfightodds.com/events/ufc-3427,36053,Benoit Saint-Denis,Renato Moicano,/fighters/benoit-saint-denis-10992,/fighters/renato-moicano-5598,"('benoit saint denis', 'renato moicano')",eda01bf00eaf93b77f43,079488710f012779,,2024-09-28,Renato Moicano,99,Lightweight Bout,exact_pair,1.0
ufc-3427,UFC,2024-09-28,https://www.bestfightodds.com/events/ufc-3427,36173,Da Woon Jung,Oumar Sy,/fighters/da-woon-jung-15942,/fighters/oumar-sy-12679,"('da un jung', 'oumar sy')",fccf07da8afa17abcab0,079488710f012779,,2024-09-28,Oumar Sy,99,Light Heavyweight Bout,exact_pair,1.0
ufc-3427,UFC,2024-09-28,https://www.bestfightodds.com/events/ufc-3427,36447,Bolaji Oki,Chris Duncan,/fighters/bolaji-oki-16406,/fighters/chris-duncan-8861,"('bolaji oki', 'chris duncan')",fed2d160b486b06d5ab2,079488710f012779,,2024-09-28,Chris Duncan,99,Lightweight Bout,exact_pair,1.0
ufc-3433,UFC,2024-10-06,https://www.bestfightodds.com/events/ufc-3433,36662,Alexander Hernandez,Austin Hubbard,/fighters/alexander-hernandez-7977,/fighters/austin-hubbard-8207,"('alexander hernandez', 'austin hubbard')",2392c96022f21fda001d,eee8efec7b951d84,,2024-10-05,Alexander Hernandez,99,Lightweight Bout,exact_pair,1.0
ufc-307-3449,UFC 307,2024-10-05,https://www.bestfightodds.com/events/ufc-307-3449,36518,Carla Esparza,Tecia Pennington,/fighters/carla-esparza-2043,/fighters/tecia-pennington-17554,"('carla esparza', 'tecia pennington')",34fa5393c5949bed5748,eee8efec7b951d84,,2024-10-05,Tecia Pennington,99,Women's Strawweight Bout,exact_pair,1.0
ufc-3433,UFC,2024-10-06,https://www.bestfightodds.com/events/ufc-3433,36096,Alex Pereira,Khalil Rountree Jr.,/fighters/alex-pereira-10463,/fighters/khalil-rountree-jr-11552,"('alex pereira', 'khalil rountree jr')",46913c9e24ac5ee01015,eee8efec7b951d84,,2024-10-05,Alex Pereira,99,UFC Light Heavyweight Title Bout,exact_pair,1.0
ufc-307-3449,UFC 307,2024-10-05,https://www.bestfightodds.com/events/ufc-307-3449,36520,Court McGee,Tim Means,/fighters/court-mcgee-1956,/fighters/tim-means-3125,"('court mcgee', 'tim means')",57a69af2bc21062a328b,eee8efec7b951d84,,2024-10-05,Court McGee,99,Welterweight Bout,exact_pair,1.0
ufc-3433,UFC,2024-10-06,https://www.bestfightodds.com/events/ufc-3433,36182,Kevin Holland,Roman Dolidze,/fighters/kevin-holland-5910,/fighters/roman-dolidze-9094,"('kevin holland', 'roman dolidze')",961c039ac007f09d5a82,eee8efec7b951d84,,2024-10-05,Roman Dolidze,99,Middleweight Bout,exact_pair,1.0
ufc-3433,UFC,2024-10-06,https://www.bestfightodds.com/events/ufc-3433,36516,Iasmin Lucindo,Marina Rodriguez,/fighters/iasmin-lucindo-14124,/fighters/marina-rodriguez-8543,"('iasmin lucindo', 'marina rodriguez')",c7d36dfb487f5c873024,eee8efec7b951d84,,2024-10-05,Iasmin Lucindo,99,Women's Strawweight Bout,exact_pair,1.0
ufc-3433,UFC,2024-10-06,https://www.bestfightodds.com/events/ufc-3433,36184,Julianna Pena,Raquel Pennington,/fighters/julianna-pena-1816,/fighters/raquel-pennington-3353,"('julianna pena', 'raquel pennington')",cb5420455da0fdf50b31,eee8efec7b951d84,,2024-10-05,Julianna Pena,99,UFC Women's Bantamweight Title Bout,exact_pair,1.0
ufc-3433,UFC,2024-10-06,https://www.bestfightodds.com/events/ufc-3433,36183,Kayla Harrison,Ketlen Vieira,/fighters/kayla-harrison-8276,/fighters/ketlen-vieira-6585,"('kayla harrison', 'ketlen vieira')",cf1ed84e59af696408f4,eee8efec7b951d84,,2024-10-05,Kayla Harrison,99,Women's Bantamweight Bout,exact_pair,1.0
ufc-307-3449,UFC 307,2024-10-05,https://www.bestfightodds.com/events/ufc-307-3449,36519,Ovince St. Preux,Ryan Spann,/fighters/ovince-st-preux-1788,/fighters/ryan-spann-3502,"('ovince st preux', 'ryan spann')",df7488771dd045ff4ac3,eee8efec7b951d84,,2024-10-05,Ryan Spann,99,Light Heavyweight Bout,exact_pair,1.0
ufc-3433,UFC,2024-10-06,https://www.bestfightodds.com/events/ufc-3433,36181,Joaquin Buckley,Stephen Thompson,/fighters/joaquin-buckley-6458,/fighters/stephen-thompson-3092,"('joaquin buckley', 'stephen thompson')",e33334358c849cef5038,eee8efec7b951d84,,2024-10-05,Joaquin Buckley,99,Welterweight Bout,exact_pair,1.0
ufc-3433,UFC,2024-10-06,https://www.bestfightodds.com/events/ufc-3433,36185,Jose Aldo,Mario Bautista,/fighters/jose-aldo-659,/fighters/mario-bautista-8867,"('jose aldo', 'mario bautista')",e793aaab2fd2380a60e5,eee8efec7b951d84,,2024-10-05,Mario Bautista,99,Bantamweight Bout,exact_pair,1.0
ufc-3433,UFC,2024-10-06,https://www.bestfightodds.com/events/ufc-3433,36517,Cesar Almeida,Ihor Potieria,/fighters/cesar-almeida-16304,/fighters/ihor-potieria-13119,"('cesar almeida', 'ihor potieria')",ea5539b54f0534f051e0,eee8efec7b951d84,,2024-10-05,Cesar Almeida,99,Middleweight Bout,exact_pair,1.0
ufc-3500,UFC,2024-10-12,https://www.bestfightodds.com/events/ufc-3500,36654,Cj Vergara,Ramazan Temirov,/fighters/cj-vergara-17015,/fighters/ramazan-temirov-18532,"('cj vergara', 'ramazan temirov')",0874a167410a28592d94,5bdcbd8dd681a257,,2024-10-12,Ramazan Temirov,99,Flyweight Bout,exact_pair,1.0
ufc-fight-night-3501,UFC Fight Night,2024-10-13,https://www.bestfightodds.com/events/ufc-fight-night-3501,36650,Brad Tavares,Jun Yong Park,/fighters/brad-tavares-1959,/fighters/jun-yong-park-9312,"('brad tavares', 'jun yong park')",157d3148e8aed73a6ef0,5bdcbd8dd681a257,,2024-10-12,JunYong Park,99,Middleweight Bout,exact_pair,1.0
ufc-3500,UFC,2024-10-12,https://www.bestfightodds.com/events/ufc-3500,36656,Grant Dawson,Rafa Garcia,/fighters/grant-dawson-5841,/fighters/rafa-garcia-9241,"('grant dawson', 'rafa garcia')",1596f554802b614df9cf,5bdcbd8dd681a257,,2024-10-12,Grant Dawson,99,Lightweight Bout,exact_pair,1.0
ufc-3500,UFC,2024-10-12,https://www.bestfightodds.com/events/ufc-3500,36652,Alex Morono,Daniel Rodriguez,/fighters/alex-morono-2727,/fighters/daniel-rodriguez-6856,"('alex morono', 'daniel rodriguez')",325a7c375aaf933a134d,5bdcbd8dd681a257,,2024-10-12,Daniel Rodriguez,99,Welterweight Bout,exact_pair,1.0
ufc-3500,UFC,2024-10-12,https://www.bestfightodds.com/events/ufc-3500,36822,Junior Tafa,Sean Sharaf,/fighters/junior-tafa-14832,/fighters/sean-sharaf-18607,"('jr tafa', 'sean sharaf')",3d0e2a75bdb9b626411a,5bdcbd8dd681a257,,2024-10-12,Junior Tafa,99,Heavyweight Bout,exact_pair,1.0
ufc-3500,UFC,2024-10-12,https://www.bestfightodds.com/events/ufc-3500,36655,Clayton Carpenter,Lucas Rocha,/fighters/clayton-carpenter-10300,/fighters/lucas-rocha-15885,"('clayton carpenter', 'lucas rocha')",4502bc3e84d069b4e1ed,5bdcbd8dd681a257,,2024-10-12,Clayton Carpenter,99,Flyweight Bout,exact_pair,1.0
ufc-3500,UFC,2024-10-12,https://www.bestfightodds.com/events/ufc-3500,36730,Cody Haddon,Daniel Argueta,/fighters/cody-haddon-18212,/fighters/daniel-argueta-12698,"('cody haddon', 'daniel argueta')",528f39baea1bb6ed609c,5bdcbd8dd681a257,,2024-10-12,Cody Haddon,99,Bantamweight Bout,fuzzy_pair,0.94
ufc-3500,UFC,2024-10-12,https://www.bestfightodds.com/events/ufc-3500,36653,Jonathan Pearce,Pat Sabatini,/fighters/jonathan-pearce-9246,/fighters/pat-sabatini-8167,"('jonathan pearce', 'pat sabatini')",8e552da3a3436c0d30ca,5bdcbd8dd681a257,,2024-10-12,Pat Sabatini,99,Featherweight Bout,exact_pair,1.0
ufc-3500,UFC,2024-10-12,https://www.bestfightodds.com/events/ufc-3500,36731,Cory McKenna,Julia Polastri,/fighters/cory-mckenna-7840,/fighters/julia-polastri-12394,"('cory mckenna', 'julia polastri')",a60956c26676570618d1,5bdcbd8dd681a257,,2024-10-12,Julia Polastri,99,Women's Strawweight Bout,exact_pair,1.0
ufc-fight-night-3501,UFC Fight Night,2024-10-13,https://www.bestfightodds.com/events/ufc-fight-night-3501,36647,Brandon Royval,Tatsuro Taira,/fighters/brandon-royval-7031,/fighters/tatsuro-taira-13311,"('brandon royval', 'tatsuro taira')",c20eaaf7a845e49be922,5bdcbd8dd681a257,,2024-10-12,Brandon Royval,99,Flyweight Bout,exact_pair,1.0
ufc-3500,UFC,2024-10-12,https://www.bestfightodds.com/events/ufc-3500,36651,Niko Price,Themba Gorimbo,/fighters/niko-price-6895,/fighters/themba-gorimbo-12770,"('niko price', 'themba gorimbo')",d5df2bd6b70428ad5971,5bdcbd8dd681a257,,2024-10-12,Themba Gorimbo,99,Welterweight Bout,exact_pair,1.0
ufc-fight-night-3501,UFC Fight Night,2024-10-13,https://www.bestfightodds.com/events/ufc-fight-night-3501,36648,Chidi Njokuani,Jared Gooden,/fighters/chidi-njokuani-2452,/fighters/jared-gooden-5444,"('chidi njokuani', 'jared gooden')",fb38f3d2a8cc996f8bd9,5bdcbd8dd681a257,,2024-10-12,Chidi Njokuani,99,Welterweight Bout,exact_pair,1.0
ufc-3513,UFC,2024-10-19,https://www.bestfightodds.com/events/ufc-3513,36777,Anthony Hernandez,Michel Pereira,/fighters/anthony-hernandez-6092,/fighters/michel-pereira-9071,"('anthony hernandez', 'michel pereira')",1ce8e9db37db3869e546,6a0047ac8c99fece,,2024-10-19,Anthony Hernandez,99,Middleweight Bout,exact_pair,1.0
ufc-3513,UFC,2024-10-19,https://www.bestfightodds.com/events/ufc-3513,36773,Kyler Phillips,Rob Font,/fighters/kyler-phillips-7228,/fighters/rob-font-4984,"('kyler phillips', 'rob font')",39e1a4be95ec683ac5a6,6a0047ac8c99fece,,2024-10-19,Rob Font,99,Bantamweight Bout,exact_pair,1.0
ufc-3513,UFC,2024-10-19,https://www.bestfightodds.com/events/ufc-3513,36770,Alice Ardelean,Melissa Martinez,/fighters/alice-ardelean-15320,/fighters/melissa-martinez-7705,"('alice ardelean', 'melissa martinez')",3c4be586ad0bfc51ead7,6a0047ac8c99fece,,2024-10-19,Melissa Martinez,99,Women's Strawweight Bout,exact_pair,1.0
ufc-3513,UFC,2024-10-19,https://www.bestfightodds.com/events/ufc-3513,36771,Joselyne Edwards,Tamires Vidal,/fighters/joselyne-edwards-8664,/fighters/tamires-vidal-11785,"('joselyne edwards', 'tamires vidal')",6939e715109d63352ce9,6a0047ac8c99fece,,2024-10-19,Joselyne Edwards,99,Women's Bantamweight Bout,exact_pair,1.0
ufc-3513,UFC,2024-10-19,https://www.bestfightodds.com/events/ufc-3513,36772,Brad Katona,Jean Matsumoto,/fighters/brad-katona-8426,/fighters/jean-matsumoto-14110,"('brad katona', 'jean matsumoto')",6e5a7b5c11c7932dd4ae,6a0047ac8c99fece,,2024-10-19,Jean Matsumoto,99,Bantamweight Bout,exact_pair,1.0
ufc-3513,UFC,2024-10-19,https://www.bestfightodds.com/events/ufc-3513,36779,Daniel Pineda,Darren Elkins,/fighters/daniel-pineda-1240,/fighters/darren-elkins-1768,"('daniel pineda', 'darren elkins')",87258bbf7218398417aa,6a0047ac8c99fece,,2024-10-19,Darren Elkins,99,Featherweight Bout,exact_pair,1.0
ufc-3513,UFC,2024-10-19,https://www.bestfightodds.com/events/ufc-3513,36774,Asu Almabayev,Matheus Nicolau,/fighters/asu-almabayev-16167,/fighters/matheus-nicolau-5923,"('asu almabayev', 'matheus nicolau')",89bcb666aa6cb43fbcd0,6a0047ac8c99fece,,2024-10-19,Asu Almabayev,99,Flyweight Bout,exact_pair,1.0
ufc-3513,UFC,2024-10-19,https://www.bestfightodds.com/events/ufc-3513,36769,Elise Reed,Jessica Penne,/fighters/elise-reed-9554,/fighters/jessica-penne-3305,"('elise reed', 'jessica penne')",9c77b60ecaf25a762ceb,6a0047ac8c99fece,,2024-10-19,Elise Reed,99,Women's Strawweight Bout,exact_pair,1.0
ufc-3513,UFC,2024-10-19,https://www.bestfightodds.com/events/ufc-3513,36869,Cameron Smotherman,Jake Hadley,/fighters/cameron-smotherman-12367,/fighters/jake-hadley-9411,"('cameron smotherman', 'jake hadley')",b1cddd8bdcf8cd4ee484,6a0047ac8c99fece,,2024-10-19,Cameron Smotherman,99,Bantamweight Bout,exact_pair,1.0
ufc-3513,UFC,2024-10-19,https://www.bestfightodds.com/events/ufc-3513,36775,Austen Lane,Robelis Despaigne,/fighters/austen-lane-8254,/fighters/robelis-despaigne-16067,"('austen lane', 'robelis despaigne')",ecab9cae10cd41c8ed69,6a0047ac8c99fece,,2024-10-19,Austen Lane,99,Heavyweight Bout,exact_pair,1.0
ufc-3412,UFC,2024-10-26,https://www.bestfightodds.com/events/ufc-3412,36763,Abus Magomedov,Brunno Ferreira,/fighters/abus-magomedov-16645,/fighters/brunno-ferreira-14404,"('abus magomedov', 'brunno ferreira')",1b8c066757e78d055350,221b2a3070c7ce3e,,2024-10-26,Abus Magomedov,99,Middleweight Bout,exact_pair,1.0
ufc-3412,UFC,2024-10-26,https://www.bestfightodds.com/events/ufc-3412,36758,Dan Ige,Lerone Murphy,/fighters/dan-ige-6448,/fighters/lerone-murphy-9433,"('dan ige', 'lerone murphy')",233c6e6dae51339814e3,221b2a3070c7ce3e,,2024-10-26,Lerone Murphy,99,Featherweight Bout,exact_pair,1.0
ufc-3412,UFC,2024-10-26,https://www.bestfightodds.com/events/ufc-3412,35948,Aleksandar Rakir,Magomed Ankalaev,/fighters/aleksandar-rakir-18150,/fighters/magomed-ankalaev-7794,"('aleksandar rakir', 'magomed ankalaev')",3397bf62264fc72f0e41,221b2a3070c7ce3e,,2024-10-26,Magomed Ankalaev,99,Light Heavyweight Bout,fuzzy_pair,0.96875
ufc-3412,UFC,2024-10-26,https://www.bestfightodds.com/events/ufc-3412,36759,Armen Petrosyan,Shara Magomedov,/fighters/armen-petrosyan-11514,/fighters/shara-magomedov-17740,"('armen petrosyan', 'shara magomedov')",3cd18be4ab36a8c00d31,221b2a3070c7ce3e,,2024-10-26,Shara Magomedov,99,Middleweight Bout,exact_pair,1.0
ufc-3412,UFC,2024-10-26,https://www.bestfightodds.com/events/ufc-3412,35949,Khamzat Chimaev,Robert Whittaker,/fighters/khamzat-chimaev-10189,/fighters/robert-whittaker-3761,"('khamzat chimaev', 'robert whittaker')",963e0f72826268c799bd,221b2a3070c7ce3e,,2024-10-26,Khamzat Chimaev,99,Middleweight Bout,exact_pair,1.0
ufc-3412,UFC,2024-10-26,https://www.bestfightodds.com/events/ufc-3412,36762,Ibo Aslan,Raffael Cerqueira,/fighters/ibo-aslan-16319,/fighters/raffael-cerqueira-18575,"('ibo aslan', 'raffael cerqueira')",9e7ed232bf7124114e77,221b2a3070c7ce3e,,2024-10-26,Ibo Aslan,99,Light Heavyweight Bout,fuzzy_pair,0.9848484848484849
ufc-3412,UFC,2024-10-26,https://www.bestfightodds.com/events/ufc-3412,36768,Bruno Silva,Ismail Naurdiev,/fighters/bruno-silva-7121,/fighters/ismail-naurdiev-7558,"('bruno silva', 'ismail naurdiev')",aa03729e8e8d12916d7a,221b2a3070c7ce3e,,2024-10-26,Ismail Naurdiev,99,Middleweight Bout,exact_pair,1.0
ufc-3412,UFC,2024-10-26,https://www.bestfightodds.com/events/ufc-3412,36765,Mateusz Rebecki,Myktybek Orolbai,/fighters/mateusz-rebecki-10102,/fighters/myktybek-orolbai-16276,"('mateusz rebecki', 'myktybek orolbai')",afc7e5acd4d51a6a0fc6,221b2a3070c7ce3e,,2024-10-26,Mateusz Rebecki,99,Catch Weight Bout,exact_pair,1.0
ufc-3412,UFC,2024-10-26,https://www.bestfightodds.com/events/ufc-3412,36761,Geoff Neal,Rafael Dos Anjos,/fighters/geoff-neal-8453,/fighters/rafael-dos-anjos-895,"('geoff neal', 'rafael dos anjos')",b11c5a1dfe3bea5e18a6,221b2a3070c7ce3e,,2024-10-26,Geoff Neal,99,Welterweight Bout,exact_pair,1.0
ufc-3412,UFC,2024-10-26,https://www.bestfightodds.com/events/ufc-3412,35946,Ilia Topuria,Max Holloway,/fighters/ilia-topuria-8322,/fighters/max-holloway-3090,"('ilia topuria', 'max holloway')",b7a42ed4775130c3ce16,221b2a3070c7ce3e,,2024-10-26,Ilia Topuria,99,UFC Featherweight Title Bout,exact_pair,1.0
ufc-3412,UFC,2024-10-26,https://www.bestfightodds.com/events/ufc-3412,36883,Chris Barnett,Kennedy Nzechukwu,/fighters/chris-barnett-3234,/fighters/kennedy-nzechukwu-7454,"('chris barnett', 'kennedy nzechukwu')",c7cdc3aa53a787ea8016,221b2a3070c7ce3e,,2024-10-26,Kennedy Nzechukwu,99,Heavyweight Bout,exact_pair,1.0
ufc-3412,UFC,2024-10-26,https://www.bestfightodds.com/events/ufc-3412,36764,Farid Basharat,Victor Hugo,/fighters/farid-basharat-11791,/fighters/victor-hugo-12838,"('farid basharat', 'victor hugo')",ec1db7fe66b51847488c,221b2a3070c7ce3e,,2024-10-26,Farid Basharat,99,Featherweight Bout,exact_pair,1.0
ufc-fight-night-3450,UFC Fight Night,2024-11-02,https://www.bestfightodds.com/events/ufc-fight-night-3450,36887,Ivana Petrovic,Jamey-Lyn Horth Wessels,/fighters/ivana-petrovic-13667,/fighters/jamey-lyn-horth-wessels-10412,"('ivana petrovic', 'jamey lyn horth wessels')",15242648861b89cc70d4,3ab0df1ddd5f1dc2,,2024-11-02,Jamey-Lyn Horth,99,Women's Flyweight Bout,fuzzy_pair,0.8947368421052632
ufc-fight-night-3450,UFC Fight Night,2024-11-02,https://www.bestfightodds.com/events/ufc-fight-night-3450,36891,Aiemann Zahabi,Pedro Munhoz,/fighters/aiemann-zahabi-6901,/fighters/pedro-munhoz-3750,"('aiemann zahabi', 'pedro munhoz')",363f254f6b903dbd464c,3ab0df1ddd5f1dc2,,2024-11-02,Aiemann Zahabi,99,Bantamweight Bout,exact_pair,1.0
ufc-fight-night-3450,UFC Fight Night,2024-11-02,https://www.bestfightodds.com/events/ufc-fight-night-3450,36188,Alexandr Romanov,Rodrigo Nascimento,/fighters/alexandr-romanov-10383,/fighters/rodrigo-nascimento-9293,"('alexandr romanov', 'rodrigo nascimento')",442a19b3eeef90db6284,3ab0df1ddd5f1dc2,,2024-11-02,Alexandr Romanov,99,Heavyweight Bout,exact_pair,1.0
ufc-fight-night-3436,UFC Fight Night,2024-11-03,https://www.bestfightodds.com/events/ufc-fight-night-3436,36856,Amir Albazi,Brandon Moreno,/fighters/amir-albazi-7189,/fighters/brandon-moreno-6681,"('amir albazi', 'brandon moreno')",467a18da298b5c8aef1d,3ab0df1ddd5f1dc2,,2024-11-02,Brandon Moreno,99,Flyweight Bout,exact_pair,1.0
ufc-fight-night-3436,UFC Fight Night,2024-11-03,https://www.bestfightodds.com/events/ufc-fight-night-3436,36885,Dustin Stoltzfus,Marc-Andre Barriault,/fighters/dustin-stoltzfus-10214,/fighters/marc-andre-barriault-8960,"('dustin stoltzfus', 'marc andre barriault')",507bc9f78f036f60272e,3ab0df1ddd5f1dc2,,2024-11-02,Dustin Stoltzfus,99,Middleweight Bout,exact_pair,1.0
ufc-fight-night-3436,UFC Fight Night,2024-11-03,https://www.bestfightodds.com/events/ufc-fight-night-3436,36884,Brendson Ribeiro,Caio Machado,/fighters/brendson-ribeiro-13392,/fighters/caio-machado-4965,"('brendson ribeiro', 'caio machado')",5d69b591eb9757c525eb,3ab0df1ddd5f1dc2,,2024-11-02,Brendson Ribeiro,99,Light Heavyweight Bout,exact_pair,1.0
ufc-fight-night-3436,UFC Fight Night,2024-11-03,https://www.bestfightodds.com/events/ufc-fight-night-3436,36106,Erin Blanchfield,Rose Namajunas,/fighters/erin-blanchfield-8336,/fighters/rose-namajunas-3803,"('erin blanchfield', 'rose namajunas')",8f70c616ddc4cbac5ae5,3ab0df1ddd5f1dc2,,2024-11-02,Erin Blanchfield,99,Women's Flyweight Bout,exact_pair,1.0
ufc-fight-night-3450,UFC Fight Night,2024-11-02,https://www.bestfightodds.com/events/ufc-fight-night-3450,36889,Charles Jourdain,Victor Henry,/fighters/charles-jourdain-9131,/fighters/victor-henry-9364,"('charles jourdain', 'victor henry')",93a6a0d1a2d508a6e37b,3ab0df1ddd5f1dc2,,2024-11-02,Charles Jourdain,99,Bantamweight Bout,exact_pair,1.0
ufc-fight-night-3436,UFC Fight Night,2024-11-03,https://www.bestfightodds.com/events/ufc-fight-night-3436,36886,Mike Malott,Trevin Giles,/fighters/mike-malott-5196,/fighters/trevin-giles-4665,"('mike malott', 'trevin giles')",9652419d1495d2394eae,3ab0df1ddd5f1dc2,,2024-11-02,Mike Malott,99,Welterweight Bout,exact_pair,1.0
ufc-fight-night-3450,UFC Fight Night,2024-11-02,https://www.bestfightodds.com/events/ufc-fight-night-3450,36893,Garrett Armfield,Serhiy Sidey,/fighters/garrett-armfield-9084,/fighters/serhiy-sidey-13707,"('garrett armfield', 'serhiy sidey')",d06353e315a550d00646,3ab0df1ddd5f1dc2,,2024-11-02,Serhiy Sidey,99,Bantamweight Bout,exact_pair,1.0
ufc-fight-night-3450,UFC Fight Night,2024-11-02,https://www.bestfightodds.com/events/ufc-fight-night-3450,36895,Chad Anheliger,Cody Gibson,/fighters/chad-anheliger-12270,/fighters/cody-gibson-1915,"('chad anheliger', 'cody gibson')",e158d0493b9b41c0b0d2,3ab0df1ddd5f1dc2,,2024-11-02,Cody Gibson,99,Bantamweight Bout,exact_pair,1.0
ufc-fight-night-3450,UFC Fight Night,2024-11-02,https://www.bestfightodds.com/events/ufc-fight-night-3450,36890,Jack Shore,Youssef Zalal,/fighters/jack-shore-6409,/fighters/youssef-zalal-8823,"('jack shore', 'youssef zalal')",ef15ccec1e6ea1c8923c,3ab0df1ddd5f1dc2,,2024-11-02,Youssef Zalal,99,Featherweight Bout,exact_pair,1.0
ufc-fight-night-3436,UFC Fight Night,2024-11-03,https://www.bestfightodds.com/events/ufc-fight-night-3436,36894,Ariane da Silva,Jasmine Jasudavicius,/fighters/ariane-da-silva-18630,/fighters/jasmine-jasudavicius-9869,"('ariane da silva', 'jasmine jasudavicius')",ef99be94469ed1b92dda,3ab0df1ddd5f1dc2,,2024-11-02,Jasmine Jasudavicius,99,Women's Flyweight Bout,exact_pair,1.0
ufc-fight-night-3531,UFC Fight Night,2024-11-09,https://www.bestfightodds.com/events/ufc-fight-night-3531,37068,Elizeu Zaleski,Zach Scroggin,/fighters/elizeu-zaleski-5594,/fighters/zach-scroggin-12971,"('elizeu zaleski', 'zach scroggin')",1e47362a76e58d9292c6,585f9ffdb0cd0466,,2024-11-09,Elizeu Zaleski dos Santos,99,Welterweight Bout,fuzzy_pair,0.9482758620689655
ufc-fight-night-3531,UFC Fight Night,2024-11-09,https://www.bestfightodds.com/events/ufc-fight-night-3531,36965,Antonio Trocoli,Tresean Gore,/fighters/antonio-trocoli-6081,/fighters/tresean-gore-12266,"('antonio trocoli', 'tresean gore')",330ec4d87a89ef18f7bd,585f9ffdb0cd0466,,2024-11-09,Tresean Gore,99,Middleweight Bout,exact_pair,1.0
ufc-3537,UFC,2024-11-10,https://www.bestfightodds.com/events/ufc-3537,36956,Gerald Meerschaert,Reinier de Ridder,/fighters/gerald-meerschaert-3628,/fighters/reinier-de-ridder-8891,"('gerald meerschaert', 'reinier de ridder')",4a7917ca86f310d513b1,585f9ffdb0cd0466,,2024-11-09,Reinier de Ridder,99,Middleweight Bout,exact_pair,1.0
ufc-fight-night-3531,UFC Fight Night,2024-11-09,https://www.bestfightodds.com/events/ufc-fight-night-3531,36962,Cody Stamann,Da'mon Blackshear,/fighters/cody-stamann-7352,/fighters/da-mon-blackshear-8471,"('cody stamann', 'damon blackshear')",4c1ace693391d4c0c1ee,585f9ffdb0cd0466,,2024-11-09,Da'Mon Blackshear,99,Bantamweight Bout,exact_pair,1.0
ufc-fight-night-3531,UFC Fight Night,2024-11-09,https://www.bestfightodds.com/events/ufc-fight-night-3531,36963,Denise Gomes,Karolina Kowalkiewicz,/fighters/denise-gomes-13433,/fighters/karolina-kowalkiewicz-3745,"('denise gomes', 'karolina kowalkiewicz')",5d68c1cb2d133c674260,585f9ffdb0cd0466,,2024-11-09,Denise Gomes,99,Women's Strawweight Bout,exact_pair,1.0
ufc-3537,UFC,2024-11-10,https://www.bestfightodds.com/events/ufc-3537,36954,Carlos Prates,Neil Magny,/fighters/carlos-prates-14705,/fighters/neil-magny-3807,"('carlos prates', 'neil magny')",84464121e088c7151187,585f9ffdb0cd0466,,2024-11-09,Carlos Prates,99,Welterweight Bout,exact_pair,1.0
ufc-3537,UFC,2024-11-10,https://www.bestfightodds.com/events/ufc-3537,36955,Gillian Robertson,Luana Pinheiro,/fighters/gillian-robertson-7784,/fighters/luana-pinheiro-10468,"('gillian robertson', 'luana pinheiro')",a33c0cf78d6cb6acd4fb,585f9ffdb0cd0466,,2024-11-09,Gillian Robertson,99,Women's Strawweight Bout,exact_pair,1.0
ufc-3537,UFC,2024-11-10,https://www.bestfightodds.com/events/ufc-3537,36957,Dusko Todorovic,Mansur Abdul-Malik,/fighters/dusko-todorovic-9397,/fighters/mansur-abdul-malik-12720,"('dusko todorovic', 'mansur abdul malik')",ae5e50bca308f0b6337b,585f9ffdb0cd0466,,2024-11-09,Mansur Abdul-Malik,99,Middleweight Bout,exact_pair,1.0
ufc-3537,UFC,2024-11-10,https://www.bestfightodds.com/events/ufc-3537,36964,Cortavious Romious,Gaston Bolanos,/fighters/cortavious-romious-15949,/fighters/gaston-bolanos-6991,"('cortavious romious', 'gaston bolanos')",cb34dd9311775a9dfdce,585f9ffdb0cd0466,,2024-11-09,Gaston Bolanos,99,Bantamweight Bout,exact_pair,1.0
ufc-fight-night-3531,UFC Fight Night,2024-11-09,https://www.bestfightodds.com/events/ufc-fight-night-3531,36961,Charles Radtke,Matthew Semelsberger,/fighters/charles-radtke-10622,/fighters/matthew-semelsberger-10268,"('charles radtke', 'matt semelsberger')",fb79b6557993125f275d,585f9ffdb0cd0466,,2024-11-09,Charles Radtke,99,Welterweight Bout,exact_pair,1.0
ufc-fight-night-3531,UFC Fight Night,2024-11-09,https://www.bestfightodds.com/events/ufc-fight-night-3531,36958,Klaudia Sygula,Melissa Mullins,/fighters/klaudia-sygula-11261,/fighters/melissa-mullins-17402,"('klaudia sygula', 'melissa mullins')",ff33f2e35dc7cd386de4,585f9ffdb0cd0466,,2024-11-09,Melissa Mullins,99,Women's Bantamweight Bout,exact_pair,1.0
ufc-3476,UFC,2024-11-17,https://www.bestfightodds.com/events/ufc-3476,37117,Jhonata Diniz,Marcin Tybura,/fighters/jhonata-diniz-16483,/fighters/marcin-tybura-6200,"('jhonata diniz', 'marcin tybura')",24e9e03b8cfe7d0d59ed,daff32bc96d1eabf,,2024-11-16,Marcin Tybura,99,Heavyweight Bout,exact_pair,1.0
ufc-3476,UFC,2024-11-17,https://www.bestfightodds.com/events/ufc-3476,37034,Jonathan Martinez,Marcus McGhee,/fighters/jonathan-martinez-5932,/fighters/marcus-mcghee-14050,"('jonathan martinez', 'marcus mcghee')",256141248c07b47153f3,daff32bc96d1eabf,,2024-11-16,Marcus McGhee,99,Bantamweight Bout,exact_pair,1.0
ufc-3476,UFC,2024-11-17,https://www.bestfightodds.com/events/ufc-3476,37159,David Onama,Roberto Romero,/fighters/david-onama-10808,/fighters/roberto-romero-18776,"('david onama', 'roberto romero')",4bc623d210e5523f5e8b,daff32bc96d1eabf,,2024-11-16,David Onama,99,Lightweight Bout,exact_pair,1.0
ufc-3476,UFC,2024-11-17,https://www.bestfightodds.com/events/ufc-3476,37041,James Llontop,Mauricio Ruffy,/fighters/james-llontop-12200,/fighters/mauricio-ruffy-16595,"('james llontop', 'mauricio ruffy')",75fe1ddd594d9381ee72,daff32bc96d1eabf,,2024-11-16,Mauricio Ruffy,99,Catch Weight Bout,exact_pair,1.0
ufc-3476,UFC,2024-11-17,https://www.bestfightodds.com/events/ufc-3476,36446,Bo Nickal,Paul Craig,/fighters/bo-nickal-14211,/fighters/paul-craig-6791,"('bo nickal', 'paul craig')",96a0bdb04b0b117200d5,daff32bc96d1eabf,,2024-11-16,Bo Nickal,99,Middleweight Bout,exact_pair,1.0
ufc-3476,UFC,2024-11-17,https://www.bestfightodds.com/events/ufc-3476,36445,Jon Jones,Stipe Miocic,/fighters/jon-jones-819,/fighters/stipe-miocic-1869,"('jon jones', 'stipe miocic')",96c7f09956f413b10eb3,daff32bc96d1eabf,,2024-11-16,Jon Jones,99,UFC Heavyweight Title Bout,exact_pair,1.0
ufc-3476,UFC,2024-11-17,https://www.bestfightodds.com/events/ufc-3476,37037,Mickey Gall,Ramiz Brahimaj,/fighters/mickey-gall-6162,/fighters/ramiz-brahimaj-7724,"('mickey gall', 'ramiz brahimaj')",bd9ffefdaad6d2021d44,daff32bc96d1eabf,,2024-11-16,Ramiz Brahimaj,99,Welterweight Bout,exact_pair,1.0
ufc-3476,UFC,2024-11-17,https://www.bestfightodds.com/events/ufc-3476,37039,Bassil Hafez,Oban Elliott,/fighters/bassil-hafez-10482,/fighters/oban-elliott-9107,"('bassil hafez', 'oban elliott')",d5f2ebc63385a22c46fc,daff32bc96d1eabf,,2024-11-16,Oban Elliott,99,Welterweight Bout,exact_pair,1.0
ufc-3476,UFC,2024-11-17,https://www.bestfightodds.com/events/ufc-3476,37035,Damon Jackson,Jim Miller,/fighters/damon-jackson-3828,/fighters/jim-miller-265,"('damon jackson', 'jim miller')",e6f70332daa9ea142c69,daff32bc96d1eabf,,2024-11-16,Jim Miller,99,Lightweight Bout,exact_pair,1.0
ufc-3476,UFC,2024-11-17,https://www.bestfightodds.com/events/ufc-3476,37032,Karine Silva,Viviane Araujo,/fighters/karine-silva-7814,/fighters/viviane-araujo-9155,"('karine silva', 'viviane araujo')",e71e146b555cf1a69a5d,daff32bc96d1eabf,,2024-11-16,Viviane Araujo,99,Women's Flyweight Bout,exact_pair,1.0
ufc-3476,UFC,2024-11-17,https://www.bestfightodds.com/events/ufc-3476,36434,Charles Oliveira,Michael Chandler,/fighters/charles-oliveira-1893,/fighters/michael-chandler-2158,"('charles oliveira', 'michael chandler')",f2347b4ea540a5b58251,daff32bc96d1eabf,,2024-11-16,Charles Oliveira,99,Lightweight Bout,exact_pair,1.0
ufc-3538,UFC,2024-11-16,https://www.bestfightodds.com/events/ufc-3538,37040,Eduarda Moura,Veronica Hardy,/fighters/eduarda-moura-16318,/fighters/veronica-hardy-16779,"('eduarda moura', 'veronica hardy')",fb8f4a4a2bca3f286872,daff32bc96d1eabf,,2024-11-16,Eduarda Moura,99,Women's Flyweight Bout,exact_pair,1.0
ufc-3549,UFC,2024-11-23,https://www.bestfightodds.com/events/ufc-3549,37142,Deiveson Figueiredo,Petr Yan,/fighters/deiveson-figueiredo-7514,/fighters/petr-yan-7578,"('deiveson figueiredo', 'petr yan')",087958a3710f2f37cacd,e955046551f8c7dd,,2024-11-23,Petr Yan,99,Bantamweight Bout,exact_pair,1.0
ufc-3549,UFC,2024-11-23,https://www.bestfightodds.com/events/ufc-3549,37183,Feng Xiaocan,Shi Ming,/fighters/feng-xiaocan-18786,/fighters/shi-ming-18787,"('feng xiaocan', 'shi ming')",10fa8cfa2230ebfaa38b,e955046551f8c7dd,,2024-11-23,Shi Ming,99,Women's Strawweight Bout,exact_pair,1.0
ufc-3549,UFC,2024-11-23,https://www.bestfightodds.com/events/ufc-3549,37154,Jose Ochoa,Lone'er Kavanagh,/fighters/jose-ochoa-16739,/fighters/lone-er-kavanagh-12967,"('jose ochoa', 'loneer kavanagh')",1a0715fc290fa248f21a,e955046551f8c7dd,,2024-11-23,Lone'er Kavanagh,99,Flyweight Bout,exact_pair,1.0
ufc-3549,UFC,2024-11-23,https://www.bestfightodds.com/events/ufc-3549,37182,Baergeng Jieleyisi,Suyoung Yu,/fighters/baergeng-jieleyisi-15879,/fighters/suyoung-yu-18785,"('baergeng jieleyisi', 'suyoung yu')",21df57ebf9e341355946,e955046551f8c7dd,,2024-11-23,SuYoung You,99,Bantamweight Bout,fuzzy_pair,0.9761904761904762
ufc-3549,UFC,2024-11-23,https://www.bestfightodds.com/events/ufc-3549,37179,Ozzy Diaz,Zhang Mingyang,/fighters/ozzy-diaz-10407,/fighters/zhang-mingyang-14721,"('ozzy diaz', 'zhang mingyang')",2ece42169b2d6f140b2b,e955046551f8c7dd,,2024-11-23,Zhang Mingyang,99,Light Heavyweight Bout,exact_pair,1.0
ufc-3549,UFC,2024-11-23,https://www.bestfightodds.com/events/ufc-3549,37152,Dong Hoon Choi,Kiru Sahota,/fighters/dong-hoon-choi-17653,/fighters/kiru-sahota-18771,"('dong hoon choi', 'kiru sahota')",50a814150eac44c5b535,e955046551f8c7dd,,2024-11-23,DongHun Choi,99,Flyweight Bout,fuzzy_pair,0.9230769230769231
ufc-3549,UFC,2024-11-23,https://www.bestfightodds.com/events/ufc-3549,37180,Gabriella Fernandes,Wang Cong,/fighters/gabriella-fernandes-14517,/fighters/wang-cong-18152,"('gabriella fernandes', 'wang cong')",56b056c48fa720d77048,e955046551f8c7dd,,2024-11-23,Gabriella Fernandes,99,Women's Flyweight Bout,exact_pair,1.0
ufc-3549,UFC,2024-11-23,https://www.bestfightodds.com/events/ufc-3549,37147,Carlos Hernandez,Nyamjargal Tumendemberel,/fighters/carlos-hernandez-5501,/fighters/nyamjargal-tumendemberel-15865,"('carlos hernandez', 'nyamjargal tumendemberel')",60d5ec09ce91d9ec3d05,e955046551f8c7dd,,2024-11-23,Carlos Hernandez,99,Flyweight Bout,exact_pair,1.0
ufc-3549,UFC,2024-11-23,https://www.bestfightodds.com/events/ufc-3549,37181,Quang Le,Xiao Long,/fighters/quang-le-12547,/fighters/xiao-long-14613,"('quang le', 'xiao long')",735030fd49d4f3360039,e955046551f8c7dd,,2024-11-23,Xiao Long,99,Bantamweight Bout,exact_pair,1.0
ufc-3549,UFC,2024-11-23,https://www.bestfightodds.com/events/ufc-3549,37148,Carlos Ulberg,Volkan Oezdemir,/fighters/carlos-ulberg-10404,/fighters/volkan-oezdemir-4473,"('carlos ulberg', 'volkan oezdemir')",871f40a11d6531a163e1,e955046551f8c7dd,,2024-11-23,Carlos Ulberg,99,Light Heavyweight Bout,exact_pair,1.0
ufc-3522,UFC,2024-12-08,https://www.bestfightodds.com/events/ufc-3522,37236,Dooho Choi,Nate Landwehr,/fighters/dooho-choi-9640,/fighters/nate-landwehr-3413,"('dooho choi', 'nate landwehr')",03a5f5161e4726004752,ad23903ef3af7406,,2024-12-07,Dooho Choi,99,Featherweight Bout,exact_pair,1.0
ufc-3522,UFC,2024-12-08,https://www.bestfightodds.com/events/ufc-3522,37233,Chase Hooper,Clay Guida,/fighters/chase-hooper-8425,/fighters/clay-guida-23,"('chase hooper', 'clay guida')",18221069e72ad6e808db,ad23903ef3af7406,,2024-12-07,Chase Hooper,99,Lightweight Bout,exact_pair,1.0
ufc-3522,UFC,2024-12-08,https://www.bestfightodds.com/events/ufc-3522,36851,Aljamain Sterling,Movsar Evloev,/fighters/aljamain-sterling-4688,/fighters/movsar-evloev-8457,"('aljamain sterling', 'movsar evloev')",1d1162c3a7cac8b39162,ad23903ef3af7406,,2024-12-07,Movsar Evloev,99,Featherweight Bout,exact_pair,1.0
ufc-3522,UFC,2024-12-08,https://www.bestfightodds.com/events/ufc-3522,37336,Bryce Mitchell,Kron Gracie,/fighters/bryce-mitchell-6135,/fighters/kron-gracie-6115,"('bryce mitchell', 'kron gracie')",237f5367fefe0065b007,ad23903ef3af7406,,2024-12-07,Bryce Mitchell,99,Featherweight Bout,exact_pair,1.0
ufc-3522,UFC,2024-12-08,https://www.bestfightodds.com/events/ufc-3522,37237,Themba Gorimbo,Vicente Luque,/fighters/themba-gorimbo-12770,/fighters/vicente-luque-5744,"('themba gorimbo', 'vicente luque')",2e64716197cc354a3a66,ad23903ef3af7406,,2024-12-07,Vicente Luque,99,Welterweight Bout,exact_pair,1.0
ufc-3522,UFC,2024-12-08,https://www.bestfightodds.com/events/ufc-3522,37235,Bryan Battle,Randy Brown,/fighters/bryan-battle-12265,/fighters/randy-brown-6139,"('bryan battle', 'randy brown')",4dd92533ce65a18c0568,ad23903ef3af7406,,2024-12-07,Bryan Battle,99,Welterweight Bout,exact_pair,1.0
ufc-3522,UFC,2024-12-08,https://www.bestfightodds.com/events/ufc-3522,37234,Cody Durden,Joshua van,/fighters/cody-durden-10231,/fighters/joshua-van-14745,"('cody durden', 'joshua van')",50cfc7a0d39be33ea0d2,ad23903ef3af7406,,2024-12-07,Joshua Van,99,Flyweight Bout,exact_pair,1.0
ufc-3522,UFC,2024-12-08,https://www.bestfightodds.com/events/ufc-3522,37232,Max Griffin,Michael Chiesa,/fighters/max-griffin-6581,/fighters/michael-chiesa-3317,"('max griffin', 'michael chiesa')",789df54accf485d27028,ad23903ef3af7406,,2024-12-07,Michael Chiesa,99,Welterweight Bout,exact_pair,1.0
ufc-3522,UFC,2024-12-08,https://www.bestfightodds.com/events/ufc-3522,36850,Alexander Volkov,Ciryl Gane,/fighters/alexander-volkov-2439,/fighters/ciryl-gane-9273,"('alexander volkov', 'ciryl gane')",7f63aa992da604bcc9fb,ad23903ef3af7406,,2024-12-07,Ciryl Gane,99,Heavyweight Bout,exact_pair,1.0
ufc-3522,UFC,2024-12-08,https://www.bestfightodds.com/events/ufc-3522,37337,Chris Weidman,Eryk Anders,/fighters/chris-weidman-2309,/fighters/eryk-anders-6686,"('chris weidman', 'eryk anders')",c3c5acf7f0f94a31648d,ad23903ef3af7406,,2024-12-07,Eryk Anders,99,Catch Weight Bout,exact_pair,1.0
ufc-3522,UFC,2024-12-08,https://www.bestfightodds.com/events/ufc-3522,37338,Kennedy Nzechukwu,Lukasz Brzeski,/fighters/kennedy-nzechukwu-7454,/fighters/lukasz-brzeski-10059,"('kennedy nzechukwu', 'lukasz brzeski')",ce8688ee95a759a90cb0,ad23903ef3af7406,,2024-12-07,Kennedy Nzechukwu,99,Heavyweight Bout,exact_pair,1.0
ufc-3522,UFC,2024-12-08,https://www.bestfightodds.com/events/ufc-3522,37230,Anthony Smith,Dominick Reyes,/fighters/anthony-smith-1829,/fighters/dominick-reyes-7225,"('anthony smith', 'dominick reyes')",e1d926ca38b0b83aa1c9,ad23903ef3af7406,,2024-12-07,Dominick Reyes,99,Light Heavyweight Bout,exact_pair,1.0
ufc-3522,UFC,2024-12-08,https://www.bestfightodds.com/events/ufc-3522,36853,Alexandre Pantoja,Kai Asakura,/fighters/alexandre-pantoja-5118,/fighters/kai-asakura-7765,"('alexandre pantoja', 'kai asakura')",eb9d986bba59ea0c7aeb,ad23903ef3af7406,,2024-12-07,Alexandre Pantoja,99,UFC Flyweight Title Bout,exact_pair,1.0
ufc-3522,UFC,2024-12-08,https://www.bestfightodds.com/events/ufc-3522,37228,Ian Machado Garry,Shavkat Rakhmonov,/fighters/ian-machado-garry-15690,/fighters/shavkat-rakhmonov-9925,"('ian machado garry', 'shavkat rakhmonov')",f5c2a148ca65f0e34707,ad23903ef3af7406,,2024-12-07,Shavkat Rakhmonov,99,Welterweight Bout,exact_pair,1.0
ufc-fight-night-3544,UFC Fight Night,2024-12-15,https://www.bestfightodds.com/events/ufc-fight-night-3544,37365,Davey Grant,Ramon Taveras,/fighters/davey-grant-4074,/fighters/ramon-taveras-16460,"('davey grant', 'ramon taveras')",15106cc6ad27118c164c,72c9c2eadfc3277e,,2024-12-14,Davey Grant,99,Bantamweight Bout,exact_pair,1.0
ufc-fight-night-3544,UFC Fight Night,2024-12-15,https://www.bestfightodds.com/events/ufc-fight-night-3544,37304,Josefin Knutsson,Piera Rodriguez,/fighters/josefin-knutsson-18849,/fighters/piera-rodriguez-11127,"('josefin knutsson', 'piera rodriguez')",1f7010897de780944a29,72c9c2eadfc3277e,,2024-12-14,Piera Rodriguez,99,Women's Strawweight Bout,fuzzy_pair,0.9848484848484849
ufc-fight-night-3544,UFC Fight Night,2024-12-15,https://www.bestfightodds.com/events/ufc-fight-night-3544,37303,Billy Quarantillo,Cub Swanson,/fighters/billy-quarantillo-4159,/fighters/cub-swanson-387,"('billy quarantillo', 'cub swanson')",433fbbf78432e98f3f5a,72c9c2eadfc3277e,,2024-12-14,Cub Swanson,99,Featherweight Bout,exact_pair,1.0
ufc-fight-night-3544,UFC Fight Night,2024-12-15,https://www.bestfightodds.com/events/ufc-fight-night-3544,37308,Adrian Yanez,Daniel Marcos,/fighters/adrian-yanez-4952,/fighters/daniel-marcos-14365,"('adrian yanez', 'daniel marcos')",484f962f240c7ba6097f,72c9c2eadfc3277e,,2024-12-14,Daniel Marcos,99,Bantamweight Bout,exact_pair,1.0
ufc-fight-night-3544,UFC Fight Night,2024-12-15,https://www.bestfightodds.com/events/ufc-fight-night-3544,37305,Navajo Stirling,Tuco Tokkos,/fighters/navajo-stirling-18344,/fighters/tuco-tokkos-17649,"('navajo stirling', 'tuco tokkos')",4a7fa3d30e4a180b94c5,72c9c2eadfc3277e,,2024-12-14,Navajo Stirling,99,Light Heavyweight Bout,exact_pair,1.0
ufc-fight-night-3544,UFC Fight Night,2024-12-15,https://www.bestfightodds.com/events/ufc-fight-night-3544,37310,Michael Johnson,Ottman Azaitar,/fighters/michael-johnson-2219,/fighters/ottman-azaitar-9247,"('michael johnson', 'ottman azaitar')",7c83ff5558ede5899a0f,72c9c2eadfc3277e,,2024-12-14,Michael Johnson,99,Lightweight Bout,exact_pair,1.0
ufc-fight-night-3544,UFC Fight Night,2024-12-15,https://www.bestfightodds.com/events/ufc-fight-night-3544,37441,Felipe Lima,Miles Johns,/fighters/felipe-lima-10819,/fighters/miles-johns-5373,"('felipe lima', 'miles johns')",7ca21678cf29cf125383,72c9c2eadfc3277e,,2024-12-14,Felipe Lima,99,Featherweight Bout,exact_pair,1.0
ufc-fight-night-3544,UFC Fight Night,2024-12-15,https://www.bestfightodds.com/events/ufc-fight-night-3544,37362,Dustin Jacoby,Vitor Petrino,/fighters/dustin-jacoby-2939,/fighters/vitor-petrino-14346,"('dustin jacoby', 'vitor petrino')",b4416b38e3c62b0e596e,72c9c2eadfc3277e,,2024-12-14,Dustin Jacoby,99,Light Heavyweight Bout,exact_pair,1.0
ufc-fight-night-3544,UFC Fight Night,2024-12-15,https://www.bestfightodds.com/events/ufc-fight-night-3544,37309,Jamey-Lyn Horth,Miranda Maverick,/fighters/jamey-lyn-horth-15531,/fighters/miranda-maverick-6780,"('jamey lyn horth', 'miranda maverick')",c6c109e9050f8268ea8b,72c9c2eadfc3277e,,2024-12-14,Miranda Maverick,99,Women's Flyweight Bout,exact_pair,1.0
ufc-fight-night-3544,UFC Fight Night,2024-12-15,https://www.bestfightodds.com/events/ufc-fight-night-3544,37364,Bruno Silva,Manel Kape,/fighters/bruno-silva-7121,/fighters/manel-kape-7510,"('bruno silva', 'manel kape')",d985bfedb9f13b834308,72c9c2eadfc3277e,,2024-12-14,Manel Kape,99,Flyweight Bout,exact_pair,1.0
ufc-fight-night-3544,UFC Fight Night,2024-12-15,https://www.bestfightodds.com/events/ufc-fight-night-3544,37306,Drakkar Klose,Joel Alvarez,/fighters/drakkar-klose-6701,/fighters/joel-alvarez-8910,"('drakkar klose', 'joel alvarez')",dfa0a038120f9a909c75,72c9c2eadfc3277e,,2024-12-14,Joel Alvarez,99,Lightweight Bout,exact_pair,1.0
ufc-fight-night-3544,UFC Fight Night,2024-12-15,https://www.bestfightodds.com/events/ufc-fight-night-3544,37229,Colby Covington,Joaquin Buckley,/fighters/colby-covington-5049,/fighters/joaquin-buckley-6458,"('colby covington', 'joaquin buckley')",ef19dd30d7d28e928eb9,72c9c2eadfc3277e,,2024-12-14,Joaquin Buckley,99,Welterweight Bout,exact_pair,1.0
ufc-fight-night-3544,UFC Fight Night,2024-12-15,https://www.bestfightodds.com/events/ufc-fight-night-3544,37363,Fernando Padilla,Sean Woodson,/fighters/fernando-padilla-7653,/fighters/sean-woodson-9342,"('fernando padilla', 'sean woodson')",f2d80e87f1d1fe5ef1f5,72c9c2eadfc3277e,,2024-12-14,Sean Woodson,99,Featherweight Bout,exact_pair,1.0
ufc-fight-night-3593,UFC Fight Night,2025-01-11,https://www.bestfightodds.com/events/ufc-fight-night-3593,37541,Ihor Potieria,Marco Tulio Silva,/fighters/ihor-potieria-13119,/fighters/marco-tulio-silva-15134,"('ihor potieria', 'marco tulio silva')",1992f7822eda42828d42,81ddc98fceb30086,,2025-01-11,Marco Tulio,99,Middleweight Bout,fuzzy_pair,0.8928571428571428
ufc-fight-night-3586,UFC Fight Night,2025-01-12,https://www.bestfightodds.com/events/ufc-fight-night-3586,37503,Austin Bashi,Christian Rodriguez,/fighters/austin-bashi-10472,/fighters/christian-rodriguez-9146,"('austin bashi', 'christian rodriguez')",383f05e5e8a8dcac31cf,81ddc98fceb30086,,2025-01-11,Christian Rodriguez,99,Featherweight Bout,exact_pair,1.0
ufc-fight-night-3593,UFC Fight Night,2025-01-11,https://www.bestfightodds.com/events/ufc-fight-night-3593,37588,Bruno Lopes,Magomed Gadzhiyasulov,/fighters/bruno-lopes-14106,/fighters/magomed-gadzhiyasulov-14658,"('bruno lopes', 'magomed gadzhiyasulov')",51384d785a62de099b7e,81ddc98fceb30086,,2025-01-11,Bruno Lopes,99,Light Heavyweight Bout,exact_pair,1.0
ufc-fight-night-3593,UFC Fight Night,2025-01-11,https://www.bestfightodds.com/events/ufc-fight-night-3593,37540,Felipe Bunes,Jose Johnson,/fighters/felipe-bunes-13242,/fighters/jose-johnson-9257,"('felipe bunes', 'jose johnson')",52a3f9eb34343b06a8d5,81ddc98fceb30086,,2025-01-11,Felipe Bunes,99,Flyweight Bout,exact_pair,1.0
ufc-fight-night-3586,UFC Fight Night,2025-01-12,https://www.bestfightodds.com/events/ufc-fight-night-3586,37504,Abdul Razak Alhassan,Cesar Almeida,/fighters/abdul-razak-alhassan-4724,/fighters/cesar-almeida-16304,"('abdul razak alhassan', 'cesar almeida')",5986a7a454fbaa5fcd87,81ddc98fceb30086,,2025-01-11,Cesar Almeida,99,Middleweight Bout,exact_pair,1.0
ufc-fight-night-3586,UFC Fight Night,2025-01-12,https://www.bestfightodds.com/events/ufc-fight-night-3586,37536,Chris Curtis,Roman Kopylov,/fighters/chris-curtis-6020,/fighters/roman-kopylov-7343,"('chris curtis', 'roman kopylov')",8318d5d062f6658fa546,81ddc98fceb30086,,2025-01-11,Roman Kopylov,99,Middleweight Bout,exact_pair,1.0
ufc-fight-night-3593,UFC Fight Night,2025-01-11,https://www.bestfightodds.com/events/ufc-fight-night-3593,37537,Ernesta Kareckaite,Nicolle Caliari,/fighters/ernesta-kareckaite-15113,/fighters/nicolle-caliari-9542,"('ernesta kareckaite', 'nicolle caliari')",85c449f59aebd8c89bdd,81ddc98fceb30086,,2025-01-11,Ernesta Kareckaite,99,Women's Flyweight Bout,exact_pair,1.0
ufc-fight-night-3586,UFC Fight Night,2025-01-12,https://www.bestfightodds.com/events/ufc-fight-night-3586,37307,Amanda Ribas,Mackenzie Dern,/fighters/amanda-ribas-7245,/fighters/mackenzie-dern-6488,"('amanda ribas', 'mackenzie dern')",90a5a260a4a95dd2dcf3,81ddc98fceb30086,,2025-01-11,Mackenzie Dern,99,Women's Strawweight Bout,exact_pair,1.0
ufc-fight-night-3593,UFC Fight Night,2025-01-11,https://www.bestfightodds.com/events/ufc-fight-night-3593,37643,Joe Solecki,Nurullo Aliev,/fighters/joe-solecki-9559,/fighters/nurullo-aliev-11078,"('joe solecki', 'nurullo aliev')",a3327e70950375754d3b,81ddc98fceb30086,,2025-01-11,Nurullo Aliev,99,Lightweight Bout,exact_pair,1.0
ufc-fight-night-3593,UFC Fight Night,2025-01-11,https://www.bestfightodds.com/events/ufc-fight-night-3593,37644,Jacobe Smith,Preston Parsons,/fighters/jacobe-smith-14991,/fighters/preston-parsons-6472,"('jacobe smith', 'preston parsons')",a794553ad5c6c2eca2f6,81ddc98fceb30086,,2025-01-11,Jacobe Smith,99,Welterweight Bout,exact_pair,1.0
ufc-fight-night-3586,UFC Fight Night,2025-01-12,https://www.bestfightodds.com/events/ufc-fight-night-3586,37538,Punahele Soriano,Uros Medic,/fighters/punahele-soriano-7386,/fighters/uros-medic-10229,"('punahele soriano', 'uros medic')",afd9276ed9ba45b1d0c4,81ddc98fceb30086,,2025-01-11,Punahele Soriano,99,Welterweight Bout,exact_pair,1.0
ufc-fight-night-3593,UFC Fight Night,2025-01-11,https://www.bestfightodds.com/events/ufc-fight-night-3593,37535,Thiago Moises,Trey Ogden,/fighters/thiago-moises-6149,/fighters/trey-ogden-5784,"('thiago moises', 'trey ogden')",c4b264418c25543aa9fe,81ddc98fceb30086,,2025-01-11,Thiago Moises,99,Lightweight Bout,exact_pair,1.0
ufc-fight-night-3593,UFC Fight Night,2025-01-11,https://www.bestfightodds.com/events/ufc-fight-night-3593,37542,Fatima Kline,Victoria Dudakova,/fighters/fatima-kline-11138,/fighters/victoria-dudakova-17302,"('fatima kline', 'victoria dudakova')",d56d9f1b259000fc3843,81ddc98fceb30086,,2025-01-11,Fatima Kline,99,Women's Strawweight Bout,fuzzy_pair,0.9571428571428571
ufc-fight-night-3586,UFC Fight Night,2025-01-12,https://www.bestfightodds.com/events/ufc-fight-night-3586,37502,Carlston Harris,Santiago Ponzinibbio,/fighters/carlston-harris-10791,/fighters/santiago-ponzinibbio-4415,"('carlston harris', 'santiago ponzinibbio')",de7c41a7257dff837001,81ddc98fceb30086,,2025-01-11,Santiago Ponzinibbio,99,Welterweight Bout,exact_pair,1.0
ufc-3570,UFC,2025-01-19,https://www.bestfightodds.com/events/ufc-3570,37560,Payton Talbott,Raoni Barcelos,/fighters/payton-talbott-15422,/fighters/raoni-barcelos-4521,"('payton talbott', 'raoni barcelos')",0cad3f1f534b86f7300a,39f68882def7a507,,2025-01-18,Raoni Barcelos,99,Bantamweight Bout,exact_pair,1.0
ufc-3570,UFC,2025-01-19,https://www.bestfightodds.com/events/ufc-3570,37671,Azamat Bekoev,Zachary Reese,/fighters/azamat-bekoev-11142,/fighters/zachary-reese-14747,"('azamat bekoev', 'zachary reese')",31d651a4b25bf5092abd,39f68882def7a507,,2025-01-18,Azamat Bekoev,99,Middleweight Bout,exact_pair,1.0
ufc-3570,UFC,2025-01-19,https://www.bestfightodds.com/events/ufc-3570,37564,Muin Gafurov,Rinya Nakamura,/fighters/muin-gafurov-5832,/fighters/rinya-nakamura-13935,"('muin gafurov', 'rinya nakamura')",4399848d22c8f4ff56d8,39f68882def7a507,,2025-01-18,Muin Gafurov,99,Bantamweight Bout,exact_pair,1.0
ufc-3570,UFC,2025-01-19,https://www.bestfightodds.com/events/ufc-3570,37384,Merab Dvalishvili,Umar Nurmagomedov,/fighters/merab-dvalishvili-6415,/fighters/umar-nurmagomedov-9365,"('merab dvalishvili', 'umar nurmagomedov')",5ebd3be15db109c52579,39f68882def7a507,,2025-01-18,Merab Dvalishvili,99,UFC Bantamweight Title Bout,exact_pair,1.0
ufc-3570,UFC,2025-01-19,https://www.bestfightodds.com/events/ufc-3570,37736,Islam Makhachev,Renato Moicano,/fighters/islam-makhachev-5541,/fighters/renato-moicano-5598,"('islam makhachev', 'renato moicano')",6c39b89dab3a5bba2d06,39f68882def7a507,,2025-01-18,Islam Makhachev,99,UFC Lightweight Title Bout,exact_pair,1.0
ufc-3570,UFC,2025-01-19,https://www.bestfightodds.com/events/ufc-3570,37555,Jailton Almeida,Serghei Spivac,/fighters/jailton-almeida-12427,/fighters/serghei-spivac-9985,"('jailton almeida', 'serghei spivac')",6fed86d45d351c53d3a3,39f68882def7a507,,2025-01-18,Jailton Almeida,99,Heavyweight Bout,exact_pair,1.0
ufc-3570,UFC,2025-01-19,https://www.bestfightodds.com/events/ufc-3570,37556,Diego Ferreira,Grant Dawson,/fighters/diego-ferreira-5180,/fighters/grant-dawson-5841,"('diego ferreira', 'grant dawson')",844e93fb863bd4957b0e,39f68882def7a507,,2025-01-18,Grant Dawson,99,Lightweight Bout,exact_pair,1.0
ufc-3570,UFC,2025-01-19,https://www.bestfightodds.com/events/ufc-3570,37557,Kevin Holland,Reinier de Ridder,/fighters/kevin-holland-5910,/fighters/reinier-de-ridder-8891,"('kevin holland', 'reinier de ridder')",92a0cf53bf143066158e,39f68882def7a507,,2025-01-18,Reinier de Ridder,99,Middleweight Bout,exact_pair,1.0
ufc-3570,UFC,2025-01-19,https://www.bestfightodds.com/events/ufc-3570,37667,Billy Elekana,Bogdan Guskov,/fighters/billy-elekana-12954,/fighters/bogdan-guskov-16384,"('billy elekana', 'bogdan guskov')",9c16c0757b987e7c3971,39f68882def7a507,,2025-01-18,Bogdan Guskov,99,Light Heavyweight Bout,exact_pair,1.0
ufc-311-3596,UFC 311,2025-01-18,https://www.bestfightodds.com/events/ufc-311-3596,37561,Benardo Sopaj,Ricky Turcios,/fighters/benardo-sopaj-18721,/fighters/ricky-turcios-4236,"('benardo sopaj', 'ricky turcios')",9db130e794c48610168a,39f68882def7a507,,2025-01-18,Benardo Sopaj,99,Bantamweight Bout,exact_pair,1.0
ufc-3570,UFC,2025-01-19,https://www.bestfightodds.com/events/ufc-3570,37562,Ailin Perez,Karol Rosa,/fighters/ailin-perez-13883,/fighters/karol-rosa-9417,"('ailin perez', 'karol rosa')",c2b4ff4a367f10978b1e,39f68882def7a507,,2025-01-18,Ailin Perez,99,Women's Bantamweight Bout,exact_pair,1.0
ufc-311-3596,UFC 311,2025-01-18,https://www.bestfightodds.com/events/ufc-311-3596,37563,Clayton Carpenter,Tagir Ulanbekov,/fighters/clayton-carpenter-10300,/fighters/tagir-ulanbekov-7598,"('clayton carpenter', 'tagir ulanbekov')",d122335ed9ceb259cf29,39f68882def7a507,,2025-01-18,Tagir Ulanbekov,99,Flyweight Bout,exact_pair,1.0
ufc-3570,UFC,2025-01-19,https://www.bestfightodds.com/events/ufc-3570,29978,Jamahal Hill,Jiri Prochazka,/fighters/jamahal-hill-9288,/fighters/jiri-prochazka-6058,"('jamahal hill', 'jiri prochazka')",d96aa18acb2c67bd5061,39f68882def7a507,,2025-01-18,Jiri Prochazka,99,Light Heavyweight Bout,exact_pair,1.0
ufc-3592,UFC,2025-02-01,https://www.bestfightodds.com/events/ufc-3592,37668,Hamdy Abdelwahab,Jamal Pogues,/fighters/hamdy-abdelwahab-14137,/fighters/jamal-pogues-8230,"('hamdy abdelwahab', 'jamal pogues')",0cd7b665a20b07512229,80dbeb1dd5b53e64,,2025-02-01,Hamdy Abdelwahab,99,Heavyweight Bout,exact_pair,1.0
ufc-3592,UFC,2025-02-01,https://www.bestfightodds.com/events/ufc-3592,37604,Said Nurmagomedov,Vinicius Oliveira,/fighters/said-nurmagomedov-8192,/fighters/vinicius-oliveira-16540,"('said nurmagomedov', 'vinicius oliveira')",50dc28cc2306aab7e921,80dbeb1dd5b53e64,,2025-02-01,Vinicius Oliveira,99,Bantamweight Bout,exact_pair,1.0
ufc-3592,UFC,2025-02-01,https://www.bestfightodds.com/events/ufc-3592,37554,Michael Page,Shara Magomedov,/fighters/michael-page-3937,/fighters/shara-magomedov-17740,"('michael page', 'shara magomedov')",5f21cac2e1318f79c604,80dbeb1dd5b53e64,,2025-02-01,Michael Page,99,Middleweight Bout,exact_pair,1.0
ufc-3592,UFC,2025-02-01,https://www.bestfightodds.com/events/ufc-3592,37605,Jairzinho Rozenstruik,Sergei Pavlovich,/fighters/jairzinho-rozenstruik-8218,/fighters/sergei-pavlovich-8961,"('jairzinho rozenstruik', 'sergei pavlovich')",61843da105e4b591fe91,80dbeb1dd5b53e64,,2025-02-01,Sergei Pavlovich,99,Heavyweight Bout,exact_pair,1.0
ufc-3592,UFC,2025-02-01,https://www.bestfightodds.com/events/ufc-3592,37534,Israel Adesanya,Nassourdine Imavov,/fighters/israel-adesanya-7845,/fighters/nassourdine-imavov-10307,"('israel adesanya', 'nassourdine imavov')",626450c9be7e1558b1b2,80dbeb1dd5b53e64,,2025-02-01,Nassourdine Imavov,99,Middleweight Bout,exact_pair,1.0
ufc-3592,UFC,2025-02-01,https://www.bestfightodds.com/events/ufc-3592,37629,Damir Hadzovic,Terrance McKinney,/fighters/damir-hadzovic-4762,/fighters/terrance-mckinney-9286,"('damir hadzovic', 'terrance mckinney')",6e111f77bbe0cfd6457d,80dbeb1dd5b53e64,,2025-02-01,Terrance McKinney,99,Lightweight Bout,exact_pair,1.0
ufc-3592,UFC,2025-02-01,https://www.bestfightodds.com/events/ufc-3592,37751,Bogdan Grad,Lucas Alexander,/fighters/bogdan-grad-16302,/fighters/lucas-alexander-15087,"('bogdan grad', 'lucas alexander')",990e31ef1d719e693633,80dbeb1dd5b53e64,,2025-02-01,Bogdan Grad,99,Featherweight Bout,exact_pair,1.0
ufc-3592,UFC,2025-02-01,https://www.bestfightodds.com/events/ufc-3592,37630,Jasmine Jasudavicius,Mayra Bueno Silva,/fighters/jasmine-jasudavicius-9869,/fighters/mayra-bueno-silva-9839,"('jasmine jasudavicius', 'mayra bueno silva')",a2118b8d61e40d7e22e7,80dbeb1dd5b53e64,,2025-02-01,Jasmine Jasudavicius,99,Women's Flyweight Bout,exact_pair,1.0
ufc-3592,UFC,2025-02-01,https://www.bestfightodds.com/events/ufc-3592,37631,Shamil Gaziev,Thomas Petersen,/fighters/shamil-gaziev-12522,/fighters/thomas-petersen-10546,"('shamil gaziev', 'thomas petersen')",b8f1ebfe4450af9e1d21,80dbeb1dd5b53e64,,2025-02-01,Shamil Gaziev,99,Heavyweight Bout,exact_pair,1.0
ufc-3592,UFC,2025-02-01,https://www.bestfightodds.com/events/ufc-3592,37603,Kaan Ofli,Muhammad Naimov,/fighters/kaan-ofli-18252,/fighters/muhammad-naimov-10630,"('kaan ofli', 'muhammad naimov')",ca84f0a5183e635d097b,80dbeb1dd5b53e64,,2025-02-01,Muhammad Naimov,99,Featherweight Bout,exact_pair,1.0
ufc-3592,UFC,2025-02-01,https://www.bestfightodds.com/events/ufc-3592,37670,Fares Ziam,Mike Davis,/fighters/fares-ziam-9451,/fighters/mike-davis-8423,"('fares ziam', 'mike davis')",f40ca125b78cba9016a1,80dbeb1dd5b53e64,,2025-02-01,Fares Ziam,99,Lightweight Bout,exact_pair,1.0
ufc-3626,UFC,2025-02-09,https://www.bestfightodds.com/events/ufc-3626,37440,Dricus Du Plessis,Sean Strickland,/fighters/dricus-du-plessis-7951,/fighters/sean-strickland-4733,"('dricus du plessis', 'sean strickland')",0672f055ae76aa1e99fd,e6015889f50075d2,,2025-02-08,Dricus Du Plessis,99,UFC Middleweight Title Bout,exact_pair,1.0
ufc-3626,UFC,2025-02-09,https://www.bestfightodds.com/events/ufc-3626,37843,Francisco Prado,Jake Matthews,/fighters/francisco-prado-15049,/fighters/jake-matthews-4978,"('francisco prado', 'jake matthews')",1236308e16558ede0e02,e6015889f50075d2,,2025-02-08,Jake Matthews,99,Welterweight Bout,exact_pair,1.0
ufc-3626,UFC,2025-02-09,https://www.bestfightodds.com/events/ufc-3626,37778,Justin Tafa,Tallison Teixeira,/fighters/justin-tafa-9315,/fighters/tallison-teixeira-18424,"('justin tafa', 'tallison teixeira')",2ba64a4f330448c5f1e0,e6015889f50075d2,,2025-02-08,Tallison Teixeira,99,Heavyweight Bout,exact_pair,1.0
ufc-3626,UFC,2025-02-09,https://www.bestfightodds.com/events/ufc-3626,37782,Jonathan Micallef,Kevin Jousset,/fighters/jonathan-micallef-18608,/fighters/kevin-jousset-16429,"('jonathan micallef', 'kevin jousset')",5660fad1a1062d658777,e6015889f50075d2,,2025-02-08,Jonathan Micallef,99,Welterweight Bout,exact_pair,1.0
ufc-3617,UFC,2025-02-08,https://www.bestfightodds.com/events/ufc-3617,37845,Anshul Jubli,Quillan Salkilld,/fighters/anshul-jubli-13936,/fighters/quillan-salkilld-16405,"('anshul jubli', 'quillan salkilld')",77decac51a487e22a218,e6015889f50075d2,,2025-02-08,Quillan Salkilld,99,Lightweight Bout,exact_pair,1.0
ufc-3626,UFC,2025-02-09,https://www.bestfightodds.com/events/ufc-3626,37777,Tom Nolan,Viacheslav Borshchev,/fighters/tom-nolan-16303,/fighters/viacheslav-borshchev-12730,"('tom nolan', 'viacheslav borshchev')",7989ae723e6afdd2be98,e6015889f50075d2,,2025-02-08,Tom Nolan,99,Lightweight Bout,exact_pair,1.0
ufc-3626,UFC,2025-02-09,https://www.bestfightodds.com/events/ufc-3626,37872,Kody Steele,Rongzhu,/fighters/kody-steele-12643,/fighters/rongzhu-17112,"('kody steele', 'rongzhu')",7d72c2a55e54dff606bf,e6015889f50075d2,,2025-02-08,Rongzhu,99,Lightweight Bout,exact_pair,1.0
ufc-3626,UFC,2025-02-09,https://www.bestfightodds.com/events/ufc-3626,37780,Gabriel Santos,Jack Jenkins,/fighters/gabriel-santos-14703,/fighters/jack-jenkins-8037,"('gabriel santos', 'jack jenkins')",86bcf564d2ef89b77f68,e6015889f50075d2,,2025-02-08,Gabriel Santos,99,Featherweight Bout,exact_pair,1.0
ufc-3626,UFC,2025-02-09,https://www.bestfightodds.com/events/ufc-3626,37442,Tatiana Suarez,Zhang Weili,/fighters/tatiana-suarez-6544,/fighters/zhang-weili-9795,"('tatiana suarez', 'zhang weili')",9d4990e1891bd046e91d,e6015889f50075d2,,2025-02-08,Zhang Weili,99,UFC Women's Strawweight Title Bout,exact_pair,1.0
ufc-3626,UFC,2025-02-09,https://www.bestfightodds.com/events/ufc-3626,37844,Aleksandre Topuria,Colby Thicknesse,/fighters/aleksandre-topuria-19097,/fighters/colby-thicknesse-19115,"('aleksandre topuria', 'colby thicknesse')",ceb2f35f131b3424b77f,e6015889f50075d2,,2025-02-08,Aleksandre Topuria,99,Bantamweight Bout,exact_pair,1.0
ufc-3630,UFC,2025-02-15,https://www.bestfightodds.com/events/ufc-3630,37883,Don'tale Mayes,Valter Walker,/fighters/don-tale-mayes-6830,/fighters/valter-walker-17371,"('dontale mayes', 'valter walker')",433d35a3f95f3a0e5a31,ce7871949b0ed2bf,,2025-02-15,Valter Walker,99,Heavyweight Bout,exact_pair,1.0
ufc-3630,UFC,2025-02-15,https://www.bestfightodds.com/events/ufc-3630,37882,Jacqueline Cavalcanti,Julia Avila,/fighters/jacqueline-cavalcanti-13407,/fighters/julia-avila-8150,"('jacqueline cavalcanti', 'julia avila')",4d57378558031b772aa2,ce7871949b0ed2bf,,2025-02-15,Jacqueline Cavalcanti,99,Women's Bantamweight Bout,exact_pair,1.0
ufc-3630,UFC,2025-02-15,https://www.bestfightodds.com/events/ufc-3630,37884,Gabriel Bonfim,Khaos Williams,/fighters/gabriel-bonfim-11752,/fighters/khaos-williams-9974,"('gabriel bonfim', 'khaos williams')",5d09f4e61d792533762f,ce7871949b0ed2bf,,2025-02-15,Gabriel Bonfim,99,Welterweight Bout,exact_pair,1.0
ufc-3638,UFC,2025-02-16,https://www.bestfightodds.com/events/ufc-3638,37874,Calvin Kattar,Youssef Zalal,/fighters/calvin-kattar-717,/fighters/youssef-zalal-8823,"('calvin kattar', 'youssef zalal')",6574462423d1b008cfd7,ce7871949b0ed2bf,,2025-02-15,Youssef Zalal,99,Featherweight Bout,exact_pair,1.0
ufc-3630,UFC,2025-02-15,https://www.bestfightodds.com/events/ufc-3630,37878,Angela Hill,Ketlen Souza,/fighters/angela-hill-5348,/fighters/ketlen-souza-13460,"('angela hill', 'ketlen souza')",6ff819b49a6e6f02ca3d,ce7871949b0ed2bf,,2025-02-15,Angela Hill,99,Women's Strawweight Bout,exact_pair,1.0
ufc-3638,UFC,2025-02-16,https://www.bestfightodds.com/events/ufc-3638,37875,Dylan Budka,Edmen Shahbazyan,/fighters/dylan-budka-13649,/fighters/edmen-shahbazyan-8418,"('dylan budka', 'edmen shahbazyan')",702e2eb2ae4c0a2d6cd4,ce7871949b0ed2bf,,2025-02-15,Edmen Shahbazyan,99,Middleweight Bout,exact_pair,1.0
ufc-3630,UFC,2025-02-15,https://www.bestfightodds.com/events/ufc-3630,37880,Jesus Aguilar,Rafael Estevam,/fighters/jesus-aguilar-14733,/fighters/rafael-estevam-15300,"('jesus aguilar', 'rafael estevam')",808de85690ce08e4018a,ce7871949b0ed2bf,,2025-02-15,Rafael Estevam,99,Flyweight Bout,exact_pair,1.0
ufc-3630,UFC,2025-02-15,https://www.bestfightodds.com/events/ufc-3630,37934,Connor Matthews,Jose Delgado,/fighters/connor-matthews-13028,/fighters/jose-delgado-18000,"('connor matthews', 'jose delgado')",8f623dd6e9c0311331e8,ce7871949b0ed2bf,,2025-02-15,Jose Delgado,99,Featherweight Bout,exact_pair,1.0
ufc-3638,UFC,2025-02-16,https://www.bestfightodds.com/events/ufc-3638,37877,Andre Petroski,Rodolfo Vieira,/fighters/andre-petroski-10388,/fighters/rodolfo-vieira-9318,"('andre petroski', 'rodolfo vieira')",9e2321034a8537f56d98,ce7871949b0ed2bf,,2025-02-15,Andre Petroski,99,Middleweight Bout,exact_pair,1.0
ufc-3638,UFC,2025-02-16,https://www.bestfightodds.com/events/ufc-3638,37873,Gregory Rodrigues,Jared Cannonier,/fighters/gregory-rodrigues-6917,/fighters/jared-cannonier-5333,"('gregory rodrigues', 'jared cannonier')",bd0963c3cf121b0e006d,ce7871949b0ed2bf,,2025-02-15,Jared Cannonier,99,Middleweight Bout,exact_pair,1.0
ufc-3630,UFC,2025-02-15,https://www.bestfightodds.com/events/ufc-3630,37881,Elijah Smith,Vince Morales,/fighters/elijah-smith-14272,/fighters/vince-morales-6316,"('elijah smith', 'vince morales')",c2921782c7be4c700b77,ce7871949b0ed2bf,,2025-02-15,Elijah Smith,99,Bantamweight Bout,exact_pair,1.0
ufc-3638,UFC,2025-02-16,https://www.bestfightodds.com/events/ufc-3638,37876,Ismael Bonfim,Nazim Sadykhov,/fighters/ismael-bonfim-11723,/fighters/nazim-sadykhov-9868,"('ismael bonfim', 'nazim sadykhov')",ce836cc88c4eb1d1b8d2,ce7871949b0ed2bf,,2025-02-15,Nazim Sadykhov,99,Lightweight Bout,exact_pair,1.0
ufc-3601,UFC,2025-02-23,https://www.bestfightodds.com/events/ufc-3601,37675,Ibo Aslan,Ion Cutelaba,/fighters/ibo-aslan-16319,/fighters/ion-cutelaba-4315,"('ibo aslan', 'ion cutelaba')",1cf4da22cb939735a199,c50ea21fe9ef478d,,2025-02-22,Ion Cutelaba,99,Light Heavyweight Bout,exact_pair,1.0
ufc-3601,UFC,2025-02-23,https://www.bestfightodds.com/events/ufc-3601,37974,Andre Fili,Melquizael Costa,/fighters/andre-fili-4466,/fighters/melquizael-costa-13774,"('andre fili', 'melquizael costa')",4ee3e1d8ce5a3aa60aa5,c50ea21fe9ef478d,,2025-02-22,Melquizael Costa,99,Featherweight Bout,exact_pair,1.0
ufc-3601,UFC,2025-02-23,https://www.bestfightodds.com/events/ufc-3601,37633,Anthony Hernandez,Brendan Allen,/fighters/anthony-hernandez-6092,/fighters/brendan-allen-6203,"('anthony hernandez', 'brendan allen')",501d52191855f5b4d57c,c50ea21fe9ef478d,,2025-02-22,Anthony Hernandez,99,Middleweight Bout,exact_pair,1.0
ufc-3601,UFC,2025-02-23,https://www.bestfightodds.com/events/ufc-3601,37975,Alonzo Menifield,Julius Walker,/fighters/alonzo-menifield-5961,/fighters/julius-walker-19178,"('alonzo menifield', 'julius walker')",5a98526c95cd04c0f99d,c50ea21fe9ef478d,,2025-02-22,Alonzo Menifield,99,Light Heavyweight Bout,exact_pair,1.0
ufc-3604,UFC,2025-02-22,https://www.bestfightodds.com/events/ufc-3604,37680,Modestas Bukauskas,Raffael Cerqueira,/fighters/modestas-bukauskas-7865,/fighters/raffael-cerqueira-18575,"('modestas bukauskas', 'raffael cerqueira')",73fb1eb6c53682fd7f2e,c50ea21fe9ef478d,,2025-02-22,Modestas Bukauskas,99,Light Heavyweight Bout,fuzzy_pair,0.9848484848484849
ufc-3604,UFC,2025-02-22,https://www.bestfightodds.com/events/ufc-3604,37976,Eric McConico,Nursulton Ruziboev,/fighters/eric-mcconico-15806,/fighters/nursulton-ruziboev-10851,"('eric mcconico', 'nursulton ruziboev')",7b122afe08a0dd8e0b2b,c50ea21fe9ef478d,,2025-02-22,Nursulton Ruziboev,99,Middleweight Bout,exact_pair,1.0
ufc-3601,UFC,2025-02-23,https://www.bestfightodds.com/events/ufc-3601,37672,Henry Cejudo,Song Yadong,/fighters/henry-cejudo-4438,/fighters/song-yadong-9482,"('henry cejudo', 'song yadong')",adfaf6b9f2a31a5fca9f,c50ea21fe9ef478d,,2025-02-22,Song Yadong,99,Bantamweight Bout,exact_pair,1.0
ufc-3601,UFC,2025-02-23,https://www.bestfightodds.com/events/ufc-3601,37977,Jean Matsumoto,Rob Font,/fighters/jean-matsumoto-14110,/fighters/rob-font-4984,"('jean matsumoto', 'rob font')",bfa6112f23a5ec2b1c24,c50ea21fe9ef478d,,2025-02-22,Rob Font,99,Catch Weight Bout,exact_pair,1.0
ufc-3601,UFC,2025-02-23,https://www.bestfightodds.com/events/ufc-3601,38002,Austin Vanderford,Nikolay Veretennikov,/fighters/austin-vanderford-7790,/fighters/nikolay-veretennikov-7722,"('austin vanderford', 'nikolay veretennikov')",d5bff65f92aa8219b44d,c50ea21fe9ef478d,,2025-02-22,Austin Vanderford,99,Catch Weight Bout,exact_pair,1.0
ufc-3601,UFC,2025-02-23,https://www.bestfightodds.com/events/ufc-3601,37973,Mansur Abdul-Malik,Nick Klein,/fighters/mansur-abdul-malik-12720,/fighters/nick-klein-13742,"('mansur abdul malik', 'nick klein')",e04d23df708a87e1a8aa,c50ea21fe9ef478d,,2025-02-22,Mansur Abdul-Malik,99,Middleweight Bout,exact_pair,1.0
ufc-3601,UFC,2025-02-23,https://www.bestfightodds.com/events/ufc-3601,37684,Javid Basharat,Ricky Simon,/fighters/javid-basharat-10973,/fighters/ricky-simon-5780,"('javid basharat', 'ricky simon')",fcd108b4d026b2d0c537,c50ea21fe9ef478d,,2025-02-22,Ricky Simon,99,Bantamweight Bout,exact_pair,1.0
ufc-3601,UFC,2025-02-23,https://www.bestfightodds.com/events/ufc-3601,37679,Jean Silva,Melsik Baghdasaryan,/fighters/jean-silva-554,/fighters/melsik-baghdasaryan-10282,"('jean silva', 'melsik baghdasaryan')",fe619f95423f4d083aae,c50ea21fe9ef478d,,2025-02-22,Jean Silva,99,Featherweight Bout,exact_pair,1.0
ufc-3642,UFC,2025-03-01,https://www.bestfightodds.com/events/ufc-3642,37986,Chepe Mariscal,Ricardo Ramos,/fighters/chepe-mariscal-16150,/fighters/ricardo-ramos-5477,"('chepe mariscal', 'ricardo ramos')",004b0417fa5e7a8884cf,9766ed20b68c7c33,,2025-03-01,Chepe Mariscal,99,Featherweight Bout,exact_pair,1.0
ufc-3642,UFC,2025-03-01,https://www.bestfightodds.com/events/ufc-3642,37989,Andrea Lee,Jj Aldrich,/fighters/andrea-lee-5260,/fighters/jj-aldrich-12276,"('andrea lee', 'jj aldrich')",373ad52012f38baaa945,9766ed20b68c7c33,,2025-03-01,JJ Aldrich,99,Women's Flyweight Bout,exact_pair,1.0
ufc-3600,UFC,2025-03-02,https://www.bestfightodds.com/events/ufc-3600,37978,Esteban Ribovics,Nasrat Haqparast,/fighters/esteban-ribovics-14245,/fighters/nasrat-haqparast-7622,"('esteban ribovics', 'nasrat haqparast')",684136b916305283bc47,9766ed20b68c7c33,,2025-03-01,Nasrat Haqparast,99,Lightweight Bout,exact_pair,1.0
ufc-3600,UFC,2025-03-02,https://www.bestfightodds.com/events/ufc-3600,37983,Cody Brundage,Julian Marquez,/fighters/cody-brundage-10168,/fighters/julian-marquez-5998,"('cody brundage', 'julian marquez')",79c9e58eb87e53b41fdc,9766ed20b68c7c33,,2025-03-01,Cody Brundage,99,Middleweight Bout,exact_pair,1.0
ufc-3600,UFC,2025-03-02,https://www.bestfightodds.com/events/ufc-3600,37979,Asu Almabaev,Manel Kape,/fighters/asu-almabaev-10853,/fighters/manel-kape-7510,"('asu almabayev', 'manel kape')",a53b5047bd81b1ed9110,9766ed20b68c7c33,,2025-03-01,Manel Kape,99,Flyweight Bout,exact_pair,1.0
ufc-3642,UFC,2025-03-01,https://www.bestfightodds.com/events/ufc-3642,37987,Charles Johnson,Ramazonbek Temirov,/fighters/charles-johnson-7494,/fighters/ramazonbek-temirov-16493,"('charles johnson', 'ramazonbek temirov')",b47c8d483f780250ae9e,9766ed20b68c7c33,,2025-03-01,Ramazan Temirov,99,Flyweight Bout,fuzzy_pair,0.9242424242424243
ufc-3642,UFC,2025-03-01,https://www.bestfightodds.com/events/ufc-3642,37985,Austen Lane,Mario Pinto,/fighters/austen-lane-8254,/fighters/mario-pinto-18577,"('austen lane', 'mario pinto')",c024eda7678b670646dc,9766ed20b68c7c33,,2025-03-01,Mario Pinto,99,Heavyweight Bout,exact_pair,1.0
ufc-3600,UFC,2025-03-02,https://www.bestfightodds.com/events/ufc-3600,37984,Hyder Amil,William Gomis,/fighters/hyder-amil-8178,/fighters/william-gomis-10345,"('hyder amil', 'william gomis')",e36719b58e20881dd2d9,9766ed20b68c7c33,,2025-03-01,Hyder Amil,99,Featherweight Bout,exact_pair,1.0
ufc-3642,UFC,2025-03-01,https://www.bestfightodds.com/events/ufc-3642,37981,Danny Silva,Lucas Almeida,/fighters/danny-silva-9217,/fighters/lucas-almeida-12571,"('danny silva', 'lucas almeida')",f4a2659c3b8aa77d0bc9,9766ed20b68c7c33,,2025-03-01,Danny Silva,99,Featherweight Bout,exact_pair,1.0
ufc-3600,UFC,2025-03-02,https://www.bestfightodds.com/events/ufc-3600,37982,Danny Barlow,Sam Patterson,/fighters/danny-barlow-14814,/fighters/sam-patterson-11410,"('danny barlow', 'sam patterson')",f9a7682534dc880eef22,9766ed20b68c7c33,,2025-03-01,Sam Patterson,99,Welterweight Bout,exact_pair,1.0
ufc-313-3650,UFC 313,2025-03-08,https://www.bestfightodds.com/events/ufc-313-3650,38048,Djorden Santos,Ozzy Diaz,/fighters/djorden-santos-18276,/fighters/ozzy-diaz-10407,"('djorden santos', 'ozzy diaz')",1cd07a3020bb9cf8ff26,ca936c67687789e9,,2025-03-08,Ozzy Diaz,99,Middleweight Bout,exact_pair,1.0
ufc-3612,UFC,2025-03-09,https://www.bestfightodds.com/events/ufc-3612,38073,Joshua van,Rei Tsuruya,/fighters/joshua-van-14745,/fighters/rei-tsuruya-15872,"('joshua van', 'rei tsuruya')",4628a16b8d6624641b9c,ca936c67687789e9,,2025-03-08,Joshua Van,99,Flyweight Bout,exact_pair,1.0
ufc-3612,UFC,2025-03-09,https://www.bestfightodds.com/events/ufc-3612,38045,Armen Petrosyan,Brunno Ferreira,/fighters/armen-petrosyan-11514,/fighters/brunno-ferreira-14404,"('armen petrosyan', 'brunno ferreira')",46c3bcdd342b994f8be8,ca936c67687789e9,,2025-03-08,Brunno Ferreira,99,Middleweight Bout,exact_pair,1.0
ufc-3612,UFC,2025-03-09,https://www.bestfightodds.com/events/ufc-3612,37740,Alex Pereira,Magomed Ankalaev,/fighters/alex-pereira-10463,/fighters/magomed-ankalaev-7794,"('alex pereira', 'magomed ankalaev')",786427be642f8f11ba56,ca936c67687789e9,,2025-03-08,Magomed Ankalaev,99,UFC Light Heavyweight Title Bout,exact_pair,1.0
ufc-3612,UFC,2025-03-09,https://www.bestfightodds.com/events/ufc-3612,38043,Amanda Lemos,Iasmin Lucindo,/fighters/amanda-lemos-7335,/fighters/iasmin-lucindo-14124,"('amanda lemos', 'iasmin lucindo')",8b064d9e7f295bde79ba,ca936c67687789e9,,2025-03-08,Amanda Lemos,99,Women's Strawweight Bout,exact_pair,1.0
ufc-3612,UFC,2025-03-09,https://www.bestfightodds.com/events/ufc-3612,38042,Ignacio Bahamondes,Jalin Turner,/fighters/ignacio-bahamondes-9750,/fighters/jalin-turner-6854,"('ignacio bahamondes', 'jalin turner')",8d9c67dc93e4b4c9fd22,ca936c67687789e9,,2025-03-08,Ignacio Bahamondes,99,Lightweight Bout,exact_pair,1.0
ufc-3612,UFC,2025-03-09,https://www.bestfightodds.com/events/ufc-3612,38074,Justin Gaethje,Rafael Fiziev,/fighters/justin-gaethje-3964,/fighters/rafael-fiziev-8258,"('justin gaethje', 'rafael fiziev')",c1623c249b896c090bad,ca936c67687789e9,,2025-03-08,Justin Gaethje,99,Lightweight Bout,exact_pair,1.0
ufc-3612,UFC,2025-03-09,https://www.bestfightodds.com/events/ufc-3612,38047,Francis Marshall,Mairon Santos,/fighters/francis-marshall-14185,/fighters/mairon-santos-13140,"('francis marshall', 'mairon santos')",ddc5b03ef7ef3bad30a0,ca936c67687789e9,,2025-03-08,Mairon Santos,99,Featherweight Bout,exact_pair,1.0
ufc-3612,UFC,2025-03-09,https://www.bestfightodds.com/events/ufc-3612,38044,King Green,Mauricio Ruffy,/fighters/king-green-19196,/fighters/mauricio-ruffy-16595,"('king green', 'mauricio ruffy')",e859d1bbee39adb33b4c,ca936c67687789e9,,2025-03-08,Mauricio Ruffy,99,Lightweight Bout,exact_pair,1.0
ufc-3655,UFC,2025-03-15,https://www.bestfightodds.com/events/ufc-3655,38086,Kevin Vallejos,Seung Woo Choi,/fighters/kevin-vallejos-16459,/fighters/seung-woo-choi-9065,"('kevin vallejos', 'seung woo choi')",1bbeca2ca475f82fa0de,39f62b833e4cf126,,2025-03-15,Kevin Vallejos,99,Featherweight Bout,fuzzy_pair,0.9814814814814814
ufc-fight-night-3651,UFC Fight Night,2025-03-16,https://www.bestfightodds.com/events/ufc-fight-night-3651,38050,Chidi Njokuani,Elizeu Zaleski Dos Santos,/fighters/chidi-njokuani-2452,/fighters/elizeu-zaleski-dos-santos-6667,"('chidi njokuani', 'elizeu zaleski')",36671415f2ce1d543cbf,39f62b833e4cf126,,2025-03-15,Chidi Njokuani,99,Welterweight Bout,exact_pair,1.0
ufc-fight-night-3651,UFC Fight Night,2025-03-16,https://www.bestfightodds.com/events/ufc-fight-night-3651,38084,Cody Gibson,Da'mon Blackshear,/fighters/cody-gibson-1915,/fighters/da-mon-blackshear-8471,"('cody gibson', 'damon blackshear')",6d241da7d35b05ea38b2,39f62b833e4cf126,,2025-03-15,Da'Mon Blackshear,99,Bantamweight Bout,exact_pair,1.0
ufc-3655,UFC,2025-03-15,https://www.bestfightodds.com/events/ufc-3655,38085,Brendson Ribeiro,Diyar Nurgozhay,/fighters/brendson-ribeiro-13392,/fighters/diyar-nurgozhay-11550,"('brendson ribeiro', 'diyar nurgozhay')",7620ec17f33d8adb74a1,39f62b833e4cf126,,2025-03-15,Brendson Ribeiro,99,Light Heavyweight Bout,exact_pair,1.0
ufc-fight-night-3651,UFC Fight Night,2025-03-16,https://www.bestfightodds.com/events/ufc-fight-night-3651,38082,Alexander Hernandez,Kurt Holobaugh,/fighters/alexander-hernandez-7977,/fighters/kurt-holobaugh-3814,"('alexander hernandez', 'kurt holobaugh')",82d02406fbb925be8023,39f62b833e4cf126,,2025-03-15,Alexander Hernandez,99,Lightweight Bout,exact_pair,1.0
ufc-3655,UFC,2025-03-15,https://www.bestfightodds.com/events/ufc-3655,38076,Andre Lima,Daniel Barez,/fighters/andre-lima-16132,/fighters/daniel-barez-4827,"('andre lima', 'daniel barez')",86d87fdf547fe09f0aa2,39f62b833e4cf126,,2025-03-15,Andre Lima,99,Flyweight Bout,exact_pair,1.0
ufc-fight-night-3651,UFC Fight Night,2025-03-16,https://www.bestfightodds.com/events/ufc-fight-night-3651,38049,Marvin Vettori,Roman Dolidze,/fighters/marvin-vettori-6541,/fighters/roman-dolidze-9094,"('marvin vettori', 'roman dolidze')",a763841d234fdb7926f8,39f62b833e4cf126,,2025-03-15,Roman Dolidze,99,Middleweight Bout,exact_pair,1.0
ufc-3655,UFC,2025-03-15,https://www.bestfightodds.com/events/ufc-3655,38078,Carli Judice,Yuneisy Duben,/fighters/carli-judice-16539,/fighters/yuneisy-duben-18278,"('carli judice', 'yuneisy duben')",aef83d69e69af48bef7d,39f62b833e4cf126,,2025-03-15,Carli Judice,99,Women's Flyweight Bout,exact_pair,1.0
ufc-3655,UFC,2025-03-15,https://www.bestfightodds.com/events/ufc-3655,38080,Carlos Vera,Josias Musasa,/fighters/carlos-vera-7002,/fighters/josias-musasa-18383,"('carlos vera', 'josias musasa')",b59729618f90fcc09c37,39f62b833e4cf126,,2025-03-15,Carlos Vera,99,Bantamweight Bout,exact_pair,1.0
ufc-3655,UFC,2025-03-15,https://www.bestfightodds.com/events/ufc-3655,38081,Aj Cunningham,Su Young You,/fighters/aj-cunningham-12280,/fighters/su-young-you-17656,"('aj cunningham', 'su young you')",ea4f8996e9874d93ff48,39f62b833e4cf126,,2025-03-15,SuYoung You,99,Bantamweight Bout,fuzzy_pair,0.9782608695652174
ufc-3655,UFC,2025-03-15,https://www.bestfightodds.com/events/ufc-3655,38077,Ryan Spann,Waldo Cortes-Acosta,/fighters/ryan-spann-3502,/fighters/waldo-cortes-acosta-12830,"('ryan spann', 'waldo cortes acosta')",f66643b556651f33c5f6,39f62b833e4cf126,,2025-03-15,Waldo Cortes-Acosta,99,Heavyweight Bout,exact_pair,1.0
ufc-3655,UFC,2025-03-15,https://www.bestfightodds.com/events/ufc-3655,38087,Josiane Nunes,Priscila Cachoeira,/fighters/josiane-nunes-11029,/fighters/priscila-cachoeira-7754,"('josiane nunes', 'priscila cachoeira')",f68d26a210b7381c93c7,39f62b833e4cf126,,2025-03-15,Priscila Cachoeira,99,Women's Bantamweight Bout,exact_pair,1.0
ufc-3655,UFC,2025-03-15,https://www.bestfightodds.com/events/ufc-3655,38079,Sam Hughes,Stephanie Luciano,/fighters/sam-hughes-9863,/fighters/stephanie-luciano-11737,"('sam hughes', 'stephanie luciano')",fc13daa2531ed3c59bb4,39f62b833e4cf126,,2025-03-15,Sam Hughes,99,Women's Strawweight Bout,exact_pair,1.0
ufc-3578,UFC,2025-03-22,https://www.bestfightodds.com/events/ufc-3578,38104,Andrey Pulyaev,Christian Leroy Duncan,/fighters/andrey-pulyaev-18270,/fighters/christian-leroy-duncan-12577,"('andrey pulyaev', 'christian leroy duncan')",18914236ad57fa9b2ce2,cc2ad11b1f9d818b,,2025-03-22,Christian Leroy Duncan,99,Middleweight Bout,exact_pair,1.0
ufc-3578,UFC,2025-03-22,https://www.bestfightodds.com/events/ufc-3578,38110,Chris Duncan,Jordan Vucenic,/fighters/chris-duncan-8861,/fighters/jordan-vucenic-9515,"('chris duncan', 'jordan vucenic')",2aaf737676bed0de462b,cc2ad11b1f9d818b,,2025-03-22,Chris Duncan,99,Lightweight Bout,exact_pair,1.0
ufc-3578,UFC,2025-03-22,https://www.bestfightodds.com/events/ufc-3578,38111,Chris Padilla,Jai Herbert,/fighters/chris-padilla-6093,/fighters/jai-herbert-6873,"('chris padilla', 'jai herbert')",2da6a5832c42ef5e7518,cc2ad11b1f9d818b,,2025-03-22,Chris Padilla,99,Lightweight Bout,exact_pair,1.0
ufc-3578,UFC,2025-03-22,https://www.bestfightodds.com/events/ufc-3578,38038,Leon Edwards,Sean Brady,/fighters/leon-edwards-4608,/fighters/sean-brady-8521,"('leon edwards', 'sean brady')",31b04737f67f3c4acdec,cc2ad11b1f9d818b,,2025-03-22,Sean Brady,99,Welterweight Bout,exact_pair,1.0
ufc-3578,UFC,2025-03-22,https://www.bestfightodds.com/events/ufc-3578,38108,Morgan Charriere,Nathaniel Wood,/fighters/morgan-charriere-8980,/fighters/nathaniel-wood-5309,"('morgan charriere', 'nathaniel wood')",3a195458c88bb7d99547,cc2ad11b1f9d818b,,2025-03-22,Nathaniel Wood,99,Featherweight Bout,exact_pair,1.0
ufc-3578,UFC,2025-03-22,https://www.bestfightodds.com/events/ufc-3578,38158,Felipe Dos Santos,Lone'er Kavanagh,/fighters/felipe-dos-santos-14707,/fighters/lone-er-kavanagh-12967,"('felipe dos santos', 'loneer kavanagh')",7763089c5e6914219a1b,cc2ad11b1f9d818b,,2025-03-22,Lone'er Kavanagh,99,Flyweight Bout,exact_pair,1.0
ufc-3578,UFC,2025-03-22,https://www.bestfightodds.com/events/ufc-3578,38184,Guram Kutateladze,Kaua Fernandes,/fighters/guram-kutateladze-10385,/fighters/kaua-fernandes-15891,"('guram kutateladze', 'kaua fernandes')",827573f20501c5e97aa6,cc2ad11b1f9d818b,,2025-03-22,Kaue Fernandes,99,Lightweight Bout,fuzzy_pair,0.9642857142857143
ufc-3578,UFC,2025-03-22,https://www.bestfightodds.com/events/ufc-3578,37443,Carlos Ulberg,Jan Blachowicz,/fighters/carlos-ulberg-10404,/fighters/jan-blachowicz-2371,"('carlos ulberg', 'jan blachowicz')",95acb216da334f542bb9,cc2ad11b1f9d818b,,2025-03-22,Carlos Ulberg,99,Light Heavyweight Bout,exact_pair,1.0
ufc-3578,UFC,2025-03-22,https://www.bestfightodds.com/events/ufc-3578,38159,Marcin Tybura,Mick Parkin,/fighters/marcin-tybura-6200,/fighters/mick-parkin-16020,"('marcin tybura', 'mick parkin')",c5bcb65da9b713b23891,cc2ad11b1f9d818b,,2025-03-22,Marcin Tybura,99,Heavyweight Bout,exact_pair,1.0
ufc-3578,UFC,2025-03-22,https://www.bestfightodds.com/events/ufc-3578,38096,Puja Tomar,Shauna Bannon,/fighters/puja-tomar-7943,/fighters/shauna-bannon-14505,"('puja tomar', 'shauna bannon')",e86622675801b2ccdb0c,cc2ad11b1f9d818b,,2025-03-22,Shauna Bannon,99,Women's Strawweight Bout,exact_pair,1.0
ufc-3578,UFC,2025-03-22,https://www.bestfightodds.com/events/ufc-3578,38189,Alexia Thainara,Molly McCann,/fighters/alexia-thainara-15137,/fighters/molly-mccann-5311,"('alexia thainara', 'molly mccann')",ede3484db7ab94e5894d,cc2ad11b1f9d818b,,2025-03-22,Alexia Thainara,99,Women's Strawweight Bout,exact_pair,1.0
ufc-3578,UFC,2025-03-22,https://www.bestfightodds.com/events/ufc-3578,38160,Caolan Loughran,Nathan Fletcher,/fighters/caolan-loughran-13592,/fighters/nathan-fletcher-9198,"('caolan loughran', 'nathan fletcher')",f10dae2921e94b0a461e,cc2ad11b1f9d818b,,2025-03-22,Caolan Loughran,99,Bantamweight Bout,exact_pair,1.0
ufc-3578,UFC,2025-03-22,https://www.bestfightodds.com/events/ufc-3578,38102,Gunnar Nelson,Kevin Holland,/fighters/gunnar-nelson-3160,/fighters/kevin-holland-5910,"('gunnar nelson', 'kevin holland')",fe47ceba0a3647799a8a,cc2ad11b1f9d818b,,2025-03-22,Kevin Holland,99,Welterweight Bout,exact_pair,1.0
ufc-fight-night-3668,UFC Fight Night,2025-03-29,https://www.bestfightodds.com/events/ufc-fight-night-3668,38209,Julia Polastri,Loopy Godinez,/fighters/julia-polastri-12394,/fighters/loopy-godinez-12828,"('julia polastri', 'loopy godinez')",0609308c119480ed58c6,0f7210aa8d61af8d,,2025-03-29,Loopy Godinez,99,Women's Strawweight Bout,exact_pair,1.0
ufc-fight-night-3668,UFC Fight Night,2025-03-29,https://www.bestfightodds.com/events/ufc-fight-night-3668,38207,Rafa Garcia,Vinc Pichel,/fighters/rafa-garcia-9241,/fighters/vinc-pichel-3284,"('rafa garcia', 'vinc pichel')",087f44d52bac34aee260,0f7210aa8d61af8d,,2025-03-29,Rafa Garcia,99,Lightweight Bout,exact_pair,1.0
ufc-fight-night-3667,UFC Fight Night,2025-03-30,https://www.bestfightodds.com/events/ufc-fight-night-3667,38205,Drew Dober,Manuel Torres,/fighters/drew-dober-1576,/fighters/manuel-torres-11468,"('drew dober', 'manuel torres')",15bc623ac0fd9181bbca,0f7210aa8d61af8d,,2025-03-29,Manuel Torres,99,Lightweight Bout,exact_pair,1.0
ufc-fight-night-3668,UFC Fight Night,2025-03-29,https://www.bestfightodds.com/events/ufc-fight-night-3668,38206,Ateba Gautier,Jose Daniel Medina,/fighters/ateba-gautier-18421,/fighters/jose-daniel-medina-16594,"('ateba gautier', 'jose daniel medina')",1e58b6140e33c81ad4e0,0f7210aa8d61af8d,,2025-03-29,Ateba Gautier,99,Middleweight Bout,exact_pair,1.0
ufc-fight-night-3668,UFC Fight Night,2025-03-29,https://www.bestfightodds.com/events/ufc-fight-night-3668,38212,Christian Rodriguez,Melquizael Costa,/fighters/christian-rodriguez-9146,/fighters/melquizael-costa-13774,"('christian rodriguez', 'melquizael costa')",28ba71513fca3c5a45ae,0f7210aa8d61af8d,,2025-03-29,Melquizael Costa,99,Featherweight Bout,exact_pair,1.0
ufc-fight-night-3668,UFC Fight Night,2025-03-29,https://www.bestfightodds.com/events/ufc-fight-night-3668,38239,Austin Hubbard,Marquel Mederos,/fighters/austin-hubbard-8207,/fighters/marquel-mederos-10796,"('austin hubbard', 'marquel mederos')",505bbef47dc1f03d3a9f,0f7210aa8d61af8d,,2025-03-29,MarQuel Mederos,99,Lightweight Bout,exact_pair,1.0
ufc-fight-night-3667,UFC Fight Night,2025-03-30,https://www.bestfightodds.com/events/ufc-fight-night-3667,38211,Raul Rosas Jr,Vince Morales,/fighters/raul-rosas-jr-14405,/fighters/vince-morales-6316,"('raul rosas jr', 'vince morales')",6d36b6c829b950ccd90f,0f7210aa8d61af8d,,2025-03-29,Raul Rosas Jr.,99,Bantamweight Bout,exact_pair,1.0
ufc-fight-night-3667,UFC Fight Night,2025-03-30,https://www.bestfightodds.com/events/ufc-fight-night-3667,38204,Brandon Moreno,Steve Erceg,/fighters/brandon-moreno-6681,/fighters/steve-erceg-17167,"('brandon moreno', 'steve erceg')",6e461a00cf44bcf46f49,0f7210aa8d61af8d,,2025-03-29,Brandon Moreno,99,Flyweight Bout,exact_pair,1.0
ufc-fight-night-3667,UFC Fight Night,2025-03-30,https://www.bestfightodds.com/events/ufc-fight-night-3667,38208,Cj Vergara,Edgar Chairez,/fighters/cj-vergara-17015,/fighters/edgar-chairez-9509,"('cj vergara', 'edgar chairez')",9ef82109ee6637cc0ec2,0f7210aa8d61af8d,,2025-03-29,Edgar Chairez,99,Flyweight Bout,exact_pair,1.0
ufc-fight-night-3668,UFC Fight Night,2025-03-29,https://www.bestfightodds.com/events/ufc-fight-night-3668,38240,Gabriel Miranda,Jamall Emmers,/fighters/gabriel-miranda-10991,/fighters/jamall-emmers-6475,"('gabriel miranda', 'jamall emmers')",adca24f1d44d5b273ba0,0f7210aa8d61af8d,,2025-03-29,Jamall Emmers,99,Featherweight Bout,exact_pair,1.0
ufc-fight-night-3668,UFC Fight Night,2025-03-29,https://www.bestfightodds.com/events/ufc-fight-night-3668,38214,Kevin Borjas,Ronaldo Rodriguez,/fighters/kevin-borjas-9841,/fighters/ronaldo-rodriguez-18123,"('kevin borjas', 'ronaldo rodriguez')",dde554bcaaab048f84ed,0f7210aa8d61af8d,,2025-03-29,Kevin Borjas,99,Flyweight Bout,exact_pair,1.0
ufc-fight-night-3668,UFC Fight Night,2025-03-29,https://www.bestfightodds.com/events/ufc-fight-night-3668,38210,David Martinez,Saimon Oliveira,/fighters/david-martinez-16826,/fighters/saimon-oliveira-12268,"('david martinez', 'saimon oliveira')",ebc861508381c8f5e363,0f7210aa8d61af8d,,2025-03-29,David Martinez,99,Bantamweight Bout,exact_pair,1.0
ufc-fight-night-3676,UFC Fight Night,2025-04-06,https://www.bestfightodds.com/events/ufc-fight-night-3676,38276,Luis Gurule,Ode Osbourne,/fighters/luis-gurule-13855,/fighters/ode-osbourne-9282,"('luis gurule', 'ode osbourne')",0170b817f6e3071e7fbb,86b30a86664cb6e4,,2025-04-05,Ode Osbourne,99,Flyweight Bout,exact_pair,1.0
ufc-fight-night-3676,UFC Fight Night,2025-04-06,https://www.bestfightodds.com/events/ufc-fight-night-3676,38281,Daniel Frunza,Rhys McKee,/fighters/daniel-frunza-12483,/fighters/rhys-mckee-6874,"('daniel frunza', 'rhys mckee')",28ed5862cb8f8ebec952,86b30a86664cb6e4,,2025-04-05,Rhys McKee,99,Welterweight Bout,exact_pair,1.0
ufc-fight-night-3676,UFC Fight Night,2025-04-06,https://www.bestfightodds.com/events/ufc-fight-night-3676,38245,Chang Ho Lee,Cortavious Romious,/fighters/chang-ho-lee-13734,/fighters/cortavious-romious-15949,"('chang ho lee', 'cortavious romious')",3947f7e8c566db22f82f,86b30a86664cb6e4,,2025-04-05,ChangHo Lee,99,Bantamweight Bout,fuzzy_pair,0.9782608695652174
ufc-fight-night-3676,UFC Fight Night,2025-04-06,https://www.bestfightodds.com/events/ufc-fight-night-3676,38242,Robert Valentin Frey,Torrez Finney,/fighters/robert-valentin-frey-19247,/fighters/torrez-finney-16619,"('robert valentin frey', 'torrez finney')",523191df6b455dfb0c46,86b30a86664cb6e4,,2025-04-05,Torrez Finney,99,Middleweight Bout,fuzzy_pair,0.9285714285714286
ufc-3671,UFC,2025-04-05,https://www.bestfightodds.com/events/ufc-3671,38365,Martin Buday,Uran Satybaldiev,/fighters/martin-buday-11489,/fighters/uran-satybaldiev-16347,"('martin buday', 'uran satybaldiev')",550e64a50d127a7db7e7,86b30a86664cb6e4,,2025-04-05,Martin Buday,99,Heavyweight Bout,exact_pair,1.0
ufc-3671,UFC,2025-04-05,https://www.bestfightodds.com/events/ufc-3671,38280,Talita Alencar,Vanessa Demopoulos,/fighters/talita-alencar-11655,/fighters/vanessa-demopoulos-8998,"('talita alencar', 'vanessa demopoulos')",7130dc35930358f9fd28,86b30a86664cb6e4,,2025-04-05,Talita Alencar,99,Women's Strawweight Bout,exact_pair,1.0
ufc-3671,UFC,2025-04-05,https://www.bestfightodds.com/events/ufc-3671,38277,Pedro Falcao,Victor Henry,/fighters/pedro-falcao-5809,/fighters/victor-henry-9364,"('pedro falcao', 'victor henry')",80c8e636b63886b94cde,86b30a86664cb6e4,,2025-04-05,Victor Henry,99,Bantamweight Bout,exact_pair,1.0
ufc-3671,UFC,2025-04-05,https://www.bestfightodds.com/events/ufc-3671,38279,Istela Nunes,Loma Lookboonmee,/fighters/istela-nunes-7143,/fighters/loma-lookboonmee-7834,"('istela nunes', 'loma lookboonmee')",b2b4d9ccfbcf4de412d2,86b30a86664cb6e4,,2025-04-05,Loma Lookboonmee,99,Women's Strawweight Bout,exact_pair,1.0
ufc-fight-night-3676,UFC Fight Night,2025-04-06,https://www.bestfightodds.com/events/ufc-fight-night-3676,38244,Joanderson Brito,Pat Sabatini,/fighters/joanderson-brito-9135,/fighters/pat-sabatini-8167,"('joanderson brito', 'pat sabatini')",b683bacfdedf891efc35,86b30a86664cb6e4,,2025-04-05,Pat Sabatini,99,Featherweight Bout,exact_pair,1.0
ufc-fight-night-3676,UFC Fight Night,2025-04-06,https://www.bestfightodds.com/events/ufc-fight-night-3676,38243,Brad Tavares,Gerald Meerschaert,/fighters/brad-tavares-1959,/fighters/gerald-meerschaert-3628,"('brad tavares', 'gerald meerschaert')",cd93b77a3e0b0ef8bfd7,86b30a86664cb6e4,,2025-04-05,Brad Tavares,99,Middleweight Bout,exact_pair,1.0
ufc-fight-night-3676,UFC Fight Night,2025-04-06,https://www.bestfightodds.com/events/ufc-fight-night-3676,38238,Josh Emmett,Lerone Murphy,/fighters/josh-emmett-6405,/fighters/lerone-murphy-9433,"('josh emmett', 'lerone murphy')",ec719bd458eff2f3d1d9,86b30a86664cb6e4,,2025-04-05,Lerone Murphy,99,Featherweight Bout,exact_pair,1.0
ufc-fight-night-3676,UFC Fight Night,2025-04-06,https://www.bestfightodds.com/events/ufc-fight-night-3676,38282,Diana Belbita,Dione Barbosa,/fighters/diana-belbita-9450,/fighters/dione-barbosa-12811,"('diana belbita', 'dione barbosa')",f72422d3d3a3d4c6d959,86b30a86664cb6e4,,2025-04-05,Dione Barbosa,99,Women's Flyweight Bout,exact_pair,1.0
ufc-3611,UFC,2025-04-13,https://www.bestfightodds.com/events/ufc-3611,38318,Chase Hooper,Jim Miller,/fighters/chase-hooper-8425,/fighters/jim-miller-265,"('chase hooper', 'jim miller')",18649b595e25ce594a5f,22f4b6cb6b1bd7fd,,2025-04-12,Chase Hooper,99,Lightweight Bout,exact_pair,1.0
ufc-3611,UFC,2025-04-13,https://www.bestfightodds.com/events/ufc-3611,38075,Bryce Mitchell,Jean Silva,/fighters/bryce-mitchell-6135,/fighters/jean-silva-554,"('bryce mitchell', 'jean silva')",2a3fa90bfff2426cd6d4,22f4b6cb6b1bd7fd,,2025-04-12,Jean Silva,99,Featherweight Bout,exact_pair,1.0
ufc-3654,UFC,2025-04-12,https://www.bestfightodds.com/events/ufc-3654,38320,Marco Tulio,Tresean Gore,/fighters/marco-tulio-18271,/fighters/tresean-gore-12266,"('marco tulio', 'tresean gore')",4066481d35cdadae1ae5,22f4b6cb6b1bd7fd,,2025-04-12,Marco Tulio,99,Middleweight Bout,exact_pair,1.0
ufc-3611,UFC,2025-04-13,https://www.bestfightodds.com/events/ufc-3611,38324,Dan Ige,Sean Woodson,/fighters/dan-ige-6448,/fighters/sean-woodson-9342,"('dan ige', 'sean woodson')",477c98f11b4b906030c6,22f4b6cb6b1bd7fd,,2025-04-12,Dan Ige,99,Featherweight Bout,exact_pair,1.0
ufc-3611,UFC,2025-04-13,https://www.bestfightodds.com/events/ufc-3611,38010,Michael Chandler,Paddy Pimblett,/fighters/michael-chandler-2158,/fighters/paddy-pimblett-4242,"('michael chandler', 'paddy pimblett')",8503077f90e528f0c220,22f4b6cb6b1bd7fd,,2025-04-12,Paddy Pimblett,99,Lightweight Bout,exact_pair,1.0
ufc-3611,UFC,2025-04-13,https://www.bestfightodds.com/events/ufc-3611,38330,Dominick Reyes,Nikita Krylov,/fighters/dominick-reyes-7225,/fighters/nikita-krylov-4188,"('dominick reyes', 'nikita krylov')",853348e431c18af7dd2e,22f4b6cb6b1bd7fd,,2025-04-12,Dominick Reyes,99,Light Heavyweight Bout,exact_pair,1.0
ufc-3654,UFC,2025-04-12,https://www.bestfightodds.com/events/ufc-3654,38326,Hailey Cowan,Nora Cornolle,/fighters/hailey-cowan-8154,/fighters/nora-cornolle-14385,"('hailey cowan', 'nora cornolle')",98832f26dee14a38eee2,22f4b6cb6b1bd7fd,,2025-04-12,Nora Cornolle,99,Women's Bantamweight Bout,exact_pair,1.0
ufc-3611,UFC,2025-04-13,https://www.bestfightodds.com/events/ufc-3611,38319,Darren Elkins,Julian Erosa,/fighters/darren-elkins-1768,/fighters/julian-erosa-6088,"('darren elkins', 'julian erosa')",b0e1e0602662a6dadc0d,22f4b6cb6b1bd7fd,,2025-04-12,Julian Erosa,99,Featherweight Bout,exact_pair,1.0
ufc-3611,UFC,2025-04-13,https://www.bestfightodds.com/events/ufc-3611,38008,Alexander Volkanovski,Diego Lopes,/fighters/alexander-volkanovski-9523,/fighters/diego-lopes-12328,"('alexander volkanovski', 'diego lopes')",be5903494260a2469a32,22f4b6cb6b1bd7fd,,2025-04-12,Alexander Volkanovski,99,UFC Featherweight Title Bout,exact_pair,1.0
ufc-3611,UFC,2025-04-13,https://www.bestfightodds.com/events/ufc-3611,38332,Virna Jandiroba,Yan Xiaonan,/fighters/virna-jandiroba-7726,/fighters/yan-xiaonan-9553,"('virna jandiroba', 'yan xiaonan')",e0c420446909db43b133,22f4b6cb6b1bd7fd,,2025-04-12,Virna Jandiroba,99,Women's Strawweight Bout,exact_pair,1.0
ufc-3654,UFC,2025-04-12,https://www.bestfightodds.com/events/ufc-3654,38329,Michal Oleksiejczuk,Sedriques Dumas,/fighters/michal-oleksiejczuk-7639,/fighters/sedriques-dumas-12309,"('michal oleksiejczuk', 'sedriques dumas')",e8c008aa15e8d348494b,22f4b6cb6b1bd7fd,,2025-04-12,Michal Oleksiejczuk,99,Middleweight Bout,exact_pair,1.0
ufc-3611,UFC,2025-04-13,https://www.bestfightodds.com/events/ufc-3611,38039,Patricio Freire,Yair Rodriguez,/fighters/patricio-freire-1754,/fighters/yair-rodriguez-5292,"('patricio freire', 'yair rodriguez')",fea7c1ece99fb02c1258,22f4b6cb6b1bd7fd,,2025-04-12,Yair Rodriguez,99,Featherweight Bout,exact_pair,1.0
ufc-3656,UFC,2025-04-27,https://www.bestfightodds.com/events/ufc-3656,38390,Abus Magomedov,Michel Pereira,/fighters/abus-magomedov-16645,/fighters/michel-pereira-9071,"('abus magomedov', 'michel pereira')",242aef16f02c1ac155aa,b2e3aca4cd363477,,2025-04-26,Abus Magomedov,99,Middleweight Bout,exact_pair,1.0
ufc-3656,UFC,2025-04-27,https://www.bestfightodds.com/events/ufc-3656,38386,David Onama,Giga Chikadze,/fighters/david-onama-10808,/fighters/giga-chikadze-6073,"('david onama', 'giga chikadze')",27a42116979900831b8f,b2e3aca4cd363477,,2025-04-26,David Onama,99,Featherweight Bout,exact_pair,1.0
ufc-3656,UFC,2025-04-27,https://www.bestfightodds.com/events/ufc-3656,38380,Chris Gutierrez,John Castaneda,/fighters/chris-gutierrez-4725,/fighters/john-castaneda-7396,"('chris gutierrez', 'john castaneda')",485b0a7584d412f1237a,b2e3aca4cd363477,,2025-04-26,Chris Gutierrez,99,Featherweight Bout,exact_pair,1.0
ufc-fight-night-3688,UFC Fight Night,2025-04-26,https://www.bestfightodds.com/events/ufc-fight-night-3688,38473,Roberto Romero,Timothy Cuamba,/fighters/roberto-romero-18776,/fighters/timothy-cuamba-11019,"('roberto romero', 'timothy cuamba')",4ed7eb960950c3c5dc30,b2e3aca4cd363477,,2025-04-26,Timmy Cuamba,99,Featherweight Bout,fuzzy_pair,0.9230769230769231
ufc-fight-night-3688,UFC Fight Night,2025-04-26,https://www.bestfightodds.com/events/ufc-fight-night-3688,38388,Cameron Saaiman,Malcolm Wellmaker,/fighters/cameron-saaiman-11217,/fighters/malcolm-wellmaker-18273,"('cameron saaiman', 'malcolm wellmaker')",52b3468b0eeed4b28605,b2e3aca4cd363477,,2025-04-26,Malcolm Wellmaker,99,Bantamweight Bout,exact_pair,1.0
ufc-3656,UFC,2025-04-27,https://www.bestfightodds.com/events/ufc-3656,38381,Jimmy Flick,Matt Schnell,/fighters/jimmy-flick-1923,/fighters/matt-schnell-3492,"('jimmy flick', 'matt schnell')",5aa4449c428cbe9eb810,b2e3aca4cd363477,,2025-04-26,Matt Schnell,99,Flyweight Bout,exact_pair,1.0
ufc-3656,UFC,2025-04-27,https://www.bestfightodds.com/events/ufc-3656,38362,Carlos Prates,Ian Machado Garry,/fighters/carlos-prates-14705,/fighters/ian-machado-garry-15690,"('carlos prates', 'ian machado garry')",61a7ae930f42500dfef1,b2e3aca4cd363477,,2025-04-26,Ian Machado Garry,99,Welterweight Bout,exact_pair,1.0
ufc-3656,UFC,2025-04-27,https://www.bestfightodds.com/events/ufc-3656,38519,Evan Elder,Gauge Young,/fighters/evan-elder-10280,/fighters/gauge-young-11235,"('evan elder', 'gauge young')",985f782db0b7db59f27a,b2e3aca4cd363477,,2025-04-26,Evan Elder,99,Lightweight Bout,exact_pair,1.0
ufc-fight-night-3688,UFC Fight Night,2025-04-26,https://www.bestfightodds.com/events/ufc-fight-night-3688,38385,Jaqueline Amorim,Polyana Viana,/fighters/jaqueline-amorim-10780,/fighters/polyana-viana-7817,"('jaqueline amorim', 'polyana viana')",a43ecae1176ffbc724b8,b2e3aca4cd363477,,2025-04-26,Jaqueline Amorim,99,Women's Strawweight Bout,exact_pair,1.0
ufc-3656,UFC,2025-04-27,https://www.bestfightodds.com/events/ufc-3656,38387,Nicolas Dalby,Randy Brown,/fighters/nicolas-dalby-3878,/fighters/randy-brown-6139,"('nicolas dalby', 'randy brown')",b8c2789fcfad228b1a90,b2e3aca4cd363477,,2025-04-26,Randy Brown,99,Welterweight Bout,exact_pair,1.0
ufc-3656,UFC,2025-04-27,https://www.bestfightodds.com/events/ufc-3656,38379,Andre Muniz,Ikram Aliskerov,/fighters/andre-muniz-8538,/fighters/ikram-aliskerov-10994,"('andre muniz', 'ikram aliskerov')",c149ff0524d597048e1c,b2e3aca4cd363477,,2025-04-26,Ikram Aliskerov,99,Middleweight Bout,exact_pair,1.0
ufc-3656,UFC,2025-04-27,https://www.bestfightodds.com/events/ufc-3656,38389,Anthony Smith,Zhang Mingyang,/fighters/anthony-smith-1829,/fighters/zhang-mingyang-14721,"('anthony smith', 'zhang mingyang')",f0a96adb8e63a98add0a,b2e3aca4cd363477,,2025-04-26,Zhang Mingyang,99,Light Heavyweight Bout,exact_pair,1.0
ufc-fight-night-3688,UFC Fight Night,2025-04-26,https://www.bestfightodds.com/events/ufc-fight-night-3688,38382,Chelsea Chandler,Joselyne Edwards,/fighters/chelsea-chandler-7946,/fighters/joselyne-edwards-8664,"('chelsea chandler', 'joselyne edwards')",f2c456d80132a6851d94,b2e3aca4cd363477,,2025-04-26,Joselyne Edwards,99,Women's Bantamweight Bout,exact_pair,1.0
ufc-3665,UFC,2025-05-04,https://www.bestfightodds.com/events/ufc-3665,38467,Azamat Bekoev,Ryan Loder,/fighters/azamat-bekoev-11142,/fighters/ryan-loder-15079,"('azamat bekoev', 'ryan loder')",5d0a87a8ce715f3fb9de,de20ffb3fc2e7629,,2025-05-03,Azamat Bekoev,99,Middleweight Bout,exact_pair,1.0
ufc-fight-night-3694,UFC Fight Night,2025-05-03,https://www.bestfightodds.com/events/ufc-fight-night-3694,38440,Don'tale Mayes,Thomas Petersen,/fighters/don-tale-mayes-6830,/fighters/thomas-petersen-10546,"('dontale mayes', 'thomas petersen')",792a749b8c256728f33f,de20ffb3fc2e7629,,2025-05-03,Thomas Petersen,99,Heavyweight Bout,exact_pair,1.0
ufc-3665,UFC,2025-05-04,https://www.bestfightodds.com/events/ufc-3665,38447,Cory Sandhagen,Deiveson Figueiredo,/fighters/cory-sandhagen-6127,/fighters/deiveson-figueiredo-7514,"('cory sandhagen', 'deiveson figueiredo')",7b7105be04f9ef06973d,de20ffb3fc2e7629,,2025-05-03,Cory Sandhagen,99,Bantamweight Bout,exact_pair,1.0
ufc-3665,UFC,2025-05-04,https://www.bestfightodds.com/events/ufc-3665,38445,Miesha Tate,Yana Santos,/fighters/miesha-tate-783,/fighters/yana-santos-15381,"('miesha tate', 'yana santos')",7cc7fbd9b11aa7fa9550,de20ffb3fc2e7629,,2025-05-03,Yana Santos,99,Women's Bantamweight Bout,exact_pair,1.0
ufc-3665,UFC,2025-05-04,https://www.bestfightodds.com/events/ufc-3665,38183,Bo Nickal,Reinier de Ridder,/fighters/bo-nickal-14211,/fighters/reinier-de-ridder-8891,"('bo nickal', 'reinier de ridder')",8886ad555a3370c9874f,de20ffb3fc2e7629,,2025-05-03,Reinier de Ridder,99,Middleweight Bout,exact_pair,1.0
ufc-3665,UFC,2025-05-04,https://www.bestfightodds.com/events/ufc-3665,38468,Jeremy Stephens,Mason Jones,/fighters/jeremy-stephens-210,/fighters/mason-jones-7156,"('jeremy stephens', 'mason jones')",8ca3bb83c22bdd356856,de20ffb3fc2e7629,,2025-05-03,Mason Jones,99,Lightweight Bout,exact_pair,1.0
ufc-3665,UFC,2025-05-04,https://www.bestfightodds.com/events/ufc-3665,38446,Gillian Robertson,Marina Rodriguez,/fighters/gillian-robertson-7784,/fighters/marina-rodriguez-8543,"('gillian robertson', 'marina rodriguez')",a4dbe9d7531a7ce5875d,de20ffb3fc2e7629,,2025-05-03,Gillian Robertson,99,Women's Strawweight Bout,exact_pair,1.0
ufc-fight-night-3694,UFC Fight Night,2025-05-03,https://www.bestfightodds.com/events/ufc-fight-night-3694,38469,Ivana Petrovic,Juliana Miller,/fighters/ivana-petrovic-13667,/fighters/juliana-miller-10428,"('ivana petrovic', 'juliana miller')",b511a0ee75d94ff4ccff,de20ffb3fc2e7629,,2025-05-03,Juliana Miller,99,Women's Flyweight Bout,exact_pair,1.0
ufc-3665,UFC,2025-05-04,https://www.bestfightodds.com/events/ufc-3665,38443,Cameron Smotherman,Serhiy Sidey,/fighters/cameron-smotherman-12367,/fighters/serhiy-sidey-13707,"('cameron smotherman', 'serhiy sidey')",b64d92c87cf7284698e5,de20ffb3fc2e7629,,2025-05-03,Serhiy Sidey,99,Bantamweight Bout,exact_pair,1.0
ufc-3665,UFC,2025-05-04,https://www.bestfightodds.com/events/ufc-3665,38444,Daniel Rodriguez,Santiago Ponzinibbio,/fighters/daniel-rodriguez-6856,/fighters/santiago-ponzinibbio-4415,"('daniel rodriguez', 'santiago ponzinibbio')",b881006ee4eb5196b3ba,de20ffb3fc2e7629,,2025-05-03,Daniel Rodriguez,99,Welterweight Bout,exact_pair,1.0
ufc-3665,UFC,2025-05-04,https://www.bestfightodds.com/events/ufc-3665,38441,Daniel Marcos,Montel Jackson,/fighters/daniel-marcos-14365,/fighters/montel-jackson-8255,"('daniel marcos', 'montel jackson')",e15ab27fac0c5d8e8916,de20ffb3fc2e7629,,2025-05-03,Montel Jackson,99,Bantamweight Bout,exact_pair,1.0
ufc-3665,UFC,2025-05-04,https://www.bestfightodds.com/events/ufc-3665,38466,Gaston Bolanos,Quang Le,/fighters/gaston-bolanos-6991,/fighters/quang-le-12547,"('gaston bolanos', 'quang le')",ed22d10bedf8d172f364,de20ffb3fc2e7629,,2025-05-03,Quang Le,99,Bantamweight Bout,exact_pair,1.0
ufc-3644,UFC,2025-05-11,https://www.bestfightodds.com/events/ufc-3644,38569,Ion Cutelaba,Modestas Bukauskas,/fighters/ion-cutelaba-4315,/fighters/modestas-bukauskas-7865,"('ion cutelaba', 'modestas bukauskas')",07adb42560221c04e1a8,118463dd8db16e7f,,2025-05-10,Modestas Bukauskas,99,Light Heavyweight Bout,exact_pair,1.0
ufc-3644,UFC,2025-05-11,https://www.bestfightodds.com/events/ufc-3644,38572,Ivan Erslan,Navajo Stirling,/fighters/ivan-erslan-9672,/fighters/navajo-stirling-18344,"('ivan erslan', 'navajo stirling')",08fb60e08c2e6d37386b,118463dd8db16e7f,,2025-05-10,Navajo Stirling,99,Light Heavyweight Bout,exact_pair,1.0
ufc-3644,UFC,2025-05-11,https://www.bestfightodds.com/events/ufc-3644,38568,Jasmine Jasudavicius,Jessica Andrade,/fighters/jasmine-jasudavicius-9869,/fighters/jessica-andrade-4201,"('jasmine jasudavicius', 'jessica andrade')",14a616af9075817d833d,118463dd8db16e7f,,2025-05-10,Jasmine Jasudavicius,99,Women's Flyweight Bout,exact_pair,1.0
ufc-315-3708,UFC 315,2025-05-10,https://www.bestfightodds.com/events/ufc-315-3708,38567,Bekzat Almakhan,Brad Katona,/fighters/bekzat-almakhan-15004,/fighters/brad-katona-8426,"('bekzat almakhan', 'brad katona')",28a4d162feee30037572,118463dd8db16e7f,,2025-05-10,Bekzat Almakhan,99,Bantamweight Bout,exact_pair,1.0
ufc-3644,UFC,2025-05-11,https://www.bestfightodds.com/events/ufc-3644,38040,Alexa Grasso,Natalia Silva,/fighters/alexa-grasso-5096,/fighters/natalia-silva-10547,"('alexa grasso', 'natalia silva')",2cf107c8b352be65455b,118463dd8db16e7f,,2025-05-10,Natalia Silva,99,Women's Flyweight Bout,exact_pair,1.0
ufc-3644,UFC,2025-05-11,https://www.bestfightodds.com/events/ufc-3644,38570,Charles Radtke,Mike Malott,/fighters/charles-radtke-10622,/fighters/mike-malott-5196,"('charles radtke', 'mike malott')",2e6e16c073b86be674ea,118463dd8db16e7f,,2025-05-10,Mike Malott,99,Welterweight Bout,exact_pair,1.0
ufc-3644,UFC,2025-05-11,https://www.bestfightodds.com/events/ufc-3644,38041,Manon Fiorot,Valentina Shevchenko,/fighters/manon-fiorot-8225,/fighters/valentina-shevchenko-5475,"('manon fiorot', 'valentina shevchenko')",53121a45ffc31aa843a1,118463dd8db16e7f,,2025-05-10,Valentina Shevchenko,99,UFC Women's Flyweight Title Bout,exact_pair,1.0
ufc-3644,UFC,2025-05-11,https://www.bestfightodds.com/events/ufc-3644,38009,Belal Muhammad,Jack Della Maddalena,/fighters/belal-muhammad-3777,/fighters/jack-della-maddalena-7492,"('belal muhammad', 'jack della maddalena')",7bc94a7b89d54545352b,118463dd8db16e7f,,2025-05-10,Jack Della Maddalena,99,UFC Welterweight Title Bout,exact_pair,1.0
ufc-3644,UFC,2025-05-11,https://www.bestfightodds.com/events/ufc-3644,38653,Benoit Saint-Denis,Kyle Prepolec,/fighters/benoit-saint-denis-10992,/fighters/kyle-prepolec-3617,"('benoit saint denis', 'kyle prepolec')",c4ac8baf4dbd6a1fc3ba,118463dd8db16e7f,,2025-05-10,Benoit Saint Denis,99,Lightweight Bout,exact_pair,1.0
ufc-315-3708,UFC 315,2025-05-10,https://www.bestfightodds.com/events/ufc-315-3708,38641,Daniel Santos,Jeong Yeong Lee,/fighters/daniel-santos-6038,/fighters/jeong-yeong-lee-19375,"('daniel santos', 'jeong yeong lee')",d3151d36eb7453905fb8,118463dd8db16e7f,,2025-05-10,Daniel Santos,99,Featherweight Bout,fuzzy_pair,0.9827586206896552
ufc-315-3708,UFC 315,2025-05-10,https://www.bestfightodds.com/events/ufc-315-3708,38571,Bruno Silva,Marc Andre Barriault,/fighters/bruno-silva-7121,/fighters/marc-andre-barriault-16526,"('bruno silva', 'marc andre barriault')",e9709183ccdb9c875c6b,118463dd8db16e7f,,2025-05-10,Marc-Andre Barriault,99,Middleweight Bout,exact_pair,1.0
ufc-3644,UFC,2025-05-11,https://www.bestfightodds.com/events/ufc-3644,38137,Aiemann Zahabi,Jose Aldo,/fighters/aiemann-zahabi-6901,/fighters/jose-aldo-659,"('aiemann zahabi', 'jose aldo')",fa23fe2fc7a795a53bbb,118463dd8db16e7f,,2025-05-10,Aiemann Zahabi,99,Featherweight Bout,exact_pair,1.0
ufc-3719,UFC,2025-05-17,https://www.bestfightodds.com/events/ufc-3719,38683,Luana Santos,Tainara Lisboa,/fighters/luana-santos-14049,/fighters/tainara-lisboa-15245,"('luana santos', 'tainara lisboa')",0feb59d03a85dbb6e560,8ad022dd81224f61,,2025-05-17,Luana Santos,99,Women's Bantamweight Bout,exact_pair,1.0
ufc-3722,UFC,2025-05-18,https://www.bestfightodds.com/events/ufc-3722,37738,Gilbert Burns,Michael Morales,/fighters/gilbert-burns-4747,/fighters/michael-morales-12495,"('gilbert burns', 'michael morales')",362e683c48ddc4974148,8ad022dd81224f61,,2025-05-17,Michael Morales,99,Welterweight Bout,exact_pair,1.0
ufc-3719,UFC,2025-05-17,https://www.bestfightodds.com/events/ufc-3719,38698,Gabe Green,Matheus Camilo,/fighters/gabe-green-10506,/fighters/matheus-camilo-13029,"('gabe green', 'matheus camilo')",402a66742a7c4dd2f94f,8ad022dd81224f61,,2025-05-17,Gabe Green,99,Lightweight Bout,exact_pair,1.0
ufc-3719,UFC,2025-05-17,https://www.bestfightodds.com/events/ufc-3719,38675,Denise Gomes,Elise Reed,/fighters/denise-gomes-13433,/fighters/elise-reed-9554,"('denise gomes', 'elise reed')",5335b1cdb68b99e51d7a,8ad022dd81224f61,,2025-05-17,Denise Gomes,99,Women's Strawweight Bout,exact_pair,1.0
ufc-3719,UFC,2025-05-17,https://www.bestfightodds.com/events/ufc-3719,38697,Connor Matthews,Yadier Delvalle,/fighters/connor-matthews-13028,/fighters/yadier-delvalle-11818,"('connor matthews', 'yadier delvalle')",6c6e52c19a04b38ee3c2,8ad022dd81224f61,,2025-05-17,Yadier del Valle,99,Featherweight Bout,fuzzy_pair,0.9838709677419355
ufc-3719,UFC,2025-05-17,https://www.bestfightodds.com/events/ufc-3719,38681,Dustin Stoltzfus,Nursulton Ruziboev,/fighters/dustin-stoltzfus-10214,/fighters/nursulton-ruziboev-10851,"('dustin stoltzfus', 'nursulton ruziboev')",8c4e2150bbcecbef5d24,8ad022dd81224f61,,2025-05-17,Nursulton Ruziboev,99,Middleweight Bout,exact_pair,1.0
ufc-3719,UFC,2025-05-17,https://www.bestfightodds.com/events/ufc-3719,38680,Luana Pinheiro,Tecia Pennington,/fighters/luana-pinheiro-10468,/fighters/tecia-pennington-17554,"('luana pinheiro', 'tecia pennington')",943f6206c4fae25be2d9,8ad022dd81224f61,,2025-05-17,Tecia Pennington,99,Women's Strawweight Bout,exact_pair,1.0
ufc-3719,UFC,2025-05-17,https://www.bestfightodds.com/events/ufc-3719,38679,Carlos Hernandez,Hyun Sung Park,/fighters/carlos-hernandez-5501,/fighters/hyun-sung-park-13942,"('carlos hernandez', 'hyun sung park')",95a0735622d7b19e836c,8ad022dd81224f61,,2025-05-17,HyunSung Park,99,Flyweight Bout,fuzzy_pair,0.9814814814814814
ufc-3719,UFC,2025-05-17,https://www.bestfightodds.com/events/ufc-3719,38677,Jared Gordon,Thiago Moises,/fighters/jared-gordon-2971,/fighters/thiago-moises-6149,"('jared gordon', 'thiago moises')",97a45a4228719db86b8a,8ad022dd81224f61,,2025-05-17,Jared Gordon,99,Lightweight Bout,exact_pair,1.0
ufc-3719,UFC,2025-05-17,https://www.bestfightodds.com/events/ufc-3719,38674,Julian Erosa,Melquizael Costa,/fighters/julian-erosa-6088,/fighters/melquizael-costa-13774,"('julian erosa', 'melquizael costa')",adc1dbde4bcd47aaba6f,8ad022dd81224f61,,2025-05-17,Melquizael Costa,99,Featherweight Bout,exact_pair,1.0
ufc-3722,UFC,2025-05-18,https://www.bestfightodds.com/events/ufc-3722,38676,Mairon Santos,Sodiq Yusuff,/fighters/mairon-santos-13140,/fighters/sodiq-yusuff-6562,"('mairon santos', 'sodiq yusuff')",dd8956986ab31aa6dd61,8ad022dd81224f61,,2025-05-17,Mairon Santos,99,Lightweight Bout,exact_pair,1.0
ufc-3741,UFC,2025-06-01,https://www.bestfightodds.com/events/ufc-3741,38716,Allan Nascimento,Jafel Filho,/fighters/allan-nascimento-6373,/fighters/jafel-filho-14406,"('allan nascimento', 'jafel filho')",0878d122efb8a72dbb9c,2a898bf9fb7710b3,,2025-05-31,Allan Nascimento,99,Flyweight Bout,exact_pair,1.0
ufc-3741,UFC,2025-06-01,https://www.bestfightodds.com/events/ufc-3741,38723,Ketlen Vieira,Macy Chiasson,/fighters/ketlen-vieira-6585,/fighters/macy-chiasson-8148,"('ketlen vieira', 'macy chiasson')",12239862d4c46c7f4b04,2a898bf9fb7710b3,,2025-05-31,Ketlen Vieira,99,Women's Featherweight Bout,exact_pair,1.0
ufc-3727,UFC,2025-05-31,https://www.bestfightodds.com/events/ufc-3727,38842,Bolaji Oki,Michael Aswell,/fighters/bolaji-oki-16406,/fighters/michael-aswell-12369,"('bolaji oki', 'michael aswell')",17aa3da5c5387251453d,2a898bf9fb7710b3,,2025-05-31,Bolaji Oki,99,Lightweight Bout,exact_pair,1.0
ufc-3741,UFC,2025-06-01,https://www.bestfightodds.com/events/ufc-3741,38719,Dusko Todorovic,Zach Reese,/fighters/dusko-todorovic-9397,/fighters/zach-reese-16353,"('dusko todorovic', 'zach reese')",23541fb1537d55a46351,2a898bf9fb7710b3,,2025-05-31,Zachary Reese,99,Middleweight Bout,fuzzy_pair,0.9347826086956521
ufc-3741,UFC,2025-06-01,https://www.bestfightodds.com/events/ufc-3741,38838,Billy Ray Goff,Ramiz Brahimaj,/fighters/billy-ray-goff-19415,/fighters/ramiz-brahimaj-7724,"('billy ray goff', 'ramiz brahimaj')",3ad4848bcc086310158c,2a898bf9fb7710b3,,2025-05-31,Ramiz Brahimaj,99,Welterweight Bout,exact_pair,1.0
ufc-3727,UFC,2025-05-31,https://www.bestfightodds.com/events/ufc-3727,38718,Jordan Leavitt,Kurt Holobaugh,/fighters/jordan-leavitt-10210,/fighters/kurt-holobaugh-3814,"('jordan leavitt', 'kurt holobaugh')",3f9c8a44f0c259d2e75c,2a898bf9fb7710b3,,2025-05-31,Jordan Leavitt,99,Lightweight Bout,exact_pair,1.0
ufc-3741,UFC,2025-06-01,https://www.bestfightodds.com/events/ufc-3741,38720,Bruno Lopes,Dustin Jacoby,/fighters/bruno-lopes-14106,/fighters/dustin-jacoby-2939,"('bruno lopes', 'dustin jacoby')",806741cd2140c5a3b0bf,2a898bf9fb7710b3,,2025-05-31,Dustin Jacoby,99,Light Heavyweight Bout,exact_pair,1.0
ufc-3727,UFC,2025-05-31,https://www.bestfightodds.com/events/ufc-3727,38722,Alice Ardelean,Rayanne Dos Santos,/fighters/alice-ardelean-15320,/fighters/rayanne-dos-santos-15719,"('alice ardelean', 'rayanne dos santos')",c810ce5c385628a78fdd,2a898bf9fb7710b3,,2025-05-31,Alice Ardelean,99,Women's Strawweight Bout,exact_pair,1.0
ufc-3741,UFC,2025-06-01,https://www.bestfightodds.com/events/ufc-3741,38715,Ludovit Klein,Mateusz Gamrot,/fighters/ludovit-klein-7610,/fighters/mateusz-gamrot-4189,"('ludovit klein', 'mateusz gamrot')",fe51f9be4b7350c038c1,2a898bf9fb7710b3,,2025-05-31,Mateusz Gamrot,99,Lightweight Bout,exact_pair,1.0
ufc-3684,UFC,2025-06-08,https://www.bestfightodds.com/events/ufc-3684,38352,Merab Dvalishvili,Sean O'Malley,/fighters/merab-dvalishvili-6415,/fighters/sean-o-malley-7125,"('merab dvalishvili', 'sean omalley')",17dffe909c6187e68db2,18c49685296c60e6,,2025-06-07,Merab Dvalishvili,99,UFC Bantamweight Title Bout,exact_pair,1.0
ufc-3684,UFC,2025-06-08,https://www.bestfightodds.com/events/ufc-3684,38775,Serghei Spivac,Waldo Cortes-Acosta,/fighters/serghei-spivac-9985,/fighters/waldo-cortes-acosta-12830,"('serghei spivac', 'waldo cortes acosta')",1a105d09233db3a1419a,18c49685296c60e6,,2025-06-07,Waldo Cortes-Acosta,99,Heavyweight Bout,exact_pair,1.0
ufc-3684,UFC,2025-06-08,https://www.bestfightodds.com/events/ufc-3684,38726,Joe Pyfer,Kelvin Gastelum,/fighters/joe-pyfer-8530,/fighters/kelvin-gastelum-4061,"('joe pyfer', 'kelvin gastelum')",414a9cedea6b2ee9c4d5,18c49685296c60e6,,2025-06-07,Joe Pyfer,99,Middleweight Bout,exact_pair,1.0
ufc-3684,UFC,2025-06-08,https://www.bestfightodds.com/events/ufc-3684,38351,Julianna Pena,Kayla Harrison,/fighters/julianna-pena-1816,/fighters/kayla-harrison-8276,"('julianna pena', 'kayla harrison')",6552cefe842f26188bd4,18c49685296c60e6,,2025-06-07,Kayla Harrison,99,UFC Women's Bantamweight Title Bout,exact_pair,1.0
ufc-316-3702,UFC 316,2025-06-07,https://www.bestfightodds.com/events/ufc-316-3702,38779,Quillan Salkilld,Yanal Ashmouz,/fighters/quillan-salkilld-16405,/fighters/yanal-ashmouz-15722,"('quillan salkilld', 'yanal ashmouz')",80f3a053808af27c5ee2,18c49685296c60e6,,2025-06-07,Quillan Salkilld,99,Lightweight Bout,exact_pair,1.0
ufc-3684,UFC,2025-06-08,https://www.bestfightodds.com/events/ufc-3684,38511,Kevin Holland,Vicente Luque,/fighters/kevin-holland-5910,/fighters/vicente-luque-5744,"('kevin holland', 'vicente luque')",842e9c669ea529c2588e,18c49685296c60e6,,2025-06-07,Kevin Holland,99,Welterweight Bout,exact_pair,1.0
ufc-3684,UFC,2025-06-08,https://www.bestfightodds.com/events/ufc-3684,38516,Bruno Silva,Joshua van,/fighters/bruno-silva-7121,/fighters/joshua-van-14745,"('bruno silva', 'joshua van')",91bab0b23ea38359ecab,18c49685296c60e6,,2025-06-07,Joshua Van,99,Flyweight Bout,exact_pair,1.0
ufc-316-3702,UFC 316,2025-06-07,https://www.bestfightodds.com/events/ufc-316-3702,38512,Ariane da Silva,Wang Cong,/fighters/ariane-da-silva-18630,/fighters/wang-cong-18152,"('ariane da silva', 'wang cong')",bf55b2f8932f61f89b38,18c49685296c60e6,,2025-06-07,Wang Cong,99,Women's Flyweight Bout,exact_pair,1.0
ufc-3684,UFC,2025-06-08,https://www.bestfightodds.com/events/ufc-3684,38932,Andreas Gustafsson,Khaos Williams,/fighters/andreas-gustafsson-8971,/fighters/khaos-williams-9974,"('andreas gustafsson', 'khaos williams')",c29368706b9436f73f6e,18c49685296c60e6,,2025-06-07,Andreas Gustafsson,99,Welterweight Bout,exact_pair,1.0
ufc-316-3702,UFC 316,2025-06-07,https://www.bestfightodds.com/events/ufc-316-3702,38933,Mark Choinski,Marquel Mederos,/fighters/mark-choinski-17481,/fighters/marquel-mederos-10796,"('mark choinski', 'marquel mederos')",c7782f8cfb8472036e7f,18c49685296c60e6,,2025-06-07,MarQuel Mederos,99,Lightweight Bout,exact_pair,1.0
ufc-3684,UFC,2025-06-08,https://www.bestfightodds.com/events/ufc-3684,38778,Azamat Murzakanov,Brendson Ribeiro,/fighters/azamat-murzakanov-7264,/fighters/brendson-ribeiro-13392,"('azamat murzakanov', 'brendson ribeiro')",c8c52ee20e907b093f6a,18c49685296c60e6,,2025-06-07,Azamat Murzakanov,99,Light Heavyweight Bout,exact_pair,1.0
ufc-3684,UFC,2025-06-08,https://www.bestfightodds.com/events/ufc-3684,38780,Mario Bautista,Patrick Mix,/fighters/mario-bautista-8867,/fighters/patrick-mix-9151,"('mario bautista', 'patrick mix')",e6c266fe839c9cf7a4ee,18c49685296c60e6,,2025-06-07,Mario Bautista,99,Bantamweight Bout,fuzzy_pair,0.8809523809523809
ufc-316-3702,UFC 316,2025-06-07,https://www.bestfightodds.com/events/ufc-316-3702,38776,Jeka Saragih,Joo Sang Yoo,/fighters/jeka-saragih-15072,/fighters/joo-sang-yoo-19436,"('jeka saragih', 'joo sang yoo')",eb59361daf3ea1209b01,18c49685296c60e6,,2025-06-07,JooSang Yoo,99,Featherweight Bout,fuzzy_pair,0.9782608695652174
ufc-fight-night-3716,UFC Fight Night,2025-06-15,https://www.bestfightodds.com/events/ufc-fight-night-3716,39001,Cameron Smotherman,Ricky Simon,/fighters/cameron-smotherman-12367,/fighters/ricky-simon-5780,"('cameron smotherman', 'ricky simon')",08b23397fad98f274d9e,de277a4abcfeea46,,2025-06-14,Ricky Simon,99,Bantamweight Bout,exact_pair,1.0
ufc-fight-night-3716,UFC Fight Night,2025-06-15,https://www.bestfightodds.com/events/ufc-fight-night-3716,38625,Court McGee,Michael Chiesa,/fighters/court-mcgee-1956,/fighters/michael-chiesa-3317,"('court mcgee', 'michael chiesa')",08be7bb67286b528e8b0,de277a4abcfeea46,,2025-06-14,Michael Chiesa,99,Welterweight Bout,exact_pair,1.0
ufc-fight-night-3716,UFC Fight Night,2025-06-15,https://www.bestfightodds.com/events/ufc-fight-night-3716,38620,Cody Durden,Jose Ochoa,/fighters/cody-durden-10231,/fighters/jose-ochoa-16739,"('cody durden', 'jose ochoa')",0feca729753d44cd15a2,de277a4abcfeea46,,2025-06-14,Jose Ochoa,99,Flyweight Bout,exact_pair,1.0
ufc-fight-night-3715,UFC Fight Night,2025-06-14,https://www.bestfightodds.com/events/ufc-fight-night-3715,38992,Ange Loosa,Phil Rowe,/fighters/ange-loosa-9074,/fighters/phil-rowe-9898,"('ange loosa', 'phil rowe')",1635f0ab02298f88603e,de277a4abcfeea46,,2025-06-14,Phil Rowe,99,Welterweight Bout,exact_pair,1.0
ufc-fight-night-3716,UFC Fight Night,2025-06-15,https://www.bestfightodds.com/events/ufc-fight-night-3716,38619,Alonzo Menifield,Oumar Sy,/fighters/alonzo-menifield-5961,/fighters/oumar-sy-12679,"('alonzo menifield', 'oumar sy')",16e1feb9486244243fae,de277a4abcfeea46,,2025-06-14,Alonzo Menifield,99,Light Heavyweight Bout,exact_pair,1.0
ufc-fight-night-3715,UFC Fight Night,2025-06-14,https://www.bestfightodds.com/events/ufc-fight-night-3715,38991,Jamey-Lyn Horth,Vanessa Demopoulos,/fighters/jamey-lyn-horth-15531,/fighters/vanessa-demopoulos-8998,"('jamey lyn horth', 'vanessa demopoulos')",296e407a1a99ccb2a4ff,de277a4abcfeea46,,2025-06-14,Jamey-Lyn Horth,99,Women's Flyweight Bout,exact_pair,1.0
ufc-fight-night-3716,UFC Fight Night,2025-06-15,https://www.bestfightodds.com/events/ufc-fight-night-3716,38622,Joaquin Buckley,Kamaru Usman,/fighters/joaquin-buckley-6458,/fighters/kamaru-usman-4664,"('joaquin buckley', 'kamaru usman')",2971af80cd2b4db56ad5,de277a4abcfeea46,,2025-06-14,Kamaru Usman,99,Welterweight Bout,exact_pair,1.0
ufc-fight-night-3716,UFC Fight Night,2025-06-15,https://www.bestfightodds.com/events/ufc-fight-night-3716,38993,Kris Moutinho,Malcolm Wellmaker,/fighters/kris-moutinho-6239,/fighters/malcolm-wellmaker-18273,"('kris moutinho', 'malcolm wellmaker')",7e50fefeb075b2d484dc,de277a4abcfeea46,,2025-06-14,Malcolm Wellmaker,99,Bantamweight Bout,exact_pair,1.0
ufc-fight-night-3716,UFC Fight Night,2025-06-15,https://www.bestfightodds.com/events/ufc-fight-night-3716,38626,Andre Petroski,Edmen Shahbazyan,/fighters/andre-petroski-10388,/fighters/edmen-shahbazyan-8418,"('andre petroski', 'edmen shahbazyan')",94a3e27dd108f3060cbc,de277a4abcfeea46,,2025-06-14,Edmen Shahbazyan,99,Middleweight Bout,exact_pair,1.0
ufc-fight-night-3716,UFC Fight Night,2025-06-15,https://www.bestfightodds.com/events/ufc-fight-night-3716,38907,Cody Garbrandt,Raoni Barcelos,/fighters/cody-garbrandt-5368,/fighters/raoni-barcelos-4521,"('cody garbrandt', 'raoni barcelos')",ee15608ab13a8b77486f,de277a4abcfeea46,,2025-06-14,Raoni Barcelos,99,Bantamweight Bout,exact_pair,1.0
ufc-fight-night-3716,UFC Fight Night,2025-06-15,https://www.bestfightodds.com/events/ufc-fight-night-3716,38624,Miranda Maverick,Rose Namajunas,/fighters/miranda-maverick-6780,/fighters/rose-namajunas-3803,"('miranda maverick', 'rose namajunas')",f8ac28f3c057f628f845,de277a4abcfeea46,,2025-06-14,Rose Namajunas,99,Women's Flyweight Bout,exact_pair,1.0
ufc-fight-night-3701,UFC Fight Night,2025-06-21,https://www.bestfightodds.com/events/ufc-fight-night-3701,38994,Myktybek Orolbai,Tofiq Musayev,/fighters/myktybek-orolbai-16276,/fighters/tofiq-musayev-13682,"('myktybek orolbai', 'tofiq musayev')",465d3ec596fc5e7ca7f4,400c7b43c86d27d3,,2025-06-21,Myktybek Orolbai,99,Catch Weight Bout,exact_pair,1.0
ufc-fight-night-3701,UFC Fight Night,2025-06-21,https://www.bestfightodds.com/events/ufc-fight-night-3701,38507,Jamahal Hill,Khalil Rountree,/fighters/jamahal-hill-9288,/fighters/khalil-rountree-4935,"('jamahal hill', 'khalil rountree')",5165e7bad4b0c7306b83,400c7b43c86d27d3,,2025-06-21,Khalil Rountree Jr.,99,Light Heavyweight Bout,fuzzy_pair,0.9545454545454546
ufc-fight-night-3701,UFC Fight Night,2025-06-21,https://www.bestfightodds.com/events/ufc-fight-night-3701,38505,Ismail Naurdiev,Jun Yong Park,/fighters/ismail-naurdiev-7558,/fighters/jun-yong-park-9312,"('ismail naurdiev', 'jun yong park')",548f53902c46c57206ee,400c7b43c86d27d3,,2025-06-21,JunYong Park,99,Middleweight Bout,exact_pair,1.0
ufc-fight-night-3701,UFC Fight Night,2025-06-21,https://www.bestfightodds.com/events/ufc-fight-night-3701,38995,Ignacio Bahamondes,Rafael Fiziev,/fighters/ignacio-bahamondes-9750,/fighters/rafael-fiziev-8258,"('ignacio bahamondes', 'rafael fiziev')",5e8920faeb22032b726c,400c7b43c86d27d3,,2025-06-21,Rafael Fiziev,99,Lightweight Bout,exact_pair,1.0
ufc-fight-night-3701,UFC Fight Night,2025-06-21,https://www.bestfightodds.com/events/ufc-fight-night-3701,38508,Curtis Blaydes,Rizvan Kuniev,/fighters/curtis-blaydes-5732,/fighters/rizvan-kuniev-12573,"('curtis blaydes', 'rizvan kuniev')",673dbf0622dc38a923f5,400c7b43c86d27d3,,2025-06-21,Curtis Blaydes,99,Heavyweight Bout,exact_pair,1.0
ufc-fight-night-3701,UFC Fight Night,2025-06-21,https://www.bestfightodds.com/events/ufc-fight-night-3701,38514,Hamdy Abdelwahab,Mohammed Usman,/fighters/hamdy-abdelwahab-14137,/fighters/mohammed-usman-8067,"('hamdy abdelwahab', 'mohammed usman')",7d257304fc16406380e7,400c7b43c86d27d3,,2025-06-21,Mohammed Usman,99,Heavyweight Bout,exact_pair,1.0
ufc-fight-night-3701,UFC Fight Night,2025-06-21,https://www.bestfightodds.com/events/ufc-fight-night-3701,38996,Nazim Sadykhov,Nikolas Motta,/fighters/nazim-sadykhov-9868,/fighters/nikolas-motta-9314,"('nazim sadykhov', 'nikolas motta')",7f35ea2b365f706ebc4d,400c7b43c86d27d3,,2025-06-21,Nazim Sadykhov,99,Lightweight Bout,exact_pair,1.0
ufc-fight-night-3701,UFC Fight Night,2025-06-21,https://www.bestfightodds.com/events/ufc-fight-night-3701,38513,Irina Alekseeva,Klaudia Sygula,/fighters/irina-alekseeva-12710,/fighters/klaudia-sygula-11261,"('irina alekseeva', 'klaudia sygula')",809f6ad5dda5404c9537,400c7b43c86d27d3,,2025-06-21,Klaudia Sygula,99,Women's Bantamweight Bout,exact_pair,1.0
ufc-fight-night-3701,UFC Fight Night,2025-06-21,https://www.bestfightodds.com/events/ufc-fight-night-3701,39000,Oban Elliott,Seokhyeon Ko,/fighters/oban-elliott-9107,/fighters/seokhyeon-ko-19541,"('oban elliott', 'seokhyeon ko')",bc0fe2ada96d77b8adc6,400c7b43c86d27d3,,2025-06-21,Seokhyeon Ko,99,Welterweight Bout,exact_pair,1.0
ufc-fight-night-3701,UFC Fight Night,2025-06-21,https://www.bestfightodds.com/events/ufc-fight-night-3701,38997,Azat Maksum,Tagir Ulanbekov,/fighters/azat-maksum-10897,/fighters/tagir-ulanbekov-7598,"('azat maksum', 'tagir ulanbekov')",c22e70f9a92dd12e6493,400c7b43c86d27d3,,2025-06-21,Tagir Ulanbekov,99,Flyweight Bout,exact_pair,1.0
ufc-fight-night-3701,UFC Fight Night,2025-06-21,https://www.bestfightodds.com/events/ufc-fight-night-3701,38506,Daria Zhelezniakova,Melissa Mullins,/fighters/daria-zhelezniakova-19344,/fighters/melissa-mullins-17402,"('daria zhelezniakova', 'melissa mullins')",d3023b3ef5e34e823982,400c7b43c86d27d3,,2025-06-21,Daria Zhelezniakova,99,Women's Bantamweight Bout,exact_pair,1.0
ufc-fight-night-3701,UFC Fight Night,2025-06-21,https://www.bestfightodds.com/events/ufc-fight-night-3701,38998,Bogdan Grad,Muhammad Naimov,/fighters/bogdan-grad-16302,/fighters/muhammad-naimov-10630,"('bogdan grad', 'muhammad naimov')",d41b7c498757a7bf0a7b,400c7b43c86d27d3,,2025-06-21,Muhammad Naimov,99,Featherweight Bout,exact_pair,1.0
ufc-3726,UFC,2025-06-28,https://www.bestfightodds.com/events/ufc-3726,39090,Alvin Hines,Jhonata Diniz,/fighters/alvin-hines-17040,/fighters/jhonata-diniz-16483,"('alvin hines', 'jhonata diniz')",069c0f30542274fb1edb,66766984842c13dc,,2025-06-28,Jhonata Diniz,99,Heavyweight Bout,exact_pair,1.0
ufc-3725,UFC,2025-06-29,https://www.bestfightodds.com/events/ufc-3725,38730,Gregory Rodrigues,Jack Hermansson,/fighters/gregory-rodrigues-6917,/fighters/jack-hermansson-2474,"('gregory rodrigues', 'jack hermansson')",0da94fba57fbfd31a942,66766984842c13dc,,2025-06-28,Gregory Rodrigues,99,Middleweight Bout,exact_pair,1.0
ufc-3725,UFC,2025-06-29,https://www.bestfightodds.com/events/ufc-3725,38713,Alexandre Pantoja,Kai Kara-France,/fighters/alexandre-pantoja-5118,/fighters/kai-kara-france-8800,"('alexandre pantoja', 'kai kara france')",3506ac1e607ec1ccd95b,66766984842c13dc,,2025-06-28,Alexandre Pantoja,99,UFC Flyweight Title Bout,exact_pair,1.0
ufc-3725,UFC,2025-06-29,https://www.bestfightodds.com/events/ufc-3725,38731,Tracy Cortez,Viviane Araujo,/fighters/tracy-cortez-7427,/fighters/viviane-araujo-9155,"('tracy cortez', 'viviane araujo')",3e4a8321daec93e9b64f,66766984842c13dc,,2025-06-28,Tracy Cortez,99,Women's Flyweight Bout,exact_pair,1.0
ufc-3725,UFC,2025-06-29,https://www.bestfightodds.com/events/ufc-3725,38712,Charles Oliveira,Ilia Topuria,/fighters/charles-oliveira-1893,/fighters/ilia-topuria-8322,"('charles oliveira', 'ilia topuria')",696a4a9b598963f56fa7,66766984842c13dc,,2025-06-28,Ilia Topuria,99,UFC Lightweight Title Bout,exact_pair,1.0
ufc-3726,UFC,2025-06-28,https://www.bestfightodds.com/events/ufc-3726,39089,Jacobe Smith,Niko Price,/fighters/jacobe-smith-14991,/fighters/niko-price-6895,"('jacobe smith', 'niko price')",7c158b0af7a71dbbf0d8,66766984842c13dc,,2025-06-28,Jacobe Smith,99,Welterweight Bout,exact_pair,1.0
ufc-3725,UFC,2025-06-29,https://www.bestfightodds.com/events/ufc-3725,39091,Felipe Lima,Payton Talbott,/fighters/felipe-lima-10819,/fighters/payton-talbott-15422,"('felipe lima', 'payton talbott')",8084bc9c3bad55ad4f79,66766984842c13dc,,2025-06-28,Payton Talbott,99,Bantamweight Bout,exact_pair,1.0
ufc-3725,UFC,2025-06-29,https://www.bestfightodds.com/events/ufc-3725,38727,Beneil Dariush,Renato Moicano,/fighters/beneil-dariush-4633,/fighters/renato-moicano-5598,"('beneil dariush', 'renato moicano')",b5f083d57baeb16d3f64,66766984842c13dc,,2025-06-28,Beneil Dariush,99,Lightweight Bout,exact_pair,1.0
ufc-3725,UFC,2025-06-29,https://www.bestfightodds.com/events/ufc-3725,39087,Terrance McKinney,Viacheslav Borshchev,/fighters/terrance-mckinney-9286,/fighters/viacheslav-borshchev-12730,"('terrance mckinney', 'viacheslav borshchev')",c40566da916ffe297e11,66766984842c13dc,,2025-06-28,Terrance McKinney,99,Lightweight Bout,exact_pair,1.0
ufc-3725,UFC,2025-06-29,https://www.bestfightodds.com/events/ufc-3725,39088,Hyder Amil,Jose Delgado,/fighters/hyder-amil-8178,/fighters/jose-delgado-18000,"('hyder amil', 'jose delgado')",dce06daf46afe0a7e030,66766984842c13dc,,2025-06-28,Jose Delgado,99,Featherweight Bout,exact_pair,1.0
ufc-3725,UFC,2025-06-29,https://www.bestfightodds.com/events/ufc-3725,38999,Brandon Royval,Joshua van,/fighters/brandon-royval-7031,/fighters/joshua-van-14745,"('brandon royval', 'joshua van')",ddc7770415a5b75d20c5,66766984842c13dc,,2025-06-28,Joshua Van,99,Flyweight Bout,exact_pair,1.0
ufc-fight-night-3749,UFC Fight Night,2025-07-13,https://www.bestfightodds.com/events/ufc-fight-night-3749,38912,Calvin Kattar,Steve Garcia,/fighters/calvin-kattar-717,/fighters/steve-garcia-2576,"('calvin kattar', 'steve garcia')",0bc0eccb8787a2d3acd2,7b03d9df5910917d,,2025-07-12,Steve Garcia,99,Featherweight Bout,exact_pair,1.0
ufc-fight-night-3748,UFC Fight Night,2025-07-12,https://www.bestfightodds.com/events/ufc-fight-night-3748,38901,Eduarda Moura,Lauren Murphy,/fighters/eduarda-moura-16318,/fighters/lauren-murphy-4580,"('eduarda moura', 'lauren murphy')",20832233c51d67fd23ae,7b03d9df5910917d,,2025-07-12,Eduarda Moura,99,Women's Flyweight Bout,exact_pair,1.0
ufc-fight-night-3749,UFC Fight Night,2025-07-13,https://www.bestfightodds.com/events/ufc-fight-night-3749,38920,Derrick Lewis,Tallison Teixeira,/fighters/derrick-lewis-2610,/fighters/tallison-teixeira-18424,"('derrick lewis', 'tallison teixeira')",2f3d764c67131d0e1957,7b03d9df5910917d,,2025-07-12,Derrick Lewis,99,Heavyweight Bout,exact_pair,1.0
ufc-fight-night-3749,UFC Fight Night,2025-07-13,https://www.bestfightodds.com/events/ufc-fight-night-3749,39199,Gabriel Bonfim,Stephen Thompson,/fighters/gabriel-bonfim-11752,/fighters/stephen-thompson-3092,"('gabriel bonfim', 'stephen thompson')",3ce3b3291db1c8ce89c5,7b03d9df5910917d,,2025-07-12,Gabriel Bonfim,99,Welterweight Bout,exact_pair,1.0
ufc-fight-night-3748,UFC Fight Night,2025-07-12,https://www.bestfightodds.com/events/ufc-fight-night-3748,38914,Fatima Kline,Melissa Martinez,/fighters/fatima-kline-11138,/fighters/melissa-martinez-7705,"('fatima kline', 'melissa martinez')",5b0bbecfec3f52a01a08,7b03d9df5910917d,,2025-07-12,Fatima Kline,99,Women's Strawweight Bout,exact_pair,1.0
ufc-fight-night-3748,UFC Fight Night,2025-07-12,https://www.bestfightodds.com/events/ufc-fight-night-3748,39200,Kennedy Nzechukwu,Valter Walker,/fighters/kennedy-nzechukwu-7454,/fighters/valter-walker-17371,"('kennedy nzechukwu', 'valter walker')",689e1f4e3afa92231d48,7b03d9df5910917d,,2025-07-12,Valter Walker,99,Heavyweight Bout,exact_pair,1.0
ufc-fight-night-3748,UFC Fight Night,2025-07-12,https://www.bestfightodds.com/events/ufc-fight-night-3748,38917,Chidi Njokuani,Jake Matthews,/fighters/chidi-njokuani-2452,/fighters/jake-matthews-4978,"('chidi njokuani', 'jake matthews')",754eade04ee66002099a,7b03d9df5910917d,,2025-07-12,Jake Matthews,99,Welterweight Bout,exact_pair,1.0
ufc-fight-night-3749,UFC Fight Night,2025-07-13,https://www.bestfightodds.com/events/ufc-fight-night-3749,38918,Austen Lane,Vitor Petrino,/fighters/austen-lane-8254,/fighters/vitor-petrino-14346,"('austen lane', 'vitor petrino')",873f038e1badbc646453,7b03d9df5910917d,,2025-07-12,Vitor Petrino,99,Heavyweight Bout,exact_pair,1.0
ufc-fight-night-3748,UFC Fight Night,2025-07-12,https://www.bestfightodds.com/events/ufc-fight-night-3748,38898,Chris Curtis,Max Griffin,/fighters/chris-curtis-6020,/fighters/max-griffin-6581,"('chris curtis', 'max griffin')",b759d3f5dc7dea25bc70,7b03d9df5910917d,,2025-07-12,Chris Curtis,99,Welterweight Bout,exact_pair,1.0
ufc-fight-night-3748,UFC Fight Night,2025-07-12,https://www.bestfightodds.com/events/ufc-fight-night-3748,39197,Mike Davis,Mitch Ramirez,/fighters/mike-davis-8423,/fighters/mitch-ramirez-15736,"('mike davis', 'mitch ramirez')",bcecd830a42e110904b9,7b03d9df5910917d,,2025-07-12,Mike Davis,99,Lightweight Bout,exact_pair,1.0
ufc-fight-night-3749,UFC Fight Night,2025-07-13,https://www.bestfightodds.com/events/ufc-fight-night-3749,39198,Morgan Charriere,Nate Landwehr,/fighters/morgan-charriere-8980,/fighters/nate-landwehr-3413,"('morgan charriere', 'nate landwehr')",d1a1bdce2e2016f6e8c1,7b03d9df5910917d,,2025-07-12,Morgan Charriere,99,Featherweight Bout,exact_pair,1.0
ufc-fight-night-3749,UFC Fight Night,2025-07-13,https://www.bestfightodds.com/events/ufc-fight-night-3749,38921,Junior Tafa,Tuco Tokkos,/fighters/junior-tafa-14832,/fighters/tuco-tokkos-17649,"('jr tafa', 'tuco tokkos')",e728d174f69ae857cf43,7b03d9df5910917d,,2025-07-12,Tuco Tokkos,99,Light Heavyweight Bout,exact_pair,1.0
ufc-3706,UFC,2025-07-20,https://www.bestfightodds.com/events/ufc-3706,38772,Adam Fugitt,Islam Dulatov,/fighters/adam-fugitt-8646,/fighters/islam-dulatov-14955,"('adam fugitt', 'islam dulatov')",571c3c6e2399aa11c8ad,b8e2f10efb6eca85,,2025-07-19,Islam Dulatov,99,Welterweight Bout,exact_pair,1.0
ufc-3706,UFC,2025-07-20,https://www.bestfightodds.com/events/ufc-3706,38774,Brendan Allen,Marvin Vettori,/fighters/brendan-allen-6203,/fighters/marvin-vettori-6541,"('brendan allen', 'marvin vettori')",717674b47b6e8a12a9c1,b8e2f10efb6eca85,,2025-07-19,Brendan Allen,99,Middleweight Bout,exact_pair,1.0
ufc-3706,UFC,2025-07-20,https://www.bestfightodds.com/events/ufc-3706,38556,Dustin Poirier,Max Holloway,/fighters/dustin-poirier-2034,/fighters/max-holloway-3090,"('dustin poirier', 'max holloway')",c499e09850a96eca8164,b8e2f10efb6eca85,,2025-07-19,Max Holloway,99,Lightweight Bout,exact_pair,1.0
ufc-3724,UFC,2025-07-26,https://www.bestfightodds.com/events/ufc-3724,39218,Mohammad Yahya,Steven Nguyen,/fighters/mohammad-yahya-7764,/fighters/steven-nguyen-9291,"('mohammad yahya', 'steven nguyen')",12e594c98a10bba8cd56,28d8638ea0a71908,,2025-07-26,Steven Nguyen,99,Featherweight Bout,exact_pair,1.0
ufc-3724,UFC,2025-07-26,https://www.bestfightodds.com/events/ufc-3724,38728,Marc-Andre Barriault,Sharabutdin Magomedov,/fighters/marc-andre-barriault-8960,/fighters/sharabutdin-magomedov-18058,"('marc andre barriault', 'sharabutdin magomedov')",1905f5c7a5eccd50ebf2,28d8638ea0a71908,,2025-07-26,Shara Magomedov,99,Middleweight Bout,fuzzy_pair,0.9166666666666667
ufc-3724,UFC,2025-07-26,https://www.bestfightodds.com/events/ufc-3724,39153,Marcus McGhee,Petr Yan,/fighters/marcus-mcghee-14050,/fighters/petr-yan-7578,"('marcus mcghee', 'petr yan')",20320ac474737b30091c,28d8638ea0a71908,,2025-07-26,Petr Yan,99,Bantamweight Bout,exact_pair,1.0
ufc-3724,UFC,2025-07-26,https://www.bestfightodds.com/events/ufc-3724,38711,Reinier de Ridder,Robert Whittaker,/fighters/reinier-de-ridder-8891,/fighters/robert-whittaker-3761,"('reinier de ridder', 'robert whittaker')",264cf1dc5acd93b9ccf0,28d8638ea0a71908,,2025-07-26,Reinier de Ridder,99,Middleweight Bout,exact_pair,1.0
ufc-3724,UFC,2025-07-26,https://www.bestfightodds.com/events/ufc-3724,39222,Asu Almabaev,Jose Ochoa,/fighters/asu-almabaev-10853,/fighters/jose-ochoa-16739,"('asu almabayev', 'jose ochoa')",3b2fea780177e2100425,28d8638ea0a71908,,2025-07-26,Asu Almabayev,99,Flyweight Bout,exact_pair,1.0
ufc-3724,UFC,2025-07-26,https://www.bestfightodds.com/events/ufc-3724,39221,Bogdan Guskov,Nikita Krylov,/fighters/bogdan-guskov-16384,/fighters/nikita-krylov-4188,"('bogdan guskov', 'nikita krylov')",b177fbf088367e33c37a,28d8638ea0a71908,,2025-07-26,Bogdan Guskov,99,Light Heavyweight Bout,exact_pair,1.0
ufc-3724,UFC,2025-07-26,https://www.bestfightodds.com/events/ufc-3724,39214,Billy Elekana,Ibo Aslan,/fighters/billy-elekana-12954,/fighters/ibo-aslan-16319,"('billy elekana', 'ibo aslan')",ba027e02485480a5c405,28d8638ea0a71908,,2025-07-26,Billy Elekana,99,Light Heavyweight Bout,exact_pair,1.0
ufc-3724,UFC,2025-07-26,https://www.bestfightodds.com/events/ufc-3724,39215,Bryce Mitchell,Said Nurmagomedov,/fighters/bryce-mitchell-6135,/fighters/said-nurmagomedov-8192,"('bryce mitchell', 'said nurmagomedov')",bb6f5aa2adc9bc06a3c9,28d8638ea0a71908,,2025-07-26,Bryce Mitchell,99,Bantamweight Bout,exact_pair,1.0
ufc-3724,UFC,2025-07-26,https://www.bestfightodds.com/events/ufc-3724,39220,Marcus Buchecha,Martin Buday,/fighters/marcus-buchecha-14323,/fighters/martin-buday-11489,"('marcus buchecha', 'martin buday')",e3381a985b6b1bc7dd88,28d8638ea0a71908,,2025-07-26,Martin Buday,99,Heavyweight Bout,exact_pair,1.0
ufc-3724,UFC,2025-07-26,https://www.bestfightodds.com/events/ufc-3724,39217,Amanda Ribas,Tabatha Ricci,/fighters/amanda-ribas-7245,/fighters/tabatha-ricci-10312,"('amanda ribas', 'tabatha ricci')",e38e7de24030fe7f4d50,28d8638ea0a71908,,2025-07-26,Tabatha Ricci,99,Women's Strawweight Bout,exact_pair,1.0
ufc-3724,UFC,2025-07-26,https://www.bestfightodds.com/events/ufc-3724,39219,Da'mon Blackshear,Davey Grant,/fighters/da-mon-blackshear-8471,/fighters/davey-grant-4074,"('damon blackshear', 'davey grant')",e6047780b30c804f2958,28d8638ea0a71908,,2025-07-26,Davey Grant,99,Bantamweight Bout,exact_pair,1.0
ufc-fight-night-albazi-vs-taira-odds-3777,UFC Fight Night: Albazi vs Taira Odds,2025-08-02,https://www.bestfightodds.com/events/ufc-fight-night-albazi-vs-taira-odds-3777,39288,Felipe Bunes,Rafael Estevam,/fighters/felipe-bunes-13242,/fighters/rafael-estevam-15300,"('felipe bunes', 'rafael estevam')",138102592cd3c2a97eec,f2c934689243fe4e,,2025-08-02,Rafael Estevam,99,Flyweight Bout,exact_pair,1.0
ufc-fight-night-albazi-vs-taira-odds-3777,UFC Fight Night: Albazi vs Taira Odds,2025-08-02,https://www.bestfightodds.com/events/ufc-fight-night-albazi-vs-taira-odds-3777,39350,Danny Silva,Kevin Vallejos,/fighters/danny-silva-9217,/fighters/kevin-vallejos-16459,"('danny silva', 'kevin vallejos')",3216b322b76b07476bfd,f2c934689243fe4e,,2025-08-02,Kevin Vallejos,99,Featherweight Bout,exact_pair,1.0
ufc-fight-night-albazi-vs-taira-odds-3777,UFC Fight Night: Albazi vs Taira Odds,2025-08-02,https://www.bestfightodds.com/events/ufc-fight-night-albazi-vs-taira-odds-3777,39349,Elves Brener,Esteban Ribovics,/fighters/elves-brener-16626,/fighters/esteban-ribovics-14245,"('elves brener', 'esteban ribovics')",46f1449eb6cb09338243,f2c934689243fe4e,,2025-08-02,Esteban Ribovics,99,Lightweight Bout,exact_pair,1.0
ufc-3791,UFC,2025-08-03,https://www.bestfightodds.com/events/ufc-3791,39224,Nathan Fletcher,Rinya Nakamura,/fighters/nathan-fletcher-9198,/fighters/rinya-nakamura-13935,"('nathan fletcher', 'rinya nakamura')",5bba4113757fe593a893,f2c934689243fe4e,,2025-08-02,Rinya Nakamura,99,Bantamweight Bout,exact_pair,1.0
ufc-fight-night-albazi-vs-taira-odds-3777,UFC Fight Night: Albazi vs Taira Odds,2025-08-02,https://www.bestfightodds.com/events/ufc-fight-night-albazi-vs-taira-odds-3777,39287,Ketlen Souza,Piera Rodriguez,/fighters/ketlen-souza-13460,/fighters/piera-rodriguez-11127,"('ketlen souza', 'piera rodriguez')",6496476cd98606d148a2,f2c934689243fe4e,,2025-08-02,Piera Rodriguez,99,Women's Strawweight Bout,exact_pair,1.0
ufc-3791,UFC,2025-08-03,https://www.bestfightodds.com/events/ufc-3791,39223,Rodolfo Vieira,Tresean Gore,/fighters/rodolfo-vieira-9318,/fighters/tresean-gore-12266,"('rodolfo vieira', 'tresean gore')",6bc0d2b5b8c606c6b98d,f2c934689243fe4e,,2025-08-02,Rodolfo Vieira,99,Middleweight Bout,exact_pair,1.0
ufc-fight-night-albazi-vs-taira-odds-3777,UFC Fight Night: Albazi vs Taira Odds,2025-08-02,https://www.bestfightodds.com/events/ufc-fight-night-albazi-vs-taira-odds-3777,39348,Karol Rosa,Nora Cornolle,/fighters/karol-rosa-9417,/fighters/nora-cornolle-14385,"('karol rosa', 'nora cornolle')",74898212b0a262678848,f2c934689243fe4e,,2025-08-02,Karol Rosa,99,Women's Bantamweight Bout,exact_pair,1.0
ufc-fight-night-albazi-vs-taira-odds-3777,UFC Fight Night: Albazi vs Taira Odds,2025-08-02,https://www.bestfightodds.com/events/ufc-fight-night-albazi-vs-taira-odds-3777,39347,Austin Bashi,John Yannis,/fighters/austin-bashi-10472,/fighters/john-yannis-12315,"('austin bashi', 'john yannis')",838386ce1d4d4cfb1979,f2c934689243fe4e,,2025-08-02,Austin Bashi,99,Featherweight Bout,exact_pair,1.0
ufc-fight-night-albazi-vs-taira-odds-3777,UFC Fight Night: Albazi vs Taira Odds,2025-08-02,https://www.bestfightodds.com/events/ufc-fight-night-albazi-vs-taira-odds-3777,39353,Hyun Sung Park,Tatsuro Taira,/fighters/hyun-sung-park-13942,/fighters/tatsuro-taira-13311,"('hyun sung park', 'tatsuro taira')",ac418447f34d8085cf15,f2c934689243fe4e,,2025-08-02,Tatsuro Taira,99,Flyweight Bout,fuzzy_pair,0.9814814814814814
ufc-fight-night-albazi-vs-taira-odds-3777,UFC Fight Night: Albazi vs Taira Odds,2025-08-02,https://www.bestfightodds.com/events/ufc-fight-night-albazi-vs-taira-odds-3777,39352,Elizeu Zaleski,Neil Magny,/fighters/elizeu-zaleski-5594,/fighters/neil-magny-3807,"('elizeu zaleski', 'neil magny')",b43a13795bba5e8b216a,f2c934689243fe4e,,2025-08-02,Neil Magny,99,Welterweight Bout,exact_pair,1.0
ufc-fight-night-albazi-vs-taira-odds-3777,UFC Fight Night: Albazi vs Taira Odds,2025-08-02,https://www.bestfightodds.com/events/ufc-fight-night-albazi-vs-taira-odds-3777,39351,Chris Duncan,Mateusz Rebecki,/fighters/chris-duncan-8861,/fighters/mateusz-rebecki-10102,"('chris duncan', 'mateusz rebecki')",e1ffa5edc1383bfc9a43,f2c934689243fe4e,,2025-08-02,Chris Duncan,99,Lightweight Bout,exact_pair,1.0
ufc-fight-night-albazi-vs-taira-odds-3777,UFC Fight Night: Albazi vs Taira Odds,2025-08-02,https://www.bestfightodds.com/events/ufc-fight-night-albazi-vs-taira-odds-3777,39290,Andrey Pulyaev,Nick Klein,/fighters/andrey-pulyaev-18270,/fighters/nick-klein-13742,"('andrey pulyaev', 'nick klein')",ff29bc134d2db5f0c910,f2c934689243fe4e,,2025-08-02,Andrey Pulyaev,99,Middleweight Bout,exact_pair,1.0
ufc-fight-night-dolidze-vs-hernandez-odds-3789,UFC Fight Night: Dolidze vs. Hernandez Odds,2025-08-09,https://www.bestfightodds.com/events/ufc-fight-night-dolidze-vs-hernandez-odds-3789,39342,Angela Hill,Iasmin Lucindo,/fighters/angela-hill-5348,/fighters/iasmin-lucindo-14124,"('angela hill', 'iasmin lucindo')",046bbc22529a0fc35974,6cd3dfc54f01287f,,2025-08-09,Iasmin Lucindo,99,Women's Strawweight Bout,exact_pair,1.0
ufc-fight-night-dolidze-vs-hernandez-odds-3789,UFC Fight Night: Dolidze vs. Hernandez Odds,2025-08-09,https://www.bestfightodds.com/events/ufc-fight-night-dolidze-vs-hernandez-odds-3789,39345,Julius Walker,Raffael Cerqueira,/fighters/julius-walker-19178,/fighters/raffael-cerqueira-18575,"('julius walker', 'raffael cerqueira')",1296d2e9c5dcfd4cda5c,6cd3dfc54f01287f,,2025-08-09,Julius Walker,99,Light Heavyweight Bout,fuzzy_pair,0.9848484848484849
ufc-fight-night-dolidze-vs-hernandez-odds-3789,UFC Fight Night: Dolidze vs. Hernandez Odds,2025-08-09,https://www.bestfightodds.com/events/ufc-fight-night-dolidze-vs-hernandez-odds-3789,39400,Gilbert Urbina,Uros Medic,/fighters/gilbert-urbina-8520,/fighters/uros-medic-10229,"('gilbert urbina', 'uros medic')",12dd4fbc69ec5819d147,6cd3dfc54f01287f,,2025-08-09,Uros Medic,99,Welterweight Bout,exact_pair,1.0
ufc-fight-night-dolidze-vs-hernandez-odds-3789,UFC Fight Night: Dolidze vs. Hernandez Odds,2025-08-09,https://www.bestfightodds.com/events/ufc-fight-night-dolidze-vs-hernandez-odds-3789,39346,Andre Fili,Christian Rodriguez,/fighters/andre-fili-4466,/fighters/christian-rodriguez-9146,"('andre fili', 'christian rodriguez')",60423fcf894a5ec2a725,6cd3dfc54f01287f,,2025-08-09,Andre Fili,99,Featherweight Bout,exact_pair,1.0
ufc-fight-night-dolidze-vs-hernandez-odds-3789,UFC Fight Night: Dolidze vs. Hernandez Odds,2025-08-09,https://www.bestfightodds.com/events/ufc-fight-night-dolidze-vs-hernandez-odds-3789,39318,Anthony Hernandez,Roman Dolideze,/fighters/anthony-hernandez-6092,/fighters/roman-dolideze-19619,"('anthony hernandez', 'roman dolideze')",6da4c3419fa065f6e547,6cd3dfc54f01287f,,2025-08-09,Anthony Hernandez,99,Middleweight Bout,fuzzy_pair,0.9814814814814814
ufc-fight-night-dolidze-vs-hernandez-odds-3789,UFC Fight Night: Dolidze vs. Hernandez Odds,2025-08-09,https://www.bestfightodds.com/events/ufc-fight-night-dolidze-vs-hernandez-odds-3789,39406,Jean Matsumoto,Miles Johns,/fighters/jean-matsumoto-14110,/fighters/miles-johns-5373,"('jean matsumoto', 'miles johns')",9081518cae15ed60de02,6cd3dfc54f01287f,,2025-08-09,Jean Matsumoto,99,Bantamweight Bout,exact_pair,1.0
ufc-fight-night-dolidze-vs-hernandez-odds-3789,UFC Fight Night: Dolidze vs. Hernandez Odds,2025-08-09,https://www.bestfightodds.com/events/ufc-fight-night-dolidze-vs-hernandez-odds-3789,39354,Joselyne Edwards,Priscila Cachoeira,/fighters/joselyne-edwards-8664,/fighters/priscila-cachoeira-7754,"('joselyne edwards', 'priscila cachoeira')",a54f3fd4354f3f114f47,6cd3dfc54f01287f,,2025-08-09,Joselyne Edwards,99,Women's Bantamweight Bout,exact_pair,1.0
ufc-fight-night-dolidze-vs-hernandez-odds-3789,UFC Fight Night: Dolidze vs. Hernandez Odds,2025-08-09,https://www.bestfightodds.com/events/ufc-fight-night-dolidze-vs-hernandez-odds-3789,39407,Elijah Smith,Toshiomi Kazama,/fighters/elijah-smith-14272,/fighters/toshiomi-kazama-13922,"('elijah smith', 'toshiomi kazama')",a87dc2d46e994363e5ea,6cd3dfc54f01287f,,2025-08-09,Elijah Smith,99,Bantamweight Bout,exact_pair,1.0
ufc-fight-night-dolidze-vs-hernandez-odds-3789,UFC Fight Night: Dolidze vs. Hernandez Odds,2025-08-09,https://www.bestfightodds.com/events/ufc-fight-night-dolidze-vs-hernandez-odds-3789,39343,Gabriella Fernandes,Julija Stoliarenko,/fighters/gabriella-fernandes-14517,/fighters/julija-stoliarenko-9926,"('gabriella fernandes', 'julija stoliarenko')",b8a8bb2bfd5de0be35a8,6cd3dfc54f01287f,,2025-08-09,Gabriella Fernandes,99,Women's Flyweight Bout,exact_pair,1.0
ufc-fight-night-dolidze-vs-hernandez-odds-3789,UFC Fight Night: Dolidze vs. Hernandez Odds,2025-08-09,https://www.bestfightodds.com/events/ufc-fight-night-dolidze-vs-hernandez-odds-3789,39405,Ode Osbourne,Steve Erceg,/fighters/ode-osbourne-9282,/fighters/steve-erceg-17167,"('ode osbourne', 'steve erceg')",b9ff5597e11706a656c8,6cd3dfc54f01287f,,2025-08-09,Steve Erceg,99,Bantamweight Bout,exact_pair,1.0
ufc-fight-night-dolidze-vs-hernandez-odds-3789,UFC Fight Night: Dolidze vs. Hernandez Odds,2025-08-09,https://www.bestfightodds.com/events/ufc-fight-night-dolidze-vs-hernandez-odds-3789,39344,Christian Leroy Duncan,Eryk Anders,/fighters/christian-leroy-duncan-12577,/fighters/eryk-anders-6686,"('christian leroy duncan', 'eryk anders')",be7eb04ba5079a93abd3,6cd3dfc54f01287f,,2025-08-09,Christian Leroy Duncan,99,Middleweight Bout,exact_pair,1.0
ufc-fight-night-dolidze-vs-hernandez-odds-3789,UFC Fight Night: Dolidze vs. Hernandez Odds,2025-08-09,https://www.bestfightodds.com/events/ufc-fight-night-dolidze-vs-hernandez-odds-3789,39421,Cody Brundage,Eric McConico,/fighters/cody-brundage-10168,/fighters/eric-mcconico-15806,"('cody brundage', 'eric mcconico')",cfe91617101ef18a9965,6cd3dfc54f01287f,,2025-08-09,Eric McConico,99,Light Heavyweight Bout,exact_pair,1.0
ufc-319-odds-3767,UFC 319 Odds,2025-08-16,https://www.bestfightodds.com/events/ufc-319-odds-3767,39508,Alibi Idiris,Joseph Morales,/fighters/alibi-idiris-19717,/fighters/joseph-morales-5383,"('alibi idiris', 'joseph morales')",05bfa7a8c36d7e559384,421ccfc6ddb17958,,2025-08-16,Joseph Morales,99,Ultimate Fighter 33 Flyweight Tournament Title Bout,exact_pair,1.0
ufc-319-3800,UFC 319,2025-08-17,https://www.bestfightodds.com/events/ufc-319-3800,39126,Kai Asakura,Tim Elliott,/fighters/kai-asakura-7765,/fighters/tim-elliott-3288,"('kai asakura', 'tim elliott')",1e898c73d8c3a7f2afbe,421ccfc6ddb17958,,2025-08-16,Tim Elliott,99,Flyweight Bout,exact_pair,1.0
ufc-319-3800,UFC 319,2025-08-17,https://www.bestfightodds.com/events/ufc-319-3800,39127,Jared Cannonier,Michael Page,/fighters/jared-cannonier-5333,/fighters/michael-page-3937,"('jared cannonier', 'michael page')",2b25b04c0a7d424045d4,421ccfc6ddb17958,,2025-08-16,Michael Page,99,Middleweight Bout,exact_pair,1.0
ufc-319-3800,UFC 319,2025-08-17,https://www.bestfightodds.com/events/ufc-319-3800,38471,Dricus Du Plessis,Khamzat Chimaev,/fighters/dricus-du-plessis-7951,/fighters/khamzat-chimaev-10189,"('dricus du plessis', 'khamzat chimaev')",2d9b126fafb5f8cb4836,421ccfc6ddb17958,,2025-08-16,Khamzat Chimaev,99,UFC Middleweight Title Bout,exact_pair,1.0
ufc-319-3800,UFC 319,2025-08-17,https://www.bestfightodds.com/events/ufc-319-3800,39496,Baysangur Susurkaev,Eric Nolan,/fighters/baysangur-susurkaev-18856,/fighters/eric-nolan-7010,"('baysangur susurkaev', 'eric nolan')",356cda89a5ad5326c248,421ccfc6ddb17958,,2025-08-16,Baisangur Susurkaev,99,Middleweight Bout,fuzzy_pair,0.9736842105263157
ufc-319-odds-3767,UFC 319 Odds,2025-08-16,https://www.bestfightodds.com/events/ufc-319-odds-3767,39408,Dione Barbosa,Karine Silva,/fighters/dione-barbosa-12811,/fighters/karine-silva-7814,"('dione barbosa', 'karine silva')",6c6da5caa38c1a7cf82f,421ccfc6ddb17958,,2025-08-16,Karine Silva,99,Women's Flyweight Bout,exact_pair,1.0
ufc-319-odds-3767,UFC 319 Odds,2025-08-16,https://www.bestfightodds.com/events/ufc-319-odds-3767,39130,Drakkar Klose,Edson Barboza,/fighters/drakkar-klose-6701,/fighters/edson-barboza-2099,"('drakkar klose', 'edson barboza')",aa2a09d4cac5e544bc2b,421ccfc6ddb17958,,2025-08-16,Drakkar Klose,99,Lightweight Bout,exact_pair,1.0
ufc-319-3800,UFC 319,2025-08-17,https://www.bestfightodds.com/events/ufc-319-3800,39123,Alexander Hernandez,Chase Hooper,/fighters/alexander-hernandez-7977,/fighters/chase-hooper-8425,"('alexander hernandez', 'chase hooper')",b39bd59decbd477eebee,421ccfc6ddb17958,,2025-08-16,Alexander Hernandez,99,Lightweight Bout,exact_pair,1.0
ufc-319-3800,UFC 319,2025-08-17,https://www.bestfightodds.com/events/ufc-319-3800,39129,Jessica Andrade,Loopy Godinez,/fighters/jessica-andrade-4201,/fighters/loopy-godinez-12828,"('jessica andrade', 'loopy godinez')",bf82b54f342ba6d01723,421ccfc6ddb17958,,2025-08-16,Loopy Godinez,99,Women's Strawweight Bout,exact_pair,1.0
ufc-319-3800,UFC 319,2025-08-17,https://www.bestfightodds.com/events/ufc-319-3800,39366,Carlos Prates,Geoff Neal,/fighters/carlos-prates-14705,/fighters/geoff-neal-8453,"('carlos prates', 'geoff neal')",c344e7960b9dc81babdd,421ccfc6ddb17958,,2025-08-16,Carlos Prates,99,Welterweight Bout,exact_pair,1.0
ufc-319-3800,UFC 319,2025-08-17,https://www.bestfightodds.com/events/ufc-319-3800,39365,Aaron Pico,Lerone Murphy,/fighters/aaron-pico-7170,/fighters/lerone-murphy-9433,"('aaron pico', 'lerone murphy')",fcaced7f15bb835638ec,421ccfc6ddb17958,,2025-08-16,Lerone Murphy,99,Featherweight Bout,exact_pair,1.0
ufc-319-3800,UFC 319,2025-08-17,https://www.bestfightodds.com/events/ufc-319-3800,39131,Gerald Meerschaert,Michal Oleksiejczuk,/fighters/gerald-meerschaert-3628,/fighters/michal-oleksiejczuk-7639,"('gerald meerschaert', 'michal oleksiejczuk')",ff8bb09963f3a5bffa0c,421ccfc6ddb17958,,2025-08-16,Michal Oleksiejczuk,99,Middleweight Bout,exact_pair,1.0
ufc-3818,UFC,2025-08-22,https://www.bestfightodds.com/events/ufc-3818,39543,Nyamjargal Tumendemberel,Terrance Saeteurn,/fighters/nyamjargal-tumendemberel-15865,/fighters/terrance-saeteurn-15081,"('nyamjargal tumendemberel', 'terrance saeteurn')",b1e937d709dcf2f08459,8fbcd82bf7f352bf,,2025-08-22,Nyamjargal Tumendemberel,99,Flyweight Bout,exact_pair,1.0
ufc-3812,UFC,2025-08-23,https://www.bestfightodds.com/events/ufc-3812,39522,Austin Hubbard,Rongzhu,/fighters/austin-hubbard-8207,/fighters/rongzhu-17112,"('austin hubbard', 'rongzhu')",09bf83a363605dd432f2,754968e325d6f60d,,2025-08-23,Rongzhu,99,Lightweight Bout,exact_pair,1.0
ufc-3812,UFC,2025-08-23,https://www.bestfightodds.com/events/ufc-3812,39514,Westin Wilson,Yizha,/fighters/westin-wilson-7567,/fighters/yizha-17111,"('westin wilson', 'yizha')",35ded722a136211f62a0,754968e325d6f60d,,2025-08-23,Yizha,99,Featherweight Bout,exact_pair,1.0
ufc-3812,UFC,2025-08-23,https://www.bestfightodds.com/events/ufc-3812,39512,Aljamain Stirling,Brian Ortega,/fighters/aljamain-stirling-19718,/fighters/brian-ortega-4290,"('aljamain stirling', 'brian ortega')",675fb8636d5a5669cd84,754968e325d6f60d,,2025-08-23,Aljamain Sterling,99,Catch Weight Bout,fuzzy_pair,0.9705882352941176
ufc-3812,UFC,2025-08-23,https://www.bestfightodds.com/events/ufc-3812,39515,Kyle Daukaus,Michel Pereira,/fighters/kyle-daukaus-8840,/fighters/michel-pereira-9071,"('kyle daukaus', 'michel pereira')",73721c9a98507ebb9b9c,754968e325d6f60d,,2025-08-23,Kyle Daukaus,99,Middleweight Bout,exact_pair,1.0
ufc-3812,UFC,2025-08-23,https://www.bestfightodds.com/events/ufc-3812,39524,Gauge Young,Maheshate,/fighters/gauge-young-11235,/fighters/maheshate-12733,"('gauge young', 'maheshate')",763a802756cc5a777b74,754968e325d6f60d,,2025-08-23,Gauge Young,99,Lightweight Bout,exact_pair,1.0
ufc-3812,UFC,2025-08-23,https://www.bestfightodds.com/events/ufc-3812,39531,Diyar Nurgozhay,Uran Satybaldiev,/fighters/diyar-nurgozhay-11550,/fighters/uran-satybaldiev-16347,"('diyar nurgozhay', 'uran satybaldiev')",7b04999dc57e772b8b74,754968e325d6f60d,,2025-08-23,Uran Satybaldiev,99,Light Heavyweight Bout,exact_pair,1.0
ufc-3812,UFC,2025-08-23,https://www.bestfightodds.com/events/ufc-3812,39511,Sergei Pavlovich,Waldo Cortes-Acosta,/fighters/sergei-pavlovich-8961,/fighters/waldo-cortes-acosta-12830,"('sergei pavlovich', 'waldo cortes acosta')",96b531ea328d129c02f4,754968e325d6f60d,,2025-08-23,Sergei Pavlovich,99,Heavyweight Bout,exact_pair,1.0
ufc-3812,UFC,2025-08-23,https://www.bestfightodds.com/events/ufc-3812,39513,Johnny Walker,Zhang Mingyang,/fighters/johnny-walker-8542,/fighters/zhang-mingyang-14721,"('johnny walker', 'zhang mingyang')",a23c02530fce2bce672d,754968e325d6f60d,,2025-08-23,Johnny Walker,99,Light Heavyweight Bout,exact_pair,1.0
ufc-3812,UFC,2025-08-23,https://www.bestfightodds.com/events/ufc-3812,39523,Charles Johnson,Lone'er Kavanagh,/fighters/charles-johnson-7494,/fighters/lone-er-kavanagh-12967,"('charles johnson', 'loneer kavanagh')",bad8e508d808e4f36084,754968e325d6f60d,,2025-08-23,Charles Johnson,99,Flyweight Bout,exact_pair,1.0
ufc-3812,UFC,2025-08-23,https://www.bestfightodds.com/events/ufc-3812,39521,Suyoung You,Xiao Long,/fighters/suyoung-you-19723,/fighters/xiao-long-14613,"('suyoung you', 'xiao long')",d6915b09359a290a3fbd,754968e325d6f60d,,2025-08-23,SuYoung You,99,Bantamweight Bout,exact_pair,1.0
ufc-3812,UFC,2025-08-23,https://www.bestfightodds.com/events/ufc-3812,39509,Kiefer Crosbie,Taiyilake Nueraji,/fighters/kiefer-crosbie-6784,/fighters/taiyilake-nueraji-15867,"('kiefer crosbie', 'taiyilake nueraji')",dfe6e05e054b18696498,754968e325d6f60d,,2025-08-23,Taiyilake Nueraji,99,Welterweight Bout,exact_pair,1.0
ufc-fight-night-3775,UFC Fight Night,2025-09-06,https://www.bestfightodds.com/events/ufc-fight-night-3775,39558,Ante Delija,Marcin Tybura,/fighters/ante-delija-8016,/fighters/marcin-tybura-6200,"('ante delija', 'marcin tybura')",01d4c53ae8d6a4532b94,6e380a4d73ab4f0e,,2025-09-06,Ante Delija,99,Heavyweight Bout,exact_pair,1.0
ufc-fight-night-3775,UFC Fight Night,2025-09-06,https://www.bestfightodds.com/events/ufc-fight-night-3775,39593,Brad Tavares,Robert Bryczek,/fighters/brad-tavares-1959,/fighters/robert-bryczek-11162,"('brad tavares', 'robert bryczek')",4bb40c66a44497de87e8,6e380a4d73ab4f0e,,2025-09-06,Robert Bryczek,99,Middleweight Bout,exact_pair,1.0
ufc-fight-night-3775,UFC Fight Night,2025-09-06,https://www.bestfightodds.com/events/ufc-fight-night-3775,39556,Sam Hughes,Shauna Bannon,/fighters/sam-hughes-9863,/fighters/shauna-bannon-14505,"('sam hughes', 'shauna bannon')",5ea144668dcd68fafd99,6e380a4d73ab4f0e,,2025-09-06,Sam Hughes,99,Women's Strawweight Bout,exact_pair,1.0
ufc-fight-night-3775,UFC Fight Night,2025-09-06,https://www.bestfightodds.com/events/ufc-fight-night-3775,39211,Caio Borralho,Nassourdine Imavov,/fighters/caio-borralho-12570,/fighters/nassourdine-imavov-10307,"('caio borralho', 'nassourdine imavov')",6db34097e299a64056ad,6e380a4d73ab4f0e,,2025-09-06,Nassourdine Imavov,99,Middleweight Bout,exact_pair,1.0
ufc-fight-night-3775,UFC Fight Night,2025-09-06,https://www.bestfightodds.com/events/ufc-fight-night-3775,39584,Benoit Saint-Denis,Mauricio Ruffy,/fighters/benoit-saint-denis-10992,/fighters/mauricio-ruffy-16595,"('benoit saint denis', 'mauricio ruffy')",6ef603a530ed6694ba31,6e380a4d73ab4f0e,,2025-09-06,Benoit Saint Denis,99,Lightweight Bout,exact_pair,1.0
ufc-fight-night-3775,UFC Fight Night,2025-09-06,https://www.bestfightodds.com/events/ufc-fight-night-3775,39553,Brendson Ribeiro,Oumar Sy,/fighters/brendson-ribeiro-13392,/fighters/oumar-sy-12679,"('brendson ribeiro', 'oumar sy')",87285678688649ea7fdb,6e380a4d73ab4f0e,,2025-09-06,Oumar Sy,99,Light Heavyweight Bout,exact_pair,1.0
ufc-fight-night-3775,UFC Fight Night,2025-09-06,https://www.bestfightodds.com/events/ufc-fight-night-3775,39585,Andreas Gustafsson,Rinat Fakhretdinov,/fighters/andreas-gustafsson-8971,/fighters/rinat-fakhretdinov-13557,"('andreas gustafsson', 'rinat fakhretdinov')",896f5fe9eed66bf7bd7b,6e380a4d73ab4f0e,,2025-09-06,Rinat Fakhretdinov,99,Welterweight Bout,exact_pair,1.0
ufc-fight-night-3775,UFC Fight Night,2025-09-06,https://www.bestfightodds.com/events/ufc-fight-night-3775,39635,Harry Hardwick,Kaue Fernandes,/fighters/harry-hardwick-9616,/fighters/kaue-fernandes-11734,"('harry hardwick', 'kaue fernandes')",9ccc1e250cc7831bc2f4,6e380a4d73ab4f0e,,2025-09-06,Kaue Fernandes,99,Lightweight Bout,exact_pair,1.0
ufc-fight-night-3775,UFC Fight Night,2025-09-06,https://www.bestfightodds.com/events/ufc-fight-night-3775,39586,Sam Patterson,Trey Waters,/fighters/sam-patterson-11410,/fighters/trey-waters-13847,"('sam patterson', 'trey waters')",a635cc65f24c9784f72f,6e380a4d73ab4f0e,,2025-09-06,Sam Patterson,99,Welterweight Bout,exact_pair,1.0
ufc-fight-night-3775,UFC Fight Night,2025-09-06,https://www.bestfightodds.com/events/ufc-fight-night-3775,39559,Bolaji Oki,Mason Jones,/fighters/bolaji-oki-16406,/fighters/mason-jones-7156,"('bolaji oki', 'mason jones')",ad7e561fa6a14d389f73,6e380a4d73ab4f0e,,2025-09-06,Mason Jones,99,Lightweight Bout,exact_pair,1.0
ufc-fight-night-3775,UFC Fight Night,2025-09-06,https://www.bestfightodds.com/events/ufc-fight-night-3775,39554,Robert Ruchala,William Gomis,/fighters/robert-ruchala-10578,/fighters/william-gomis-10345,"('robert ruchala', 'william gomis')",b966d756a4f807ccf224,6e380a4d73ab4f0e,,2025-09-06,William Gomis,99,Featherweight Bout,exact_pair,1.0
ufc-fight-night-3775,UFC Fight Night,2025-09-06,https://www.bestfightodds.com/events/ufc-fight-night-3775,39555,Modestas Bukauskas,Paul Craig,/fighters/modestas-bukauskas-7865,/fighters/paul-craig-6791,"('modestas bukauskas', 'paul craig')",cc11a7bbd66d61ad2d71,6e380a4d73ab4f0e,,2025-09-06,Modestas Bukauskas,99,Light Heavyweight Bout,exact_pair,1.0
ufc-fight-night-3775,UFC Fight Night,2025-09-06,https://www.bestfightodds.com/events/ufc-fight-night-3775,39606,Axel Sola,Rhys McKee,/fighters/axel-sola-11006,/fighters/rhys-mckee-6874,"('axel sola', 'rhys mckee')",d3decb79483c3631d297,6e380a4d73ab4f0e,,2025-09-06,Axel Sola,99,Welterweight Bout,exact_pair,1.0
ufc-fight-night-3794,UFC Fight Night,2025-09-13,https://www.bestfightodds.com/events/ufc-fight-night-3794,39693,Daniil Donchenko,Rodrigo Sezinando,/fighters/daniil-donchenko-19821,/fighters/rodrigo-sezinando-15537,"('daniil donchenko', 'rodrigo sezinando')",051f0f126ea49220341b,5efaaf313b652dd7,,2025-09-13,Daniil Donchenko,99,Ultimate Fighter 33 Welterweight Tournament Title Bout,exact_pair,1.0
ufc-fight-night-3794,UFC Fight Night,2025-09-13,https://www.bestfightodds.com/events/ufc-fight-night-3794,39678,Quang Le,Santiago Luna,/fighters/quang-le-12547,/fighters/santiago-luna-19813,"('quang le', 'santiago luna')",054de1db06f572db8e0e,5efaaf313b652dd7,,2025-09-13,Santiago Luna,99,Bantamweight Bout,exact_pair,1.0
ufc-fight-night-3794,UFC Fight Night,2025-09-13,https://www.bestfightodds.com/events/ufc-fight-night-3794,39373,Claudio Puelles,Joaquim Silva,/fighters/claudio-puelles-6804,/fighters/joaquim-silva-5756,"('claudio puelles', 'joaquim silva')",16136f14ba4f25b77220,5efaaf313b652dd7,,2025-09-13,Joaquim Silva,99,Lightweight Bout,exact_pair,1.0
ufc-fight-night-3794,UFC Fight Night,2025-09-13,https://www.bestfightodds.com/events/ufc-fight-night-3794,39372,Jesus Aguilar,Luis Gurule,/fighters/jesus-aguilar-14733,/fighters/luis-gurule-13855,"('jesus aguilar', 'luis gurule')",240f528e728584302083,5efaaf313b652dd7,,2025-09-13,Jesus Aguilar,99,Flyweight Bout,exact_pair,1.0
ufc-fight-night-3794,UFC Fight Night,2025-09-13,https://www.bestfightodds.com/events/ufc-fight-night-3794,39367,Jared Gordon,Rafa Garcia,/fighters/jared-gordon-2971,/fighters/rafa-garcia-9241,"('jared gordon', 'rafa garcia')",2629459af4516916a887,5efaaf313b652dd7,,2025-09-13,Rafa Garcia,99,Lightweight Bout,exact_pair,1.0
ufc-fight-night-3794,UFC Fight Night,2025-09-13,https://www.bestfightodds.com/events/ufc-fight-night-3794,39679,Alden Coria,Alessandro Costa,/fighters/alden-coria-10859,/fighters/alessandro-costa-14121,"('alden coria', 'alessandro costa')",511839e3ce3f2eee6a8d,5efaaf313b652dd7,,2025-09-13,Alden Coria,99,Flyweight Bout,exact_pair,1.0
ufc-fight-night-3794,UFC Fight Night,2025-09-13,https://www.bestfightodds.com/events/ufc-fight-night-3794,39677,Dustin Stoltzfus,Kelvin Gastelum,/fighters/dustin-stoltzfus-10214,/fighters/kelvin-gastelum-4061,"('dustin stoltzfus', 'kelvin gastelum')",615473e517a4ab465ddb,5efaaf313b652dd7,,2025-09-13,Kelvin Gastelum,99,Middleweight Bout,exact_pair,1.0
ufc-fight-night-3794,UFC Fight Night,2025-09-13,https://www.bestfightodds.com/events/ufc-fight-night-3794,39374,Alice Pereira,Montserrat Rendon,/fighters/alice-pereira-19629,/fighters/montserrat-rendon-14504,"('alice pereira', 'montserrat rendon')",6fd3a45694054e7758c4,5efaaf313b652dd7,,2025-09-13,Montse Rendon,99,Women's Bantamweight Bout,fuzzy_pair,0.9333333333333333
ufc-fight-night-3776,UFC Fight Night,2025-09-14,https://www.bestfightodds.com/events/ufc-fight-night-3776,39680,David Martinez,Rob Font,/fighters/david-martinez-16826,/fighters/rob-font-4984,"('david martinez', 'rob font')",986a54e2d9aa8d5613be,5efaaf313b652dd7,,2025-09-13,David Martinez,99,Bantamweight Bout,exact_pair,1.0
ufc-fight-night-3794,UFC Fight Night,2025-09-13,https://www.bestfightodds.com/events/ufc-fight-night-3794,39368,Dusko Todorovic,Jose Daniel Medina,/fighters/dusko-todorovic-9397,/fighters/jose-daniel-medina-16594,"('dusko todorovic', 'jose daniel medina')",ad90a6d5d96b7e29bd40,5efaaf313b652dd7,,2025-09-13,Dusko Todorovic,99,Middleweight Bout,exact_pair,1.0
ufc-fight-night-3794,UFC Fight Night,2025-09-13,https://www.bestfightodds.com/events/ufc-fight-night-3794,39694,Alexander Hernandez,Diego Ferreira,/fighters/alexander-hernandez-7977,/fighters/diego-ferreira-5180,"('alexander hernandez', 'diego ferreira')",e2dc3b20f0f41956f463,5efaaf313b652dd7,,2025-09-13,Alexander Hernandez,99,Lightweight Bout,exact_pair,1.0
ufc-fight-night-3776,UFC Fight Night,2025-09-14,https://www.bestfightodds.com/events/ufc-fight-night-3776,39213,Diego Lopes,Jean Silva,/fighters/diego-lopes-12328,/fighters/jean-silva-554,"('diego lopes', 'jean silva')",ed096231c75dbb8a5037,5efaaf313b652dd7,,2025-09-13,Diego Lopes,99,Featherweight Bout,exact_pair,1.0
ufc-fight-night-3794,UFC Fight Night,2025-09-13,https://www.bestfightodds.com/events/ufc-fight-night-3794,39369,Amanda Lemos,Tatiana Suarez,/fighters/amanda-lemos-7335,/fighters/tatiana-suarez-6544,"('amanda lemos', 'tatiana suarez')",f213d27f46be140ba77c,5efaaf313b652dd7,,2025-09-13,Tatiana Suarez,99,Women's Strawweight Bout,exact_pair,1.0
ufc-fight-night-3846,UFC Fight Night,2025-09-28,https://www.bestfightodds.com/events/ufc-fight-night-3846,39725,Luana Carolina,Michelle Montague,/fighters/luana-carolina-8992,/fighters/michelle-montague-13411,"('luana carolina', 'michelle montague')",00b85b8dcd16ccb32e5d,ed220e87bef0cc64,,2025-09-27,Michelle Montague,99,Women's Bantamweight Bout,exact_pair,1.0
ufc-fight-night-3846,UFC Fight Night,2025-09-28,https://www.bestfightodds.com/events/ufc-fight-night-3846,39718,Charlie Campbell,Tom Nolan,/fighters/charlie-campbell-10235,/fighters/tom-nolan-16303,"('charlie campbell', 'tom nolan')",0554f481794da7138747,ed220e87bef0cc64,,2025-09-27,Tom Nolan,99,Lightweight Bout,exact_pair,1.0
ufc-fight-night-3846,UFC Fight Night,2025-09-28,https://www.bestfightodds.com/events/ufc-fight-night-3846,39716,Ivan Erslan,Jimmy Crute,/fighters/ivan-erslan-9672,/fighters/jimmy-crute-9838,"('ivan erslan', 'jimmy crute')",05d0f84a769525ea1a44,ed220e87bef0cc64,,2025-09-27,Jimmy Crute,99,Light Heavyweight Bout,exact_pair,1.0
ufc-fight-night-3840,UFC Fight Night,2025-09-27,https://www.bestfightodds.com/events/ufc-fight-night-3840,39721,Alexia Thainara,Loma Lookboonmee,/fighters/alexia-thainara-15137,/fighters/loma-lookboonmee-7834,"('alexia thainara', 'loma lookboonmee')",31032a2c60f879eb1e6d,ed220e87bef0cc64,,2025-09-27,Alexia Thainara,99,Women's Strawweight Bout,exact_pair,1.0
ufc-fight-night-3846,UFC Fight Night,2025-09-28,https://www.bestfightodds.com/events/ufc-fight-night-3846,39798,Colby Thicknesse,Josias Musasa,/fighters/colby-thicknesse-19115,/fighters/josias-musasa-18383,"('colby thicknesse', 'josias musasa')",380cdf5e7a80fc47aabb,ed220e87bef0cc64,,2025-09-27,Colby Thicknesse,99,Bantamweight Bout,exact_pair,1.0
ufc-fight-night-3846,UFC Fight Night,2025-09-28,https://www.bestfightodds.com/events/ufc-fight-night-3846,39723,Andre Petroski,Cam Rowston,/fighters/andre-petroski-10388,/fighters/cam-rowston-16458,"('andre petroski', 'cam rowston')",6a5cbeced0b0d2c95245,ed220e87bef0cc64,,2025-09-27,Cam Rowston,99,Middleweight Bout,exact_pair,1.0
ufc-fight-night-3846,UFC Fight Night,2025-09-28,https://www.bestfightodds.com/events/ufc-fight-night-3846,39720,Navajo Stirling,Rodolfo Bellato,/fighters/navajo-stirling-18344,/fighters/rodolfo-bellato-11728,"('navajo stirling', 'rodolfo bellato')",955656ec5b7f83c68a85,ed220e87bef0cc64,,2025-09-27,Navajo Stirling,99,Light Heavyweight Bout,exact_pair,1.0
ufc-fight-night-3846,UFC Fight Night,2025-09-28,https://www.bestfightodds.com/events/ufc-fight-night-3846,39715,Jack Jenkins,Ramon Taveras,/fighters/jack-jenkins-8037,/fighters/ramon-taveras-16460,"('jack jenkins', 'ramon taveras')",a632d58e1d87d5d3e27f,ed220e87bef0cc64,,2025-09-27,Jack Jenkins,99,Featherweight Bout,exact_pair,1.0
ufc-fight-night-3846,UFC Fight Night,2025-09-28,https://www.bestfightodds.com/events/ufc-fight-night-3846,39717,Jake Matthews,Neil Magny,/fighters/jake-matthews-4978,/fighters/neil-magny-3807,"('jake matthews', 'neil magny')",e130ab3b2a3b762b2e70,ed220e87bef0cc64,,2025-09-27,Neil Magny,99,Welterweight Bout,exact_pair,1.0
ufc-fight-night-3846,UFC Fight Night,2025-09-28,https://www.bestfightodds.com/events/ufc-fight-night-3846,39713,Carlos Ulberg,Dominick Reyes,/fighters/carlos-ulberg-10404,/fighters/dominick-reyes-7225,"('carlos ulberg', 'dominick reyes')",e1cd0b252d33993874ce,ed220e87bef0cc64,,2025-09-27,Carlos Ulberg,99,Light Heavyweight Bout,exact_pair,1.0
ufc-fight-night-3846,UFC Fight Night,2025-09-28,https://www.bestfightodds.com/events/ufc-fight-night-3846,39724,Jamie Mullarkey,Rolando Bedoya,/fighters/jamie-mullarkey-9518,/fighters/rolando-bedoya-16166,"('jamie mullarkey', 'rolando bedoya')",edb49254ac688c5729e5,ed220e87bef0cc64,,2025-09-27,Jamie Mullarkey,99,Lightweight Bout,exact_pair,1.0
ufc-fight-night-3840,UFC Fight Night,2025-09-27,https://www.bestfightodds.com/events/ufc-fight-night-3840,39726,Brando Pericic,Elisha Ellison,/fighters/brando-pericic-19827,/fighters/elisha-ellison-19828,"('brando pericic', 'elisha ellison')",f7fd96c34973cfeb365c,ed220e87bef0cc64,,2025-09-27,Brando Pericic,99,Heavyweight Bout,exact_pair,1.0
ufc-320-odds-3779,UFC 320 Odds,2025-10-05,https://www.bestfightodds.com/events/ufc-320-odds-3779,39232,Cory Sandhagen,Merab Dvalishvili,/fighters/cory-sandhagen-6127,/fighters/merab-dvalishvili-6415,"('cory sandhagen', 'merab dvalishvili')",1cfbae65d8f2a33895e7,8944a0f9b2f0ce6d,,2025-10-04,Merab Dvalishvili,99,UFC Bantamweight Title Bout,exact_pair,1.0
ufc-320-odds-3779,UFC 320 Odds,2025-10-05,https://www.bestfightodds.com/events/ufc-320-odds-3779,39231,Jiri Prochazka,Khalil Rountree Jr.,/fighters/jiri-prochazka-6058,/fighters/khalil-rountree-jr-11552,"('jiri prochazka', 'khalil rountree jr')",1e291ba5597de803cba6,8944a0f9b2f0ce6d,,2025-10-04,Jiri Prochazka,99,Light Heavyweight Bout,exact_pair,1.0
ufc-320-odds-3779,UFC 320 Odds,2025-10-05,https://www.bestfightodds.com/events/ufc-320-odds-3779,39830,Jakub Wiklacz,Patchy Mix,/fighters/jakub-wiklacz-8485,/fighters/patchy-mix-10278,"('jakub wiklacz', 'patchy mix')",243db2fdb80e9b5945a9,8944a0f9b2f0ce6d,,2025-10-04,Jakub Wiklacz,99,Bantamweight Bout,exact_pair,1.0
ufc-320-3853,UFC 320,2025-10-04,https://www.bestfightodds.com/events/ufc-320-3853,39861,Austin Vanderford,Ramiz Brahimaj,/fighters/austin-vanderford-7790,/fighters/ramiz-brahimaj-7724,"('austin vanderford', 'ramiz brahimaj')",3ca4807b00055f45b0c6,8944a0f9b2f0ce6d,,2025-10-04,Ramiz Brahimaj,99,Welterweight Bout,exact_pair,1.0
ufc-320-odds-3779,UFC 320 Odds,2025-10-05,https://www.bestfightodds.com/events/ufc-320-odds-3779,39852,Daniel Santos,Joosang Yoo,/fighters/daniel-santos-6038,/fighters/joosang-yoo-19898,"('daniel santos', 'joosang yoo')",6ddc3bd13d07b1d32200,8944a0f9b2f0ce6d,,2025-10-04,Daniel Santos,99,Catch Weight Bout,exact_pair,1.0
ufc-320-odds-3779,UFC 320 Odds,2025-10-05,https://www.bestfightodds.com/events/ufc-320-odds-3779,38470,Alex Pereira,Magomed Ankalaev,/fighters/alex-pereira-10463,/fighters/magomed-ankalaev-7794,"('alex pereira', 'magomed ankalaev')",7139812beb96caa6b9d7,8944a0f9b2f0ce6d,,2025-10-04,Alex Pereira,99,UFC Light Heavyweight Title Bout,exact_pair,1.0
ufc-320-odds-3779,UFC 320 Odds,2025-10-05,https://www.bestfightodds.com/events/ufc-320-odds-3779,39831,Abus Magomedov,Joe Pfyer,/fighters/abus-magomedov-16645,/fighters/joe-pfyer-16505,"('abus magomedov', 'joe pfyer')",786997dbf186fbe10d81,8944a0f9b2f0ce6d,,2025-10-04,Joe Pyfer,99,Middleweight Bout,fuzzy_pair,0.9444444444444444
ufc-320-odds-3779,UFC 320 Odds,2025-10-05,https://www.bestfightodds.com/events/ufc-320-odds-3779,39827,Josh Emmett,Youssef Zalal,/fighters/josh-emmett-6405,/fighters/youssef-zalal-8823,"('josh emmett', 'youssef zalal')",8917291941db87ed2da1,8944a0f9b2f0ce6d,,2025-10-04,Youssef Zalal,99,Featherweight Bout,exact_pair,1.0
ufc-320-3853,UFC 320,2025-10-04,https://www.bestfightodds.com/events/ufc-320-3853,39833,Brogan Walker,Veronica Hardy,/fighters/brogan-walker-7832,/fighters/veronica-hardy-16779,"('brogan walker', 'veronica hardy')",8a6ef224f85f7fd1ac5c,8944a0f9b2f0ce6d,,2025-10-04,Veronica Hardy,99,Women's Flyweight Bout,exact_pair,1.0
ufc-320-3853,UFC 320,2025-10-04,https://www.bestfightodds.com/events/ufc-320-3853,39828,Chris Gutierrez,Farid Basharat,/fighters/chris-gutierrez-4725,/fighters/farid-basharat-11791,"('chris gutierrez', 'farid basharat')",8aa06a2c803562348cf4,8944a0f9b2f0ce6d,,2025-10-04,Farid Basharat,99,Bantamweight Bout,exact_pair,1.0
ufc-320-3853,UFC 320,2025-10-04,https://www.bestfightodds.com/events/ufc-320-3853,39829,Macy Chiasson,Yana Santos,/fighters/macy-chiasson-8148,/fighters/yana-santos-15381,"('macy chiasson', 'yana santos')",9d314faf8a223d8beae0,8944a0f9b2f0ce6d,,2025-10-04,Yana Santos,99,Women's Bantamweight Bout,exact_pair,1.0
ufc-320-odds-3779,UFC 320 Odds,2025-10-05,https://www.bestfightodds.com/events/ufc-320-odds-3779,40106,Ateba Gautier,Treston Vines,/fighters/ateba-gautier-18421,/fighters/treston-vines-10774,"('ateba gautier', 'treston vines')",a309774d3fe5fcfb79ab,8944a0f9b2f0ce6d,,2025-10-04,Ateba Gautier,99,Middleweight Bout,exact_pair,1.0
ufc-320-3853,UFC 320,2025-10-04,https://www.bestfightodds.com/events/ufc-320-3853,39862,Nikolay Veretennikov,Punahele Soriano,/fighters/nikolay-veretennikov-7722,/fighters/punahele-soriano-7386,"('nikolay veretennikov', 'punahele soriano')",b48c8a0f630290236bac,8944a0f9b2f0ce6d,,2025-10-04,Punahele Soriano,99,Welterweight Bout,exact_pair,1.0
ufc-320-odds-3779,UFC 320 Odds,2025-10-05,https://www.bestfightodds.com/events/ufc-320-odds-3779,39832,Andre Muniz,Edmen Shahbazyan,/fighters/andre-muniz-8538,/fighters/edmen-shahbazyan-8418,"('andre muniz', 'edmen shahbazyan')",bbaedcad3082cfe96fa4,8944a0f9b2f0ce6d,,2025-10-04,Edmen Shahbazyan,99,Middleweight Bout,exact_pair,1.0
ufc-3869,UFC,2025-10-12,https://www.bestfightodds.com/events/ufc-3869,39981,Joel Alvarez,Vicente Luque,/fighters/joel-alvarez-8910,/fighters/vicente-luque-5744,"('joel alvarez', 'vicente luque')",11990388b9248b0bc774,9336e86cfd4ceaa1,,2025-10-11,Joel Alvarez,99,Welterweight Bout,exact_pair,1.0
ufc-rio-3872,UFC Rio,2025-10-11,https://www.bestfightodds.com/events/ufc-rio-3872,39983,Julia Polastri,Karolina Kowalkiewicz,/fighters/julia-polastri-12394,/fighters/karolina-kowalkiewicz-3745,"('julia polastri', 'karolina kowalkiewicz')",24f22d7926076709bc46,9336e86cfd4ceaa1,,2025-10-11,Julia Polastri,99,Women's Strawweight Bout,exact_pair,1.0
ufc-rio-3872,UFC Rio,2025-10-11,https://www.bestfightodds.com/events/ufc-rio-3872,40005,Beatriz Mesquita,Irina Alekseeva,/fighters/beatriz-mesquita-18617,/fighters/irina-alekseeva-12710,"('beatriz mesquita', 'irina alekseeva')",3cef83862590f027c4d1,9336e86cfd4ceaa1,,2025-10-11,Bia Mesquita,99,Women's Bantamweight Bout,fuzzy_pair,0.8928571428571428
ufc-rio-3872,UFC Rio,2025-10-11,https://www.bestfightodds.com/events/ufc-rio-3872,40006,Lucas Rocha,Stewart Nicoll,/fighters/lucas-rocha-15885,/fighters/stewart-nicoll-18148,"('lucas rocha', 'stewart nicoll')",4a55dbefd6b6f1b66287,9336e86cfd4ceaa1,,2025-10-11,Lucas Rocha,99,Flyweight Bout,exact_pair,1.0
ufc-rio-3872,UFC Rio,2025-10-11,https://www.bestfightodds.com/events/ufc-rio-3872,40004,Thomas Petersen,Vitor Petrino,/fighters/thomas-petersen-10546,/fighters/vitor-petrino-14346,"('thomas petersen', 'vitor petrino')",4b8bea8fbb41a4cd3640,9336e86cfd4ceaa1,,2025-10-11,Vitor Petrino,99,Heavyweight Bout,exact_pair,1.0
ufc-3869,UFC,2025-10-12,https://www.bestfightodds.com/events/ufc-3869,39975,Charles Oliveira,Mateusz Gamrot,/fighters/charles-oliveira-1893,/fighters/mateusz-gamrot-4189,"('charles oliveira', 'mateusz gamrot')",4eafdfb4355476b05171,9336e86cfd4ceaa1,,2025-10-11,Charles Oliveira,99,Lightweight Bout,exact_pair,1.0
ufc-rio-3872,UFC Rio,2025-10-11,https://www.bestfightodds.com/events/ufc-rio-3872,40007,Luan Lacerda,Saimon Oliveira,/fighters/luan-lacerda-15676,/fighters/saimon-oliveira-12268,"('luan lacerda', 'saimon oliveira')",8193ea8758a359d15acf,9336e86cfd4ceaa1,,2025-10-11,Luan Lacerda,99,Bantamweight Bout,exact_pair,1.0
ufc-3869,UFC,2025-10-12,https://www.bestfightodds.com/events/ufc-3869,39980,Deiveson Figueiredo,Montel Jackson,/fighters/deiveson-figueiredo-7514,/fighters/montel-jackson-8255,"('deiveson figueiredo', 'montel jackson')",82ecd843b80174537729,9336e86cfd4ceaa1,,2025-10-11,Deiveson Figueiredo,99,Bantamweight Bout,exact_pair,1.0
ufc-rio-3872,UFC Rio,2025-10-11,https://www.bestfightodds.com/events/ufc-rio-3872,40001,Kaan Ofli,Ricardo Ramos,/fighters/kaan-ofli-18252,/fighters/ricardo-ramos-5477,"('kaan ofli', 'ricardo ramos')",9d4b1bec0983c762107c,9336e86cfd4ceaa1,,2025-10-11,Kaan Ofli,99,Featherweight Bout,exact_pair,1.0
ufc-rio-3872,UFC Rio,2025-10-11,https://www.bestfightodds.com/events/ufc-rio-3872,40002,Lucas Almeida,Michael Aswell,/fighters/lucas-almeida-12571,/fighters/michael-aswell-12369,"('lucas almeida', 'michael aswell')",c2e33553536532088866,9336e86cfd4ceaa1,,2025-10-11,Michael Aswell Jr.,99,Featherweight Bout,fuzzy_pair,0.9516129032258065
ufc-rio-3872,UFC Rio,2025-10-11,https://www.bestfightodds.com/events/ufc-rio-3872,40003,Clayton Carpenter,Jafel Filho,/fighters/clayton-carpenter-10300,/fighters/jafel-filho-14406,"('clayton carpenter', 'jafel filho')",ce3bf6b6fee081da79eb,9336e86cfd4ceaa1,,2025-10-11,Jafel Filho,99,Flyweight Bout,exact_pair,1.0
ufc-rio-3872,UFC Rio,2025-10-11,https://www.bestfightodds.com/events/ufc-rio-3872,40000,Jhonata Diniz,Mario Pinto,/fighters/jhonata-diniz-16483,/fighters/mario-pinto-18577,"('jhonata diniz', 'mario pinto')",ff97b7e9cbc8631721b8,9336e86cfd4ceaa1,,2025-10-11,Mario Pinto,99,Heavyweight Bout,exact_pair,1.0
ufc-fight-night-3822,UFC Fight Night,2025-10-18,https://www.bestfightodds.com/events/ufc-fight-night-3822,39835,Brendan Allen,Reinier de Ridder,/fighters/brendan-allen-6203,/fighters/reinier-de-ridder-8891,"('brendan allen', 'reinier de ridder')",01612ab6756cd4799a00,38e5d9dcb0fddc42,,2025-10-18,Brendan Allen,99,Middleweight Bout,exact_pair,1.0
ufc-fight-night-3822,UFC Fight Night,2025-10-18,https://www.bestfightodds.com/events/ufc-fight-night-3822,40115,Drew Dober,Kyle Prepolec,/fighters/drew-dober-1576,/fighters/kyle-prepolec-3617,"('drew dober', 'kyle prepolec')",060ffc4bb1944f5d0089,38e5d9dcb0fddc42,,2025-10-18,Drew Dober,99,Lightweight Bout,exact_pair,1.0
ufc-fight-night-3822,UFC Fight Night,2025-10-18,https://www.bestfightodds.com/events/ufc-fight-night-3822,39625,Aiemann Zahabi,Marlon Vera,/fighters/aiemann-zahabi-6901,/fighters/marlon-vera-5317,"('aiemann zahabi', 'marlon vera')",063ef1d6d78cd100ba9d,38e5d9dcb0fddc42,,2025-10-18,Aiemann Zahabi,99,Bantamweight Bout,exact_pair,1.0
ufc-fight-night-3822,UFC Fight Night,2025-10-18,https://www.bestfightodds.com/events/ufc-fight-night-3822,40114,Charles Jourdain,Davey Grant,/fighters/charles-jourdain-9131,/fighters/davey-grant-4074,"('charles jourdain', 'davey grant')",1ba6b4d933151c8693ee,38e5d9dcb0fddc42,,2025-10-18,Charles Jourdain,99,Bantamweight Bout,exact_pair,1.0
ufc-fight-night-3822,UFC Fight Night,2025-10-18,https://www.bestfightodds.com/events/ufc-fight-night-3822,40121,Bruno Silva,Hyunsung Park,/fighters/bruno-silva-7121,/fighters/hyunsung-park-20068,"('bruno silva', 'hyunsung park')",2b0837112c94f5e58dfb,38e5d9dcb0fddc42,,2025-10-18,Bruno Silva,99,Flyweight Bout,exact_pair,1.0
ufc-fight-night-3822,UFC Fight Night,2025-10-18,https://www.bestfightodds.com/events/ufc-fight-night-3822,40120,Kyle Nelson,Matt Frevola,/fighters/kyle-nelson-3633,/fighters/matt-frevola-5332,"('kyle nelson', 'matt frevola')",53a42c3f7eadaf2f4822,38e5d9dcb0fddc42,,2025-10-18,Kyle Nelson,99,Lightweight Bout,exact_pair,1.0
ufc-fight-night-3822,UFC Fight Night,2025-10-18,https://www.bestfightodds.com/events/ufc-fight-night-3822,40178,Melissa Croden,Tainara Lisboa,/fighters/melissa-croden-10633,/fighters/tainara-lisboa-15245,"('melissa croden', 'tainara lisboa')",55621117f9bf28cac61d,38e5d9dcb0fddc42,,2025-10-18,Melissa Croden,99,Women's Bantamweight Bout,exact_pair,1.0
ufc-fight-night-3822,UFC Fight Night,2025-10-18,https://www.bestfightodds.com/events/ufc-fight-night-3822,40119,Aoriqileng,Cody Gibson,/fighters/aoriqileng-16506,/fighters/cody-gibson-1915,"('aoriqileng', 'cody gibson')",5d92af96bb40abc49642,38e5d9dcb0fddc42,,2025-10-18,Aoriqileng,99,Bantamweight Bout,exact_pair,1.0
ufc-fight-night-3822,UFC Fight Night,2025-10-18,https://www.bestfightodds.com/events/ufc-fight-night-3822,39627,Kevin Holland,Mike Malott,/fighters/kevin-holland-5910,/fighters/mike-malott-5196,"('kevin holland', 'mike malott')",7eeed12a4d07bd00733b,38e5d9dcb0fddc42,,2025-10-18,Mike Malott,99,Welterweight Bout,exact_pair,1.0
ufc-fight-night-3822,UFC Fight Night,2025-10-18,https://www.bestfightodds.com/events/ufc-fight-night-3822,40123,Danny Barlow,Djorden Santos,/fighters/danny-barlow-14814,/fighters/djorden-santos-18276,"('danny barlow', 'djorden santos')",9d999dc7a74d0e0877a0,38e5d9dcb0fddc42,,2025-10-18,Djorden Santos,99,Middleweight Bout,exact_pair,1.0
ufc-fight-night-3822,UFC Fight Night,2025-10-18,https://www.bestfightodds.com/events/ufc-fight-night-3822,39626,Jasmine Jasudavicius,Manon Fiorot,/fighters/jasmine-jasudavicius-9869,/fighters/manon-fiorot-8225,"('jasmine jasudavicius', 'manon fiorot')",cced01ca0a596db6a3ba,38e5d9dcb0fddc42,,2025-10-18,Manon Fiorot,99,Women's Flyweight Bout,exact_pair,1.0
ufc-fight-night-3822,UFC Fight Night,2025-10-18,https://www.bestfightodds.com/events/ufc-fight-night-3822,40177,Azamat Bekoev,Yousri Belgaroui,/fighters/azamat-bekoev-11142,/fighters/yousri-belgaroui-13350,"('azamat bekoev', 'yousri belgaroui')",ed1a15dacf05bb4c52b9,38e5d9dcb0fddc42,,2025-10-18,Yousri Belgaroui,99,Middleweight Bout,exact_pair,1.0
ufc-fight-night-3822,UFC Fight Night,2025-10-18,https://www.bestfightodds.com/events/ufc-fight-night-3822,40122,Ravena Oliveira,Stephanie Luciano,/fighters/ravena-oliveira-16593,/fighters/stephanie-luciano-11737,"('ravena oliveira', 'stephanie luciano')",f1a8118483d7c17a9dd9,38e5d9dcb0fddc42,,2025-10-18,Stephanie Luciano,99,Women's Strawweight Bout,exact_pair,1.0
ufc-321-odds-3780,UFC 321 Odds,2025-10-25,https://www.bestfightodds.com/events/ufc-321-odds-3780,40198,Jaqueline Amorim,Mizuki Inoue,/fighters/jaqueline-amorim-10780,/fighters/mizuki-inoue-4118,"('jaqueline amorim', 'mizuki')",254640215ddecc790d5c,7956f026e2672c47,,2025-10-25,Mizuki,99,Women's Strawweight Bout,exact_pair,1.0
ufc-321-odds-3780,UFC 321 Odds,2025-10-25,https://www.bestfightodds.com/events/ufc-321-odds-3780,40255,Louie Sutherland,Valter Walker,/fighters/louie-sutherland-14257,/fighters/valter-walker-17371,"('louie sutherland', 'valter walker')",3c2fc7965ba5d60231b4,7956f026e2672c47,,2025-10-25,Valter Walker,99,Heavyweight Bout,exact_pair,1.0
ufc-321-odds-3780,UFC 321 Odds,2025-10-25,https://www.bestfightodds.com/events/ufc-321-odds-3780,40209,Jose Delgado,Nathaniel Wood,/fighters/jose-delgado-18000,/fighters/nathaniel-wood-5309,"('jose delgado', 'nathaniel wood')",49d8350cdedfe893c8ba,7956f026e2672c47,,2025-10-25,Nathaniel Wood,99,Featherweight Bout,exact_pair,1.0
ufc-321-odds-3780,UFC 321 Odds,2025-10-25,https://www.bestfightodds.com/events/ufc-321-odds-3780,40184,Mario Bautista,Umar Nurmagomedov,/fighters/mario-bautista-8867,/fighters/umar-nurmagomedov-9365,"('mario bautista', 'umar nurmagomedov')",4dbbe25c2368c29285ff,7956f026e2672c47,,2025-10-25,Umar Nurmagomedov,99,Bantamweight Bout,exact_pair,1.0
ufc-321-odds-3780,UFC 321 Odds,2025-10-25,https://www.bestfightodds.com/events/ufc-321-odds-3780,40196,Aleksandar Rakic,Azamat Murzakanov,/fighters/aleksandar-rakic-7356,/fighters/azamat-murzakanov-7264,"('aleksandar rakic', 'azamat murzakanov')",5531c4ec465361751293,7956f026e2672c47,,2025-10-25,Azamat Murzakanov,99,Light Heavyweight Bout,exact_pair,1.0
ufc-321-odds-3780,UFC 321 Odds,2025-10-25,https://www.bestfightodds.com/events/ufc-321-odds-3780,40207,Azat Maksum,Mitch Raposo,/fighters/azat-maksum-10897,/fighters/mitch-raposo-10778,"('azat maksum', 'mitch raposo')",58107a1278f3854b13ff,7956f026e2672c47,,2025-10-25,Mitch Raposo,99,Flyweight Bout,exact_pair,1.0
ufc-321-odds-3780,UFC 321 Odds,2025-10-25,https://www.bestfightodds.com/events/ufc-321-odds-3780,40195,Alexander Volkov,Jailton Almeida,/fighters/alexander-volkov-2439,/fighters/jailton-almeida-12427,"('alexander volkov', 'jailton almeida')",95e19372e6416d9f4f95,7956f026e2672c47,,2025-10-25,Alexander Volkov,99,Heavyweight Bout,exact_pair,1.0
ufc-321-odds-3780,UFC 321 Odds,2025-10-25,https://www.bestfightodds.com/events/ufc-321-odds-3780,40206,Chris Barnett,Hamdy Abdelwahab,/fighters/chris-barnett-3234,/fighters/hamdy-abdelwahab-14137,"('chris barnett', 'hamdy abdelwahab')",9664787c23012fa03c0b,7956f026e2672c47,,2025-10-25,Hamdy Abdelwahab,99,Heavyweight Bout,exact_pair,1.0
ufc-321-odds-3780,UFC 321 Odds,2025-10-25,https://www.bestfightodds.com/events/ufc-321-odds-3780,40185,Mackenzie Dern,Virna Jandiroba,/fighters/mackenzie-dern-6488,/fighters/virna-jandiroba-7726,"('mackenzie dern', 'virna jandiroba')",b99464c3e8b0d099a7b2,7956f026e2672c47,,2025-10-25,Mackenzie Dern,99,UFC Women's Strawweight Title Bout,exact_pair,1.0
ufc-321-odds-3780,UFC 321 Odds,2025-10-25,https://www.bestfightodds.com/events/ufc-321-odds-3780,40197,Ludovit Klein,Mateusz Rebecki,/fighters/ludovit-klein-7610,/fighters/mateusz-rebecki-10102,"('ludovit klein', 'mateusz rebecki')",c95ea768b512546c7236,7956f026e2672c47,,2025-10-25,Ludovit Klein,99,Lightweight Bout,exact_pair,1.0
ufc-321-odds-3780,UFC 321 Odds,2025-10-25,https://www.bestfightodds.com/events/ufc-321-odds-3780,40199,Ikram Aliskerov,Junyong Park,/fighters/ikram-aliskerov-10994,/fighters/junyong-park-20122,"('ikram aliskerov', 'jun yong park')",e239950563a70cb1f6ff,7956f026e2672c47,,2025-10-25,Ikram Aliskerov,99,Middleweight Bout,exact_pair,1.0
ufc-321-odds-3780,UFC 321 Odds,2025-10-25,https://www.bestfightodds.com/events/ufc-321-odds-3780,40290,Nasrat Haqparast,Quillan Salkilld,/fighters/nasrat-haqparast-7622,/fighters/quillan-salkilld-16405,"('nasrat haqparast', 'quillan salkilld')",ef3825c435ccb7715a08,7956f026e2672c47,,2025-10-25,Quillan Salkilld,99,Lightweight Bout,exact_pair,1.0
ufc-vegas-110-3913,UFC Vegas 110,2025-11-01,https://www.bestfightodds.com/events/ufc-vegas-110-3913,40342,Billy Elekana,Kevin Christian,/fighters/billy-elekana-12954,/fighters/kevin-christian-17097,"('billy elekana', 'kevin christian')",2f3f198518d18f3b58c1,0e2c2daf11b5d8f2,,2025-11-01,Billy Elekana,99,Light Heavyweight Bout,exact_pair,1.0
ufc-vegas-110-3913,UFC Vegas 110,2025-11-01,https://www.bestfightodds.com/events/ufc-vegas-110-3913,40336,David Onama,Steve Garcia,/fighters/david-onama-10808,/fighters/steve-garcia-2576,"('david onama', 'steve garcia')",3903453e350290817524,0e2c2daf11b5d8f2,,2025-11-01,Steve Garcia,99,Featherweight Bout,exact_pair,1.0
ufc-vegas-110-3913,UFC Vegas 110,2025-11-01,https://www.bestfightodds.com/events/ufc-vegas-110-3913,40364,Charles Radtke,Daniel Frunza,/fighters/charles-radtke-10622,/fighters/daniel-frunza-12483,"('charles radtke', 'daniel frunza')",4eb3a6d45daf65d64d92,0e2c2daf11b5d8f2,,2025-11-01,Charles Radtke,99,Welterweight Bout,exact_pair,1.0
ufc-vegas-110-3913,UFC Vegas 110,2025-11-01,https://www.bestfightodds.com/events/ufc-vegas-110-3913,40366,Ketlen Vieira,Norma Dumont,/fighters/ketlen-vieira-6585,/fighters/norma-dumont-9825,"('ketlen vieira', 'norma dumont')",566ad966cf6b8d7e5036,0e2c2daf11b5d8f2,,2025-11-01,Norma Dumont,99,Women's Bantamweight Bout,exact_pair,1.0
ufc-vegas-110-3913,UFC Vegas 110,2025-11-01,https://www.bestfightodds.com/events/ufc-vegas-110-3913,40341,Alice Ardelean,Montserrat Ruiz,/fighters/alice-ardelean-15320,/fighters/montserrat-ruiz-8705,"('alice ardelean', 'montserrat ruiz')",6694a16de48f0eff8682,0e2c2daf11b5d8f2,,2025-11-01,Alice Ardelean,99,Women's Strawweight Bout,exact_pair,1.0
ufc-vegas-110-3913,UFC Vegas 110,2025-11-01,https://www.bestfightodds.com/events/ufc-vegas-110-3913,40338,Jeremiah Wells,Themba Gorimbo,/fighters/jeremiah-wells-8059,/fighters/themba-gorimbo-12770,"('jeremiah wells', 'themba gorimbo')",69ec951037b229d33a1b,0e2c2daf11b5d8f2,,2025-11-01,Jeremiah Wells,99,Welterweight Bout,exact_pair,1.0
ufc-vegas-110-3913,UFC Vegas 110,2025-11-01,https://www.bestfightodds.com/events/ufc-vegas-110-3913,40396,Allan Nascimento,Cody Durden,/fighters/allan-nascimento-6373,/fighters/cody-durden-10231,"('allan nascimento', 'cody durden')",70272ea4e9497fbdfedf,0e2c2daf11b5d8f2,,2025-11-01,Allan Nascimento,99,Catch Weight Bout,exact_pair,1.0
ufc-vegas-110-3913,UFC Vegas 110,2025-11-01,https://www.bestfightodds.com/events/ufc-vegas-110-3913,40337,Ante Delija,Waldo Cortes-Acosta,/fighters/ante-delija-8016,/fighters/waldo-cortes-acosta-12830,"('ante delija', 'waldo cortes acosta')",771bf0a885aa97c8992a,0e2c2daf11b5d8f2,,2025-11-01,Waldo Cortes Acosta,99,Heavyweight Bout,exact_pair,1.0
ufc-vegas-110-3913,UFC Vegas 110,2025-11-01,https://www.bestfightodds.com/events/ufc-vegas-110-3913,40343,Isaac Dulgarian,Yadier Del Valle,/fighters/isaac-dulgarian-10816,/fighters/yadier-del-valle-20222,"('isaac dulgarian', 'yadier del valle')",8bdfa64969dd4525ce5e,0e2c2daf11b5d8f2,,2025-11-01,Yadier del Valle,99,Featherweight Bout,exact_pair,1.0
ufc-vegas-110-3913,UFC Vegas 110,2025-11-01,https://www.bestfightodds.com/events/ufc-vegas-110-3913,40380,Ariane Carnelossi,Talita Alencar,/fighters/ariane-carnelossi-9317,/fighters/talita-alencar-11655,"('ariane carnelossi', 'talita alencar')",909869c3de4a4bbbe76e,0e2c2daf11b5d8f2,,2025-11-01,Talita Alencar,99,Women's Strawweight Bout,exact_pair,1.0
ufc-vegas-110-3913,UFC Vegas 110,2025-11-01,https://www.bestfightodds.com/events/ufc-vegas-110-3913,40340,Donte Johnson,Sedriques Dumas,/fighters/donte-johnson-19752,/fighters/sedriques-dumas-12309,"('donte johnson', 'sedriques dumas')",d72fb777489c95af8a5c,0e2c2daf11b5d8f2,,2025-11-01,Donte Johnson,99,Middleweight Bout,exact_pair,1.0
ufc-vegas-110-3913,UFC Vegas 110,2025-11-01,https://www.bestfightodds.com/events/ufc-vegas-110-3913,40379,Chang Ho Lee,Timmy Cuamba,/fighters/chang-ho-lee-13734,/fighters/timmy-cuamba-20244,"('chang ho lee', 'timmy cuamba')",e9f7f93549269f3496b0,0e2c2daf11b5d8f2,,2025-11-01,Timmy Cuamba,99,Bantamweight Bout,fuzzy_pair,0.9782608695652174
ufc-vegas-110-3913,UFC Vegas 110,2025-11-01,https://www.bestfightodds.com/events/ufc-vegas-110-3913,40363,Phil Rowe,Seokhyeon Ko,/fighters/phil-rowe-9898,/fighters/seokhyeon-ko-19541,"('phil rowe', 'seokhyeon ko')",f0f8e543604c54f9c2c0,0e2c2daf11b5d8f2,,2025-11-01,Seokhyeon Ko,99,Welterweight Bout,exact_pair,1.0
ufc-vegas-111-3918,UFC Vegas 111,2025-11-08,https://www.bestfightodds.com/events/ufc-vegas-111-3918,40394,Jacqueline Cavalcanti,Mayra Bueno Silva,/fighters/jacqueline-cavalcanti-13407,/fighters/mayra-bueno-silva-9839,"('jacqueline cavalcanti', 'mayra bueno silva')",192ec4a10d5d6ecbccfa,6436029b50a9c255,,2025-11-08,Jacqueline Cavalcanti,99,Women's Bantamweight Bout,exact_pair,1.0
ufc-vegas-111-3918,UFC Vegas 111,2025-11-08,https://www.bestfightodds.com/events/ufc-vegas-111-3918,40387,Raoni Barcelos,Ricky Simon,/fighters/raoni-barcelos-4521,/fighters/ricky-simon-5780,"('raoni barcelos', 'ricky simon')",437fdf06fff012acc978,6436029b50a9c255,,2025-11-08,Raoni Barcelos,99,Bantamweight Bout,exact_pair,1.0
ufc-vegas-111-3918,UFC Vegas 111,2025-11-08,https://www.bestfightodds.com/events/ufc-vegas-111-3918,40391,Josh Hokit,Max Gimenis,/fighters/josh-hokit-16591,/fighters/max-gimenis-14483,"('josh hokit', 'max gimenis')",57a0b3fed33671ede13c,6436029b50a9c255,,2025-11-08,Josh Hokit,99,Heavyweight Bout,exact_pair,1.0
ufc-vegas-111-3918,UFC Vegas 111,2025-11-08,https://www.bestfightodds.com/events/ufc-vegas-111-3918,40389,Hyder Amil,Jamall Emmers,/fighters/hyder-amil-8178,/fighters/jamall-emmers-6475,"('hyder amil', 'jamall emmers')",6fcf7562090471e00678,6436029b50a9c255,,2025-11-08,Jamall Emmers,99,Featherweight Bout,exact_pair,1.0
ufc-vegas-111-3918,UFC Vegas 111,2025-11-08,https://www.bestfightodds.com/events/ufc-vegas-111-3918,40591,Jackson McVey,Zachary Reese,/fighters/jackson-mcvey-15053,/fighters/zachary-reese-14747,"('jackson mcvey', 'zachary reese')",78bc75e8977d4077f63d,6436029b50a9c255,,2025-11-08,Zach Reese,99,Catch Weight Bout,fuzzy_pair,0.9347826086956521
ufc-vegas-111-3918,UFC Vegas 111,2025-11-08,https://www.bestfightodds.com/events/ufc-vegas-111-3918,40385,Denise Gomes,Tecia Pennington,/fighters/denise-gomes-13433,/fighters/tecia-pennington-17554,"('denise gomes', 'tecia pennington')",a48acbb29743f6916fe0,6436029b50a9c255,,2025-11-08,Denise Gomes,99,Women's Strawweight Bout,exact_pair,1.0
ufc-vegas-111-3918,UFC Vegas 111,2025-11-08,https://www.bestfightodds.com/events/ufc-vegas-111-3918,40488,Daniel Marcos,Miles Johns,/fighters/daniel-marcos-14365,/fighters/miles-johns-5373,"('daniel marcos', 'miles johns')",f53bb3f3a7eb70f44c21,6436029b50a9c255,,2025-11-08,Daniel Marcos,99,Bantamweight Bout,exact_pair,1.0
ufc-322-3830,UFC 322,2025-11-16,https://www.bestfightodds.com/events/ufc-322-3830,39263,Islam Makhachev,Jack Della Maddalena,/fighters/islam-makhachev-5541,/fighters/jack-della-maddalena-7492,"('islam makhachev', 'jack della maddalena')",0e9ecb7ee9573f72c61e,8db1b36dde268ef6,,2025-11-15,Islam Makhachev,99,UFC Welterweight Title Bout,exact_pair,1.0
ufc-322-3830,UFC 322,2025-11-16,https://www.bestfightodds.com/events/ufc-322-3830,39248,Valentina Shevchenko,Zhang Weili,/fighters/valentina-shevchenko-5475,/fighters/zhang-weili-9795,"('valentina shevchenko', 'zhang weili')",1656de24d5ead75f632a,8db1b36dde268ef6,,2025-11-15,Valentina Shevchenko,99,UFC Women's Flyweight Title Bout,exact_pair,1.0
ufc-322-3830,UFC 322,2025-11-16,https://www.bestfightodds.com/events/ufc-322-3830,40456,Bo Nickal,Rodolfo Vieira,/fighters/bo-nickal-14211,/fighters/rodolfo-vieira-9318,"('bo nickal', 'rodolfo vieira')",1a3d2f163ac582aed692,8db1b36dde268ef6,,2025-11-15,Bo Nickal,99,Middleweight Bout,exact_pair,1.0
ufc-322-3830,UFC 322,2025-11-16,https://www.bestfightodds.com/events/ufc-322-3830,39634,Carlos Prates,Leon Edwards,/fighters/carlos-prates-14705,/fighters/leon-edwards-4608,"('carlos prates', 'leon edwards')",67484512b650b5f46460,8db1b36dde268ef6,,2025-11-15,Carlos Prates,99,Welterweight Bout,exact_pair,1.0
ufc-322-3830,UFC 322,2025-11-16,https://www.bestfightodds.com/events/ufc-322-3830,40458,Gregory Rodrigues,Roman Kopylov,/fighters/gregory-rodrigues-6917,/fighters/roman-kopylov-7343,"('gregory rodrigues', 'roman kopylov')",6b05be6638f528f9c4a6,8db1b36dde268ef6,,2025-11-15,Gregory Rodrigues,99,Middleweight Bout,exact_pair,1.0
ufc-322-3924,UFC 322,2025-11-15,https://www.bestfightodds.com/events/ufc-322-3924,40596,Matheus Camilo,Viacheslav Borshchev,/fighters/matheus-camilo-13029,/fighters/viacheslav-borshchev-12730,"('matheus camilo', 'viacheslav borshchev')",6c4e66b8dace1ab2fcc0,8db1b36dde268ef6,,2025-11-15,Matheus Camilo,99,Lightweight Bout,exact_pair,1.0
ufc-322-3830,UFC 322,2025-11-16,https://www.bestfightodds.com/events/ufc-322-3830,40691,Ethyn Ewing,Malcolm Wellmaker,/fighters/ethyn-ewing-10427,/fighters/malcolm-wellmaker-18273,"('ethyn ewing', 'malcolm wellmaker')",6de04f4822db271854e7,8db1b36dde268ef6,,2025-11-15,Ethyn Ewing,99,Featherweight Bout,exact_pair,1.0
ufc-322-3924,UFC 322,2025-11-15,https://www.bestfightodds.com/events/ufc-322-3924,40595,Baisangur Susurkaev,Eric McConico,/fighters/baisangur-susurkaev-20386,/fighters/eric-mcconico-15806,"('baisangur susurkaev', 'eric mcconico')",6ef9dc734a4064d132e2,8db1b36dde268ef6,,2025-11-15,Baisangur Susurkaev,99,Middleweight Bout,exact_pair,1.0
ufc-322-3830,UFC 322,2025-11-16,https://www.bestfightodds.com/events/ufc-322-3830,40455,Michael Morales,Sean Brady,/fighters/michael-morales-12495,/fighters/sean-brady-8521,"('michael morales', 'sean brady')",981585b7e4859a887c97,8db1b36dde268ef6,,2025-11-15,Michael Morales,99,Welterweight Bout,exact_pair,1.0
ufc-322-3830,UFC 322,2025-11-16,https://www.bestfightodds.com/events/ufc-322-3830,40454,Angela Hill,Fatima Kline,/fighters/angela-hill-5348,/fighters/fatima-kline-11138,"('angela hill', 'fatima kline')",b634dc87acc39829388f,8db1b36dde268ef6,,2025-11-15,Fatima Kline,99,Women's Strawweight Bout,exact_pair,1.0
ufc-322-3830,UFC 322,2025-11-16,https://www.bestfightodds.com/events/ufc-322-3830,40457,Beneil Dariush,Benoit Saint-Denis,/fighters/beneil-dariush-4633,/fighters/benoit-saint-denis-10992,"('beneil dariush', 'benoit saint denis')",b73473baa83629a1c5cf,8db1b36dde268ef6,,2025-11-15,Benoit Saint Denis,99,Lightweight Bout,exact_pair,1.0
ufc-322-3830,UFC 322,2025-11-16,https://www.bestfightodds.com/events/ufc-322-3830,40453,Erin Blanchfield,Tracy Cortez,/fighters/erin-blanchfield-8336,/fighters/tracy-cortez-7427,"('erin blanchfield', 'tracy cortez')",cbea25a560af45481fd6,8db1b36dde268ef6,,2025-11-15,Erin Blanchfield,99,Women's Flyweight Bout,exact_pair,1.0
ufc-322-3830,UFC 322,2025-11-16,https://www.bestfightodds.com/events/ufc-322-3830,40459,Gerald Meerschaert,Kyle Daukaus,/fighters/gerald-meerschaert-3628,/fighters/kyle-daukaus-8840,"('gerald meerschaert', 'kyle daukaus')",d8eebf82098e44ba1c56,8db1b36dde268ef6,,2025-11-15,Kyle Daukaus,99,Middleweight Bout,exact_pair,1.0
ufc-322-3830,UFC 322,2025-11-16,https://www.bestfightodds.com/events/ufc-322-3830,40460,Chepe Mariscal,Pat Sabbatini,/fighters/chepe-mariscal-16150,/fighters/pat-sabbatini-20279,"('chepe mariscal', 'pat sabbatini')",de9bd404375d7bc1743e,8db1b36dde268ef6,,2025-11-15,Pat Sabatini,99,Featherweight Bout,fuzzy_pair,0.98
ufc-qatar-3941,UFC Qatar,2025-11-22,https://www.bestfightodds.com/events/ufc-qatar-3941,40611,Nicolas Dalby,Saygid Izagakhmaev,/fighters/nicolas-dalby-3878,/fighters/saygid-izagakhmaev-8267,"('nicolas dalby', 'saygid izagakhmaev')",026cab6f18539ae36501,92c96df8bdab5fea,,2025-11-22,Nicolas Dalby,99,Welterweight Bout,exact_pair,1.0
ufc-qatar-3941,UFC Qatar,2025-11-22,https://www.bestfightodds.com/events/ufc-qatar-3941,40613,Bogdan Grad,Luke Riley,/fighters/bogdan-grad-16302,/fighters/luke-riley-12585,"('bogdan grad', 'luke riley')",23783a698eba749b1dc7,92c96df8bdab5fea,,2025-11-22,Luke Riley,99,Featherweight Bout,exact_pair,1.0
ufc-qatar-3941,UFC Qatar,2025-11-22,https://www.bestfightodds.com/events/ufc-qatar-3941,40797,Shamil Gaziev,Waldo Cortes-Acosta,/fighters/shamil-gaziev-12522,/fighters/waldo-cortes-acosta-12830,"('shamil gaziev', 'waldo cortes acosta')",2e4fbe4483c1f5aae69b,92c96df8bdab5fea,,2025-11-22,Waldo Cortes Acosta,99,Heavyweight Bout,exact_pair,1.0
ufc-qatar-3941,UFC Qatar,2025-11-22,https://www.bestfightodds.com/events/ufc-qatar-3941,40610,Kyoji Horiguchi,Tagir Ulanbekov,/fighters/kyoji-horiguchi-4642,/fighters/tagir-ulanbekov-7598,"('kyoji horiguchi', 'tagir ulanbekov')",2f03a7cef79dc5f3431a,92c96df8bdab5fea,,2025-11-22,Kyoji Horiguchi,99,Flyweight Bout,exact_pair,1.0
ufc-qatar-3941,UFC Qatar,2025-11-22,https://www.bestfightodds.com/events/ufc-qatar-3941,40609,Alex Perez,Asu Almabayev,/fighters/alex-perez-2459,/fighters/asu-almabayev-16167,"('alex perez', 'asu almabayev')",436e36140b8d592794d1,92c96df8bdab5fea,,2025-11-22,Asu Almabayev,99,Flyweight Bout,exact_pair,1.0
ufc-qatar-3941,UFC Qatar,2025-11-22,https://www.bestfightodds.com/events/ufc-qatar-3941,40614,Abdulrakhman Yakhyaev,Rafael Cerqueira,/fighters/abdulrakhman-yakhyaev-17988,/fighters/rafael-cerqueira-20388,"('abdulrakhman yakhyaev', 'rafael cerqueira')",56442f1d17401e7b55c5,92c96df8bdab5fea,,2025-11-22,Abdul Rakhman Yakhyaev,99,Light Heavyweight Bout,fuzzy_pair,0.9883720930232558
ufc-qatar-3941,UFC Qatar,2025-11-22,https://www.bestfightodds.com/events/ufc-qatar-3941,40616,Ismail Naurdiev,Ryan Loder,/fighters/ismail-naurdiev-7558,/fighters/ryan-loder-15079,"('ismail naurdiev', 'ryan loder')",66d951062cd0225eb4c4,92c96df8bdab5fea,,2025-11-22,Ismail Naurdiev,99,Middleweight Bout,exact_pair,1.0
ufc-qatar-3941,UFC Qatar,2025-11-22,https://www.bestfightodds.com/events/ufc-qatar-3941,40088,Belal Muhammad,Ian Machado Garry,/fighters/belal-muhammad-3777,/fighters/ian-machado-garry-15690,"('belal muhammad', 'ian machado garry')",7470734bc505e93c098c,92c96df8bdab5fea,,2025-11-22,Ian Machado Garry,99,Welterweight Bout,exact_pair,1.0
ufc-qatar-3941,UFC Qatar,2025-11-22,https://www.bestfightodds.com/events/ufc-qatar-3941,40607,Alonzo Menifield,Volkan Oezdemir,/fighters/alonzo-menifield-5961,/fighters/volkan-oezdemir-4473,"('alonzo menifield', 'volkan oezdemir')",9194093d2070f3f7613e,92c96df8bdab5fea,,2025-11-22,Volkan Oezdemir,99,Light Heavyweight Bout,exact_pair,1.0
ufc-qatar-3941,UFC Qatar,2025-11-22,https://www.bestfightodds.com/events/ufc-qatar-3941,40087,Arman Tsarukyan,Dan Hooker,/fighters/arman-tsarukyan-9034,/fighters/dan-hooker-6767,"('arman tsarukyan', 'dan hooker')",954975788454f9f2f253,92c96df8bdab5fea,,2025-11-22,Arman Tsarukyan,99,Lightweight Bout,exact_pair,1.0
ufc-qatar-3941,UFC Qatar,2025-11-22,https://www.bestfightodds.com/events/ufc-qatar-3941,40615,Aleksandre Topuria,Bekzat Almakhan,/fighters/aleksandre-topuria-19097,/fighters/bekzat-almakhan-15004,"('aleksandre topuria', 'bekzat almakhan')",a37d2754e76faa42b6a1,92c96df8bdab5fea,,2025-11-22,Aleksandre Topuria,99,Bantamweight Bout,exact_pair,1.0
ufc-qatar-3941,UFC Qatar,2025-11-22,https://www.bestfightodds.com/events/ufc-qatar-3941,40700,Denzel Freeman,Marek Bujlo,/fighters/denzel-freeman-10519,/fighters/marek-bujlo-20428,"('denzel freeman', 'marek bujlo')",a793f609b6875d2b74ac,92c96df8bdab5fea,,2025-11-22,Denzel Freeman,99,Heavyweight Bout,exact_pair,1.0
ufc-qatar-3941,UFC Qatar,2025-11-22,https://www.bestfightodds.com/events/ufc-qatar-3941,40617,Nurullo Aliev,Shem Rock,/fighters/nurullo-aliev-11078,/fighters/shem-rock-15665,"('nurullo aliev', 'shem rock')",aefc05453666e5b6965d,92c96df8bdab5fea,,2025-11-22,Nurullo Aliev,99,Lightweight Bout,exact_pair,1.0
ufc-qatar-3941,UFC Qatar,2025-11-22,https://www.bestfightodds.com/events/ufc-qatar-3941,40608,Jack Hermansson,Myktybek Orolbai,/fighters/jack-hermansson-2474,/fighters/myktybek-orolbai-16276,"('jack hermansson', 'myktybek orolbai')",be8b50a89af7ade08acc,92c96df8bdab5fea,,2025-11-22,Myktybek Orolbai,99,Welterweight Bout,exact_pair,1.0
ufc-3895,UFC,2025-12-07,https://www.bestfightodds.com/events/ufc-3895,40725,Karine Silva,Maycee Barber,/fighters/karine-silva-7814,/fighters/maycee-barber-7240,"('karine silva', 'maycee barber')",0d1aa76fb7afc0147b3b,bd92cf5da5413d2a,,2025-12-06,Maycee Barber,99,Women's Flyweight Bout,exact_pair,1.0
ufc-3895,UFC,2025-12-07,https://www.bestfightodds.com/events/ufc-3895,40721,Henry Cejudo,Payton Talbott,/fighters/henry-cejudo-4438,/fighters/payton-talbott-15422,"('henry cejudo', 'payton talbott')",1c54c68ef70d2696351e,bd92cf5da5413d2a,,2025-12-06,Payton Talbott,99,Bantamweight Bout,exact_pair,1.0
ufc-3895,UFC,2025-12-07,https://www.bestfightodds.com/events/ufc-3895,40724,Chris Duncan,Terrance McKinney,/fighters/chris-duncan-8861,/fighters/terrance-mckinney-9286,"('chris duncan', 'terrance mckinney')",1ee7a11e8e01e0398e4a,bd92cf5da5413d2a,,2025-12-06,Chris Duncan,99,Lightweight Bout,exact_pair,1.0
ufc-3895,UFC,2025-12-07,https://www.bestfightodds.com/events/ufc-3895,40796,Brunno Ferreira,Marvin Vettori,/fighters/brunno-ferreira-14404,/fighters/marvin-vettori-6541,"('brunno ferreira', 'marvin vettori')",41cfa33688d05b19041f,bd92cf5da5413d2a,,2025-12-06,Brunno Ferreira,99,Middleweight Bout,exact_pair,1.0
ufc-3895,UFC,2025-12-07,https://www.bestfightodds.com/events/ufc-3895,40211,Merab Dvalishvili,Petr Yan,/fighters/merab-dvalishvili-6415,/fighters/petr-yan-7578,"('merab dvalishvili', 'petr yan')",59a39ccc07bfeba78976,bd92cf5da5413d2a,,2025-12-06,Petr Yan,99,UFC Bantamweight Title Bout,exact_pair,1.0
ufc-3895,UFC,2025-12-07,https://www.bestfightodds.com/events/ufc-3895,40728,Ibo Aslan,Iwo Baraniewski,/fighters/ibo-aslan-16319,/fighters/iwo-baraniewski-19868,"('ibo aslan', 'iwo baraniewski')",5f22b4a0c4a32c15d3f2,bd92cf5da5413d2a,,2025-12-06,Iwo Baraniewski,99,Light Heavyweight Bout,exact_pair,1.0
ufc-3895,UFC,2025-12-07,https://www.bestfightodds.com/events/ufc-3895,40726,Fares Ziam,Nazim Sadykhov,/fighters/fares-ziam-9451,/fighters/nazim-sadykhov-9868,"('fares ziam', 'nazim sadykhov')",651bc3c143f0216a9cc1,bd92cf5da5413d2a,,2025-12-06,Fares Ziam,99,Lightweight Bout,exact_pair,1.0
ufc-3895,UFC,2025-12-07,https://www.bestfightodds.com/events/ufc-3895,40722,Grant Dawson,Manuel Torres,/fighters/grant-dawson-5841,/fighters/manuel-torres-11468,"('grant dawson', 'manuel torres')",65b8c6c34e7e8af50a7a,bd92cf5da5413d2a,,2025-12-06,Manuel Torres,99,Lightweight Bout,exact_pair,1.0
ufc-323-3951,UFC 323,2025-12-06,https://www.bestfightodds.com/events/ufc-323-3951,40844,Antonio Trocoli,Mansur Abdul-Malik,/fighters/antonio-trocoli-6081,/fighters/mansur-abdul-malik-12720,"('antonio trocoli', 'mansur abdul malik')",78c88c3b2031e0671a19,bd92cf5da5413d2a,,2025-12-06,Mansur Abdul-Malik,99,Middleweight Bout,exact_pair,1.0
ufc-3895,UFC,2025-12-07,https://www.bestfightodds.com/events/ufc-3895,40727,Edson Barboza,Jalin Turner,/fighters/edson-barboza-2099,/fighters/jalin-turner-6854,"('edson barboza', 'jalin turner')",8369bfd40067fab4be9d,bd92cf5da5413d2a,,2025-12-06,Jalin Turner,99,Lightweight Bout,exact_pair,1.0
ufc-323-3951,UFC 323,2025-12-06,https://www.bestfightodds.com/events/ufc-323-3951,40729,Mairon Santos,Muhammad Naimov,/fighters/mairon-santos-13140,/fighters/muhammad-naimov-10630,"('mairon santos', 'muhammad naimov')",8a9cc0e65fe2157f74b1,bd92cf5da5413d2a,,2025-12-06,Mairon Santos,99,Featherweight Bout,exact_pair,1.0
ufc-3895,UFC,2025-12-07,https://www.bestfightodds.com/events/ufc-3895,40723,Brandon Moreno,Tatsuro Taira,/fighters/brandon-moreno-6681,/fighters/tatsuro-taira-13311,"('brandon moreno', 'tatsuro taira')",c42c3d89915bc30b9db4,bd92cf5da5413d2a,,2025-12-06,Tatsuro Taira,99,Flyweight Bout,exact_pair,1.0
ufc-3895,UFC,2025-12-07,https://www.bestfightodds.com/events/ufc-3895,39266,Alexandre Pantoja,Joshua van,/fighters/alexandre-pantoja-5118,/fighters/joshua-van-14745,"('alexandre pantoja', 'joshua van')",df7c52f94f2602cce6d3,bd92cf5da5413d2a,,2025-12-06,Joshua Van,99,UFC Flyweight Title Bout,exact_pair,1.0
ufc-vegas-112-3987,UFC Vegas 112,2025-12-14,https://www.bestfightodds.com/events/ufc-vegas-112-3987,41045,Brandon Royval,Manel Kape,/fighters/brandon-royval-7031,/fighters/manel-kape-7510,"('brandon royval', 'manel kape')",03b58729ff326d886d48,bc0f994de0521926,,2025-12-13,Manel Kape,99,Flyweight Bout,exact_pair,1.0
ufc-vegas-112-3987,UFC Vegas 112,2025-12-14,https://www.bestfightodds.com/events/ufc-vegas-112-3987,41056,Neil Magny,Yaroslav Amosov,/fighters/neil-magny-3807,/fighters/yaroslav-amosov-8304,"('neil magny', 'yaroslav amosov')",07c518152e273bfaa067,bc0f994de0521926,,2025-12-13,Yaroslav Amosov,99,Welterweight Bout,exact_pair,1.0
ufc-vegas-112-3987,UFC Vegas 112,2025-12-14,https://www.bestfightodds.com/events/ufc-vegas-112-3987,41050,Allen Frye,Guilherme Pat,/fighters/allen-frye-20651,/fighters/guilherme-pat-18297,"('allen frye', 'guilherme pat')",0e3223dd21640ca34b2d,bc0f994de0521926,,2025-12-13,Guilherme Pat,99,Heavyweight Bout,fuzzy_pair,0.9347826086956521
ufc-vegas-112-3987,UFC Vegas 112,2025-12-14,https://www.bestfightodds.com/events/ufc-vegas-112-3987,41099,Isaac Thomson,Joanderson Brito,/fighters/isaac-thomson-12930,/fighters/joanderson-brito-9135,"('isaac thomson', 'joanderson brito')",12e864fe3e892fe95bb2,bc0f994de0521926,,2025-12-13,Joanderson Brito,99,Featherweight Bout,exact_pair,1.0
ufc-vegas-112-3987,UFC Vegas 112,2025-12-14,https://www.bestfightodds.com/events/ufc-vegas-112-3987,41051,Jamey-Lyn Horth,Tereza Bleda,/fighters/jamey-lyn-horth-15531,/fighters/tereza-bleda-10088,"('jamey lyn horth', 'tereza bleda')",35cb35924240944ea56e,bc0f994de0521926,,2025-12-13,Jamey-Lyn Horth,99,Women's Flyweight Bout,exact_pair,1.0
ufc-vegas-112-3987,UFC Vegas 112,2025-12-14,https://www.bestfightodds.com/events/ufc-vegas-112-3987,41049,Luana Santos,Melissa Croden,/fighters/luana-santos-14049,/fighters/melissa-croden-10633,"('luana santos', 'melissa croden')",a047dc1d76d5c2c8ec56,bc0f994de0521926,,2025-12-13,Luana Santos,99,Women's Bantamweight Bout,exact_pair,1.0
ufc-vegas-112-3987,UFC Vegas 112,2025-12-14,https://www.bestfightodds.com/events/ufc-vegas-112-3987,41048,Melquizael Costa,Morgan Charriere,/fighters/melquizael-costa-13774,/fighters/morgan-charriere-8980,"('melquizael costa', 'morgan charriere')",a1006feff1e565d28723,bc0f994de0521926,,2025-12-13,Melquizael Costa,99,Featherweight Bout,exact_pair,1.0
ufc-vegas-112-3987,UFC Vegas 112,2025-12-14,https://www.bestfightodds.com/events/ufc-vegas-112-3987,41046,Giga Chikadze,Kevin Vallejos,/fighters/giga-chikadze-6073,/fighters/kevin-vallejos-16459,"('giga chikadze', 'kevin vallejos')",a20d2a5b6eecc942a8b9,bc0f994de0521926,,2025-12-13,Kevin Vallejos,99,Featherweight Bout,exact_pair,1.0
ufc-vegas-112-3987,UFC Vegas 112,2025-12-14,https://www.bestfightodds.com/events/ufc-vegas-112-3987,41052,Sean Sharaf,Steven Asplund,/fighters/sean-sharaf-18607,/fighters/steven-asplund-17029,"('sean sharaf', 'steven asplund')",f239d1c7f2c86e2c5327,bc0f994de0521926,,2025-12-13,Steven Asplund,99,Heavyweight Bout,exact_pair,1.0
ufc-vegas-112-3987,UFC Vegas 112,2025-12-14,https://www.bestfightodds.com/events/ufc-vegas-112-3987,41047,Cesar Almeida,Cezary Oleksiejczuk,/fighters/cesar-almeida-16304,/fighters/cezary-oleksiejczuk-10669,"('cesar almeida', 'cezary oleksiejczuk')",fe35749988676fba0d96,bc0f994de0521926,,2025-12-13,Cezary Oleksiejczuk,99,Middleweight Bout,exact_pair,1.0
ufc-324-3973,UFC 324,2026-01-24,https://www.bestfightodds.com/events/ufc-324-3973,41238,Adam Fugitt,Ty Miller,/fighters/adam-fugitt-8646,/fighters/ty-miller-13657,"('adam fugitt', 'ty miller')",059cead28f0c8d15ef8b,00e11b5c8b7bfeeb,,2026-01-24,Ty Miller,99,Welterweight Bout,exact_pair,1.0
ufc-3970,UFC,2026-01-25,https://www.bestfightodds.com/events/ufc-3970,40911,Derrick Lewis,Waldo Cortes-Acosta,/fighters/derrick-lewis-2610,/fighters/waldo-cortes-acosta-12830,"('derrick lewis', 'waldo cortes acosta')",0feea6e9d18c3742693b,00e11b5c8b7bfeeb,,2026-01-24,Waldo Cortes Acosta,99,Heavyweight Bout,exact_pair,1.0
ufc-3970,UFC,2026-01-25,https://www.bestfightodds.com/events/ufc-3970,41203,Andrey Pulyaev,Ateba Gautier,/fighters/andrey-pulyaev-18270,/fighters/ateba-gautier-18421,"('andrey pulyaev', 'ateba gautier')",2c579a5be30d28eef213,00e11b5c8b7bfeeb,,2026-01-24,Ateba Gautier,99,Middleweight Bout,exact_pair,1.0
ufc-3970,UFC,2026-01-25,https://www.bestfightodds.com/events/ufc-3970,40897,Justin Gaethje,Paddy Pimblett,/fighters/justin-gaethje-3964,/fighters/paddy-pimblett-4242,"('justin gaethje', 'paddy pimblett')",33d48e5aaa5a07f3e49d,00e11b5c8b7bfeeb,,2026-01-24,Justin Gaethje,99,UFC Interim Lightweight Title Bout,exact_pair,1.0
ufc-3970,UFC,2026-01-25,https://www.bestfightodds.com/events/ufc-3970,41204,Alex Perez,Charles Johson,/fighters/alex-perez-2459,/fighters/charles-johson-20740,"('alex perez', 'charles johson')",67e29f84af034c3c7d32,00e11b5c8b7bfeeb,,2026-01-24,Alex Perez,99,Flyweight Bout,fuzzy_pair,0.9827586206896552
ufc-3970,UFC,2026-01-25,https://www.bestfightodds.com/events/ufc-3970,41201,Modestas Bukauskas,Nikita Krylov,/fighters/modestas-bukauskas-7865,/fighters/nikita-krylov-4188,"('modestas bukauskas', 'nikita krylov')",9587385ac946b13c1b60,00e11b5c8b7bfeeb,,2026-01-24,Nikita Krylov,99,Light Heavyweight Bout,exact_pair,1.0
ufc-324-3973,UFC 324,2026-01-24,https://www.bestfightodds.com/events/ufc-324-3973,41210,Denzel Freeman,Josh Hokit,/fighters/denzel-freeman-10519,/fighters/josh-hokit-16591,"('denzel freeman', 'josh hokit')",9d45afd743f296cd8a7b,00e11b5c8b7bfeeb,,2026-01-24,Josh Hokit,99,Heavyweight Bout,exact_pair,1.0
ufc-3970,UFC,2026-01-25,https://www.bestfightodds.com/events/ufc-3970,41202,Deiveson Figueiredo,Umar Nurmagomedov,/fighters/deiveson-figueiredo-7514,/fighters/umar-nurmagomedov-9365,"('deiveson figueiredo', 'umar nurmagomedov')",ab5a5c37ab6e88ec4f22,00e11b5c8b7bfeeb,,2026-01-24,Umar Nurmagomedov,99,Bantamweight Bout,exact_pair,1.0
ufc-3970,UFC,2026-01-25,https://www.bestfightodds.com/events/ufc-3970,40909,Sean Omalley,Song Yadong,/fighters/sean-omalley-11666,/fighters/song-yadong-9482,"('sean omalley', 'song yadong')",ab611f0dde873f5df74a,00e11b5c8b7bfeeb,,2026-01-24,Sean O'Malley,99,Bantamweight Bout,exact_pair,1.0
ufc-3970,UFC,2026-01-25,https://www.bestfightodds.com/events/ufc-3970,41149,Natalia Silva,Rose Namajunas,/fighters/natalia-silva-10547,/fighters/rose-namajunas-3803,"('natalia silva', 'rose namajunas')",d7668cf4c6a285409db1,00e11b5c8b7bfeeb,,2026-01-24,Natalia Silva,99,Women's Flyweight Bout,exact_pair,1.0
ufc-3970,UFC,2026-01-25,https://www.bestfightodds.com/events/ufc-3970,40910,Arnold Allen,Jean Silva,/fighters/arnold-allen-4218,/fighters/jean-silva-554,"('arnold allen', 'jean silva')",e6e0d967f432a9312239,00e11b5c8b7bfeeb,,2026-01-24,Jean Silva,99,Featherweight Bout,exact_pair,1.0
ufc-3971,UFC,2026-02-01,https://www.bestfightodds.com/events/ufc-3971,41192,Cam Rowston,Cody Brundage,/fighters/cam-rowston-16458,/fighters/cody-brundage-10168,"('cam rowston', 'cody brundage')",5099528c88c989bf2b9e,30ad2050273d016a,,2026-01-31,Cam Rowston,99,Middleweight Bout,exact_pair,1.0
ufc-3971,UFC,2026-02-01,https://www.bestfightodds.com/events/ufc-3971,41147,Benoit Saint Denis,Dan Hooker,/fighters/benoit-saint-denis-20718,/fighters/dan-hooker-6767,"('benoit saint denis', 'dan hooker')",74f0f6a4353bfb08fa8f,30ad2050273d016a,,2026-01-31,Benoit Saint Denis,99,Lightweight Bout,exact_pair,1.0
ufc-3971,UFC,2026-02-01,https://www.bestfightodds.com/events/ufc-3971,41191,Mauricio Ruffy,Rafael Fiziev,/fighters/mauricio-ruffy-16595,/fighters/rafael-fiziev-8258,"('mauricio ruffy', 'rafael fiziev')",80c88a911a80e59d463b,30ad2050273d016a,,2026-01-31,Mauricio Ruffy,99,Lightweight Bout,exact_pair,1.0
ufc-3971,UFC,2026-02-01,https://www.bestfightodds.com/events/ufc-3971,41199,Jacob Malkoun,Torrez Finney,/fighters/jacob-malkoun-10348,/fighters/torrez-finney-16619,"('jacob malkoun', 'torrez finney')",9efe77bfb5f063d34a7a,30ad2050273d016a,,2026-01-31,Jacob Malkoun,99,Middleweight Bout,exact_pair,1.0
ufc-3971,UFC,2026-02-01,https://www.bestfightodds.com/events/ufc-3971,41457,Lawrence Lui,Sulangrangbo,/fighters/lawrence-lui-19456,/fighters/sulangrangbo-19454,"('lawrence lui', 'sulangrangbo')",b580d62df0d0ae707d1e,30ad2050273d016a,,2026-01-31,Lawrence Lui,99,Road to UFC 4 Bantamweight Tournament Title Bout,exact_pair,1.0
ufc-3971,UFC,2026-02-01,https://www.bestfightodds.com/events/ufc-3971,41197,Tai Tuivasa,Tallison Teixeira,/fighters/tai-tuivasa-7444,/fighters/tallison-teixeira-18424,"('tai tuivasa', 'tallison teixeira')",b8a2138eb782d7f7bc41,30ad2050273d016a,,2026-01-31,Tallison Teixeira,99,Heavyweight Bout,exact_pair,1.0
ufc-3971,UFC,2026-02-01,https://www.bestfightodds.com/events/ufc-3971,41196,Kaan Ofli,Yizha,/fighters/kaan-ofli-18252,/fighters/yizha-17111,"('kaan ofli', 'yizha')",b8f000731b4a674dfc37,30ad2050273d016a,,2026-01-31,Kaan Ofli,99,Featherweight Bout,exact_pair,1.0
ufc-3971,UFC,2026-02-01,https://www.bestfightodds.com/events/ufc-3971,41193,Jonathan Micallef,Oban Elliott,/fighters/jonathan-micallef-18608,/fighters/oban-elliott-9107,"('jonathan micallef', 'oban elliott')",d5ed5b775e4c2f98546e,30ad2050273d016a,,2026-01-31,Jonathan Micallef,99,Welterweight Bout,exact_pair,1.0
ufc-3971,UFC,2026-02-01,https://www.bestfightodds.com/events/ufc-3971,41456,Keiichiro Nakamura,Sebastian Szalay,/fighters/keiichiro-nakamura-19441,/fighters/sebastian-szalay-19442,"('keiichiro nakamura', 'sebastian szalay')",ddbb875c62507cc306d8,30ad2050273d016a,,2026-01-31,Keiichiro Nakamura,99,Road to UFC 4 Featherweight Tournament Title Bout,exact_pair,1.0
ufc-3971,UFC,2026-02-01,https://www.bestfightodds.com/events/ufc-3971,40898,Alexander Volkanovski,Diego Lopes,/fighters/alexander-volkanovski-9523,/fighters/diego-lopes-12328,"('alexander volkanovski', 'diego lopes')",de8e3695528e8b907f45,30ad2050273d016a,,2026-01-31,Alexander Volkanovski,99,UFC Featherweight Title Bout,exact_pair,1.0
ufc-3971,UFC,2026-02-01,https://www.bestfightodds.com/events/ufc-3971,41198,Billy Elekana,Junior Tafa,/fighters/billy-elekana-12954,/fighters/junior-tafa-14832,"('billy elekana', 'jr tafa')",f36cbd36094bad32317a,30ad2050273d016a,,2026-01-31,Billy Elekana,99,Light Heavyweight Bout,exact_pair,1.0
ufc-3971,UFC,2026-02-01,https://www.bestfightodds.com/events/ufc-3971,41454,Jamie Mullarkey,Quillan Salkilld,/fighters/jamie-mullarkey-9518,/fighters/quillan-salkilld-16405,"('jamie mullarkey', 'quillan salkilld')",f9b0d73a54ade0f6e0bf,30ad2050273d016a,,2026-01-31,Quillan Salkilld,99,Lightweight Bout,exact_pair,1.0
ufc-vegas-113-4033,UFC Vegas 113,2026-02-08,https://www.bestfightodds.com/events/ufc-vegas-113-4033,41537,Niko Price,Nikolay Veretennikov,/fighters/niko-price-6895,/fighters/nikolay-veretennikov-7722,"('niko price', 'nikolay veretennikov')",1880606d6e6f0c77f50a,c337c3c85b1871e0,,2026-02-07,Nikolay Veretennikov,99,Welterweight Bout,exact_pair,1.0
ufc-vegas-113-4033,UFC Vegas 113,2026-02-08,https://www.bestfightodds.com/events/ufc-vegas-113-4033,41461,Marc-Andre Barriault,Michal Oleksiejczluk,/fighters/marc-andre-barriault-8960,/fighters/michal-oleksiejczluk-20917,"('marc andre barriault', 'michal oleksiejczluk')",1bba08280c383b6f0e63,c337c3c85b1871e0,,2026-02-07,Michal Oleksiejczuk,99,Middleweight Bout,fuzzy_pair,0.9871794871794872
ufc-fight-night-4026,UFC Fight Night,2026-02-07,https://www.bestfightodds.com/events/ufc-fight-night-4026,41466,Klaudia Sygula,Priscila Cachoeira,/fighters/klaudia-sygula-11261,/fighters/priscila-cachoeira-7754,"('klaudia sygula', 'priscila cachoeira')",50fdf06651ea7e0be6b8,c337c3c85b1871e0,,2026-02-07,Klaudia Sygula,99,Women's Bantamweight Bout,exact_pair,1.0
ufc-vegas-113-4033,UFC Vegas 113,2026-02-08,https://www.bestfightodds.com/events/ufc-vegas-113-4033,41462,Farid Basharat,Jean Matsumoto,/fighters/farid-basharat-11791,/fighters/jean-matsumoto-14110,"('farid basharat', 'jean matsumoto')",5104c238333a0882f081,c337c3c85b1871e0,,2026-02-07,Farid Basharat,99,Bantamweight Bout,exact_pair,1.0
ufc-vegas-113-4033,UFC Vegas 113,2026-02-08,https://www.bestfightodds.com/events/ufc-vegas-113-4033,41459,Mario Bautista,Vinicius Oliveira,/fighters/mario-bautista-8867,/fighters/vinicius-oliveira-16540,"('mario bautista', 'vinicius oliveira')",556f04ef8fd65e02c334,c337c3c85b1871e0,,2026-02-07,Mario Bautista,99,Bantamweight Bout,exact_pair,1.0
ufc-vegas-113-4033,UFC Vegas 113,2026-02-08,https://www.bestfightodds.com/events/ufc-vegas-113-4033,41535,Alex Morono,Daniil Donchenko,/fighters/alex-morono-2727,/fighters/daniil-donchenko-19821,"('alex morono', 'daniil donchenko')",5b9c291225f5a0f2dbc3,c337c3c85b1871e0,,2026-02-07,Daniil Donchenko,99,Welterweight Bout,exact_pair,1.0
ufc-fight-night-4026,UFC Fight Night,2026-02-07,https://www.bestfightodds.com/events/ufc-fight-night-4026,41470,Eduarda Moura,Wang Cong,/fighters/eduarda-moura-16318,/fighters/wang-cong-18152,"('eduarda moura', 'wang cong')",5bfd37f69acfedbcee0b,c337c3c85b1871e0,,2026-02-07,Wang Cong,99,Catch Weight Bout,exact_pair,1.0
ufc-fight-night-4026,UFC Fight Night,2026-02-07,https://www.bestfightodds.com/events/ufc-fight-night-4026,41467,Jakub Wiklacz,Muin Gafurov,/fighters/jakub-wiklacz-8485,/fighters/muin-gafurov-5832,"('jakub wiklacz', 'muin gafurov')",6103562276f268c99503,c337c3c85b1871e0,,2026-02-07,Jakub Wiklacz,99,Bantamweight Bout,exact_pair,1.0
ufc-vegas-113-4033,UFC Vegas 113,2026-02-08,https://www.bestfightodds.com/events/ufc-vegas-113-4033,41460,Amir Albazi,Kyoji Horiguchi,/fighters/amir-albazi-7189,/fighters/kyoji-horiguchi-4642,"('amir albazi', 'kyoji horiguchi')",73d6065f2cfb197f70b2,c337c3c85b1871e0,,2026-02-07,Kyoji Horiguchi,99,Flyweight Bout,exact_pair,1.0
ufc-fight-night-4026,UFC Fight Night,2026-02-07,https://www.bestfightodds.com/events/ufc-fight-night-4026,41610,Gianni Vazquez,Javid Basharat,/fighters/gianni-vazquez-13385,/fighters/javid-basharat-10973,"('gianni vazquez', 'javid basharat')",7a5c1327805f232c9bc9,c337c3c85b1871e0,,2026-02-07,Javid Basharat,99,Bantamweight Bout,exact_pair,1.0
ufc-vegas-113-4033,UFC Vegas 113,2026-02-08,https://www.bestfightodds.com/events/ufc-vegas-113-4033,41465,Bruna Brasil,Ketlen Souza,/fighters/bruna-brasil-13778,/fighters/ketlen-souza-13460,"('bruna brasil', 'ketlen souza')",a399404d4263296cec7a,c337c3c85b1871e0,,2026-02-07,Ketlen Souza,99,Women's Strawweight Bout,exact_pair,1.0
ufc-vegas-113-4033,UFC Vegas 113,2026-02-08,https://www.bestfightodds.com/events/ufc-vegas-113-4033,41534,Dustin Jacoby,Julius Walker,/fighters/dustin-jacoby-2939,/fighters/julius-walker-19178,"('dustin jacoby', 'julius walker')",cd824fdd780774549cfe,c337c3c85b1871e0,,2026-02-07,Dustin Jacoby,99,Light Heavyweight Bout,exact_pair,1.0
ufc-vegas-113-4033,UFC Vegas 113,2026-02-08,https://www.bestfightodds.com/events/ufc-vegas-113-4033,41463,Jailton Almeida,Rizvan Kuniev,/fighters/jailton-almeida-12427,/fighters/rizvan-kuniev-12573,"('jailton almeida', 'rizvan kuniev')",fa2e614f09a41da51d93,c337c3c85b1871e0,,2026-02-07,Rizvan Kuniev,99,Heavyweight Bout,exact_pair,1.0
ufc-3996,UFC,2026-02-22,https://www.bestfightodds.com/events/ufc-3996,41620,Dan Ige,Melquizael Costa,/fighters/dan-ige-6448,/fighters/melquizael-costa-13774,"('dan ige', 'melquizael costa')",12e739f7afbad08c6b88,79ab17db3b40831a,,2026-02-21,Melquizael Costa,99,Featherweight Bout,exact_pair,1.0
ufc-houston-4044,UFC Houston,2026-02-21,https://www.bestfightodds.com/events/ufc-houston-4044,41652,Carli Judice,Juliana Miller,/fighters/carli-judice-16539,/fighters/juliana-miller-10428,"('carli judice', 'juliana miller')",31dce0f83d7f1d245747,79ab17db3b40831a,,2026-02-21,Carli Judice,99,Women's Flyweight Bout,exact_pair,1.0
ufc-houston-4044,UFC Houston,2026-02-21,https://www.bestfightodds.com/events/ufc-houston-4044,41629,Jordan Leavitt,Yadier Del Valle,/fighters/jordan-leavitt-10210,/fighters/yadier-del-valle-20222,"('jordan leavitt', 'yadier del valle')",60d93c3cba40cd15ce52,79ab17db3b40831a,,2026-02-21,Jordan Leavitt,99,Featherweight Bout,exact_pair,1.0
ufc-3996,UFC,2026-02-22,https://www.bestfightodds.com/events/ufc-3996,41621,Ante Delija,Serghei Spivac,/fighters/ante-delija-8016,/fighters/serghei-spivac-9985,"('ante delija', 'serghei spivac')",8055f55904fed21e6898,79ab17db3b40831a,,2026-02-21,Serghei Spivac,99,Heavyweight Bout,exact_pair,1.0
ufc-3996,UFC,2026-02-22,https://www.bestfightodds.com/events/ufc-3996,41619,Geoff Neal,Uros Medic,/fighters/geoff-neal-8453,/fighters/uros-medic-10229,"('geoff neal', 'uros medic')",81e8db3ca4ff2c86a789,79ab17db3b40831a,,2026-02-21,Uros Medic,99,Welterweight Bout,exact_pair,1.0
ufc-houston-4044,UFC Houston,2026-02-21,https://www.bestfightodds.com/events/ufc-houston-4044,41627,Joselyne Edwards,Nora Cornolle,/fighters/joselyne-edwards-8664,/fighters/nora-cornolle-14385,"('joselyne edwards', 'nora cornolle')",9ae4b060a51448f91549,79ab17db3b40831a,,2026-02-21,Joselyne Edwards,99,Women's Bantamweight Bout,exact_pair,1.0
ufc-3996,UFC,2026-02-22,https://www.bestfightodds.com/events/ufc-3996,41623,Michel Pereira,Zach Reese,/fighters/michel-pereira-9071,/fighters/zach-reese-16353,"('michel pereira', 'zach reese')",a8a4d025ac890d85eb13,79ab17db3b40831a,,2026-02-21,Michel Pereira,99,Middleweight Bout,exact_pair,1.0
ufc-3996,UFC,2026-02-22,https://www.bestfightodds.com/events/ufc-3996,41625,Alibi Idiris,Ode Osbourne,/fighters/alibi-idiris-19717,/fighters/ode-osbourne-9282,"('alibi idiris', 'ode osbourne')",b3034a5ed0c1b40b26ea,79ab17db3b40831a,,2026-02-21,Alibi Idiris,99,Flyweight Bout,exact_pair,1.0
ufc-3996,UFC,2026-02-22,https://www.bestfightodds.com/events/ufc-3996,41626,Alden Coria,Luis Gurule,/fighters/alden-coria-10859,/fighters/luis-gurule-13855,"('alden coria', 'luis gurule')",c029fe425641f62cb89d,79ab17db3b40831a,,2026-02-21,Alden Coria,99,Flyweight Bout,exact_pair,1.0
ufc-3996,UFC,2026-02-22,https://www.bestfightodds.com/events/ufc-3996,41148,Anthony Hernandez,Sean Strickland,/fighters/anthony-hernandez-6092,/fighters/sean-strickland-4733,"('anthony hernandez', 'sean strickland')",c5f38958b7cf49f39d85,79ab17db3b40831a,,2026-02-21,Sean Strickland,99,Middleweight Bout,exact_pair,1.0
ufc-3996,UFC,2026-02-22,https://www.bestfightodds.com/events/ufc-3996,41767,Jacobe Smith,Josiah Harrell,/fighters/jacobe-smith-14991,/fighters/josiah-harrell-14562,"('jacobe smith', 'josiah harrell')",c847d4b40ad374a9fa43,79ab17db3b40831a,,2026-02-21,Jacobe Smith,99,Welterweight Bout,exact_pair,1.0
ufc-houston-4044,UFC Houston,2026-02-21,https://www.bestfightodds.com/events/ufc-houston-4044,41653,Jean-Paul Lebosnoyani,Phil Rowe,/fighters/jean-paul-lebosnoyani-14163,/fighters/phil-rowe-9898,"('jean paul lebosnoyani', 'phil rowe')",d381b41930d04cb1e012,79ab17db3b40831a,,2026-02-21,Jean-Paul Lebosnoyani,99,Welterweight Bout,exact_pair,1.0
ufc-houston-4044,UFC Houston,2026-02-21,https://www.bestfightodds.com/events/ufc-houston-4044,41628,Punahele Soriano,Ramiz Brahimaj,/fighters/punahele-soriano-7386,/fighters/ramiz-brahimaj-7724,"('punahele soriano', 'ramiz brahimaj')",dda56784acae9b802387,79ab17db3b40831a,,2026-02-21,Punahele Soriano,99,Welterweight Bout,exact_pair,1.0
ufc-mexico-4052,UFC Mexico,2026-03-01,https://www.bestfightodds.com/events/ufc-mexico-4052,41714,Angel Pacheco,Santiago Luna,/fighters/angel-pacheco-13017,/fighters/santiago-luna-19813,"('angel pacheco', 'santiago luna')",088939ff609c0aa58f58,0cfbbfa0ba6d9855,,2026-02-28,Santiago Luna,99,Bantamweight Bout,exact_pair,1.0
ufc-mexico-4053,UFC Mexico,2026-02-28,https://www.bestfightodds.com/events/ufc-mexico-4053,41752,Douglas Silva de Andrade,Javier Reyes,/fighters/douglas-silva-de-andrade-6730,/fighters/javier-reyes-17630,"('douglas silva de andrade', 'javier reyes')",20dd53047bce3bf48575,0cfbbfa0ba6d9855,,2026-02-28,Javier Reyes,99,Featherweight Bout,exact_pair,1.0
ufc-mexico-4053,UFC Mexico,2026-02-28,https://www.bestfightodds.com/events/ufc-mexico-4053,41755,Damian Pinas,Wes Schultz,/fighters/damian-pinas-19989,/fighters/wes-schultz-14304,"('damian pinas', 'wes schultz')",4e289e8f79c7bc32b34a,0cfbbfa0ba6d9855,,2026-02-28,Damian Pinas,99,Middleweight Bout,exact_pair,1.0
ufc-mexico-4053,UFC Mexico,2026-02-28,https://www.bestfightodds.com/events/ufc-mexico-4053,41892,Ernesta Kareckaite,Regina Tarin,/fighters/ernesta-kareckaite-15113,/fighters/regina-tarin-21156,"('ernesta kareckaite', 'regina tarin')",663990411e01ba943f0b,0cfbbfa0ba6d9855,,2026-02-28,Regina Tarin,99,Catch Weight Bout,exact_pair,1.0
ufc-mexico-4052,UFC Mexico,2026-03-01,https://www.bestfightodds.com/events/ufc-mexico-4052,41709,David Martinez,Marlon Vera,/fighters/david-martinez-16826,/fighters/marlon-vera-5317,"('david martinez', 'marlon vera')",774823d5b1903d6723db,0cfbbfa0ba6d9855,,2026-02-28,David Martinez,99,Bantamweight Bout,exact_pair,1.0
ufc-mexico-4052,UFC Mexico,2026-03-01,https://www.bestfightodds.com/events/ufc-mexico-4052,41708,Brandon Moreno,Loneer Kavanagh,/fighters/brandon-moreno-6681,/fighters/loneer-kavanagh-14134,"('brandon moreno', 'loneer kavanagh')",82f5abf813091d620320,0cfbbfa0ba6d9855,,2026-02-28,Lone'er Kavanagh,99,Flyweight Bout,exact_pair,1.0
ufc-mexico-4052,UFC Mexico,2026-03-01,https://www.bestfightodds.com/events/ufc-mexico-4052,41751,Cristian Quinonez,Kris Moutinho,/fighters/cristian-quinonez-14186,/fighters/kris-moutinho-6239,"('cristian quinonez', 'kris moutinho')",a581cb543fec3c28761b,0cfbbfa0ba6d9855,,2026-02-28,Cristian Quinonez,99,Bantamweight Bout,exact_pair,1.0
ufc-mexico-4052,UFC Mexico,2026-03-01,https://www.bestfightodds.com/events/ufc-mexico-4052,41750,Daniel Zellhuber,King Green,/fighters/daniel-zellhuber-9200,/fighters/king-green-19196,"('daniel zellhuber', 'king green')",aa579a5281b93801aed0,0cfbbfa0ba6d9855,,2026-02-28,King Green,99,Lightweight Bout,exact_pair,1.0
ufc-mexico-4052,UFC Mexico,2026-03-01,https://www.bestfightodds.com/events/ufc-mexico-4052,41713,Imanol Rodriguez,Kevin Borjas,/fighters/imanol-rodriguez-18010,/fighters/kevin-borjas-9841,"('imanol rodriguez', 'kevin borjas')",c774e196117b033121a3,0cfbbfa0ba6d9855,,2026-02-28,Imanol Rodriguez,99,Flyweight Bout,exact_pair,1.0
ufc-mexico-4052,UFC Mexico,2026-03-01,https://www.bestfightodds.com/events/ufc-mexico-4052,41711,Edgar Chairez,Felipe Bunes,/fighters/edgar-chairez-9509,/fighters/felipe-bunes-13242,"('edgar chairez', 'felipe bunes')",d12bb6e838e1d8564564,0cfbbfa0ba6d9855,,2026-02-28,Edgar Chairez,99,Flyweight Bout,exact_pair,1.0
ufc-mexico-4052,UFC Mexico,2026-03-01,https://www.bestfightodds.com/events/ufc-mexico-4052,41712,Ailin Perez,Macy Chiasson,/fighters/ailin-perez-13883,/fighters/macy-chiasson-8148,"('ailin perez', 'macy chiasson')",e3e01e5f06556932679b,0cfbbfa0ba6d9855,,2026-02-28,Ailin Perez,99,Women's Bantamweight Bout,exact_pair,1.0
ufc-mexico-4053,UFC Mexico,2026-02-28,https://www.bestfightodds.com/events/ufc-mexico-4053,41754,Erik Silva,Francis Marshall,/fighters/erik-silva-14213,/fighters/francis-marshall-14185,"('erik silva', 'francis marshall')",e6db022a3e5273a04a96,0cfbbfa0ba6d9855,,2026-02-28,Francis Marshall,99,Featherweight Bout,exact_pair,1.0
ufc-326-4065,UFC 326,2026-03-07,https://www.bestfightodds.com/events/ufc-326-4065,41739,Diyar Nurgozhay,Rafael Tobias,/fighters/diyar-nurgozhay-11550,/fighters/rafael-tobias-16116,"('diyar nurgozhay', 'rafael tobias')",0cd1466d1b2d72e710e8,15ec018d144710db,,2026-03-07,Diyar Nurgozhay,99,Light Heavyweight Bout,exact_pair,1.0
ufc-4025,UFC,2026-03-08,https://www.bestfightodds.com/events/ufc-4025,40210,Charles Oliveira,Max Holloway,/fighters/charles-oliveira-1893,/fighters/max-holloway-3090,"('charles oliveira', 'max holloway')",0e78ef30731d9058ca44,15ec018d144710db,,2026-03-07,Charles Oliveira,99,Lightweight Bout,exact_pair,1.0
ufc-4025,UFC,2026-03-08,https://www.bestfightodds.com/events/ufc-4025,41737,Brunno Ferreira,Gregory Rodrigues,/fighters/brunno-ferreira-14404,/fighters/gregory-rodrigues-6917,"('brunno ferreira', 'gregory rodrigues')",3a129bfdf0037ccf6c5f,15ec018d144710db,,2026-03-07,Gregory Rodrigues,99,Middleweight Bout,exact_pair,1.0
ufc-4025,UFC,2026-03-08,https://www.bestfightodds.com/events/ufc-4025,41452,Caio Borralho,Reinier de Ridder,/fighters/caio-borralho-12570,/fighters/reinier-de-ridder-8891,"('caio borralho', 'reinier de ridder')",3c3d9d3adedd6f1b2898,15ec018d144710db,,2026-03-07,Caio Borralho,99,Middleweight Bout,exact_pair,1.0
ufc-4025,UFC,2026-03-08,https://www.bestfightodds.com/events/ufc-4025,41831,Alberto Montes,Ricky Turcios,/fighters/alberto-montes-9381,/fighters/ricky-turcios-4236,"('alberto montes', 'ricky turcios')",41c2faeb90b2244fe349,15ec018d144710db,,2026-03-07,Alberto Montes,99,Featherweight Bout,exact_pair,1.0
ufc-326-4065,UFC 326,2026-03-07,https://www.bestfightodds.com/events/ufc-326-4065,41744,Luke Fernandez,Rodolfo Bellato,/fighters/luke-fernandez-15543,/fighters/rodolfo-bellato-11728,"('luke fernandez', 'rodolfo bellato')",89030a4ed01dcad575e4,15ec018d144710db,,2026-03-07,Rodolfo Bellato,99,Light Heavyweight Bout,exact_pair,1.0
ufc-4025,UFC,2026-03-08,https://www.bestfightodds.com/events/ufc-4025,41740,Cody Durden,Nyamjargal Tumendemberel,/fighters/cody-durden-10231,/fighters/nyamjargal-tumendemberel-15865,"('cody durden', 'nyamjargal tumendemberel')",8bdb4d4381291f360950,15ec018d144710db,,2026-03-07,Nyamjargal Tumendemberel,99,Flyweight Bout,exact_pair,1.0
ufc-4025,UFC,2026-03-08,https://www.bestfightodds.com/events/ufc-4025,41829,Drew Dober,Michael Johnson,/fighters/drew-dober-1576,/fighters/michael-johnson-2219,"('drew dober', 'michael johnson')",9b4a39390c4c9dd1bfa3,15ec018d144710db,,2026-03-07,Drew Dober,99,Lightweight Bout,exact_pair,1.0
ufc-4025,UFC,2026-03-08,https://www.bestfightodds.com/events/ufc-4025,41736,Raul Rosas Jr,Rob Font,/fighters/raul-rosas-jr-14405,/fighters/rob-font-4984,"('raul rosas jr', 'rob font')",d8fa42e4f2d71362230a,15ec018d144710db,,2026-03-07,Raul Rosas Jr.,99,Bantamweight Bout,exact_pair,1.0
ufc-4025,UFC,2026-03-08,https://www.bestfightodds.com/events/ufc-4025,41830,Cody Brundage,Donte Johnson,/fighters/cody-brundage-10168,/fighters/donte-johnson-19752,"('cody brundage', 'donte johnson')",ec4085f446c03037e22f,15ec018d144710db,,2026-03-07,Donte Johnson,99,Middleweight Bout,exact_pair,1.0
ufc-vegas-114-4080,UFC Vegas 114,2026-03-14,https://www.bestfightodds.com/events/ufc-vegas-114-4080,41981,Hecher Sosa,Luan Lacerda,/fighters/hecher-sosa-16785,/fighters/luan-lacerda-15676,"('hecher sosa', 'luan lacerda')",0247b14963655bbf4fc9,babc6b5745335f18,,2026-03-14,Hecher Sosa,99,Bantamweight Bout,exact_pair,1.0
ufc-vegas-114-4080,UFC Vegas 114,2026-03-14,https://www.bestfightodds.com/events/ufc-vegas-114-4080,41975,Harry Hardwick,Marwan Rahiki,/fighters/harry-hardwick-9616,/fighters/marwan-rahiki-20124,"('harry hardwick', 'marwan rahiki')",074e3df5c668178a8f24,babc6b5745335f18,,2026-03-14,Marwan Rahiki,99,Featherweight Bout,exact_pair,1.0
ufc-vegas-114-4080,UFC Vegas 114,2026-03-14,https://www.bestfightodds.com/events/ufc-vegas-114-4080,41973,Ion Cutelaba,Oumar Sy,/fighters/ion-cutelaba-4315,/fighters/oumar-sy-12679,"('ion cutelaba', 'oumar sy')",3e6c7adfd7001d41de63,babc6b5745335f18,,2026-03-14,Ion Cutelaba,99,Light Heavyweight Bout,exact_pair,1.0
ufc-vegas-114-4080,UFC Vegas 114,2026-03-14,https://www.bestfightodds.com/events/ufc-vegas-114-4080,41972,Amanda Lemos,Gillian Robertson,/fighters/amanda-lemos-7335,/fighters/gillian-robertson-7784,"('amanda lemos', 'gillian robertson')",4b1ee729c53552792137,babc6b5745335f18,,2026-03-14,Gillian Robertson,99,Women's Strawweight Bout,exact_pair,1.0
ufc-vegas-114-4080,UFC Vegas 114,2026-03-14,https://www.bestfightodds.com/events/ufc-vegas-114-4080,41983,Elijah Smith,Suyoung You,/fighters/elijah-smith-14272,/fighters/suyoung-you-19723,"('elijah smith', 'suyoung you')",5332244e789270193b6f,babc6b5745335f18,,2026-03-14,Elijah Smith,99,Bantamweight Bout,exact_pair,1.0
ufc-vegas-114-4080,UFC Vegas 114,2026-03-14,https://www.bestfightodds.com/events/ufc-vegas-114-4080,41977,Bruno Silva,Charles Johnson,/fighters/bruno-silva-7121,/fighters/charles-johnson-7494,"('bruno silva', 'charles johnson')",6143c08e081701d24cda,babc6b5745335f18,,2026-03-14,Charles Johnson,99,Flyweight Bout,exact_pair,1.0
ufc-vegas-114-4080,UFC Vegas 114,2026-03-14,https://www.bestfightodds.com/events/ufc-vegas-114-4080,41984,Piera Rodriguez,Sam Hughes,/fighters/piera-rodriguez-11127,/fighters/sam-hughes-9863,"('piera rodriguez', 'sam hughes')",78ff257472ec76ccc721,babc6b5745335f18,,2026-03-14,Piera Rodriguez,99,Women's Strawweight Bout,exact_pair,1.0
ufc-vegas-114-4080,UFC Vegas 114,2026-03-14,https://www.bestfightodds.com/events/ufc-vegas-114-4080,41979,Chris Curtis,Myktybek Orolbai,/fighters/chris-curtis-6020,/fighters/myktybek-orolbai-16276,"('chris curtis', 'myktybek orolbai')",7acbef30bea908938898,babc6b5745335f18,,2026-03-14,Myktybek Orolbai,99,Welterweight Bout,exact_pair,1.0
ufc-vegas-114-4080,UFC Vegas 114,2026-03-14,https://www.bestfightodds.com/events/ufc-vegas-114-4080,41976,Steven Asplund,Vitor Petrino,/fighters/steven-asplund-17029,/fighters/vitor-petrino-14346,"('steven asplund', 'vitor petrino')",83d5b9a93b11ac71e7bc,babc6b5745335f18,,2026-03-14,Vitor Petrino,99,Heavyweight Bout,exact_pair,1.0
ufc-vegas-114-4080,UFC Vegas 114,2026-03-14,https://www.bestfightodds.com/events/ufc-vegas-114-4080,41980,Bolaji Oki,Manoel Sousa,/fighters/bolaji-oki-16406,/fighters/manoel-sousa-13839,"('bolaji oki', 'manoel sousa')",8862d3af5eda533ffee3,babc6b5745335f18,,2026-03-14,Manoel Sousa,99,Lightweight Bout,exact_pair,1.0
ufc-vegas-114-4080,UFC Vegas 114,2026-03-14,https://www.bestfightodds.com/events/ufc-vegas-114-4080,41974,Andre Fili,Jose Delgado,/fighters/andre-fili-4466,/fighters/jose-delgado-18000,"('andre fili', 'jose delgado')",91c51ab8d8cf25e864ad,babc6b5745335f18,,2026-03-14,Jose Delgado,99,Featherweight Bout,exact_pair,1.0
ufc-vegas-114-4080,UFC Vegas 114,2026-03-14,https://www.bestfightodds.com/events/ufc-vegas-114-4080,41971,Josh Emmett,Kevin Vallejos,/fighters/josh-emmett-6405,/fighters/kevin-vallejos-16459,"('josh emmett', 'kevin vallejos')",c5f27cbbf98e09b95762,babc6b5745335f18,,2026-03-14,Kevin Vallejos,99,Featherweight Bout,exact_pair,1.0
ufc-vegas-114-4080,UFC Vegas 114,2026-03-14,https://www.bestfightodds.com/events/ufc-vegas-114-4080,41982,Bia Mesquita,Montserrat Rendon,/fighters/bia-mesquita-14422,/fighters/montserrat-rendon-14504,"('bia mesquita', 'montserrat rendon')",c91c01842f5199cbbf0f,babc6b5745335f18,,2026-03-14,Bia Mesquita,99,Women's Bantamweight Bout,fuzzy_pair,0.9333333333333333
ufc-vegas-114-4080,UFC Vegas 114,2026-03-14,https://www.bestfightodds.com/events/ufc-vegas-114-4080,41978,Brad Tavares,Eryk Anders,/fighters/brad-tavares-1959,/fighters/eryk-anders-6686,"('brad tavares', 'eryk anders')",d110c320eea5b9cb2639,babc6b5745335f18,,2026-03-14,Eryk Anders,99,Middleweight Bout,exact_pair,1.0
ufc-london-4081,UFC London,2026-03-21,https://www.bestfightodds.com/events/ufc-london-4081,41992,Axel Sola,Mason Jones,/fighters/axel-sola-11006,/fighters/mason-jones-7156,"('axel sola', 'mason jones')",50ed66c62797dd400c18,69108cb8b32efe04,,2026-03-21,Mason Jones,99,Lightweight Bout,exact_pair,1.0
ufc-london-4081,UFC London,2026-03-21,https://www.bestfightodds.com/events/ufc-london-4081,41998,Ravena Oliveira,Shanelle Dyer,/fighters/ravena-oliveira-16593,/fighters/shanelle-dyer-16552,"('ravena oliveira', 'shanelle dyer')",6801dd5e3ac0db245182,69108cb8b32efe04,,2026-03-21,Shanelle Dyer,99,Women's Strawweight Bout,exact_pair,1.0
ufc-london-4081,UFC London,2026-03-21,https://www.bestfightodds.com/events/ufc-london-4081,41987,Luke Riley,Michael Aswell,/fighters/luke-riley-12585,/fighters/michael-aswell-12369,"('luke riley', 'michael aswell')",7e8cfbe54674458dbf8a,69108cb8b32efe04,,2026-03-21,Luke Riley,99,Featherweight Bout,fuzzy_pair,0.9516129032258065
ufc-london-4081,UFC London,2026-03-21,https://www.bestfightodds.com/events/ufc-london-4081,41988,Michael Page,Sam Patterson,/fighters/michael-page-3937,/fighters/sam-patterson-11410,"('michael page', 'sam patterson')",9688e886323d42cc3137,69108cb8b32efe04,,2026-03-21,Michael Page,99,Welterweight Bout,exact_pair,1.0
ufc-london-4081,UFC London,2026-03-21,https://www.bestfightodds.com/events/ufc-london-4081,41989,Austen Lane,Iwo Baraniewski,/fighters/austen-lane-8254,/fighters/iwo-baraniewski-19868,"('austen lane', 'iwo baraniewski')",9884a9a7f4a8791fdbe6,69108cb8b32efe04,,2026-03-21,Iwo Baraniewski,99,Light Heavyweight Bout,exact_pair,1.0
ufc-london-4081,UFC London,2026-03-21,https://www.bestfightodds.com/events/ufc-london-4081,41994,Brando Pericic,Louie Sutherland,/fighters/brando-pericic-19827,/fighters/louie-sutherland-14257,"('brando pericic', 'louie sutherland')",9ac4140627e3c883e24e,69108cb8b32efe04,,2026-03-21,Brando Pericic,99,Heavyweight Bout,exact_pair,1.0
ufc-london-4081,UFC London,2026-03-21,https://www.bestfightodds.com/events/ufc-london-4081,41997,Abdul-Kareem Al-Selwady,Shem Rock,/fighters/abdul-kareem-al-selwady-10295,/fighters/shem-rock-15665,"('abdul kareem al selwady', 'shem rock')",aa96d4b6b8caad65f622,69108cb8b32efe04,,2026-03-21,Abdul-Kareem Al-Selwady,99,Lightweight Bout,exact_pair,1.0
ufc-london-4081,UFC London,2026-03-21,https://www.bestfightodds.com/events/ufc-london-4081,41996,Felipe Franco,Mario Pinto,/fighters/felipe-franco-19819,/fighters/mario-pinto-18577,"('felipe franco', 'mario pinto')",aaa06764546e4b35d279,69108cb8b32efe04,,2026-03-21,Mario Pinto,99,Heavyweight Bout,exact_pair,1.0
ufc-london-4081,UFC London,2026-03-21,https://www.bestfightodds.com/events/ufc-london-4081,41991,Danny Silva,Kurtis Campbell,/fighters/danny-silva-9217,/fighters/kurtis-campbell-19992,"('danny silva', 'kurtis campbell')",ae59231d13a4c752b87e,69108cb8b32efe04,,2026-03-21,Danny Silva,99,Featherweight Bout,exact_pair,1.0
ufc-london-4081,UFC London,2026-03-21,https://www.bestfightodds.com/events/ufc-london-4081,41536,Lerone Murphy,Movsar Evloev,/fighters/lerone-murphy-9433,/fighters/movsar-evloev-8457,"('lerone murphy', 'movsar evloev')",b637e8d485247e3cda56,69108cb8b32efe04,,2026-03-21,Movsar Evloev,99,Featherweight Bout,exact_pair,1.0
ufc-london-4081,UFC London,2026-03-21,https://www.bestfightodds.com/events/ufc-london-4081,41995,Antonio Trocoli,Mantas Kondratavicius,/fighters/antonio-trocoli-6081,/fighters/mantas-kondratavicius-14343,"('antonio trocoli', 'mantas kondratavicius')",c32b60fee52eeb40f545,69108cb8b32efe04,,2026-03-21,Mantas Kondratavicius,99,Middleweight Bout,exact_pair,1.0
ufc-london-4081,UFC London,2026-03-21,https://www.bestfightodds.com/events/ufc-london-4081,41993,Losene Keita,Nathaniel Wood,/fighters/losene-keita-12906,/fighters/nathaniel-wood-5309,"('losene keita', 'nathaniel wood')",d8984c8b692ebd971e37,69108cb8b32efe04,,2026-03-21,Nathaniel Wood,99,Featherweight Bout,exact_pair,1.0
ufc-london-4081,UFC London,2026-03-21,https://www.bestfightodds.com/events/ufc-london-4081,41990,Christian Leroy Duncan,Roman Dolidze,/fighters/christian-leroy-duncan-12577,/fighters/roman-dolidze-9094,"('christian leroy duncan', 'roman dolidze')",e6d34eddb81daa33a8c5,69108cb8b32efe04,,2026-03-21,Christian Leroy Duncan,99,Middleweight Bout,exact_pair,1.0
ufc-seattle-4018,UFC Seattle,2026-03-29,https://www.bestfightodds.com/events/ufc-seattle-4018,42114,Kyle Nelson,Terrance McKinney,/fighters/kyle-nelson-3633,/fighters/terrance-mckinney-9286,"('kyle nelson', 'terrance mckinney')",29fecfa624e71c22b83d,5c38639f860a5542,,2026-03-28,Terrance McKinney,99,Lightweight Bout,exact_pair,1.0
ufc-seattle-4095,UFC Seattle,2026-03-28,https://www.bestfightodds.com/events/ufc-seattle-4095,42115,Ignacio Bahamondes,Tofiq Musayev,/fighters/ignacio-bahamondes-9750,/fighters/tofiq-musayev-13682,"('ignacio bahamondes', 'tofiq musayev')",2a35195a4e7befba9919,5c38639f860a5542,,2026-03-28,Tofiq Musayev,99,Lightweight Bout,exact_pair,1.0
ufc-seattle-4095,UFC Seattle,2026-03-28,https://www.bestfightodds.com/events/ufc-seattle-4095,42120,Casey Oneill,Gabriella Fernandes,/fighters/casey-oneill-21268,/fighters/gabriella-fernandes-14517,"('casey oneill', 'gabriella fernandes')",372ec37b5fabc659800f,5c38639f860a5542,,2026-03-28,Casey O'Neill,99,Women's Flyweight Bout,exact_pair,1.0
ufc-seattle-4095,UFC Seattle,2026-03-28,https://www.bestfightodds.com/events/ufc-seattle-4095,42116,Chase Hooper,Lance Gibson Jr,/fighters/chase-hooper-8425,/fighters/lance-gibson-jr-13685,"('chase hooper', 'lance gibson jr')",445374c9bed547b810ee,5c38639f860a5542,,2026-03-28,Lance Gibson Jr.,99,Lightweight Bout,exact_pair,1.0
ufc-seattle-4018,UFC Seattle,2026-03-29,https://www.bestfightodds.com/events/ufc-seattle-4018,41390,Israel Adesanya,Joe Pyfer,/fighters/israel-adesanya-7845,/fighters/joe-pyfer-8530,"('israel adesanya', 'joe pyfer')",584345161ebc786e0a20,5c38639f860a5542,,2026-03-28,Joe Pyfer,99,Middleweight Bout,exact_pair,1.0
ufc-seattle-4095,UFC Seattle,2026-03-28,https://www.bestfightodds.com/events/ufc-seattle-4095,42117,Marcin Tybura,Tyrell Fortune,/fighters/marcin-tybura-6200,/fighters/tyrell-fortune-6735,"('marcin tybura', 'tyrell fortune')",8c79a3842a400991e961,5c38639f860a5542,,2026-03-28,Tyrell Fortune,99,Heavyweight Bout,exact_pair,1.0
ufc-seattle-4095,UFC Seattle,2026-03-28,https://www.bestfightodds.com/events/ufc-seattle-4095,42118,Bruno Lopes,Navajo Stirling,/fighters/bruno-lopes-14106,/fighters/navajo-stirling-18344,"('bruno lopes', 'navajo stirling')",9517409f7977d56db15d,5c38639f860a5542,,2026-03-28,Navajo Stirling,99,Light Heavyweight Bout,exact_pair,1.0
ufc-seattle-4018,UFC Seattle,2026-03-29,https://www.bestfightodds.com/events/ufc-seattle-4018,42112,Julian Erosa,Lerryan Douglas,/fighters/julian-erosa-6088,/fighters/lerryan-douglas-15887,"('julian erosa', 'lerryan douglas')",a2e5eb85a00e4a21b2e1,5c38639f860a5542,,2026-03-28,Lerryan Douglas,99,Featherweight Bout,exact_pair,1.0
ufc-seattle-4018,UFC Seattle,2026-03-29,https://www.bestfightodds.com/events/ufc-seattle-4018,42113,Mansur Abdul-Malik,Yousri Belgaroui,/fighters/mansur-abdul-malik-12720,/fighters/yousri-belgaroui-13350,"('mansur abdul malik', 'yousri belgaroui')",c6287144bb3ca8bebf8d,5c38639f860a5542,,2026-03-28,Yousri Belgaroui,99,Middleweight Bout,exact_pair,1.0
ufc-seattle-4018,UFC Seattle,2026-03-29,https://www.bestfightodds.com/events/ufc-seattle-4018,42111,Alexa Grasso,Maycee Barber,/fighters/alexa-grasso-5096,/fighters/maycee-barber-7240,"('alexa grasso', 'maycee barber')",c9d51a73882229fccfe7,5c38639f860a5542,,2026-03-28,Alexa Grasso,99,Women's Flyweight Bout,exact_pair,1.0
ufc-seattle-4095,UFC Seattle,2026-03-28,https://www.bestfightodds.com/events/ufc-seattle-4095,42119,Alexia Thainara,Bruna Brasil,/fighters/alexia-thainara-15137,/fighters/bruna-brasil-13778,"('alexia thainara', 'bruna brasil')",cfbd71489bbf4a1c8ae2,5c38639f860a5542,,2026-03-28,Alexia Thainara,99,Women's Strawweight Bout,exact_pair,1.0
ufc-seattle-4018,UFC Seattle,2026-03-29,https://www.bestfightodds.com/events/ufc-seattle-4018,42479,Michael Chiesa,Niko Price,/fighters/michael-chiesa-3317,/fighters/niko-price-6895,"('michael chiesa', 'niko price')",db892be0bceb4c9c7ea9,5c38639f860a5542,,2026-03-28,Michael Chiesa,99,Welterweight Bout,exact_pair,1.0
ufc-winnipeg-4145,UFC Winnipeg,2026-04-19,https://www.bestfightodds.com/events/ufc-winnipeg-4145,42751,Charles Jourdain,Kyler Phillips,/fighters/charles-jourdain-9131,/fighters/kyler-phillips-7228,"('charles jourdain', 'kyler phillips')",4996a4df527a59b902ba,c3ac8d0da7b05772,,2026-04-18,Charles Jourdain,99,Bantamweight Bout,exact_pair,1.0
ufc-winnipeg-4130,UFC Winnipeg,2026-04-18,https://www.bestfightodds.com/events/ufc-winnipeg-4130,42753,Jamey-Lyn Horth,Jj Aldrich,/fighters/jamey-lyn-horth-15531,/fighters/jj-aldrich-12276,"('jamey lyn horth', 'jj aldrich')",6043bdafde3c2323390b,c3ac8d0da7b05772,,2026-04-18,JJ Aldrich,99,Women's Flyweight Bout,exact_pair,1.0
ufc-winnipeg-4130,UFC Winnipeg,2026-04-18,https://www.bestfightodds.com/events/ufc-winnipeg-4130,42911,Jamie Siraj,John Yannis,/fighters/jamie-siraj-15535,/fighters/john-yannis-12315,"('jamie siraj', 'john yannis')",6fab532a15582f57bce4,c3ac8d0da7b05772,,2026-04-18,John Yannis,99,Bantamweight Bout,exact_pair,1.0
ufc-winnipeg-4145,UFC Winnipeg,2026-04-19,https://www.bestfightodds.com/events/ufc-winnipeg-4145,42755,Gauge Young,Thiago Moises,/fighters/gauge-young-11235,/fighters/thiago-moises-6149,"('gauge young', 'thiago moises')",7d64ab5483e17a8b1e97,c3ac8d0da7b05772,,2026-04-18,Gauge Young,99,Lightweight Bout,exact_pair,1.0
ufc-winnipeg-4130,UFC Winnipeg,2026-04-18,https://www.bestfightodds.com/events/ufc-winnipeg-4130,42759,Gokhan Saricam,Tanner Boser,/fighters/gokhan-saricam-9514,/fighters/tanner-boser-7638,"('gokhan saricam', 'tanner boser')",82620b8beb59cecb0e65,c3ac8d0da7b05772,,2026-04-18,Gokhan Saricam,99,Heavyweight Bout,exact_pair,1.0
ufc-winnipeg-4145,UFC Winnipeg,2026-04-19,https://www.bestfightodds.com/events/ufc-winnipeg-4145,42758,Jai Herbert,Mandel Nallo,/fighters/jai-herbert-6873,/fighters/mandel-nallo-7772,"('jai herbert', 'mandel nallo')",a56a501fa98ba81766eb,c3ac8d0da7b05772,,2026-04-18,Jai Herbert,99,Lightweight Bout,exact_pair,1.0
ufc-winnipeg-4145,UFC Winnipeg,2026-04-19,https://www.bestfightodds.com/events/ufc-winnipeg-4145,42761,Dennis Buzukja,Marcio Barbosa,/fighters/dennis-buzukja-8602,/fighters/marcio-barbosa-14704,"('dennis buzukja', 'marcio barbosa')",b286f281bbbbae6ba360,c3ac8d0da7b05772,,2026-04-18,Marcio Barbosa,99,Featherweight Bout,exact_pair,1.0
ufc-winnipeg-4130,UFC Winnipeg,2026-04-18,https://www.bestfightodds.com/events/ufc-winnipeg-4130,42757,Daria Zhelezniakova,Melissa Croden,/fighters/daria-zhelezniakova-19344,/fighters/melissa-croden-10633,"('daria zhelezniakova', 'melissa croden')",b2eab265427467a47b0f,c3ac8d0da7b05772,,2026-04-18,Melissa Croden,99,Women's Bantamweight Bout,exact_pair,1.0
ufc-winnipeg-4145,UFC Winnipeg,2026-04-19,https://www.bestfightodds.com/events/ufc-winnipeg-4145,42752,Jasmine Jasudavicius,Karine Silva,/fighters/jasmine-jasudavicius-9869,/fighters/karine-silva-7814,"('jasmine jasudavicius', 'karine silva')",caefd3609a478f68f737,c3ac8d0da7b05772,,2026-04-18,Jasmine Jasudavicius,99,Women's Flyweight Bout,exact_pair,1.0
ufc-winnipeg-4145,UFC Winnipeg,2026-04-19,https://www.bestfightodds.com/events/ufc-winnipeg-4145,42750,Gilbert Burns,Mike Malott,/fighters/gilbert-burns-4747,/fighters/mike-malott-5196,"('gilbert burns', 'mike malott')",e1940d44f01a4b0d2843,c3ac8d0da7b05772,,2026-04-18,Mike Malott,99,Welterweight Bout,exact_pair,1.0
ufc-winnipeg-4130,UFC Winnipeg,2026-04-18,https://www.bestfightodds.com/events/ufc-winnipeg-4130,42760,Julien Leblanc,Robert Valentin,/fighters/julien-leblanc-11119,/fighters/robert-valentin-13471,"('julien leblanc', 'robert valentin')",f7114631021c4ed7c872,c3ac8d0da7b05772,,2026-04-18,Robert Valentin,99,Middleweight Bout,exact_pair,1.0
ufc-vegas-116-4147,UFC Vegas 116,2026-04-25,https://www.bestfightodds.com/events/ufc-vegas-116-4147,42933,Adrian Luna Martinetti,Davey Grant,/fighters/adrian-luna-martinetti-20070,/fighters/davey-grant-4074,"('adrian luna martinetti', 'davey grant')",084a5a08013f295449f9,e60d773a0a42048a,,2026-04-25,Davey Grant,99,Bantamweight Bout,exact_pair,1.0
ufc-vegas-116-4147,UFC Vegas 116,2026-04-25,https://www.bestfightodds.com/events/ufc-vegas-116-4147,42920,Mayra Bueno Silva,Michelle Montague,/fighters/mayra-bueno-silva-9839,/fighters/michelle-montague-13411,"('mayra bueno silva', 'michelle montague')",1128d8591ea5f20c828a,e60d773a0a42048a,,2026-04-25,Michelle Montague,99,Women's Bantamweight Bout,exact_pair,1.0
ufc-vegas-116-4147,UFC Vegas 116,2026-04-25,https://www.bestfightodds.com/events/ufc-vegas-116-4147,42913,Joselyne Edwards,Norma Dumont,/fighters/joselyne-edwards-8664,/fighters/norma-dumont-9825,"('joselyne edwards', 'norma dumont')",343a017a283c904701b5,e60d773a0a42048a,,2026-04-25,Joselyne Edwards,99,Women's Bantamweight Bout,exact_pair,1.0
ufc-vegas-116-4147,UFC Vegas 116,2026-04-25,https://www.bestfightodds.com/events/ufc-vegas-116-4147,42923,Julia Polastri,Talita Alencar,/fighters/julia-polastri-12394,/fighters/talita-alencar-11655,"('julia polastri', 'talita alencar')",3e50793cc60c6ac11412,e60d773a0a42048a,,2026-04-25,Talita Alencar,99,Women's Strawweight Bout,exact_pair,1.0
ufc-vegas-116-4147,UFC Vegas 116,2026-04-25,https://www.bestfightodds.com/events/ufc-vegas-116-4147,42918,Eric McConico,Rodolfo Vieira,/fighters/eric-mcconico-15806,/fighters/rodolfo-vieira-9318,"('eric mcconico', 'rodolfo vieira')",79d3475dc3d2f5776488,e60d773a0a42048a,,2026-04-25,Eric McConico,99,Middleweight Bout,exact_pair,1.0
ufc-vegas-116-4147,UFC Vegas 116,2026-04-25,https://www.bestfightodds.com/events/ufc-vegas-116-4147,42919,Jackson McVey,Sedriques Dumas,/fighters/jackson-mcvey-15053,/fighters/sedriques-dumas-12309,"('jackson mcvey', 'sedriques dumas')",b25c158170ac96b3a5f0,e60d773a0a42048a,,2026-04-25,Jackson McVey,99,Middleweight Bout,exact_pair,1.0
ufc-vegas-116-4147,UFC Vegas 116,2026-04-25,https://www.bestfightodds.com/events/ufc-vegas-116-4147,42914,Alexander Hernandez,Rafa Garcia,/fighters/alexander-hernandez-7977,/fighters/rafa-garcia-9241,"('alexander hernandez', 'rafa garcia')",ba9fe6092e48268a92ab,e60d773a0a42048a,,2026-04-25,Rafa Garcia,99,Lightweight Bout,exact_pair,1.0
ufc-vegas-116-4147,UFC Vegas 116,2026-04-25,https://www.bestfightodds.com/events/ufc-vegas-116-4147,42922,Max Griffin,Victor Valenzuela,/fighters/max-griffin-6581,/fighters/victor-valenzuela-4270,"('max griffin', 'victor valenzuela')",c470241a6342ee208dd6,e60d773a0a42048a,,2026-04-25,Victor Valenzuela,99,Welterweight Bout,exact_pair,1.0
ufc-vegas-116-4147,UFC Vegas 116,2026-04-25,https://www.bestfightodds.com/events/ufc-vegas-116-4147,43025,Francis Marshall,Lucas Brennan,/fighters/francis-marshall-14185,/fighters/lucas-brennan-9303,"('francis marshall', 'lucas brennan')",c4eb4e1074f1a5a2c485,e60d773a0a42048a,,2026-04-25,Francis Marshall,99,Lightweight Bout,exact_pair,1.0
ufc-vegas-116-4147,UFC Vegas 116,2026-04-25,https://www.bestfightodds.com/events/ufc-vegas-116-4147,42912,Aljamain Sterling,Youssef Zalal,/fighters/aljamain-sterling-4688,/fighters/youssef-zalal-8823,"('aljamain sterling', 'youssef zalal')",e111f5459a8634976ee3,e60d773a0a42048a,,2026-04-25,Aljamain Sterling,99,Featherweight Bout,exact_pair,1.0
ufc-vegas-116-4147,UFC Vegas 116,2026-04-25,https://www.bestfightodds.com/events/ufc-vegas-116-4147,42917,Marcus Buchecha,Ryan Spann,/fighters/marcus-buchecha-14323,/fighters/ryan-spann-3502,"('marcus buchecha', 'ryan spann')",e1fe6daf051c846e7e08,e60d773a0a42048a,,2026-04-25,Ryan Spann,99,Heavyweight Bout,exact_pair,1.0
ufc-vegas-116-4147,UFC Vegas 116,2026-04-25,https://www.bestfightodds.com/events/ufc-vegas-116-4147,43024,Cody Durden,Jafel Filho,/fighters/cody-durden-10231,/fighters/jafel-filho-14406,"('cody durden', 'jafel filho')",f3cafe467e4082e5f69f,e60d773a0a42048a,,2026-04-25,Cody Durden,99,Bantamweight Bout,exact_pair,1.0
ufc-vegas-116-4147,UFC Vegas 116,2026-04-25,https://www.bestfightodds.com/events/ufc-vegas-116-4147,42916,Montel Jackson,Raoni Barcelos,/fighters/montel-jackson-8255,/fighters/raoni-barcelos-4521,"('montel jackson', 'raoni barcelos')",fab944911a032cb96b97,e60d773a0a42048a,,2026-04-25,Raoni Barcelos,99,Bantamweight Bout,exact_pair,1.0
ufc-perth-4079,UFC Perth,2026-05-02,https://www.bestfightodds.com/events/ufc-perth-4079,43061,Jonathan Micallef,Themba Gorimbo,/fighters/jonathan-micallef-18608,/fighters/themba-gorimbo-12770,"('jonathan micallef', 'themba gorimbo')",038aeadde6aa75633c07,872b018076f831b0,,2026-05-02,Jonathan Micallef,99,Welterweight Bout,exact_pair,1.0
ufc-perth-4079,UFC Perth,2026-05-02,https://www.bestfightodds.com/events/ufc-perth-4079,43044,Colby Thicknesse,Vince Morales,/fighters/colby-thicknesse-19115,/fighters/vince-morales-6316,"('colby thicknesse', 'vince morales')",0ba69865a09b2948da88,872b018076f831b0,,2026-05-02,Colby Thicknesse,99,Bantamweight Bout,exact_pair,1.0
ufc-perth-4079,UFC Perth,2026-05-02,https://www.bestfightodds.com/events/ufc-perth-4079,43043,Gerald Meerschaert,Jacob Malkoun,/fighters/gerald-meerschaert-3628,/fighters/jacob-malkoun-10348,"('gerald meerschaert', 'jacob malkoun')",17230cbae93e9b56fb20,872b018076f831b0,,2026-05-02,Jacob Malkoun,99,Middleweight Bout,exact_pair,1.0
ufc-perth-4079,UFC Perth,2026-05-02,https://www.bestfightodds.com/events/ufc-perth-4079,43060,Junior Tafa,Kevin Christian,/fighters/junior-tafa-14832,/fighters/kevin-christian-17097,"('jr tafa', 'kevin christian')",70333b6ef09616e55b04,872b018076f831b0,,2026-05-02,Junior Tafa,99,Light Heavyweight Bout,exact_pair,1.0
ufc-perth-4079,UFC Perth,2026-05-02,https://www.bestfightodds.com/events/ufc-perth-4079,43042,Brando Pericic,Shamil Gaziev,/fighters/brando-pericic-19827,/fighters/shamil-gaziev-12522,"('brando pericic', 'shamil gaziev')",7725c96cc648f3eb4dc4,872b018076f831b0,,2026-05-02,Brando Pericic,99,Heavyweight Bout,exact_pair,1.0
ufc-perth-4079,UFC Perth,2026-05-02,https://www.bestfightodds.com/events/ufc-perth-4079,43062,Dom Mar Fan,Kody Steele,/fighters/dom-mar-fan-19458,/fighters/kody-steele-12643,"('dom mar fan', 'kody steele')",98631a84fcf409f37adb,872b018076f831b0,,2026-05-02,Kody Steele,99,Lightweight Bout,exact_pair,1.0
ufc-perth-4079,UFC Perth,2026-05-02,https://www.bestfightodds.com/events/ufc-perth-4079,43045,Benjamin Johnston,Wes Schultz,/fighters/benjamin-johnston-21926,/fighters/wes-schultz-14304,"('benjamin johnston', 'wes schultz')",a6feb237f1abbfe105b1,872b018076f831b0,,2026-05-02,Wes Schultz,99,Middleweight Bout,fuzzy_pair,0.9137931034482758
ufc-perth-4079,UFC Perth,2026-05-02,https://www.bestfightodds.com/events/ufc-perth-4079,43059,Cam Rowston,Robert Bryczek,/fighters/cam-rowston-16458,/fighters/robert-bryczek-11162,"('cam rowston', 'robert bryczek')",a73e61f151e9749ab7ca,872b018076f831b0,,2026-05-02,Cam Rowston,99,Middleweight Bout,exact_pair,1.0
ufc-perth-4079,UFC Perth,2026-05-02,https://www.bestfightodds.com/events/ufc-perth-4079,43041,Steve Erceg,Tim Elliott,/fighters/steve-erceg-17167,/fighters/tim-elliott-3288,"('steve erceg', 'tim elliott')",b131e337df03cffb9812,872b018076f831b0,,2026-05-02,Steve Erceg,99,Flyweight Bout,exact_pair,1.0
ufc-perth-4079,UFC Perth,2026-05-02,https://www.bestfightodds.com/events/ufc-perth-4079,43139,Marwan Rahiki,Ollie Schmid,/fighters/marwan-rahiki-20124,/fighters/ollie-schmid-21968,"('marwan rahiki', 'ollie schmid')",c0f633ff70c55ee1be6b,872b018076f831b0,,2026-05-02,Marwan Rahiki,99,Featherweight Bout,exact_pair,1.0
ufc-perth-4079,UFC Perth,2026-05-02,https://www.bestfightodds.com/events/ufc-perth-4079,41970,Carlos Prates,Jack Della Maddalena,/fighters/carlos-prates-14705,/fighters/jack-della-maddalena-7492,"('carlos prates', 'jack della maddalena')",c1b96686a797a9d1ba28,872b018076f831b0,,2026-05-02,Carlos Prates,99,Welterweight Bout,exact_pair,1.0
ufc-perth-4079,UFC Perth,2026-05-02,https://www.bestfightodds.com/events/ufc-perth-4079,43088,Louie Sutherland,Tai Tuivasa,/fighters/louie-sutherland-14257,/fighters/tai-tuivasa-7444,"('louie sutherland', 'tai tuivasa')",eb58aa538025d84754a6,872b018076f831b0,,2026-05-02,Louie Sutherland,99,Heavyweight Bout,exact_pair,1.0
ufc-perth-4079,UFC Perth,2026-05-02,https://www.bestfightodds.com/events/ufc-perth-4079,43040,Beneil Dariush,Quillan Salkilld,/fighters/beneil-dariush-4633,/fighters/quillan-salkilld-16405,"('beneil dariush', 'quillan salkilld')",f80a8d10244914be7afe,872b018076f831b0,,2026-05-02,Quillan Salkilld,99,Lightweight Bout,exact_pair,1.0
ufc-vegas-117-4186,UFC Vegas 117,2026-05-16,https://www.bestfightodds.com/events/ufc-vegas-117-4186,43243,Daniel Barez,Luis Gurule,/fighters/daniel-barez-4827,/fighters/luis-gurule-13855,"('daniel barez', 'luis gurule')",08dcbff830ffd3e10af8,73abb7a5c57fb443,,2026-05-16,Luis Gurule,99,Flyweight Bout,exact_pair,1.0
ufc-vegas-117-4186,UFC Vegas 117,2026-05-16,https://www.bestfightodds.com/events/ufc-vegas-117-4186,43241,Andre Petroski,Cody Brundage,/fighters/andre-petroski-10388,/fighters/cody-brundage-10168,"('andre petroski', 'cody brundage')",09fc9c5729ac7a18c0c3,73abb7a5c57fb443,,2026-05-16,Cody Brundage,99,Middleweight Bout,exact_pair,1.0
ufc-vegas-117-4186,UFC Vegas 117,2026-05-16,https://www.bestfightodds.com/events/ufc-vegas-117-4186,43238,Ivan Erslan,Tuco Tokkos,/fighters/ivan-erslan-9672,/fighters/tuco-tokkos-17649,"('ivan erslan', 'tuco tokkos')",13909d8dc783f89dc3c1,73abb7a5c57fb443,,2026-05-16,Ivan Erslan,99,Light Heavyweight Bout,exact_pair,1.0
ufc-vegas-117-4186,UFC Vegas 117,2026-05-16,https://www.bestfightodds.com/events/ufc-vegas-117-4186,43244,Nicolle Caliari,Shauna Bannon,/fighters/nicolle-caliari-9542,/fighters/shauna-bannon-14505,"('nicolle caliari', 'shauna bannon')",1e419eeb5630271dbf66,73abb7a5c57fb443,,2026-05-16,Nicolle Caliari,99,Women's Strawweight Bout,exact_pair,1.0
ufc-vegas-117-4186,UFC Vegas 117,2026-05-16,https://www.bestfightodds.com/events/ufc-vegas-117-4186,43242,Alice Ardelean,Polyana Viana,/fighters/alice-ardelean-15320,/fighters/polyana-viana-7817,"('alice ardelean', 'polyana viana')",2672c7af1eb24c5c9c3c,73abb7a5c57fb443,,2026-05-16,Alice Ardelean,99,Women's Strawweight Bout,exact_pair,1.0
ufc-vegas-117-4178,UFC Vegas 117,2026-05-17,https://www.bestfightodds.com/events/ufc-vegas-117-4178,43231,Arnold Allen,Melquizael Costa,/fighters/arnold-allen-4218,/fighters/melquizael-costa-13774,"('arnold allen', 'melquizael costa')",5923ccd1e4b81b2ba606,73abb7a5c57fb443,,2026-05-16,Arnold Allen,99,Featherweight Bout,exact_pair,1.0
ufc-vegas-117-4178,UFC Vegas 117,2026-05-17,https://www.bestfightodds.com/events/ufc-vegas-117-4178,43232,Daniel Santos,Doo Ho Choi,/fighters/daniel-santos-6038,/fighters/doo-ho-choi-2152,"('daniel santos', 'dooho choi')",7dda5ce705397038ac74,73abb7a5c57fb443,,2026-05-16,Dooho Choi,99,Featherweight Bout,exact_pair,1.0
ufc-vegas-117-4186,UFC Vegas 117,2026-05-16,https://www.bestfightodds.com/events/ufc-vegas-117-4186,43240,Jacqueline Cavalcanti,Ketlen Vieira,/fighters/jacqueline-cavalcanti-13407,/fighters/ketlen-vieira-6585,"('jacqueline cavalcanti', 'ketlen vieira')",991dab556af7c040dd76,73abb7a5c57fb443,,2026-05-16,Ketlen Vieira,99,Women's Bantamweight Bout,exact_pair,1.0
ufc-vegas-117-4178,UFC Vegas 117,2026-05-17,https://www.bestfightodds.com/events/ufc-vegas-117-4178,43312,Christian Edwards,Modestas Bukauskas,/fighters/christian-edwards-8986,/fighters/modestas-bukauskas-7865,"('christian edwards', 'modestas bukauskas')",a8eb65cd5cf4a4aaa93b,73abb7a5c57fb443,,2026-05-16,Modestas Bukauskas,99,Catch Weight Bout,exact_pair,1.0
ufc-vegas-117-4178,UFC Vegas 117,2026-05-17,https://www.bestfightodds.com/events/ufc-vegas-117-4178,43235,Benardo Sopaj,Timmy Cuamba,/fighters/benardo-sopaj-18721,/fighters/timmy-cuamba-20244,"('benardo sopaj', 'timmy cuamba')",a9ee81bf45912cb96343,73abb7a5c57fb443,,2026-05-16,Benardo Sopaj,99,Bantamweight Bout,exact_pair,1.0
ufc-vegas-117-4178,UFC Vegas 117,2026-05-17,https://www.bestfightodds.com/events/ufc-vegas-117-4178,43233,Juan Diaz,Malcolm Wellmaker,/fighters/juan-diaz-12235,/fighters/malcolm-wellmaker-18273,"('juan diaz', 'malcolm wellmaker')",db078efbd974d0c1dad2,73abb7a5c57fb443,,2026-05-16,Juan Diaz,99,Bantamweight Bout,exact_pair,1.0
ufc-vegas-117-4186,UFC Vegas 117,2026-05-16,https://www.bestfightodds.com/events/ufc-vegas-117-4186,43236,Khaos Williams,Nikolay Veretennikov,/fighters/khaos-williams-9974,/fighters/nikolay-veretennikov-7722,"('khaos williams', 'nikolay veretennikov')",de43645e85a85df1304f,73abb7a5c57fb443,,2026-05-16,Khaos Williams,99,Welterweight Bout,exact_pair,1.0
ufc-macau-4188,UFC Macau,2026-05-30,https://www.bestfightodds.com/events/ufc-macau-4188,43334,Angela Hill,Xiong Jingnan,/fighters/angela-hill-5348,/fighters/xiong-jingnan-7759,"('angela hill', 'xiong jingnan')",168f8ad5d51eb39cd714,1e75e6c9de99fa76,,2026-05-30,Angela Hill,99,Women's Strawweight Bout,exact_pair,1.0
ufc-macau-4188,UFC Macau,2026-05-30,https://www.bestfightodds.com/events/ufc-macau-4188,43326,Sergei Pavlovich,Tallison Teixeira,/fighters/sergei-pavlovich-8961,/fighters/tallison-teixeira-18424,"('sergei pavlovich', 'tallison teixeira')",4b8c9e06fcb0420e24ee,1e75e6c9de99fa76,,2026-05-30,Sergei Pavlovich,99,Heavyweight Bout,exact_pair,1.0
ufc-macau-4188,UFC Macau,2026-05-30,https://www.bestfightodds.com/events/ufc-macau-4188,43332,Aoriqileng,Cody Haddon,/fighters/aoriqileng-16506,/fighters/cody-haddon-18212,"('aoriqileng', 'cody haddon')",52125fa1d1102145dc6b,1e75e6c9de99fa76,,2026-05-30,Cody Haddon,99,Bantamweight Bout,exact_pair,1.0
ufc-macau-4188,UFC Macau,2026-05-30,https://www.bestfightodds.com/events/ufc-macau-4188,43335,Rodrigo Vera,Zhu Kangjie,/fighters/rodrigo-vera-9204,/fighters/zhu-kangjie-22071,"('rodrigo vera', 'zhu kangjie')",5d510807422d68829e18,1e75e6c9de99fa76,,2026-05-30,Rodrigo Vera,99,Featherweight Bout,exact_pair,1.0
ufc-macau-4188,UFC Macau,2026-05-30,https://www.bestfightodds.com/events/ufc-macau-4188,43336,Jaqueline Amorim,Loma Lookboonmee,/fighters/jaqueline-amorim-10780,/fighters/loma-lookboonmee-7834,"('jaqueline amorim', 'loma lookboonmee')",7af7158f31968da339d1,1e75e6c9de99fa76,,2026-05-30,Jaqueline Amorim,99,Women's Strawweight Bout,exact_pair,1.0
ufc-macau-4188,UFC Macau,2026-05-30,https://www.bestfightodds.com/events/ufc-macau-4188,43325,Alonzo Menifield,Zhang Mingyang,/fighters/alonzo-menifield-5961,/fighters/zhang-mingyang-14721,"('alonzo menifield', 'zhang mingyang')",7ff0e1c7da1de35ef002,1e75e6c9de99fa76,,2026-05-30,Alonzo Menifield,99,Light Heavyweight Bout,exact_pair,1.0
ufc-macau-4188,UFC Macau,2026-05-30,https://www.bestfightodds.com/events/ufc-macau-4188,43416,Luis Gurule,Rei Tsuruya,/fighters/luis-gurule-13855,/fighters/rei-tsuruya-15872,"('luis gurule', 'rei tsuruya')",8b588b8350d8c82eae98,1e75e6c9de99fa76,,2026-05-30,Rei Tsuruya,99,Bantamweight Bout,exact_pair,1.0
ufc-macau-4188,UFC Macau,2026-05-30,https://www.bestfightodds.com/events/ufc-macau-4188,43386,Carlston Harris,Jake Matthews,/fighters/carlston-harris-10791,/fighters/jake-matthews-4978,"('carlston harris', 'jake matthews')",986aa2eb7eafab6be895,1e75e6c9de99fa76,,2026-05-30,Jake Matthews,99,Welterweight Bout,exact_pair,1.0
ufc-macau-4188,UFC Macau,2026-05-30,https://www.bestfightodds.com/events/ufc-macau-4188,43324,Deiveson Figueiredo,Song Yadong,/fighters/deiveson-figueiredo-7514,/fighters/song-yadong-9482,"('deiveson figueiredo', 'song yadong')",a0fd7ebc95cd651e36d2,1e75e6c9de99fa76,,2026-05-30,Song Yadong,99,Bantamweight Bout,exact_pair,1.0
ufc-macau-4188,UFC Macau,2026-05-30,https://www.bestfightodds.com/events/ufc-macau-4188,43330,Luis Felipe Dias,Yi Sak Lee,/fighters/luis-felipe-dias-12796,/fighters/yi-sak-lee-22069,"('luis felipe dias', 'yi sak lee')",b10afdd9d5aecdf9db4b,1e75e6c9de99fa76,,2026-05-30,Luis Felipe Dias,99,Middleweight Bout,fuzzy_pair,0.9736842105263157
ufc-macau-4188,UFC Macau,2026-05-30,https://www.bestfightodds.com/events/ufc-macau-4188,43327,Cameron Smotherman,Kai Asakura,/fighters/cameron-smotherman-12367,/fighters/kai-asakura-7765,"('cameron smotherman', 'kai asakura')",d73dfd233c99db7b8068,1e75e6c9de99fa76,,2026-05-30,Kai Asakura,99,Bantamweight Bout,exact_pair,1.0
ufc-vegas-118-4200,UFC Vegas 118,2026-06-06,https://www.bestfightodds.com/events/ufc-vegas-118-4200,43510,Alessandro Costa,Matt Schnell,/fighters/alessandro-costa-14121,/fighters/matt-schnell-3492,"('alessandro costa', 'matt schnell')",013496cde4cc533d699b,ba17afef01ed78b6,,2026-06-06,Alessandro Costa,99,Catch Weight Bout,exact_pair,1.0
ufc-vegas-118-4200,UFC Vegas 118,2026-06-06,https://www.bestfightodds.com/events/ufc-vegas-118-4200,43422,John Yannis,Marcus McGhee,/fighters/john-yannis-12315,/fighters/marcus-mcghee-14050,"('john yannis', 'marcus mcghee')",0855858baf94ebd07b4d,ba17afef01ed78b6,,2026-06-06,Marcus McGhee,99,Bantamweight Bout,exact_pair,1.0
ufc-vegas-118-4200,UFC Vegas 118,2026-06-06,https://www.bestfightodds.com/events/ufc-vegas-118-4200,43463,Jeisla Chaves,Yuneisy Duben,/fighters/jeisla-chaves-19899,/fighters/yuneisy-duben-18278,"('jeisla chaves', 'yuneisy duben')",1478b7212ad5d3f18b93,ba17afef01ed78b6,,2026-06-06,Jeisla Chaves,99,Women's Flyweight Bout,exact_pair,1.0
ufc-vegas-118-4200,UFC Vegas 118,2026-06-06,https://www.bestfightodds.com/events/ufc-vegas-118-4200,43498,Ariane Carnelossi,Ketlen Souza,/fighters/ariane-carnelossi-9317,/fighters/ketlen-souza-13460,"('ariane carnelossi', 'ketlen souza')",5b4c1cfb92672074b055,ba17afef01ed78b6,,2026-06-06,Ketlen Souza,99,Women's Strawweight Bout,exact_pair,1.0
ufc-vegas-118-4200,UFC Vegas 118,2026-06-06,https://www.bestfightodds.com/events/ufc-vegas-118-4200,43425,Joanderson Brito,Jordan Leavitt,/fighters/joanderson-brito-9135,/fighters/jordan-leavitt-10210,"('joanderson brito', 'jordan leavitt')",685928a1ac1faea54cd2,ba17afef01ed78b6,,2026-06-06,Joanderson Brito,99,Featherweight Bout,exact_pair,1.0
ufc-vegas-118-4200,UFC Vegas 118,2026-06-06,https://www.bestfightodds.com/events/ufc-vegas-118-4200,43421,Fares Ziam,Tom Nolan,/fighters/fares-ziam-9451,/fighters/tom-nolan-16303,"('fares ziam', 'tom nolan')",8419bdb8285179e426fb,ba17afef01ed78b6,,2026-06-06,Tom Nolan,99,Lightweight Bout,exact_pair,1.0
ufc-vegas-118-4200,UFC Vegas 118,2026-06-06,https://www.bestfightodds.com/events/ufc-vegas-118-4200,43462,Iwo Baraniewski,Junior Tafa,/fighters/iwo-baraniewski-19868,/fighters/junior-tafa-14832,"('iwo baraniewski', 'jr tafa')",90e9c76ff35b13e7555a,ba17afef01ed78b6,,2026-06-06,Iwo Baraniewski,99,Light Heavyweight Bout,exact_pair,1.0
ufc-vegas-118-4200,UFC Vegas 118,2026-06-06,https://www.bestfightodds.com/events/ufc-vegas-118-4200,43509,Bryce Mitchell,Santiago Luna,/fighters/bryce-mitchell-6135,/fighters/santiago-luna-19813,"('bryce mitchell', 'santiago luna')",948d4673afc7b223899b,ba17afef01ed78b6,,2026-06-06,Bryce Mitchell,99,Bantamweight Bout,exact_pair,1.0
ufc-vegas-118-4200,UFC Vegas 118,2026-06-06,https://www.bestfightodds.com/events/ufc-vegas-118-4200,43424,Chelsea Chandler,Priscila Cachoeira,/fighters/chelsea-chandler-7946,/fighters/priscila-cachoeira-7754,"('chelsea chandler', 'priscila cachoeira')",d4bc2e295192ce53d072,ba17afef01ed78b6,,2026-06-06,Chelsea Chandler,99,Women's Bantamweight Bout,exact_pair,1.0
ufc-vegas-118-4200,UFC Vegas 118,2026-06-06,https://www.bestfightodds.com/events/ufc-vegas-118-4200,43419,Bruno Silva,Edgar Chairez,/fighters/bruno-silva-7121,/fighters/edgar-chairez-9509,"('bruno silva', 'edgar chairez')",dfa93bb1d976cc4cc1b2,ba17afef01ed78b6,,2026-06-06,Edgar Chairez,99,Flyweight Bout,exact_pair,1.0
ufc-vegas-118-4200,UFC Vegas 118,2026-06-06,https://www.bestfightodds.com/events/ufc-vegas-118-4200,43417,Belal Muhammad,Gabriel Bonfim,/fighters/belal-muhammad-3777,/fighters/gabriel-bonfim-11752,"('belal muhammad', 'gabriel bonfim')",ed8d3c649d26e4bcd5e8,ba17afef01ed78b6,,2026-06-06,Gabriel Bonfim,99,Welterweight Bout,exact_pair,1.0
ufc-vegas-118-4200,UFC Vegas 118,2026-06-06,https://www.bestfightodds.com/events/ufc-vegas-118-4200,43418,Brendan Allen,Edmen Shahbazyan,/fighters/brendan-allen-6203,/fighters/edmen-shahbazyan-8418,"('brendan allen', 'edmen shahbazyan')",f2812ea254580ee66c3a,ba17afef01ed78b6,,2026-06-06,Brendan Allen,99,Middleweight Bout,exact_pair,1.0
ufc-vegas-119-4226,UFC Vegas 119,2026-06-21,https://www.bestfightodds.com/events/ufc-vegas-119-4226,43625,Kyoji Horiguchi,Manel Kape,/fighters/kyoji-horiguchi-4642,/fighters/manel-kape-7510,"('kyoji horiguchi', 'manel kape')",0b5dc6114ac277c111f7,c8661e204c66f325,,2026-06-20,Manel Kape,99,Flyweight Bout,exact_pair,1.0
ufc-vegas-119-4225,UFC Vegas 119,2026-06-20,https://www.bestfightodds.com/events/ufc-vegas-119-4225,43674,Leon Shahbazyan,Levan Chokheli,/fighters/leon-shahbazyan-9169,/fighters/levan-chokheli-11372,"('leon shahbazyan', 'levan chokheli')",14bbd53e291579a005d6,c8661e204c66f325,,2026-06-20,Levan Chokheli,99,Welterweight Bout,exact_pair,1.0
ufc-vegas-119-4225,UFC Vegas 119,2026-06-20,https://www.bestfightodds.com/events/ufc-vegas-119-4225,43646,Andre Lima,Kevin Borjas,/fighters/andre-lima-16132,/fighters/kevin-borjas-9841,"('andre lima', 'kevin borjas')",414286bded2f14efcfea,c8661e204c66f325,,2026-06-20,Kevin Borjas,99,Flyweight Bout,exact_pair,1.0
ufc-vegas-119-4225,UFC Vegas 119,2026-06-20,https://www.bestfightodds.com/events/ufc-vegas-119-4225,43675,Otari Tanzilovi,Shane Collins,/fighters/otari-tanzilovi-19145,/fighters/shane-collins-17726,"('otari tanzilovi', 'shane collins')",636eb49f21c902cd2756,c8661e204c66f325,,2026-06-20,Shane Collins,99,Featherweight Bout,exact_pair,1.0
ufc-vegas-119-4225,UFC Vegas 119,2026-06-20,https://www.bestfightodds.com/events/ufc-vegas-119-4225,43627,Andre Fili,Vinicius Oliveira,/fighters/andre-fili-4466,/fighters/vinicius-oliveira-16540,"('andre fili', 'vinicius oliveira')",6d6e2965a746227ec485,c8661e204c66f325,,2026-06-20,Vinicius Oliveira,99,Featherweight Bout,exact_pair,1.0
ufc-vegas-119-4225,UFC Vegas 119,2026-06-20,https://www.bestfightodds.com/events/ufc-vegas-119-4225,43629,Allan Nascimento,Mitch Raposo,/fighters/allan-nascimento-6373,/fighters/mitch-raposo-10778,"('allan nascimento', 'mitch raposo')",7bd5b6351f4f8b7ef5bd,c8661e204c66f325,,2026-06-20,Mitch Raposo,99,Flyweight Bout,exact_pair,1.0
ufc-vegas-119-4225,UFC Vegas 119,2026-06-20,https://www.bestfightodds.com/events/ufc-vegas-119-4225,43630,Karol Rosa,Luana Santos,/fighters/karol-rosa-9417,/fighters/luana-santos-14049,"('karol rosa', 'luana santos')",82acd9353eb25292c309,c8661e204c66f325,,2026-06-20,Luana Santos,99,Women's Bantamweight Bout,exact_pair,1.0
ufc-vegas-119-4225,UFC Vegas 119,2026-06-20,https://www.bestfightodds.com/events/ufc-vegas-119-4225,43647,Melsik Baghdasaryan,Murtazali Magomedov,/fighters/melsik-baghdasaryan-10282,/fighters/murtazali-magomedov-19901,"('melsik baghdasaryan', 'murtazali magomedov')",c04fbc8eee3321847da0,c8661e204c66f325,,2026-06-20,Murtazali Magomedov,99,Featherweight Bout,exact_pair,1.0
ufc-vegas-119-4225,UFC Vegas 119,2026-06-20,https://www.bestfightodds.com/events/ufc-vegas-119-4225,43648,Bia Mesquita,Melissa Mullins,/fighters/bia-mesquita-14422,/fighters/melissa-mullins-17402,"('bia mesquita', 'melissa mullins')",c3246abf6fc2af026266,c8661e204c66f325,,2026-06-20,Bia Mesquita,99,Women's Bantamweight Bout,exact_pair,1.0
ufc-vegas-119-4225,UFC Vegas 119,2026-06-20,https://www.bestfightodds.com/events/ufc-vegas-119-4225,43628,Christian Rodriguez,Hyder Amil,/fighters/christian-rodriguez-9146,/fighters/hyder-amil-8178,"('christian rodriguez', 'hyder amil')",cda3a3c3df3104a04452,c8661e204c66f325,,2026-06-20,Christian Rodriguez,99,Featherweight Bout,exact_pair,1.0
ufc-vegas-119-4225,UFC Vegas 119,2026-06-20,https://www.bestfightodds.com/events/ufc-vegas-119-4225,43632,Gaston Bolanos,Michael Aswell,/fighters/gaston-bolanos-6991,/fighters/michael-aswell-12369,"('gaston bolanos', 'michael aswell')",e396bb5fdf6427313b93,c8661e204c66f325,,2026-06-20,Gaston Bolanos,99,Featherweight Bout,fuzzy_pair,0.9516129032258065
ufc-vegas-119-4225,UFC Vegas 119,2026-06-20,https://www.bestfightodds.com/events/ufc-vegas-119-4225,43626,Ion Cutelaba,Navajo Stirling,/fighters/ion-cutelaba-4315,/fighters/navajo-stirling-18344,"('ion cutelaba', 'navajo stirling')",fa4ad85b23b894724d2c,c8661e204c66f325,,2026-06-20,Navajo Stirling,99,Light Heavyweight Bout,exact_pair,1.0
ufc-fight-night-4230,UFC Fight Night,2026-06-27,https://www.bestfightodds.com/events/ufc-fight-night-4230,43802,Jefferson Nascimento,Tahir Abdullayev,/fighters/jefferson-nascimento-13783,/fighters/tahir-abdullayev-22321,"('jefferson nascimento', 'tahir abdullayev')",0b820db9d5cf6709ff4f,31e1ea6fe6b682f8,,2026-06-27,Tahir Abdullayev,99,Welterweight Bout,exact_pair,1.0
ufc-fight-night-4230,UFC Fight Night,2026-06-27,https://www.bestfightodds.com/events/ufc-fight-night-4230,43673,Manuel Torres,Rafael Fiziev,/fighters/manuel-torres-11468,/fighters/rafael-fiziev-8258,"('manuel torres', 'rafael fiziev')",0dbc53f6a59072dacd4f,31e1ea6fe6b682f8,,2026-06-27,Rafael Fiziev,99,Lightweight Bout,exact_pair,1.0
ufc-fight-night-4230,UFC Fight Night,2026-06-27,https://www.bestfightodds.com/events/ufc-fight-night-4230,43777,Andrey Pulyaev,Nursulton Ruziboev,/fighters/andrey-pulyaev-18270,/fighters/nursulton-ruziboev-10851,"('andrey pulyaev', 'nursulton ruziboev')",205bb45165f44786ac23,31e1ea6fe6b682f8,,2026-06-27,Nursulton Ruziboev,99,Middleweight Bout,exact_pair,1.0
ufc-fight-night-4230,UFC Fight Night,2026-06-27,https://www.bestfightodds.com/events/ufc-fight-night-4230,43771,Matheus Camilo,Nazim Sadykhov,/fighters/matheus-camilo-13029,/fighters/nazim-sadykhov-9868,"('matheus camilo', 'nazim sadykhov')",33f0d691a15119433744,31e1ea6fe6b682f8,,2026-06-27,Matheus Camilo,99,Lightweight Bout,exact_pair,1.0
ufc-fight-night-4230,UFC Fight Night,2026-06-27,https://www.bestfightodds.com/events/ufc-fight-night-4230,43779,Daniil Donchenko,Theodor Berggren,/fighters/daniil-donchenko-19821,/fighters/theodor-berggren-13364,"('daniil donchenko', 'theodor berggren')",371989525478258a4f97,31e1ea6fe6b682f8,,2026-06-27,Daniil Donchenko,99,Welterweight Bout,exact_pair,1.0
ufc-fight-night-4230,UFC Fight Night,2026-06-27,https://www.bestfightodds.com/events/ufc-fight-night-4230,43773,Brunno Ferreira,Ikram Aliskerov,/fighters/brunno-ferreira-14404,/fighters/ikram-aliskerov-10994,"('brunno ferreira', 'ikram aliskerov')",a78e8a0582f39d9a422a,31e1ea6fe6b682f8,,2026-06-27,Ikram Aliskerov,99,Middleweight Bout,exact_pair,1.0
ufc-fight-night-4230,UFC Fight Night,2026-06-27,https://www.bestfightodds.com/events/ufc-fight-night-4230,43772,Asu Almabayev,Charles Johnson,/fighters/asu-almabayev-16167,/fighters/charles-johnson-7494,"('asu almabayev', 'charles johnson')",bc7d5e47f86204070ea3,31e1ea6fe6b682f8,,2026-06-27,Asu Almabayev,99,Flyweight Bout,exact_pair,1.0
ufc-fight-night-4230,UFC Fight Night,2026-06-27,https://www.bestfightodds.com/events/ufc-fight-night-4230,43774,Abus Magomedov,Michal Oleksiejczuk,/fighters/abus-magomedov-16645,/fighters/michal-oleksiejczuk-7639,"('abus magomedov', 'michal oleksiejczuk')",c5f5275f9f3356771eca,31e1ea6fe6b682f8,,2026-06-27,Abus Magomedov,99,Middleweight Bout,exact_pair,1.0
ufc-fight-night-4230,UFC Fight Night,2026-06-27,https://www.bestfightodds.com/events/ufc-fight-night-4230,43775,Eric Nolan,Farman Hasanov,/fighters/eric-nolan-7010,/fighters/farman-hasanov-17227,"('eric nolan', 'farman hasanov')",edfe774680c3e59bcc37,31e1ea6fe6b682f8,,2026-06-27,Farman Hasanov,99,Welterweight Bout,exact_pair,1.0
ufc-fight-night-4230,UFC Fight Night,2026-06-27,https://www.bestfightodds.com/events/ufc-fight-night-4230,43776,Abdul Rakhman Yakhyaev,Julius Walker,/fighters/abdul-rakhman-yakhyaev-21618,/fighters/julius-walker-19178,"('abdul rakhman yakhyaev', 'julius walker')",ee0c114b568ca85729c7,31e1ea6fe6b682f8,,2026-06-27,Abdul Rakhman Yakhyaev,99,Light Heavyweight Bout,exact_pair,1.0
ufc-fight-night-4230,UFC Fight Night,2026-06-27,https://www.bestfightodds.com/events/ufc-fight-night-4230,43778,Javier Reyes,Kaan Ofli,/fighters/javier-reyes-17630,/fighters/kaan-ofli-18252,"('javier reyes', 'kaan ofli')",f085b6878a4760c0b0e3,31e1ea6fe6b682f8,,2026-06-27,Kaan Ofli,99,Featherweight Bout,exact_pair,1.0
ufc-fight-night-4230,UFC Fight Night,2026-06-27,https://www.bestfightodds.com/events/ufc-fight-night-4230,43780,Bekzat Almakhan,Jean Matsumoto,/fighters/bekzat-almakhan-15004,/fighters/jean-matsumoto-14110,"('bekzat almakhan', 'jean matsumoto')",f19defb934ada1999ee4,31e1ea6fe6b682f8,,2026-06-27,Jean Matsumoto,99,Bantamweight Bout,exact_pair,1.0
ufc-fight-night-4230,UFC Fight Night,2026-06-27,https://www.bestfightodds.com/events/ufc-fight-night-4230,43770,Michel Pereira,Shara Magomedov,/fighters/michel-pereira-9071,/fighters/shara-magomedov-17740,"('michel pereira', 'shara magomedov')",f55185e1d549708a9d1f,31e1ea6fe6b682f8,,2026-06-27,Shara Magomedov,99,Middleweight Bout,exact_pair,1.0
ufc-oklahoma-4195,UFC Oklahoma,2026-07-18,https://www.bestfightodds.com/events/ufc-oklahoma-4195,44008,Alvin Hines,Rj Harris,/fighters/alvin-hines-17040,/fighters/rj-harris-20444,"('alvin hines', 'rj harris')",281ce2a023a74357b7ed,f354c50b8d63d9b3,,2026-07-18,RJ Harris,99,Heavyweight Bout,exact_pair,1.0
ufc-oklahoma-4195,UFC Oklahoma,2026-07-18,https://www.bestfightodds.com/events/ufc-oklahoma-4195,43984,Alden Coria,Stewart Nicoll,/fighters/alden-coria-10859,/fighters/stewart-nicoll-18148,"('alden coria', 'stewart nicoll')",4e1a30372d927b45148e,f354c50b8d63d9b3,,2026-07-18,Alden Coria,99,Flyweight Bout,exact_pair,1.0
ufc-oklahoma-4195,UFC Oklahoma,2026-07-18,https://www.bestfightodds.com/events/ufc-oklahoma-4195,43982,Alberto Montes,Tommy McMillen,/fighters/alberto-montes-9381,/fighters/tommy-mcmillen-18277,"('alberto montes', 'tommy mcmillen')",66dc4a0ecdc2d08082e3,f354c50b8d63d9b3,,2026-07-18,Tommy McMillen,99,Featherweight Bout,exact_pair,1.0
ufc-oklahoma-4195,UFC Oklahoma,2026-07-18,https://www.bestfightodds.com/events/ufc-oklahoma-4195,43993,Jean-Paul Lebosnoyani,Seok Hyun Ko,/fighters/jean-paul-lebosnoyani-14163,/fighters/seok-hyun-ko-18275,"('jean paul lebosnoyani', 'seok hyun ko')",6e9f6397a46d31367ed9,f354c50b8d63d9b3,,2026-07-18,Jean-Paul Lebosnoyani,99,Welterweight Bout,fuzzy_pair,0.9166666666666667
ufc-oklahoma-4195,UFC Oklahoma,2026-07-18,https://www.bestfightodds.com/events/ufc-oklahoma-4195,44109,Damien Anderson,Erza Elliot,/fighters/damien-anderson-17862,/fighters/erza-elliot-22457,"('damien anderson', 'erza elliot')",7049aebfa892a85411f4,f354c50b8d63d9b3,,2026-07-18,Ezra Elliott,99,Featherweight Bout,fuzzy_pair,0.9347826086956521
ufc-oklahoma-4195,UFC Oklahoma,2026-07-18,https://www.bestfightodds.com/events/ufc-oklahoma-4195,43385,Dricus Du Plessis,Kamaru Usman,/fighters/dricus-du-plessis-7951,/fighters/kamaru-usman-4664,"('dricus du plessis', 'kamaru usman')",7c457629f21348751be6,f354c50b8d63d9b3,,2026-07-18,Dricus Du Plessis,99,Middleweight Bout,exact_pair,1.0
ufc-oklahoma-4195,UFC Oklahoma,2026-07-18,https://www.bestfightodds.com/events/ufc-oklahoma-4195,43981,Fatima Kline,Tabatha Ricci,/fighters/fatima-kline-11138,/fighters/tabatha-ricci-10312,"('fatima kline', 'tabatha ricci')",8eb291ad921ad810a74e,f354c50b8d63d9b3,,2026-07-18,Fatima Kline,99,Women's Strawweight Bout,exact_pair,1.0
ufc-oklahoma-4195,UFC Oklahoma,2026-07-18,https://www.bestfightodds.com/events/ufc-oklahoma-4195,43980,Chase Hooper,Mitch Ramirez,/fighters/chase-hooper-8425,/fighters/mitch-ramirez-15736,"('chase hooper', 'mitch ramirez')",a2182e95f8fe84c52ef6,f354c50b8d63d9b3,,2026-07-18,Chase Hooper,99,Lightweight Bout,exact_pair,1.0
ufc-oklahoma-4195,UFC Oklahoma,2026-07-18,https://www.bestfightodds.com/events/ufc-oklahoma-4195,43978,Christian Leroy Duncan,Jared Cannonier,/fighters/christian-leroy-duncan-12577,/fighters/jared-cannonier-5333,"('christian leroy duncan', 'jared cannonier')",ac4b1e2d91f6b715fd6e,f354c50b8d63d9b3,,2026-07-18,Christian Leroy Duncan,99,Middleweight Bout,exact_pair,1.0
ufc-oklahoma-4195,UFC Oklahoma,2026-07-18,https://www.bestfightodds.com/events/ufc-oklahoma-4195,43983,Felipe Franco,Levi Rodrigues,/fighters/felipe-franco-19819,/fighters/levi-rodrigues-14715,"('felipe franco', 'levi rodrigues')",b2364aa5adae45c39dea,f354c50b8d63d9b3,,2026-07-18,Felipe Franco,99,Light Heavyweight Bout,fuzzy_pair,0.9516129032258065
ufc-oklahoma-4195,UFC Oklahoma,2026-07-18,https://www.bestfightodds.com/events/ufc-oklahoma-4195,43992,Austin Bashi,Jose Delgado,/fighters/austin-bashi-10472,/fighters/jose-delgado-18000,"('austin bashi', 'jose delgado')",d1e09f5dd8171f3825e3,f354c50b8d63d9b3,,2026-07-18,Jose Delgado,99,Featherweight Bout,exact_pair,1.0
ufc-oklahoma-4195,UFC Oklahoma,2026-07-18,https://www.bestfightodds.com/events/ufc-oklahoma-4195,43986,Anna Melisano,Dione Barbosa,/fighters/anna-melisano-20700,/fighters/dione-barbosa-12811,"('anna melisano', 'dione barbosa')",ecb02ddefb8b95e86f24,f354c50b8d63d9b3,,2026-07-18,Dione Barbosa,99,Women's Flyweight Bout,exact_pair,1.0
ufc-abu-dhabi-4216,UFC Abu Dhabi,2026-07-25,https://www.bestfightodds.com/events/ufc-abu-dhabi-4216,44101,Bogdan Guskov,Magomed Ankalaev,/fighters/bogdan-guskov-16384,/fighters/magomed-ankalaev-7794,"('bogdan guskov', 'magomed ankalaev')",352b33510046b21c4af1,681d07e328798ec0,,2026-07-25,Magomed Ankalaev,99,Light Heavyweight Bout,exact_pair,1.0
ufc-abu-dhabi-4216,UFC Abu Dhabi,2026-07-25,https://www.bestfightodds.com/events/ufc-abu-dhabi-4216,44099,Damian Rzepecki,Magomed Zaynukov,/fighters/damian-rzepecki-14284,/fighters/magomed-zaynukov-18086,"('damian rzepecki', 'magomed zaynukov')",36e31ecb5e5293d338d9,681d07e328798ec0,,2026-07-25,Magomed Zaynukov,99,Lightweight Bout,exact_pair,1.0
ufc-abu-dhabi-4216,UFC Abu Dhabi,2026-07-25,https://www.bestfightodds.com/events/ufc-abu-dhabi-4216,44108,Axel Sola,Ismael Bonfim,/fighters/axel-sola-11006,/fighters/ismael-bonfim-11723,"('axel sola', 'ismael bonfim')",3b17678a95e04865565a,681d07e328798ec0,,2026-07-25,Axel Sola,99,Lightweight Bout,exact_pair,1.0
ufc-abu-dhabi-4216,UFC Abu Dhabi,2026-07-25,https://www.bestfightodds.com/events/ufc-abu-dhabi-4216,44139,Abubakar Vagaev,Saygid Izagakhmaev,/fighters/abubakar-vagaev-10217,/fighters/saygid-izagakhmaev-8267,"('abubakar vagaev', 'saygid izagakhmaev')",801423d5a5a7374e1cf3,681d07e328798ec0,,2026-07-25,Abubakar Vagaev,99,Welterweight Bout,exact_pair,1.0
ufc-abu-dhabi-4216,UFC Abu Dhabi,2026-07-25,https://www.bestfightodds.com/events/ufc-abu-dhabi-4216,44097,Ramazan Temirov,Steve Erceg,/fighters/ramazan-temirov-18532,/fighters/steve-erceg-17167,"('ramazan temirov', 'steve erceg')",a0845b5e1180cce5c49f,681d07e328798ec0,,2026-07-25,Ramazan Temirov,99,Flyweight Bout,exact_pair,1.0
ufc-abu-dhabi-4216,UFC Abu Dhabi,2026-07-25,https://www.bestfightodds.com/events/ufc-abu-dhabi-4216,44102,Abdul Hussein,Cody Gibson,/fighters/abdul-hussein-7518,/fighters/cody-gibson-1915,"('abdul hussein', 'cody gibson')",a22ee15debd2086f7a41,681d07e328798ec0,,2026-07-25,Abdul Hussein,99,Bantamweight Bout,exact_pair,1.0
ufc-abu-dhabi-4216,UFC Abu Dhabi,2026-07-25,https://www.bestfightodds.com/events/ufc-abu-dhabi-4216,44105,Mike Davis,Nurullo Aliev,/fighters/mike-davis-8423,/fighters/nurullo-aliev-11078,"('mike davis', 'nurullo aliev')",afe0ba3cb12e92511585,681d07e328798ec0,,2026-07-25,Nurullo Aliev,99,Lightweight Bout,exact_pair,1.0
ufc-abu-dhabi-4216,UFC Abu Dhabi,2026-07-25,https://www.bestfightodds.com/events/ufc-abu-dhabi-4216,44106,Sam Patterson,Santiago Ponzinibbio,/fighters/sam-patterson-11410,/fighters/santiago-ponzinibbio-4415,"('sam patterson', 'santiago ponzinibbio')",c37d7252dda9a5078114,681d07e328798ec0,,2026-07-25,Sam Patterson,99,Welterweight Bout,exact_pair,1.0
ufc-abu-dhabi-4216,UFC Abu Dhabi,2026-07-25,https://www.bestfightodds.com/events/ufc-abu-dhabi-4216,44107,Dustin Jacoby,Muhammad Said,/fighters/dustin-jacoby-2939,/fighters/muhammad-said-22007,"('dustin jacoby', 'muhammad said')",d910ec2287e8a70f8029,681d07e328798ec0,,2026-07-25,Muhammad Saidov,99,Light Heavyweight Bout,fuzzy_pair,0.9642857142857143
ufc-abu-dhabi-4216,UFC Abu Dhabi,2026-07-25,https://www.bestfightodds.com/events/ufc-abu-dhabi-4216,44104,Brendson Ribeiro,Magomed Tuchalov,/fighters/brendson-ribeiro-13392,/fighters/magomed-tuchalov-19566,"('brendson ribeiro', 'magomed tuchalov')",e39c7acbd0c482c9689c,681d07e328798ec0,,2026-07-25,Magomed Tuchalov,99,Light Heavyweight Bout,exact_pair,1.0
ufc-abu-dhabi-4216,UFC Abu Dhabi,2026-07-25,https://www.bestfightodds.com/events/ufc-abu-dhabi-4216,44100,Rizvan Kuniev,Tyrell Fortune,/fighters/rizvan-kuniev-12573,/fighters/tyrell-fortune-6735,"('rizvan kuniev', 'tyrell fortune')",f058f881adccadfa28b8,681d07e328798ec0,,2026-07-25,Rizvan Kuniev,99,Heavyweight Bout,exact_pair,1.0
ufc-abu-dhabi-4216,UFC Abu Dhabi,2026-07-25,https://www.bestfightodds.com/events/ufc-abu-dhabi-4216,44103,Thomas Petersen,Valter Walker,/fighters/thomas-petersen-10546,/fighters/valter-walker-17371,"('thomas petersen', 'valter walker')",f3e8a2f420b0dedd2a5e,681d07e328798ec0,,2026-07-25,Valter Walker,99,Heavyweight Bout,exact_pair,1.0
ufc-belgrade-4285,UFC Belgrade,2026-08-01,https://www.bestfightodds.com/events/ufc-belgrade-4285,44225,Bogdan Grad,Dennis Buzukia,/fighters/bogdan-grad-16302,/fighters/dennis-buzukia-16274,"('bogdan grad', 'dennis buzukia')",058f9aea1bb8683475e1,1a50e734bb54861a,,2026-08-01,Bogdan Grad,99,Featherweight Bout,fuzzy_pair,0.9642857142857143
ufc-belgrade-4285,UFC Belgrade,2026-08-01,https://www.bestfightodds.com/events/ufc-belgrade-4285,44227,Hailey Cowan,Nina Milosevic,/fighters/hailey-cowan-8154,/fighters/nina-milosevic-16678,"('hailey cowan', 'nina milosevic')",083a0fa6e6396a8da12d,1a50e734bb54861a,,2026-08-01,Nina Milosevic,99,Women's Bantamweight Bout,exact_pair,1.0
ufc-belgrade-4285,UFC Belgrade,2026-08-01,https://www.bestfightodds.com/events/ufc-belgrade-4285,44221,Gilbert Urbina,Vlasto Cepo,/fighters/gilbert-urbina-8520,/fighters/vlasto-cepo-10177,"('gilbert urbina', 'vlasto cepo')",105ec9d435f1e11186f7,1a50e734bb54861a,,2026-08-01,Gilbert Urbina,99,Middleweight Bout,exact_pair,1.0
ufc-belgrade-4285,UFC Belgrade,2026-08-01,https://www.bestfightodds.com/events/ufc-belgrade-4285,44228,Milos Janicic,Noah Gugnon,/fighters/milos-janicic-9056,/fighters/noah-gugnon-16515,"('milos janicic', 'noah gugnon')",3495b3f90d859d1832fd,1a50e734bb54861a,,2026-08-01,Noah Gugnon,99,Lightweight Bout,exact_pair,1.0
ufc-belgrade-4285,UFC Belgrade,2026-08-01,https://www.bestfightodds.com/events/ufc-belgrade-4285,44226,Kyle Prepolec,Mateusz Rebecki,/fighters/kyle-prepolec-3617,/fighters/mateusz-rebecki-10102,"('kyle prepolec', 'mateusz rebecki')",46f09d9257c18b48fff4,1a50e734bb54861a,,2026-08-01,Mateusz Rebecki,99,Lightweight Bout,exact_pair,1.0
ufc-belgrade-4285,UFC Belgrade,2026-08-01,https://www.bestfightodds.com/events/ufc-belgrade-4285,44217,Daniel Rodriguez,Uros Medic,/fighters/daniel-rodriguez-6856,/fighters/uros-medic-10229,"('daniel rodriguez', 'uros medic')",4eb0053e15c20c645034,1a50e734bb54861a,,2026-08-01,Uros Medic,99,Welterweight Bout,exact_pair,1.0
ufc-belgrade-4285,UFC Belgrade,2026-08-01,https://www.bestfightodds.com/events/ufc-belgrade-4285,44222,Ludovit Klein,Tofiq Musayev,/fighters/ludovit-klein-7610,/fighters/tofiq-musayev-13682,"('ludovit klein', 'tofiq musayev')",5c9419dd61dff4b58d94,1a50e734bb54861a,,2026-08-01,Tofiq Musayev,99,Lightweight Bout,exact_pair,1.0
ufc-belgrade-4285,UFC Belgrade,2026-08-01,https://www.bestfightodds.com/events/ufc-belgrade-4285,44230,Alexander Poppeck,Jovan Leka,/fighters/alexander-poppeck-6696,/fighters/jovan-leka-20125,"('alexander poppeck', 'jovan leka')",9133902a409e189e342c,1a50e734bb54861a,,2026-08-01,Jovan Leka,99,Heavyweight Bout,exact_pair,1.0
ufc-belgrade-4285,UFC Belgrade,2026-08-01,https://www.bestfightodds.com/events/ufc-belgrade-4285,44229,Marina Spasic,Stephanie Luciano,/fighters/marina-spasic-14299,/fighters/stephanie-luciano-11737,"('marina spasic', 'stephanie luciano')",b4b08a33180b7b2d489f,1a50e734bb54861a,,2026-08-01,Stephanie Luciano,99,Women's Strawweight Bout,exact_pair,1.0
ufc-belgrade-4285,UFC Belgrade,2026-08-01,https://www.bestfightodds.com/events/ufc-belgrade-4285,44220,Dusko Todorovic,Robert Valentin,/fighters/dusko-todorovic-9397,/fighters/robert-valentin-13471,"('dusko todorovic', 'robert valentin')",c2f2d7590556bf604804,1a50e734bb54861a,,2026-08-01,Robert Valentin,99,Middleweight Bout,exact_pair,1.0
ufc-belgrade-4285,UFC Belgrade,2026-08-01,https://www.bestfightodds.com/events/ufc-belgrade-4285,44240,Borislav Nikolic,Mark Vologdin,/fighters/borislav-nikolic-10871,/fighters/mark-vologdin-16787,"('borislav nikolic', 'mark vologdin')",cbcd69e82411be35787d,1a50e734bb54861a,,2026-08-01,Borislav Nikolic,99,Bantamweight Bout,exact_pair,1.0
ufc-belgrade-4285,UFC Belgrade,2026-08-01,https://www.bestfightodds.com/events/ufc-belgrade-4285,44218,Jan Blachowicz,Navajo Stirling,/fighters/jan-blachowicz-2371,/fighters/navajo-stirling-18344,"('jan blachowicz', 'navajo stirling')",cdaf555d92c9c46baea7,1a50e734bb54861a,,2026-08-01,Navajo Stirling,99,Light Heavyweight Bout,exact_pair,1.0
ufc-belgrade-4285,UFC Belgrade,2026-08-01,https://www.bestfightodds.com/events/ufc-belgrade-4285,44219,Aleksandar Rakic,Marcin Tybura,/fighters/aleksandar-rakic-7356,/fighters/marcin-tybura-6200,"('aleksandar rakic', 'marcin tybura')",edb821cd03911f78b0fa,1a50e734bb54861a,,2026-08-01,Aleksandar Rakic,99,Heavyweight Bout,exact_pair,1.0
ufc-belgrade-4285,UFC Belgrade,2026-08-01,https://www.bestfightodds.com/events/ufc-belgrade-4285,44223,Michael Oliveira,Oban Elliott,/fighters/michael-oliveira-15143,/fighters/oban-elliott-9107,"('michael oliveira', 'oban elliott')",ef47757f79c77f3d54b4,1a50e734bb54861a,,2026-08-01,Michael Oliveira,99,Welterweight Bout,exact_pair,1.0
ufc-vegas-120-4301,UFC Vegas 120,2026-08-08,https://www.bestfightodds.com/events/ufc-vegas-120-4301,44330,Juliana Miller,Ravena Oliveira,/fighters/juliana-miller-10428,/fighters/ravena-oliveira-16593,"('juliana miller', 'ravena oliveira')",0bbb6a44b95ddfba7f49,495add4fbede0a44,,2026-08-08,Juliana Miller,99,Women's Flyweight Bout,exact_pair,1.0
ufc-vegas-120-4301,UFC Vegas 120,2026-08-08,https://www.bestfightodds.com/events/ufc-vegas-120-4301,44395,Carol Foro,Gigi Canuto,/fighters/carol-foro-17096,/fighters/gigi-canuto-18625,"('carol foro', 'gigi canuto')",8613cae867b6f8aa7214,495add4fbede0a44,,2026-08-08,Carol Foro,99,Women's Strawweight Bout,exact_pair,1.0
ufc-vegas-120-4301,UFC Vegas 120,2026-08-08,https://www.bestfightodds.com/events/ufc-vegas-120-4301,44328,Guilherme Pat,Steven Asplund,/fighters/guilherme-pat-18297,/fighters/steven-asplund-17029,"('guilherme pat', 'steven asplund')",882154759bdbba4d2de9,495add4fbede0a44,,2026-08-08,Steven Asplund,99,Heavyweight Bout,exact_pair,1.0
ufc-vegas-120-4301,UFC Vegas 120,2026-08-08,https://www.bestfightodds.com/events/ufc-vegas-120-4301,44329,Alexia Thainara,Amanda Lemos,/fighters/alexia-thainara-15137,/fighters/amanda-lemos-7335,"('alexia thainara', 'amanda lemos')",886024fece18702766ba,495add4fbede0a44,,2026-08-08,Alexia Thainara,99,Women's Strawweight Bout,exact_pair,1.0
ufc-vegas-120-4301,UFC Vegas 120,2026-08-08,https://www.bestfightodds.com/events/ufc-vegas-120-4301,44327,Jose Montanha,Louie Sutherland,/fighters/jose-montanha-22586,/fighters/louie-sutherland-14257,"('jose montanha', 'louie sutherland')",8d097d505bbce7efec41,495add4fbede0a44,,2026-08-08,Jose Montanha,99,Heavyweight Bout,exact_pair,1.0
ufc-vegas-120-4301,UFC Vegas 120,2026-08-08,https://www.bestfightodds.com/events/ufc-vegas-120-4301,44323,Mateusz Gamrot,Quillan Salkilld,/fighters/mateusz-gamrot-4189,/fighters/quillan-salkilld-16405,"('mateusz gamrot', 'quillan salkilld')",a8d79a68d510ae9cdfd3,495add4fbede0a44,,2026-08-08,Quillan Salkilld,99,Lightweight Bout,exact_pair,1.0
ufc-vegas-120-4301,UFC Vegas 120,2026-08-08,https://www.bestfightodds.com/events/ufc-vegas-120-4301,44325,Darren Elkins,Yadier Del Valle,/fighters/darren-elkins-1768,/fighters/yadier-del-valle-20222,"('darren elkins', 'yadier del valle')",be1cff34cb795dde46a1,495add4fbede0a44,,2026-08-08,Yadier del Valle,99,Featherweight Bout,exact_pair,1.0
ufc-vegas-120-4301,UFC Vegas 120,2026-08-08,https://www.bestfightodds.com/events/ufc-vegas-120-4301,44326,Billy Ray Goff,Ty Miller,/fighters/billy-ray-goff-19415,/fighters/ty-miller-13657,"('billy ray goff', 'ty miller')",c9226cb007c6ac33b60c,495add4fbede0a44,,2026-08-08,Ty Miller,99,Welterweight Bout,exact_pair,1.0
ufc-vegas-120-4301,UFC Vegas 120,2026-08-08,https://www.bestfightodds.com/events/ufc-vegas-120-4301,44324,Billy Quarantillo,Diego Ferreira,/fighters/billy-quarantillo-4159,/fighters/diego-ferreira-5180,"('billy quarantillo', 'diego ferreira')",cf3d43ecedc949bc9a6f,495add4fbede0a44,,2026-08-08,Diego Ferreira,99,Lightweight Bout,exact_pair,1.0
ufc-vegas-120-4301,UFC Vegas 120,2026-08-08,https://www.bestfightodds.com/events/ufc-vegas-120-4301,44331,Bruno Lopes,Diyar Nurgozhay,/fighters/bruno-lopes-14106,/fighters/diyar-nurgozhay-11550,"('bruno lopes', 'diyar nurgozhay')",f40e01554bcd9ac8b517,495add4fbede0a44,,2026-08-08,Diyar Nurgozhay,99,Light Heavyweight Bout,exact_pair,1.0
ufc-vegas-120-4301,UFC Vegas 120,2026-08-08,https://www.bestfightodds.com/events/ufc-vegas-120-4301,44335,Manoel Sousa,Richie Miranda,/fighters/manoel-sousa-13839,/fighters/richie-miranda-12672,"('manoel sousa', 'richie miranda')",f845a492d3340b9edbfd,495add4fbede0a44,,2026-08-08,Manoel Sousa,99,Lightweight Bout,exact_pair,1.0
ufc-vegas-120-4301,UFC Vegas 120,2026-08-08,https://www.bestfightodds.com/events/ufc-vegas-120-4301,44409,Gianni Vazquez,Miles Johns,/fighters/gianni-vazquez-13385,/fighters/miles-johns-5373,"('gianni vazquez', 'miles johns')",f953179d398f36ab9f4c,495add4fbede0a44,,2026-08-08,Miles Johns,99,Featherweight Bout,exact_pair,1.0
