event_id,event_url,event_name,event_date,event_date_iso,event_location,fight_id,fight_url,fight_order,fighter_1_name,fighter_2_name,winner_name,result_code,weight_class,pair_key
eaea0fc7b76525a8,http://ufcstats.com/event-details/eaea0fc7b76525a8,,"February 10, 2024",2024-02-10,"Las Vegas, Nevada, USA",6aa518527baabb354e4e,,99,Max Griffin,Jeremiah Wells,Max Griffin,W,Welterweight Bout,"('jeremiah wells', 'max griffin')"
eaea0fc7b76525a8,http://ufcstats.com/event-details/eaea0fc7b76525a8,,"February 10, 2024",2024-02-10,"Las Vegas, Nevada, USA",ed61008fff23d0fb249a,,99,Trevin Giles,Carlos Prates,Carlos Prates,L,Welterweight Bout,"('carlos prates', 'trevin giles')"
eaea0fc7b76525a8,http://ufcstats.com/event-details/eaea0fc7b76525a8,,"February 10, 2024",2024-02-10,"Las Vegas, Nevada, USA",2e805a40165c58fe9926,,99,Bolaji Oki,Timmy Cuamba,Bolaji Oki,W,Lightweight Bout,"('bolaji oki', 'timmy cuamba')"
eaea0fc7b76525a8,http://ufcstats.com/event-details/eaea0fc7b76525a8,,"February 10, 2024",2024-02-10,"Las Vegas, Nevada, USA",d09bb840c26445b018ca,,99,Devin Clark,Marcin Prachnio,Marcin Prachnio,L,Light Heavyweight Bout,"('devin clark', 'marcin prachnio')"
eaea0fc7b76525a8,http://ufcstats.com/event-details/eaea0fc7b76525a8,,"February 10, 2024",2024-02-10,"Las Vegas, Nevada, USA",79b1fad1bf1dd01a7ab0,,99,Rodolfo Vieira,Armen Petrosyan,Rodolfo Vieira,W,Middleweight Bout,"('armen petrosyan', 'rodolfo vieira')"
eaea0fc7b76525a8,http://ufcstats.com/event-details/eaea0fc7b76525a8,,"February 10, 2024",2024-02-10,"Las Vegas, Nevada, USA",7f73f4b704c52cce7f7b,,99,Michael Johnson,Darrius Flowers,Michael Johnson,W,Lightweight Bout,"('darrius flowers', 'michael johnson')"
eaea0fc7b76525a8,http://ufcstats.com/event-details/eaea0fc7b76525a8,,"February 10, 2024",2024-02-10,"Las Vegas, Nevada, USA",737d67768667aa7beac4,,99,Brad Tavares,Gregory Rodrigues,Gregory Rodrigues,L,Middleweight Bout,"('brad tavares', 'gregory rodrigues')"
eaea0fc7b76525a8,http://ufcstats.com/event-details/eaea0fc7b76525a8,,"February 10, 2024",2024-02-10,"Las Vegas, Nevada, USA",f4e80aa52818764def00,,99,Dan Ige,Andre Fili,Dan Ige,W,Featherweight Bout,"('andre fili', 'dan ige')"
eaea0fc7b76525a8,http://ufcstats.com/event-details/eaea0fc7b76525a8,,"February 10, 2024",2024-02-10,"Las Vegas, Nevada, USA",f41cc62ee3a79aee41c5,,99,Robert Bryczek,Ihor Potieria,Ihor Potieria,L,Middleweight Bout,"('ihor potieria', 'robert bryczek')"
eaea0fc7b76525a8,http://ufcstats.com/event-details/eaea0fc7b76525a8,,"February 10, 2024",2024-02-10,"Las Vegas, Nevada, USA",06628d3426302f94265a,,99,Zac Pauga,Bogdan Guskov,Bogdan Guskov,L,Light Heavyweight Bout,"('bogdan guskov', 'zac pauga')"
eaea0fc7b76525a8,http://ufcstats.com/event-details/eaea0fc7b76525a8,,"February 10, 2024",2024-02-10,"Las Vegas, Nevada, USA",fea94bf868c91c54168e,,99,Loma Lookboonmee,Bruna Brasil,Loma Lookboonmee,W,Women's Strawweight Bout,"('bruna brasil', 'loma lookboonmee')"
cce79e827569f26e,http://ufcstats.com/event-details/cce79e827569f26e,,"February 03, 2024",2024-02-03,"Las Vegas, Nevada, USA",a952c0e819c9cf006b7f,,99,Thomas Petersen,Jamal Pogues,Jamal Pogues,L,Heavyweight Bout,"('jamal pogues', 'thomas petersen')"
eaea0fc7b76525a8,http://ufcstats.com/event-details/eaea0fc7b76525a8,,"February 10, 2024",2024-02-10,"Las Vegas, Nevada, USA",72983d92c87d33142fd3,,99,Jack Hermansson,Joe Pyfer,Jack Hermansson,W,Middleweight Bout,"('jack hermansson', 'joe pyfer')"
cce79e827569f26e,http://ufcstats.com/event-details/cce79e827569f26e,,"February 03, 2024",2024-02-03,"Las Vegas, Nevada, USA",e9e1f791135daef3093f,,99,Landon Quinones,MarQuel Mederos,MarQuel Mederos,L,Lightweight Bout,"('landon quinones', 'marquel mederos')"
cce79e827569f26e,http://ufcstats.com/event-details/cce79e827569f26e,,"February 03, 2024",2024-02-03,"Las Vegas, Nevada, USA",c3475d0bce54ad65f871,,99,Luana Carolina,Julija Stoliarenko,Luana Carolina,W,Women's Flyweight Bout,"('julija stoliarenko', 'luana carolina')"
eaea0fc7b76525a8,http://ufcstats.com/event-details/eaea0fc7b76525a8,,"February 10, 2024",2024-02-10,"Las Vegas, Nevada, USA",79d2fde5ca14fdaa0272,,99,Fernie Garcia,Hyder Amil,Hyder Amil,L,Featherweight Bout,"('fernie garcia', 'hyder amil')"
bd85ca0bb4f26cfc,http://ufcstats.com/event-details/bd85ca0bb4f26cfc,,"January 20, 2024",2024-01-20,"Toronto, Ontario, Canada",fe5fc08c9550c8d4399c,,99,Sean Strickland,Dricus Du Plessis,Dricus Du Plessis,L,UFC Middleweight Title Bout,"('dricus du plessis', 'sean strickland')"
010986ee359fb863,http://ufcstats.com/event-details/010986ee359fb863,,"January 13, 2024",2024-01-13,"Las Vegas, Nevada, USA",09bde55e0cf4cecefd1b,,99,Matthew Semelsberger,Preston Parsons,Preston Parsons,L,Welterweight Bout,"('matt semelsberger', 'preston parsons')"
010986ee359fb863,http://ufcstats.com/event-details/010986ee359fb863,,"January 13, 2024",2024-01-13,"Las Vegas, Nevada, USA",50d3302b08480437837a,,99,Marcus McGhee,Gaston Bolanos,Marcus McGhee,W,Bantamweight Bout,"('gaston bolanos', 'marcus mcghee')"
010986ee359fb863,http://ufcstats.com/event-details/010986ee359fb863,,"January 13, 2024",2024-01-13,"Las Vegas, Nevada, USA",ec5931735bb1aaae3259,,99,Magomed Ankalaev,Johnny Walker,Magomed Ankalaev,W,Light Heavyweight Bout,"('johnny walker', 'magomed ankalaev')"
010986ee359fb863,http://ufcstats.com/event-details/010986ee359fb863,,"January 13, 2024",2024-01-13,"Las Vegas, Nevada, USA",cd922769130b4951b12b,,99,Farid Basharat,Taylor Lapilus,Farid Basharat,W,Bantamweight Bout,"('farid basharat', 'taylor lapilus')"
bd85ca0bb4f26cfc,http://ufcstats.com/event-details/bd85ca0bb4f26cfc,,"January 20, 2024",2024-01-20,"Toronto, Ontario, Canada",dd6558e025968097504d,,99,Malcolm Gordon,Jimmy Flick,Jimmy Flick,L,Flyweight Bout,"('jimmy flick', 'malcolm gordon')"
bd85ca0bb4f26cfc,http://ufcstats.com/event-details/bd85ca0bb4f26cfc,,"January 20, 2024",2024-01-20,"Toronto, Ontario, Canada",6592ccc1e9478909f041,,99,Yohan Lainesse,Sam Patterson,Sam Patterson,L,Welterweight Bout,"('sam patterson', 'yohan lainesse')"
bd85ca0bb4f26cfc,http://ufcstats.com/event-details/bd85ca0bb4f26cfc,,"January 20, 2024",2024-01-20,"Toronto, Ontario, Canada",95ac157acb7a19e2a372,,99,Jasmine Jasudavicius,Priscila Cachoeira,Jasmine Jasudavicius,W,Women's Bantamweight Bout,"('jasmine jasudavicius', 'priscila cachoeira')"
bd85ca0bb4f26cfc,http://ufcstats.com/event-details/bd85ca0bb4f26cfc,,"January 20, 2024",2024-01-20,"Toronto, Ontario, Canada",f5281b466197f4cf14ce,,99,Chris Curtis,Marc-Andre Barriault,Chris Curtis,W,Middleweight Bout,"('chris curtis', 'marc andre barriault')"
bd85ca0bb4f26cfc,http://ufcstats.com/event-details/bd85ca0bb4f26cfc,,"January 20, 2024",2024-01-20,"Toronto, Ontario, Canada",1492e73aa5ab656ab950,,99,Charles Jourdain,Sean Woodson,Sean Woodson,L,Featherweight Bout,"('charles jourdain', 'sean woodson')"
bd85ca0bb4f26cfc,http://ufcstats.com/event-details/bd85ca0bb4f26cfc,,"January 20, 2024",2024-01-20,"Toronto, Ontario, Canada",187ad9db437c5c94c03b,,99,Neil Magny,Mike Malott,Neil Magny,W,Welterweight Bout,"('mike malott', 'neil magny')"
bd85ca0bb4f26cfc,http://ufcstats.com/event-details/bd85ca0bb4f26cfc,,"January 20, 2024",2024-01-20,"Toronto, Ontario, Canada",15176ffb34a83da505a2,,99,Brad Katona,Garrett Armfield,Garrett Armfield,L,Bantamweight Bout,"('brad katona', 'garrett armfield')"
bd85ca0bb4f26cfc,http://ufcstats.com/event-details/bd85ca0bb4f26cfc,,"January 20, 2024",2024-01-20,"Toronto, Ontario, Canada",976a9b9c88a74b57c476,,99,Gillian Robertson,Polyana Viana,Gillian Robertson,W,Women's Strawweight Bout,"('gillian robertson', 'polyana viana')"
bd85ca0bb4f26cfc,http://ufcstats.com/event-details/bd85ca0bb4f26cfc,,"January 20, 2024",2024-01-20,"Toronto, Ontario, Canada",a511d0f6b1e28ec2540e,,99,Serhiy Sidey,Ramon Taveras,Ramon Taveras,L,Bantamweight Bout,"('ramon taveras', 'serhiy sidey')"
bd85ca0bb4f26cfc,http://ufcstats.com/event-details/bd85ca0bb4f26cfc,,"January 20, 2024",2024-01-20,"Toronto, Ontario, Canada",6145c102248eb5ed9f0a,,99,Arnold Allen,Movsar Evloev,Movsar Evloev,L,Featherweight Bout,"('arnold allen', 'movsar evloev')"
010986ee359fb863,http://ufcstats.com/event-details/010986ee359fb863,,"January 13, 2024",2024-01-13,"Las Vegas, Nevada, USA",c5d25e2e780f37cfddf7,,99,Nikolas Motta,Tom Nolan,Nikolas Motta,W,Lightweight Bout,"('nikolas motta', 'tom nolan')"
cce79e827569f26e,http://ufcstats.com/event-details/cce79e827569f26e,,"February 03, 2024",2024-02-03,"Las Vegas, Nevada, USA",666ce1b6308df1ecae91,,99,JeongYeong Lee,Blake Bilder,JeongYeong Lee,W,Featherweight Bout,"('blake bilder', 'jeongyeong lee')"
010986ee359fb863,http://ufcstats.com/event-details/010986ee359fb863,,"January 13, 2024",2024-01-13,"Las Vegas, Nevada, USA",40c6363af256ee6a975c,,99,Joshua Van,Felipe Bunes,Joshua Van,W,Flyweight Bout,"('felipe bunes', 'joshua van')"
010986ee359fb863,http://ufcstats.com/event-details/010986ee359fb863,,"January 13, 2024",2024-01-13,"Las Vegas, Nevada, USA",4ca17d32dfb75e06e9f3,,99,Andrei Arlovski,Waldo Cortes-Acosta,Waldo Cortes-Acosta,L,Heavyweight Bout,"('andrei arlovski', 'waldo cortes acosta')"
cce79e827569f26e,http://ufcstats.com/event-details/cce79e827569f26e,,"February 03, 2024",2024-02-03,"Las Vegas, Nevada, USA",1f14f075e86ea0558add,,99,Themba Gorimbo,Pete Rodriguez,Themba Gorimbo,W,Welterweight Bout,"('pete rodriguez', 'themba gorimbo')"
010986ee359fb863,http://ufcstats.com/event-details/010986ee359fb863,,"January 13, 2024",2024-01-13,"Las Vegas, Nevada, USA",fe0e8fe7c17e71c65d25,,99,Westin Wilson,Jean Silva,Jean Silva,L,Featherweight Bout,"('jean silva', 'westin wilson')"
bd85ca0bb4f26cfc,http://ufcstats.com/event-details/bd85ca0bb4f26cfc,,"January 20, 2024",2024-01-20,"Toronto, Ontario, Canada",1e16863c041e77cb547b,,99,Raquel Pennington,Mayra Bueno Silva,Raquel Pennington,W,UFC Women's Bantamweight Title Bout,"('mayra bueno silva', 'raquel pennington')"
cce79e827569f26e,http://ufcstats.com/event-details/cce79e827569f26e,,"February 03, 2024",2024-02-03,"Las Vegas, Nevada, USA",ef6ffc1e660d28a1511b,,99,Azat Maksum,Charles Johnson,Charles Johnson,L,Flyweight Bout,"('azat maksum', 'charles johnson')"
010986ee359fb863,http://ufcstats.com/event-details/010986ee359fb863,,"January 13, 2024",2024-01-13,"Las Vegas, Nevada, USA",15fe37ad36976bc981ae,,99,Phil Hawes,Brunno Ferreira,Brunno Ferreira,L,Middleweight Bout,"('brunno ferreira', 'phil hawes')"
cce79e827569f26e,http://ufcstats.com/event-details/cce79e827569f26e,,"February 03, 2024",2024-02-03,"Las Vegas, Nevada, USA",9f86d8850afb7019b422,,99,Molly McCann,Diana Belbita,Molly McCann,W,Women's Strawweight Bout,"('diana belbita', 'molly mccann')"
010986ee359fb863,http://ufcstats.com/event-details/010986ee359fb863,,"January 13, 2024",2024-01-13,"Las Vegas, Nevada, USA",0d35dc46797421685d5e,,99,Jim Miller,Gabriel Benitez,Jim Miller,W,Lightweight Bout,"('gabriel benitez', 'jim miller')"
cce79e827569f26e,http://ufcstats.com/event-details/cce79e827569f26e,,"February 03, 2024",2024-02-03,"Las Vegas, Nevada, USA",babf5f6886501bda22c9,,99,Gilbert Urbina,Charles Radtke,Charles Radtke,L,Welterweight Bout,"('charles radtke', 'gilbert urbina')"
010986ee359fb863,http://ufcstats.com/event-details/010986ee359fb863,,"January 13, 2024",2024-01-13,"Las Vegas, Nevada, USA",ea16545c9eb46d19815b,,99,Ricky Simon,Mario Bautista,Mario Bautista,L,Bantamweight Bout,"('mario bautista', 'ricky simon')"
cce79e827569f26e,http://ufcstats.com/event-details/cce79e827569f26e,,"February 03, 2024",2024-02-03,"Las Vegas, Nevada, USA",c942b6f6bce61c1346a0,,99,Viviane Araujo,Natalia Silva,Natalia Silva,L,Women's Flyweight Bout,"('natalia silva', 'viviane araujo')"
cce79e827569f26e,http://ufcstats.com/event-details/cce79e827569f26e,,"February 03, 2024",2024-02-03,"Las Vegas, Nevada, USA",e7ba15d738abe50b90f6,,99,Randy Brown,Muslim Salikhov,Randy Brown,W,Welterweight Bout,"('muslim salikhov', 'randy brown')"
cce79e827569f26e,http://ufcstats.com/event-details/cce79e827569f26e,,"February 03, 2024",2024-02-03,"Las Vegas, Nevada, USA",171e512f703ca1e098a7,,99,Renato Moicano,Drew Dober,Renato Moicano,W,Lightweight Bout,"('drew dober', 'renato moicano')"
cce79e827569f26e,http://ufcstats.com/event-details/cce79e827569f26e,,"February 03, 2024",2024-02-03,"Las Vegas, Nevada, USA",2d9a95ee45caae25269b,,99,Roman Dolidze,Nassourdine Imavov,Nassourdine Imavov,L,Middleweight Bout,"('nassourdine imavov', 'roman dolidze')"
dab0e6cb8c932162,http://ufcstats.com/event-details/dab0e6cb8c932162,,"February 17, 2024",2024-02-17,"Anaheim, California, USA",2ea13e39a797cffb711b,,99,Rinya Nakamura,Carlos Vera,Rinya Nakamura,W,Bantamweight Bout,"('carlos vera', 'rinya nakamura')"
dab0e6cb8c932162,http://ufcstats.com/event-details/dab0e6cb8c932162,,"February 17, 2024",2024-02-17,"Anaheim, California, USA",aca5501bd9735ba97d98,,99,Andrea Lee,Miranda Maverick,Miranda Maverick,L,Women's Flyweight Bout,"('andrea lee', 'miranda maverick')"
dab0e6cb8c932162,http://ufcstats.com/event-details/dab0e6cb8c932162,,"February 17, 2024",2024-02-17,"Anaheim, California, USA",65a05fe6a7cf56426a32,,99,Josh Quinlan,Danny Barlow,Danny Barlow,L,Welterweight Bout,"('danny barlow', 'josh quinlan')"
dab0e6cb8c932162,http://ufcstats.com/event-details/dab0e6cb8c932162,,"February 17, 2024",2024-02-17,"Anaheim, California, USA",83dc04ebc13aa1a05f85,,99,Anthony Hernandez,Roman Kopylov,Anthony Hernandez,W,Middleweight Bout,"('anthony hernandez', 'roman kopylov')"
dab0e6cb8c932162,http://ufcstats.com/event-details/dab0e6cb8c932162,,"February 17, 2024",2024-02-17,"Anaheim, California, USA",5165ac684af9505d8636,,99,Zhang Mingyang,Brendson Ribeiro,Zhang Mingyang,W,Light Heavyweight Bout,"('brendson ribeiro', 'zhang mingyang')"
dab0e6cb8c932162,http://ufcstats.com/event-details/dab0e6cb8c932162,,"February 17, 2024",2024-02-17,"Anaheim, California, USA",ed633de0961105b82c69,,99,Oban Elliott,Val Woodburn,Oban Elliott,W,Welterweight Bout,"('oban elliott', 'val woodburn')"
dab0e6cb8c932162,http://ufcstats.com/event-details/dab0e6cb8c932162,,"February 17, 2024",2024-02-17,"Anaheim, California, USA",4d2a3ea06d770eec3aef,,99,Marcos Rogerio de Lima,Junior Tafa,Marcos Rogerio de Lima,W,Heavyweight Bout,"('jr tafa', 'marcos rogerio de lima')"
dab0e6cb8c932162,http://ufcstats.com/event-details/dab0e6cb8c932162,,"February 17, 2024",2024-02-17,"Anaheim, California, USA",aeead159a4437eae8a8c,,99,Merab Dvalishvili,Henry Cejudo,Merab Dvalishvili,W,Bantamweight Bout,"('henry cejudo', 'merab dvalishvili')"
dab0e6cb8c932162,http://ufcstats.com/event-details/dab0e6cb8c932162,,"February 17, 2024",2024-02-17,"Anaheim, California, USA",5e3b58f5b30041b963f5,,99,Alexander Volkanovski,Ilia Topuria,Ilia Topuria,L,UFC Featherweight Title Bout,"('alexander volkanovski', 'ilia topuria')"
dab0e6cb8c932162,http://ufcstats.com/event-details/dab0e6cb8c932162,,"February 17, 2024",2024-02-17,"Anaheim, California, USA",c381689ec7002be9d678,,99,Amanda Lemos,Mackenzie Dern,Amanda Lemos,W,Women's Strawweight Bout,"('amanda lemos', 'mackenzie dern')"
dab0e6cb8c932162,http://ufcstats.com/event-details/dab0e6cb8c932162,,"February 17, 2024",2024-02-17,"Anaheim, California, USA",a372dd6209fe06d39602,,99,Geoff Neal,Ian Machado Garry,Ian Machado Garry,L,Welterweight Bout,"('geoff neal', 'ian machado garry')"
dab0e6cb8c932162,http://ufcstats.com/event-details/dab0e6cb8c932162,,"February 17, 2024",2024-02-17,"Anaheim, California, USA",00bdb1b9a94fb3249366,,99,Robert Whittaker,Paulo Costa,Robert Whittaker,W,Middleweight Bout,"('paulo costa', 'robert whittaker')"
902ab9197b83d0db,http://ufcstats.com/event-details/902ab9197b83d0db,,"February 24, 2024",2024-02-24,"Mexico City, Distrito Federal, Mexico",5090fdb9b82dada93990,,99,Erik Silva,Muhammad Naimov,Muhammad Naimov,L,Featherweight Bout,"('erik silva', 'muhammad naimov')"
902ab9197b83d0db,http://ufcstats.com/event-details/902ab9197b83d0db,,"February 24, 2024",2024-02-24,"Mexico City, Distrito Federal, Mexico",d4c1e89678bfade5622e,,99,Claudio Puelles,Fares Ziam,Fares Ziam,L,Lightweight Bout,"('claudio puelles', 'fares ziam')"
902ab9197b83d0db,http://ufcstats.com/event-details/902ab9197b83d0db,,"February 24, 2024",2024-02-24,"Mexico City, Distrito Federal, Mexico",20c71339ca21f89c6441,,99,Ronaldo Rodriguez,Denys Bondar,Ronaldo Rodriguez,W,Flyweight Bout,"('denys bondar', 'ronaldo rodriguez')"
902ab9197b83d0db,http://ufcstats.com/event-details/902ab9197b83d0db,,"February 24, 2024",2024-02-24,"Mexico City, Distrito Federal, Mexico",3a9877497034792d2867,,99,Victor Altamirano,Felipe dos Santos,Felipe dos Santos,L,Flyweight Bout,"('felipe dos santos', 'victor altamirano')"
902ab9197b83d0db,http://ufcstats.com/event-details/902ab9197b83d0db,,"February 24, 2024",2024-02-24,"Mexico City, Distrito Federal, Mexico",4d66185f3822f50d3d9d,,99,Manuel Torres,Chris Duncan,Manuel Torres,W,Lightweight Bout,"('chris duncan', 'manuel torres')"
902ab9197b83d0db,http://ufcstats.com/event-details/902ab9197b83d0db,,"February 24, 2024",2024-02-24,"Mexico City, Distrito Federal, Mexico",9f845f23071da9a3a1bd,,99,Cristian Quinonez,Raoni Barcelos,Raoni Barcelos,L,Bantamweight Bout,"('cristian quinonez', 'raoni barcelos')"
902ab9197b83d0db,http://ufcstats.com/event-details/902ab9197b83d0db,,"February 24, 2024",2024-02-24,"Mexico City, Distrito Federal, Mexico",dccfa4eed46a2d9fc245,,99,Edgar Chairez,Daniel Lacerda,Edgar Chairez,W,Flyweight Bout,"('daniel lacerda', 'edgar chairez')"
902ab9197b83d0db,http://ufcstats.com/event-details/902ab9197b83d0db,,"February 24, 2024",2024-02-24,"Mexico City, Distrito Federal, Mexico",625a9afc36476ab6e456,,99,Jesus Aguilar,Mateus Mendonca,Jesus Aguilar,W,Flyweight Bout,"('jesus aguilar', 'mateus mendonca')"
902ab9197b83d0db,http://ufcstats.com/event-details/902ab9197b83d0db,,"February 24, 2024",2024-02-24,"Mexico City, Distrito Federal, Mexico",8848002a97c00f32e2ce,,99,Daniel Zellhuber,Francisco Prado,Daniel Zellhuber,W,Lightweight Bout,"('daniel zellhuber', 'francisco prado')"
902ab9197b83d0db,http://ufcstats.com/event-details/902ab9197b83d0db,,"February 24, 2024",2024-02-24,"Mexico City, Distrito Federal, Mexico",16f0b118cc455f7498cc,,99,Yazmin Jauregui,Sam Hughes,Yazmin Jauregui,W,Women's Strawweight Bout,"('sam hughes', 'yazmin jauregui')"
902ab9197b83d0db,http://ufcstats.com/event-details/902ab9197b83d0db,,"February 24, 2024",2024-02-24,"Mexico City, Distrito Federal, Mexico",591bae381de411608876,,99,Brandon Moreno,Brandon Royval,Brandon Royval,L,Flyweight Bout,"('brandon moreno', 'brandon royval')"
902ab9197b83d0db,http://ufcstats.com/event-details/902ab9197b83d0db,,"February 24, 2024",2024-02-24,"Mexico City, Distrito Federal, Mexico",c633a07f4ec1a80c673e,,99,Yair Rodriguez,Brian Ortega,Brian Ortega,L,Featherweight Bout,"('brian ortega', 'yair rodriguez')"
e4a9dbade7c7e1a7,http://ufcstats.com/event-details/e4a9dbade7c7e1a7,,"March 02, 2024",2024-03-02,"Las Vegas, Nevada, USA",4119ef8a8af1e012718e,,99,Abdul-Kareem Al-Selwady,Loik Radzhabov,Loik Radzhabov,L,Lightweight Bout,"('abdul kareem al selwady', 'loik radzhabov')"
e4a9dbade7c7e1a7,http://ufcstats.com/event-details/e4a9dbade7c7e1a7,,"March 02, 2024",2024-03-02,"Las Vegas, Nevada, USA",21ff3572d07c9552d096,,99,Ludovit Klein,AJ Cunningham,Ludovit Klein,W,Lightweight Bout,"('aj cunningham', 'ludovit klein')"
e4a9dbade7c7e1a7,http://ufcstats.com/event-details/e4a9dbade7c7e1a7,,"March 02, 2024",2024-03-02,"Las Vegas, Nevada, USA",fb0d2dfd70d4f603876c,,99,Umar Nurmagomedov,Bekzat Almakhan,Umar Nurmagomedov,W,Bantamweight Bout,"('bekzat almakhan', 'umar nurmagomedov')"
e4a9dbade7c7e1a7,http://ufcstats.com/event-details/e4a9dbade7c7e1a7,,"March 02, 2024",2024-03-02,"Las Vegas, Nevada, USA",1ce6db4216255a63c095,,99,Vinicius Oliveira,Benardo Sopaj,Vinicius Oliveira,W,Bantamweight Bout,"('benardo sopaj', 'vinicius oliveira')"
e4a9dbade7c7e1a7,http://ufcstats.com/event-details/e4a9dbade7c7e1a7,,"March 02, 2024",2024-03-02,"Las Vegas, Nevada, USA",6ac36c2e3bcfbd711191,,99,Matt Schnell,Steve Erceg,Steve Erceg,L,Flyweight Bout,"('matt schnell', 'steve erceg')"
e4a9dbade7c7e1a7,http://ufcstats.com/event-details/e4a9dbade7c7e1a7,,"March 02, 2024",2024-03-02,"Las Vegas, Nevada, USA",1274fb280c34f16a29cf,,99,Christian Leroy Duncan,Claudio Ribeiro,Christian Leroy Duncan,W,Middleweight Bout,"('christian leroy duncan', 'claudio ribeiro')"
e4a9dbade7c7e1a7,http://ufcstats.com/event-details/e4a9dbade7c7e1a7,,"March 02, 2024",2024-03-02,"Las Vegas, Nevada, USA",6d53dac5d8618e3c3b5d,,99,Aiemann Zahabi,Javid Basharat,Aiemann Zahabi,W,Bantamweight Bout,"('aiemann zahabi', 'javid basharat')"
e4a9dbade7c7e1a7,http://ufcstats.com/event-details/e4a9dbade7c7e1a7,,"March 02, 2024",2024-03-02,"Las Vegas, Nevada, USA",59ca2689fd2bba346cd2,,99,Alex Perez,Muhammad Mokaev,Muhammad Mokaev,L,Flyweight Bout,"('alex perez', 'muhammad mokaev')"
e4a9dbade7c7e1a7,http://ufcstats.com/event-details/e4a9dbade7c7e1a7,,"March 02, 2024",2024-03-02,"Las Vegas, Nevada, USA",a771c91f25565ef67136,,99,Vitor Petrino,Tyson Pedro,Vitor Petrino,W,Light Heavyweight Bout,"('tyson pedro', 'vitor petrino')"
e4a9dbade7c7e1a7,http://ufcstats.com/event-details/e4a9dbade7c7e1a7,,"March 02, 2024",2024-03-02,"Las Vegas, Nevada, USA",22a9aca846329f88b2a1,,99,Eryk Anders,Jamie Pickett,Eryk Anders,W,Middleweight Bout,"('eryk anders', 'jamie pickett')"
c398235fcaf8d71d,http://ufcstats.com/event-details/c398235fcaf8d71d,,"March 16, 2024",2024-03-16,"Las Vegas, Nevada, USA",f1d1e4b989d15b058d51,,99,Josh Culibao,Danny Silva,Danny Silva,L,Featherweight Bout,"('danny silva', 'josh culibao')"
c398235fcaf8d71d,http://ufcstats.com/event-details/c398235fcaf8d71d,,"March 16, 2024",2024-03-16,"Las Vegas, Nevada, USA",f735be83ad1398197d28,,99,Jaqueline Amorim,Cory McKenna,Jaqueline Amorim,W,Women's Strawweight Bout,"('cory mckenna', 'jaqueline amorim')"
c398235fcaf8d71d,http://ufcstats.com/event-details/c398235fcaf8d71d,,"March 16, 2024",2024-03-16,"Las Vegas, Nevada, USA",873db7693c6a516659c9,,99,Thiago Moises,Mitch Ramirez,Thiago Moises,W,Lightweight Bout,"('mitch ramirez', 'thiago moises')"
c398235fcaf8d71d,http://ufcstats.com/event-details/c398235fcaf8d71d,,"March 16, 2024",2024-03-16,"Las Vegas, Nevada, USA",55547b8762e101f25fb0,,99,Jafel Filho,Ode Osbourne,Jafel Filho,W,Flyweight Bout,"('jafel filho', 'ode osbourne')"
c398235fcaf8d71d,http://ufcstats.com/event-details/c398235fcaf8d71d,,"March 16, 2024",2024-03-16,"Las Vegas, Nevada, USA",01b10f5ddecc5f03b870,,99,Gerald Meerschaert,Bryan Barberena,Gerald Meerschaert,W,Middleweight Bout,"('bryan barberena', 'gerald meerschaert')"
c398235fcaf8d71d,http://ufcstats.com/event-details/c398235fcaf8d71d,,"March 16, 2024",2024-03-16,"Las Vegas, Nevada, USA",9d2201bb8fbf37895bb1,,99,Charalampos Grigoriou,Chad Anheliger,Chad Anheliger,L,Bantamweight Bout,"('chad anheliger', 'charalampos grigoriou')"
c398235fcaf8d71d,http://ufcstats.com/event-details/c398235fcaf8d71d,,"March 16, 2024",2024-03-16,"Las Vegas, Nevada, USA",14e91b68dc54c8b54cad,,99,Natan Levy,Mike Davis,Mike Davis,L,Lightweight Bout,"('mike davis', 'natan levy')"
c398235fcaf8d71d,http://ufcstats.com/event-details/c398235fcaf8d71d,,"March 16, 2024",2024-03-16,"Las Vegas, Nevada, USA",baba566de6b9e6df1ee5,,99,Pannie Kianzad,Macy Chiasson,Macy Chiasson,L,Women's Bantamweight Bout,"('macy chiasson', 'pannie kianzad')"
c398235fcaf8d71d,http://ufcstats.com/event-details/c398235fcaf8d71d,,"March 16, 2024",2024-03-16,"Las Vegas, Nevada, USA",2c1111e04477fedd57e3,,99,Ovince Saint Preux,Kennedy Nzechukwu,Ovince Saint Preux,W,Light Heavyweight Bout,"('kennedy nzechukwu', 'ovince st preux')"
c398235fcaf8d71d,http://ufcstats.com/event-details/c398235fcaf8d71d,,"March 16, 2024",2024-03-16,"Las Vegas, Nevada, USA",c0e76533180528eeeab5,,99,Josiane Nunes,Chelsea Chandler,Chelsea Chandler,L,Women's Bantamweight Bout,"('chelsea chandler', 'josiane nunes')"
c398235fcaf8d71d,http://ufcstats.com/event-details/c398235fcaf8d71d,,"March 16, 2024",2024-03-16,"Las Vegas, Nevada, USA",e76444392b6a9eeec125,,99,Christian Rodriguez,Isaac Dulgarian,Christian Rodriguez,W,Featherweight Bout,"('christian rodriguez', 'isaac dulgarian')"
a9df5ae20a97b090,http://ufcstats.com/event-details/a9df5ae20a97b090,,"March 09, 2024",2024-03-09,"Miami, Florida, USA",99fb035e72b5e6943c58,,99,Petr Yan,Song Yadong,Petr Yan,W,Bantamweight Bout,"('petr yan', 'song yadong')"
c398235fcaf8d71d,http://ufcstats.com/event-details/c398235fcaf8d71d,,"March 16, 2024",2024-03-16,"Las Vegas, Nevada, USA",2edd7c698fcce55cbd3d,,99,Tai Tuivasa,Marcin Tybura,Marcin Tybura,L,Heavyweight Bout,"('marcin tybura', 'tai tuivasa')"
a9df5ae20a97b090,http://ufcstats.com/event-details/a9df5ae20a97b090,,"March 09, 2024",2024-03-09,"Miami, Florida, USA",8a77f18238e1c6275bae,,99,Joanne Wood,Maryna Moroz,Joanne Wood,W,Women's Flyweight Bout,"('joanne wood', 'maryna moroz')"
a9df5ae20a97b090,http://ufcstats.com/event-details/a9df5ae20a97b090,,"March 09, 2024",2024-03-09,"Miami, Florida, USA",c09c5df32745df8002e1,,99,Curtis Blaydes,Jailton Almeida,Curtis Blaydes,W,Heavyweight Bout,"('curtis blaydes', 'jailton almeida')"
a9df5ae20a97b090,http://ufcstats.com/event-details/a9df5ae20a97b090,,"March 09, 2024",2024-03-09,"Miami, Florida, USA",26fc8f276d5947414e55,,99,Gilbert Burns,Jack Della Maddalena,Jack Della Maddalena,L,Welterweight Bout,"('gilbert burns', 'jack della maddalena')"
a9df5ae20a97b090,http://ufcstats.com/event-details/a9df5ae20a97b090,,"March 09, 2024",2024-03-09,"Miami, Florida, USA",837dbf6901033843734d,,99,CJ Vergara,Asu Almabayev,Asu Almabayev,L,Flyweight Bout,"('asu almabayev', 'cj vergara')"
a9df5ae20a97b090,http://ufcstats.com/event-details/a9df5ae20a97b090,,"March 09, 2024",2024-03-09,"Miami, Florida, USA",bf8eb5da33679f5c8405,,99,Robelis Despaigne,Josh Parisian,Robelis Despaigne,W,Heavyweight Bout,"('josh parisian', 'robelis despaigne')"
a9df5ae20a97b090,http://ufcstats.com/event-details/a9df5ae20a97b090,,"March 09, 2024",2024-03-09,"Miami, Florida, USA",658604bfe193411e9b93,,99,Mateusz Gamrot,Rafael Dos Anjos,Mateusz Gamrot,W,Lightweight Bout,"('mateusz gamrot', 'rafael dos anjos')"
a9df5ae20a97b090,http://ufcstats.com/event-details/a9df5ae20a97b090,,"March 09, 2024",2024-03-09,"Miami, Florida, USA",7ff6078e5230c8bd739f,,99,Pedro Munhoz,Kyler Phillips,Kyler Phillips,L,Bantamweight Bout,"('kyler phillips', 'pedro munhoz')"
a9df5ae20a97b090,http://ufcstats.com/event-details/a9df5ae20a97b090,,"March 09, 2024",2024-03-09,"Miami, Florida, USA",5dea188f67ad6adcae6a,,99,Ion Cutelaba,Philipe Lins,Philipe Lins,L,Light Heavyweight Bout,"('ion cutelaba', 'philipe lins')"
a9df5ae20a97b090,http://ufcstats.com/event-details/a9df5ae20a97b090,,"March 09, 2024",2024-03-09,"Miami, Florida, USA",ebd59d4e4a8ad1cdb256,,99,Dustin Poirier,Benoit Saint Denis,Dustin Poirier,W,Lightweight Bout,"('benoit saint denis', 'dustin poirier')"
a9df5ae20a97b090,http://ufcstats.com/event-details/a9df5ae20a97b090,,"March 09, 2024",2024-03-09,"Miami, Florida, USA",9375e043b8990f22a714,,99,Michel Pereira,Michal Oleksiejczuk,Michel Pereira,W,Middleweight Bout,"('michal oleksiejczuk', 'michel pereira')"
a9df5ae20a97b090,http://ufcstats.com/event-details/a9df5ae20a97b090,,"March 09, 2024",2024-03-09,"Miami, Florida, USA",caacb01e1bf23ce49afa,,99,Kevin Holland,Michael Page,Michael Page,L,Welterweight Bout,"('kevin holland', 'michael page')"
a9df5ae20a97b090,http://ufcstats.com/event-details/a9df5ae20a97b090,,"March 09, 2024",2024-03-09,"Miami, Florida, USA",3d8c57a6f10ca6d1cff8,,99,Katlyn Cerminara,Maycee Barber,Maycee Barber,L,Women's Flyweight Bout,"('katlyn cerminara', 'maycee barber')"
a9df5ae20a97b090,http://ufcstats.com/event-details/a9df5ae20a97b090,,"March 09, 2024",2024-03-09,"Miami, Florida, USA",7e964819f0415225136d,,99,Sean O'Malley,Marlon Vera,Sean O'Malley,W,UFC Bantamweight Title Bout,"('marlon vera', 'sean omalley')"
6750e338922a099d,http://ufcstats.com/event-details/6750e338922a099d,,"April 13, 2024",2024-04-13,"Las Vegas, Nevada, USA",b12fe710508293522bbf,,99,Holly Holm,Kayla Harrison,Kayla Harrison,L,Women's Bantamweight Bout,"('holly holm', 'kayla harrison')"
6750e338922a099d,http://ufcstats.com/event-details/6750e338922a099d,,"April 13, 2024",2024-04-13,"Las Vegas, Nevada, USA",1d40ceb0117d7ae963c1,,99,Sodiq Yusuff,Diego Lopes,Diego Lopes,L,Featherweight Bout,"('diego lopes', 'sodiq yusuff')"
6750e338922a099d,http://ufcstats.com/event-details/6750e338922a099d,,"April 13, 2024",2024-04-13,"Las Vegas, Nevada, USA",1d7c286062bb0e13d1e2,,99,Jalin Turner,Renato Moicano,Renato Moicano,L,Lightweight Bout,"('jalin turner', 'renato moicano')"
6750e338922a099d,http://ufcstats.com/event-details/6750e338922a099d,,"April 13, 2024",2024-04-13,"Las Vegas, Nevada, USA",40a35a37e71c67535e09,,99,Deiveson Figueiredo,Cody Garbrandt,Deiveson Figueiredo,W,Bantamweight Bout,"('cody garbrandt', 'deiveson figueiredo')"
6750e338922a099d,http://ufcstats.com/event-details/6750e338922a099d,,"April 13, 2024",2024-04-13,"Las Vegas, Nevada, USA",eab5f4e22515965424ad,,99,Bobby Green,Jim Miller,Bobby Green,W,Lightweight Bout,"('bobby green', 'jim miller')"
6750e338922a099d,http://ufcstats.com/event-details/6750e338922a099d,,"April 13, 2024",2024-04-13,"Las Vegas, Nevada, USA",ef30f68fc54484f60160,,99,Jessica Andrade,Marina Rodriguez,Jessica Andrade,W,Women's Strawweight Bout,"('jessica andrade', 'marina rodriguez')"
6750e338922a099d,http://ufcstats.com/event-details/6750e338922a099d,,"April 13, 2024",2024-04-13,"Las Vegas, Nevada, USA",2540f87429e1837bf4f7,,99,Calvin Kattar,Aljamain Sterling,Aljamain Sterling,L,Featherweight Bout,"('aljamain sterling', 'calvin kattar')"
6750e338922a099d,http://ufcstats.com/event-details/6750e338922a099d,,"April 13, 2024",2024-04-13,"Las Vegas, Nevada, USA",a497be0022632a3ca0e2,,99,Bo Nickal,Cody Brundage,Bo Nickal,W,Middleweight Bout,"('bo nickal', 'cody brundage')"
6750e338922a099d,http://ufcstats.com/event-details/6750e338922a099d,,"April 13, 2024",2024-04-13,"Las Vegas, Nevada, USA",2cc566bc61716863c40d,,99,Charles Oliveira,Arman Tsarukyan,Arman Tsarukyan,L,Lightweight Bout,"('arman tsarukyan', 'charles oliveira')"
6750e338922a099d,http://ufcstats.com/event-details/6750e338922a099d,,"April 13, 2024",2024-04-13,"Las Vegas, Nevada, USA",d6f41d362be606a87863,,99,Jiri Prochazka,Aleksandar Rakic,Jiri Prochazka,W,Light Heavyweight Bout,"('aleksandar rakic', 'jiri prochazka')"
6750e338922a099d,http://ufcstats.com/event-details/6750e338922a099d,,"April 13, 2024",2024-04-13,"Las Vegas, Nevada, USA",47a2f505d7613e646e7d,,99,Justin Gaethje,Max Holloway,Max Holloway,L,Lightweight Bout,"('justin gaethje', 'max holloway')"
6750e338922a099d,http://ufcstats.com/event-details/6750e338922a099d,,"April 13, 2024",2024-04-13,"Las Vegas, Nevada, USA",56a06e151e11c7083a95,,99,Zhang Weili,Yan Xiaonan,Zhang Weili,W,UFC Women's Strawweight Title Bout,"('yan xiaonan', 'zhang weili')"
981ab7a0576f76a0,http://ufcstats.com/event-details/981ab7a0576f76a0,,"May 04, 2024",2024-05-04,"Rio de Janeiro, Rio de Janeiro, Brazil",7e3fb9e8618b845acdcc,,99,Alessandro Costa,Kevin Borjas,Alessandro Costa,W,Flyweight Bout,"('alessandro costa', 'kevin borjas')"
981ab7a0576f76a0,http://ufcstats.com/event-details/981ab7a0576f76a0,,"May 04, 2024",2024-05-04,"Rio de Janeiro, Rio de Janeiro, Brazil",8bceef552674acfb8fb8,,99,Ismael Bonfim,Vinc Pichel,Ismael Bonfim,W,Lightweight Bout,"('ismael bonfim', 'vinc pichel')"
981ab7a0576f76a0,http://ufcstats.com/event-details/981ab7a0576f76a0,,"May 04, 2024",2024-05-04,"Rio de Janeiro, Rio de Janeiro, Brazil",dfdd09034fcc9af3f7dd,,99,Mauricio Ruffy,Jamie Mullarkey,Mauricio Ruffy,W,Lightweight Bout,"('jamie mullarkey', 'mauricio ruffy')"
dba230fe33011201,http://ufcstats.com/event-details/dba230fe33011201,,"March 30, 2024",2024-03-30,"Atlantic City, New Jersey, USA",bbe26ad8df606f9ec70d,,99,Andre Petroski,Jacob Malkoun,Jacob Malkoun,L,Middleweight Bout,"('andre petroski', 'jacob malkoun')"
981ab7a0576f76a0,http://ufcstats.com/event-details/981ab7a0576f76a0,,"May 04, 2024",2024-05-04,"Rio de Janeiro, Rio de Janeiro, Brazil",3a480b87f59469cb1faa,,99,Elves Brener,Myktybek Orolbai,Myktybek Orolbai,L,Lightweight Bout,"('elves brener', 'myktybek orolbai')"
981ab7a0576f76a0,http://ufcstats.com/event-details/981ab7a0576f76a0,,"May 04, 2024",2024-05-04,"Rio de Janeiro, Rio de Janeiro, Brazil",e531477f0d4333376bb2,,99,Joaquim Silva,Drakkar Klose,Drakkar Klose,L,Lightweight Bout,"('drakkar klose', 'joaquim silva')"
981ab7a0576f76a0,http://ufcstats.com/event-details/981ab7a0576f76a0,,"May 04, 2024",2024-05-04,"Rio de Janeiro, Rio de Janeiro, Brazil",4edea6d1be7655ad29bb,,99,Dione Barbosa,Ernesta Kareckaite,Dione Barbosa,W,Women's Flyweight Bout,"('dione barbosa', 'ernesta kareckaite')"
6750e338922a099d,http://ufcstats.com/event-details/6750e338922a099d,,"April 13, 2024",2024-04-13,"Las Vegas, Nevada, USA",6511b13f35231710542e,,99,Alex Pereira,Jamahal Hill,Alex Pereira,W,UFC Light Heavyweight Title Bout,"('alex pereira', 'jamahal hill')"
981ab7a0576f76a0,http://ufcstats.com/event-details/981ab7a0576f76a0,,"May 04, 2024",2024-05-04,"Rio de Janeiro, Rio de Janeiro, Brazil",31de5d8a253102b0a08f,,99,Paul Craig,Caio Borralho,Caio Borralho,L,Middleweight Bout,"('caio borralho', 'paul craig')"
981ab7a0576f76a0,http://ufcstats.com/event-details/981ab7a0576f76a0,,"May 04, 2024",2024-05-04,"Rio de Janeiro, Rio de Janeiro, Brazil",aab8949c6641aebd0499,,99,Jack Shore,Joanderson Brito,Joanderson Brito,L,Featherweight Bout,"('jack shore', 'joanderson brito')"
981ab7a0576f76a0,http://ufcstats.com/event-details/981ab7a0576f76a0,,"May 04, 2024",2024-05-04,"Rio de Janeiro, Rio de Janeiro, Brazil",063d720dc8d85c114e15,,99,Anthony Smith,Vitor Petrino,Anthony Smith,W,Light Heavyweight Bout,"('anthony smith', 'vitor petrino')"
981ab7a0576f76a0,http://ufcstats.com/event-details/981ab7a0576f76a0,,"May 04, 2024",2024-05-04,"Rio de Janeiro, Rio de Janeiro, Brazil",0776892fcc9c886b92c6,,99,Michel Pereira,Ihor Potieria,Michel Pereira,W,Middleweight Bout,"('ihor potieria', 'michel pereira')"
981ab7a0576f76a0,http://ufcstats.com/event-details/981ab7a0576f76a0,,"May 04, 2024",2024-05-04,"Rio de Janeiro, Rio de Janeiro, Brazil",3b0d60ccce44dada503d,,99,Jose Aldo,Jonathan Martinez,Jose Aldo,W,Bantamweight Bout,"('jonathan martinez', 'jose aldo')"
981ab7a0576f76a0,http://ufcstats.com/event-details/981ab7a0576f76a0,,"May 04, 2024",2024-05-04,"Rio de Janeiro, Rio de Janeiro, Brazil",8887711ea26010e9fd52,,99,Karolina Kowalkiewicz,Iasmin Lucindo,Iasmin Lucindo,L,Women's Strawweight Bout,"('iasmin lucindo', 'karolina kowalkiewicz')"
dba230fe33011201,http://ufcstats.com/event-details/dba230fe33011201,,"March 30, 2024",2024-03-30,"Atlantic City, New Jersey, USA",1d56e5bb536780be347b,,99,Angel Pacheco,Caolan Loughran,Caolan Loughran,L,Bantamweight Bout,"('angel pacheco', 'caolan loughran')"
981ab7a0576f76a0,http://ufcstats.com/event-details/981ab7a0576f76a0,,"May 04, 2024",2024-05-04,"Rio de Janeiro, Rio de Janeiro, Brazil",c5a841afab8026dcda0a,,99,Alexandre Pantoja,Steve Erceg,Alexandre Pantoja,W,UFC Flyweight Title Bout,"('alexandre pantoja', 'steve erceg')"
a16ce18149021139,http://ufcstats.com/event-details/a16ce18149021139,,"April 27, 2024",2024-04-27,"Las Vegas, Nevada, USA",cf04951361d7fef86cc1,,99,Gabriel Benitez,Maheshate,Maheshate,L,Lightweight Bout,"('gabriel benitez', 'maheshate')"
a16ce18149021139,http://ufcstats.com/event-details/a16ce18149021139,,"April 27, 2024",2024-04-27,"Las Vegas, Nevada, USA",24f71fc7188d25264f39,,99,James Llontop,Chris Padilla,Chris Padilla,L,Lightweight Bout,"('chris padilla', 'james llontop')"
a16ce18149021139,http://ufcstats.com/event-details/a16ce18149021139,,"April 27, 2024",2024-04-27,"Las Vegas, Nevada, USA",ea1b9a5282acb7e52449,,99,Ivana Petrovic,Liang Na,Ivana Petrovic,W,Women's Flyweight Bout,"('ivana petrovic', 'liang na')"
a16ce18149021139,http://ufcstats.com/event-details/a16ce18149021139,,"April 27, 2024",2024-04-27,"Las Vegas, Nevada, USA",cbc7f73be7e3294a2e44,,99,Don'Tale Mayes,Caio Machado,Don'Tale Mayes,W,Heavyweight Bout,"('caio machado', 'dontale mayes')"
a16ce18149021139,http://ufcstats.com/event-details/a16ce18149021139,,"April 27, 2024",2024-04-27,"Las Vegas, Nevada, USA",b2feaac845630664d0e5,,99,Marnic Mann,Ketlen Souza,Ketlen Souza,L,Women's Strawweight Bout,"('ketlen souza', 'marnic mann')"
a16ce18149021139,http://ufcstats.com/event-details/a16ce18149021139,,"April 27, 2024",2024-04-27,"Las Vegas, Nevada, USA",1d048e682abc86cee9a8,,99,Austin Hubbard,Michal Figlak,Austin Hubbard,W,Lightweight Bout,"('austin hubbard', 'michal figlak')"
a16ce18149021139,http://ufcstats.com/event-details/a16ce18149021139,,"April 27, 2024",2024-04-27,"Las Vegas, Nevada, USA",753a9d193c5db68edcf0,,99,Jonathan Pearce,David Onama,David Onama,L,Featherweight Bout,"('david onama', 'jonathan pearce')"
a16ce18149021139,http://ufcstats.com/event-details/a16ce18149021139,,"April 27, 2024",2024-04-27,"Las Vegas, Nevada, USA",f736386646b73fecbe2c,,99,Ryan Spann,Bogdan Guskov,Bogdan Guskov,L,Light Heavyweight Bout,"('bogdan guskov', 'ryan spann')"
a16ce18149021139,http://ufcstats.com/event-details/a16ce18149021139,,"April 27, 2024",2024-04-27,"Las Vegas, Nevada, USA",65ef46cc7746371427ec,,99,Rani Yahya,Victor Henry,Victor Henry,L,Bantamweight Bout,"('rani yahya', 'victor henry')"
a16ce18149021139,http://ufcstats.com/event-details/a16ce18149021139,,"April 27, 2024",2024-04-27,"Las Vegas, Nevada, USA",561b32ba4490662c010c,,99,Tim Means,Uros Medic,Uros Medic,L,Welterweight Bout,"('tim means', 'uros medic')"
a16ce18149021139,http://ufcstats.com/event-details/a16ce18149021139,,"April 27, 2024",2024-04-27,"Las Vegas, Nevada, USA",06296e1cfce365125078,,99,Ariane da Silva,Karine Silva,Karine Silva,L,Women's Flyweight Bout,"('ariane da silva', 'karine silva')"
a16ce18149021139,http://ufcstats.com/event-details/a16ce18149021139,,"April 27, 2024",2024-04-27,"Las Vegas, Nevada, USA",dad7041c48559bb4e2c9,,99,Austen Lane,Jhonata Diniz,Jhonata Diniz,L,Heavyweight Bout,"('austen lane', 'jhonata diniz')"
79ff6545b0abc685,http://ufcstats.com/event-details/79ff6545b0abc685,,"March 23, 2024",2024-03-23,"Las Vegas, Nevada, USA",be90ffed19365ef8c6bd,,99,Mohammed Usman,Mick Parkin,Mick Parkin,L,Heavyweight Bout,"('mick parkin', 'mohammed usman')"
79ff6545b0abc685,http://ufcstats.com/event-details/79ff6545b0abc685,,"March 23, 2024",2024-03-23,"Las Vegas, Nevada, USA",6d8e1f9c4f899cfff85c,,99,Igor Severino,Andre Lima,Andre Lima,L,Flyweight Bout,"('andre lima', 'igor severino')"
79ff6545b0abc685,http://ufcstats.com/event-details/79ff6545b0abc685,,"March 23, 2024",2024-03-23,"Las Vegas, Nevada, USA",cdf75d2178abaa18d002,,99,Montserrat Rendon,Daria Zhelezniakova,Daria Zhelezniakova,L,Women's Bantamweight Bout,"('daria zhelezniakova', 'montserrat rendon')"
a16ce18149021139,http://ufcstats.com/event-details/a16ce18149021139,,"April 27, 2024",2024-04-27,"Las Vegas, Nevada, USA",b5ba25323661b4c2784c,,99,Matheus Nicolau,Alex Perez,Alex Perez,L,Flyweight Bout,"('alex perez', 'matheus nicolau')"
79ff6545b0abc685,http://ufcstats.com/event-details/79ff6545b0abc685,,"March 23, 2024",2024-03-23,"Las Vegas, Nevada, USA",7e487a83cbb8e7c895c9,,99,Jarno Errens,Steven Nguyen,Jarno Errens,W,Featherweight Bout,"('jarno errens', 'steven nguyen')"
79ff6545b0abc685,http://ufcstats.com/event-details/79ff6545b0abc685,,"March 23, 2024",2024-03-23,"Las Vegas, Nevada, USA",f8cb651494d32d88af82,,99,Kurt Holobaugh,Trey Ogden,Trey Ogden,L,Lightweight Bout,"('kurt holobaugh', 'trey ogden')"
79ff6545b0abc685,http://ufcstats.com/event-details/79ff6545b0abc685,,"March 23, 2024",2024-03-23,"Las Vegas, Nevada, USA",9d6b7b4940f41ac474e0,,99,Ricardo Ramos,Julian Erosa,Julian Erosa,L,Featherweight Bout,"('julian erosa', 'ricardo ramos')"
79ff6545b0abc685,http://ufcstats.com/event-details/79ff6545b0abc685,,"March 23, 2024",2024-03-23,"Las Vegas, Nevada, USA",12431e57407555ddbec5,,99,Miles Johns,Cody Gibson,Miles Johns,W,Bantamweight Bout,"('cody gibson', 'miles johns')"
79ff6545b0abc685,http://ufcstats.com/event-details/79ff6545b0abc685,,"March 23, 2024",2024-03-23,"Las Vegas, Nevada, USA",1dd6ed47da137f6f206c,,99,Fernando Padilla,Luis Pajuelo,Fernando Padilla,W,Featherweight Bout,"('fernando padilla', 'luis pajuelo')"
79ff6545b0abc685,http://ufcstats.com/event-details/79ff6545b0abc685,,"March 23, 2024",2024-03-23,"Las Vegas, Nevada, USA",3d090fbe916c3c58d87d,,99,Edmen Shahbazyan,AJ Dobson,Edmen Shahbazyan,W,Middleweight Bout,"('aj dobson', 'edmen shahbazyan')"
79ff6545b0abc685,http://ufcstats.com/event-details/79ff6545b0abc685,,"March 23, 2024",2024-03-23,"Las Vegas, Nevada, USA",8dc1894c0d00d3d39dea,,99,Payton Talbott,Cameron Saaiman,Payton Talbott,W,Bantamweight Bout,"('cameron saaiman', 'payton talbott')"
79ff6545b0abc685,http://ufcstats.com/event-details/79ff6545b0abc685,,"March 23, 2024",2024-03-23,"Las Vegas, Nevada, USA",7ed70101f7a1066f115d,,99,Billy Quarantillo,Youssef Zalal,Youssef Zalal,L,Featherweight Bout,"('billy quarantillo', 'youssef zalal')"
79ff6545b0abc685,http://ufcstats.com/event-details/79ff6545b0abc685,,"March 23, 2024",2024-03-23,"Las Vegas, Nevada, USA",ab48c0a79a3596cdab37,,99,Karl Williams,Justin Tafa,Karl Williams,W,Heavyweight Bout,"('justin tafa', 'karl williams')"
899eaba48fa864a6,http://ufcstats.com/event-details/899eaba48fa864a6,,"April 06, 2024",2024-04-06,"Las Vegas, Nevada, USA",d0e15a22c7b620390322,,99,Melissa Mullins,Nora Cornolle,Nora Cornolle,L,Women's Bantamweight Bout,"('melissa mullins', 'nora cornolle')"
79ff6545b0abc685,http://ufcstats.com/event-details/79ff6545b0abc685,,"March 23, 2024",2024-03-23,"Las Vegas, Nevada, USA",729efef70a0ea0de27b3,,99,Amanda Ribas,Rose Namajunas,Rose Namajunas,L,Women's Flyweight Bout,"('amanda ribas', 'rose namajunas')"
899eaba48fa864a6,http://ufcstats.com/event-details/899eaba48fa864a6,,"April 06, 2024",2024-04-06,"Las Vegas, Nevada, USA",915f6cf587dd55fc9086,,99,Dylan Budka,Cesar Almeida,Cesar Almeida,L,Middleweight Bout,"('cesar almeida', 'dylan budka')"
899eaba48fa864a6,http://ufcstats.com/event-details/899eaba48fa864a6,,"April 06, 2024",2024-04-06,"Las Vegas, Nevada, USA",13c24fa89d09ff8fc185,,99,Norma Dumont,Germaine de Randamie,Norma Dumont,W,Women's Bantamweight Bout,"('germaine de randamie', 'norma dumont')"
899eaba48fa864a6,http://ufcstats.com/event-details/899eaba48fa864a6,,"April 06, 2024",2024-04-06,"Las Vegas, Nevada, USA",db289563086f137c15c8,,99,Dan Argueta,Jean Matsumoto,Jean Matsumoto,L,Bantamweight Bout,"('dan argueta', 'jean matsumoto')"
899eaba48fa864a6,http://ufcstats.com/event-details/899eaba48fa864a6,,"April 06, 2024",2024-04-06,"Las Vegas, Nevada, USA",d8f2372d606cbd759317,,99,Pedro Falcao,Victor Hugo,Victor Hugo,L,Bantamweight Bout,"('pedro falcao', 'victor hugo')"
899eaba48fa864a6,http://ufcstats.com/event-details/899eaba48fa864a6,,"April 06, 2024",2024-04-06,"Las Vegas, Nevada, USA",1b68280885ab273a5373,,99,Court McGee,Alex Morono,Alex Morono,L,Welterweight Bout,"('alex morono', 'court mcgee')"
899eaba48fa864a6,http://ufcstats.com/event-details/899eaba48fa864a6,,"April 06, 2024",2024-04-06,"Las Vegas, Nevada, USA",0b4d146a4398b97c5c36,,99,Trevor Peek,Charlie Campbell,Charlie Campbell,L,Lightweight Bout,"('charlie campbell', 'trevor peek')"
899eaba48fa864a6,http://ufcstats.com/event-details/899eaba48fa864a6,,"April 06, 2024",2024-04-06,"Las Vegas, Nevada, USA",088d48d86cd87be36b2d,,99,Valter Walker,Lukasz Brzeski,Lukasz Brzeski,L,Heavyweight Bout,"('lukasz brzeski', 'valter walker')"
5dfe71ade71f3a4b,http://ufcstats.com/event-details/5dfe71ade71f3a4b,,"May 11, 2024",2024-05-11,"St. Louis, Missouri, USA",1223d7e1cfda2c264cb8,,99,JJ Aldrich,Veronica Hardy,Veronica Hardy,L,Women's Flyweight Bout,"('jj aldrich', 'veronica hardy')"
5dfe71ade71f3a4b,http://ufcstats.com/event-details/5dfe71ade71f3a4b,,"May 11, 2024",2024-05-11,"St. Louis, Missouri, USA",3bacc1ae18ba366b8a59,,99,Billy Ray Goff,Trey Waters,Trey Waters,L,Welterweight Bout,"('billy ray goff', 'trey waters')"
5dfe71ade71f3a4b,http://ufcstats.com/event-details/5dfe71ade71f3a4b,,"May 11, 2024",2024-05-11,"St. Louis, Missouri, USA",4162cf2ea662245a5879,,99,Tabatha Ricci,Tecia Pennington,Tabatha Ricci,W,Women's Strawweight Bout,"('tabatha ricci', 'tecia pennington')"
5dfe71ade71f3a4b,http://ufcstats.com/event-details/5dfe71ade71f3a4b,,"May 11, 2024",2024-05-11,"St. Louis, Missouri, USA",da85d6aee3bfe1a95058,,99,Terrance McKinney,Esteban Ribovics,Esteban Ribovics,L,Lightweight Bout,"('esteban ribovics', 'terrance mckinney')"
5dfe71ade71f3a4b,http://ufcstats.com/event-details/5dfe71ade71f3a4b,,"May 11, 2024",2024-05-11,"St. Louis, Missouri, USA",9924b3f84a2a8fbcf192,,99,Chase Hooper,Viacheslav Borshchev,Chase Hooper,W,Lightweight Bout,"('chase hooper', 'viacheslav borshchev')"
5dfe71ade71f3a4b,http://ufcstats.com/event-details/5dfe71ade71f3a4b,,"May 11, 2024",2024-05-11,"St. Louis, Missouri, USA",34caec375f49514ebf0b,,99,Waldo Cortes-Acosta,Robelis Despaigne,Waldo Cortes-Acosta,W,Heavyweight Bout,"('robelis despaigne', 'waldo cortes acosta')"
5dfe71ade71f3a4b,http://ufcstats.com/event-details/5dfe71ade71f3a4b,,"May 11, 2024",2024-05-11,"St. Louis, Missouri, USA",d452acc80779a31e2121,,99,Charles Johnson,Jake Hadley,Charles Johnson,W,Flyweight Bout,"('charles johnson', 'jake hadley')"
899eaba48fa864a6,http://ufcstats.com/event-details/899eaba48fa864a6,,"April 06, 2024",2024-04-06,"Las Vegas, Nevada, USA",111e0f1018d7a8bda086,,99,Morgan Charriere,Chepe Mariscal,Chepe Mariscal,L,Featherweight Bout,"('chepe mariscal', 'morgan charriere')"
5dfe71ade71f3a4b,http://ufcstats.com/event-details/5dfe71ade71f3a4b,,"May 11, 2024",2024-05-11,"St. Louis, Missouri, USA",211bbe346fb72665a8bb,,99,Diego Ferreira,Mateusz Rebecki,Diego Ferreira,W,Lightweight Bout,"('diego ferreira', 'mateusz rebecki')"
5dfe71ade71f3a4b,http://ufcstats.com/event-details/5dfe71ade71f3a4b,,"May 11, 2024",2024-05-11,"St. Louis, Missouri, USA",eaf9ef8878737d6856e5,,99,Alex Caceres,Sean Woodson,Sean Woodson,L,Featherweight Bout,"('alex caceres', 'sean woodson')"
5dfe71ade71f3a4b,http://ufcstats.com/event-details/5dfe71ade71f3a4b,,"May 11, 2024",2024-05-11,"St. Louis, Missouri, USA",1ed65c3a967e930d8391,,99,Alonzo Menifield,Carlos Ulberg,Carlos Ulberg,L,Light Heavyweight Bout,"('alonzo menifield', 'carlos ulberg')"
5dfe71ade71f3a4b,http://ufcstats.com/event-details/5dfe71ade71f3a4b,,"May 11, 2024",2024-05-11,"St. Louis, Missouri, USA",4e4f90e45a3e53880857,,99,Joaquin Buckley,Nursulton Ruziboev,Joaquin Buckley,W,Welterweight Bout,"('joaquin buckley', 'nursulton ruziboev')"
5dfe71ade71f3a4b,http://ufcstats.com/event-details/5dfe71ade71f3a4b,,"May 11, 2024",2024-05-11,"St. Louis, Missouri, USA",ce383652b75dbf1bafa5,,99,Derrick Lewis,Rodrigo Nascimento,Derrick Lewis,W,Heavyweight Bout,"('derrick lewis', 'rodrigo nascimento')"
899eaba48fa864a6,http://ufcstats.com/event-details/899eaba48fa864a6,,"April 06, 2024",2024-04-06,"Las Vegas, Nevada, USA",28d675aa0e82388cde52,,99,Alexander Hernandez,Damon Jackson,Damon Jackson,L,Featherweight Bout,"('alexander hernandez', 'damon jackson')"
899eaba48fa864a6,http://ufcstats.com/event-details/899eaba48fa864a6,,"April 06, 2024",2024-04-06,"Las Vegas, Nevada, USA",50b06369aaddd8d68c63,,99,Ignacio Bahamondes,Christos Giagos,Ignacio Bahamondes,W,Lightweight Bout,"('christos giagos', 'ignacio bahamondes')"
899eaba48fa864a6,http://ufcstats.com/event-details/899eaba48fa864a6,,"April 06, 2024",2024-04-06,"Las Vegas, Nevada, USA",2a6d61db5d1c98127dbd,,99,Brendan Allen,Chris Curtis,Brendan Allen,W,Middleweight Bout,"('brendan allen', 'chris curtis')"
dba230fe33011201,http://ufcstats.com/event-details/dba230fe33011201,,"March 30, 2024",2024-03-30,"Atlantic City, New Jersey, USA",e242d3f1e5138111faf5,,99,Ibo Aslan,Anton Turkalj,Ibo Aslan,W,Light Heavyweight Bout,"('anton turkalj', 'ibo aslan')"
dba230fe33011201,http://ufcstats.com/event-details/dba230fe33011201,,"March 30, 2024",2024-03-30,"Atlantic City, New Jersey, USA",29b92b9227462eb4fafe,,99,Nate Landwehr,Jamall Emmers,Nate Landwehr,W,Featherweight Bout,"('jamall emmers', 'nate landwehr')"
dba230fe33011201,http://ufcstats.com/event-details/dba230fe33011201,,"March 30, 2024",2024-03-30,"Atlantic City, New Jersey, USA",79e044030dcb30c9e963,,99,Dennis Buzukja,Connor Matthews,Dennis Buzukja,W,Featherweight Bout,"('connor matthews', 'dennis buzukja')"
dba230fe33011201,http://ufcstats.com/event-details/dba230fe33011201,,"March 30, 2024",2024-03-30,"Atlantic City, New Jersey, USA",ea340f4ae16f299559b2,,99,Julio Arce,Herbert Burns,Julio Arce,W,Featherweight Bout,"('herbert burns', 'julio arce')"
dba230fe33011201,http://ufcstats.com/event-details/dba230fe33011201,,"March 30, 2024",2024-03-30,"Atlantic City, New Jersey, USA",c1c8a185d801dfda09b9,,99,Virna Jandiroba,Loopy Godinez,Virna Jandiroba,W,Women's Strawweight Bout,"('loopy godinez', 'virna jandiroba')"
dba230fe33011201,http://ufcstats.com/event-details/dba230fe33011201,,"March 30, 2024",2024-03-30,"Atlantic City, New Jersey, USA",553dd54ec7756929719f,,99,Bill Algeo,Kyle Nelson,Kyle Nelson,L,Featherweight Bout,"('bill algeo', 'kyle nelson')"
dba230fe33011201,http://ufcstats.com/event-details/dba230fe33011201,,"March 30, 2024",2024-03-30,"Atlantic City, New Jersey, USA",633ff0c016eea26ec9fa,,99,Nursulton Ruziboev,Sedriques Dumas,Nursulton Ruziboev,W,Middleweight Bout,"('nursulton ruziboev', 'sedriques dumas')"
dba230fe33011201,http://ufcstats.com/event-details/dba230fe33011201,,"March 30, 2024",2024-03-30,"Atlantic City, New Jersey, USA",aa92992292a52534eb1a,,99,Chidi Njokuani,Rhys McKee,Chidi Njokuani,W,Welterweight Bout,"('chidi njokuani', 'rhys mckee')"
dba230fe33011201,http://ufcstats.com/event-details/dba230fe33011201,,"March 30, 2024",2024-03-30,"Atlantic City, New Jersey, USA",d6b1d6899d0d2a41d0fd,,99,Vicente Luque,Joaquin Buckley,Joaquin Buckley,L,Welterweight Bout,"('joaquin buckley', 'vicente luque')"
dba230fe33011201,http://ufcstats.com/event-details/dba230fe33011201,,"March 30, 2024",2024-03-30,"Atlantic City, New Jersey, USA",7fa1008034e49e1fe858,,99,Erin Blanchfield,Manon Fiorot,Manon Fiorot,L,Women's Flyweight Bout,"('erin blanchfield', 'manon fiorot')"
dba230fe33011201,http://ufcstats.com/event-details/dba230fe33011201,,"March 30, 2024",2024-03-30,"Atlantic City, New Jersey, USA",6e9e4584cf60363b2c9d,,99,Chris Weidman,Bruno Silva,Chris Weidman,W,Middleweight Bout,"('bruno silva', 'chris weidman')"
46baf0f57edfa4df,http://ufcstats.com/event-details/46baf0f57edfa4df,,"May 18, 2024",2024-05-18,"Las Vegas, Nevada, USA",449a4bc55c384cbfeea8,,99,Vanessa Demopoulos,Emily Ducote,Vanessa Demopoulos,W,Women's Strawweight Bout,"('emily ducote', 'vanessa demopoulos')"
46baf0f57edfa4df,http://ufcstats.com/event-details/46baf0f57edfa4df,,"May 18, 2024",2024-05-18,"Las Vegas, Nevada, USA",50a9d47802a00fe4ec54,,99,Abus Magomedov,Warlley Alves,Abus Magomedov,W,Middleweight Bout,"('abus magomedov', 'warlley alves')"
46baf0f57edfa4df,http://ufcstats.com/event-details/46baf0f57edfa4df,,"May 18, 2024",2024-05-18,"Las Vegas, Nevada, USA",c60ab6ac469bbaad262b,,99,Tamires Vidal,Melissa Gatto,Melissa Gatto,L,Women's Bantamweight Bout,"('melissa gatto', 'tamires vidal')"
46baf0f57edfa4df,http://ufcstats.com/event-details/46baf0f57edfa4df,,"May 18, 2024",2024-05-18,"Las Vegas, Nevada, USA",e79c855b5940b0bfce86,,99,Piera Rodriguez,Ariane Carnelossi,Ariane Carnelossi,L,Women's Strawweight Bout,"('ariane carnelossi', 'piera rodriguez')"
46baf0f57edfa4df,http://ufcstats.com/event-details/46baf0f57edfa4df,,"May 18, 2024",2024-05-18,"Las Vegas, Nevada, USA",fc9ea514293bb985736d,,99,Alatengheili,Kleydson Rodrigues,Alatengheili,W,Bantamweight Bout,"('alatengheili', 'kleydson rodrigues')"
46baf0f57edfa4df,http://ufcstats.com/event-details/46baf0f57edfa4df,,"May 18, 2024",2024-05-18,"Las Vegas, Nevada, USA",17983d20429d99ba4e3e,,99,Victor Martinez,Tom Nolan,Tom Nolan,L,Lightweight Bout,"('tom nolan', 'victor martinez')"
46baf0f57edfa4df,http://ufcstats.com/event-details/46baf0f57edfa4df,,"May 18, 2024",2024-05-18,"Las Vegas, Nevada, USA",e2c8aac83b14344c2665,,99,Oumar Sy,Tuco Tokkos,Oumar Sy,W,Light Heavyweight Bout,"('oumar sy', 'tuco tokkos')"
46baf0f57edfa4df,http://ufcstats.com/event-details/46baf0f57edfa4df,,"May 18, 2024",2024-05-18,"Las Vegas, Nevada, USA",19b1bc78a87e97f39316,,99,Adrian Yanez,Vinicius Salvador,Adrian Yanez,W,Bantamweight Bout,"('adrian yanez', 'vinicius salvador')"
46baf0f57edfa4df,http://ufcstats.com/event-details/46baf0f57edfa4df,,"May 18, 2024",2024-05-18,"Las Vegas, Nevada, USA",c2dfabdaf8ce0faeca59,,99,Luana Pinheiro,Angela Hill,Angela Hill,L,Women's Strawweight Bout,"('angela hill', 'luana pinheiro')"
46baf0f57edfa4df,http://ufcstats.com/event-details/46baf0f57edfa4df,,"May 18, 2024",2024-05-18,"Las Vegas, Nevada, USA",d10298fa880c95e32fa5,,99,Khaos Williams,Carlston Harris,Khaos Williams,W,Welterweight Bout,"('carlston harris', 'khaos williams')"
46baf0f57edfa4df,http://ufcstats.com/event-details/46baf0f57edfa4df,,"May 18, 2024",2024-05-18,"Las Vegas, Nevada, USA",81d2ba92765ec2332236,,99,Edson Barboza,Lerone Murphy,Lerone Murphy,L,Featherweight Bout,"('edson barboza', 'lerone murphy')"
46baf0f57edfa4df,http://ufcstats.com/event-details/46baf0f57edfa4df,,"May 18, 2024",2024-05-18,"Las Vegas, Nevada, USA",8418062f323ba691f160,,99,Themba Gorimbo,Ramiz Brahimaj,Themba Gorimbo,W,Welterweight Bout,"('ramiz brahimaj', 'themba gorimbo')"
6e4acc2c115215b5,http://ufcstats.com/event-details/6e4acc2c115215b5,,"June 01, 2024",2024-06-01,"Newark, New Jersey, USA",e8d9d4e577f4205e068d,,99,Ailin Perez,Joselyne Edwards,Ailin Perez,W,Women's Bantamweight Bout,"('ailin perez', 'joselyne edwards')"
6e4acc2c115215b5,http://ufcstats.com/event-details/6e4acc2c115215b5,,"June 01, 2024",2024-06-01,"Newark, New Jersey, USA",eb8d3e3086b9ed9d67ca,,99,Mitch Raposo,Andre Lima,Andre Lima,L,Flyweight Bout,"('andre lima', 'mitch raposo')"
6e4acc2c115215b5,http://ufcstats.com/event-details/6e4acc2c115215b5,,"June 01, 2024",2024-06-01,"Newark, New Jersey, USA",6b13511e108aa9f398fb,,99,Jailton Almeida,Alexandr Romanov,Jailton Almeida,W,Heavyweight Bout,"('alexandr romanov', 'jailton almeida')"
6e4acc2c115215b5,http://ufcstats.com/event-details/6e4acc2c115215b5,,"June 01, 2024",2024-06-01,"Newark, New Jersey, USA",e770d2b166727344c89b,,99,Phil Rowe,Jake Matthews,Jake Matthews,L,Welterweight Bout,"('jake matthews', 'phil rowe')"
6e4acc2c115215b5,http://ufcstats.com/event-details/6e4acc2c115215b5,,"June 01, 2024",2024-06-01,"Newark, New Jersey, USA",102f41d7a50363efc08b,,99,Mickey Gall,Bassil Hafez,Bassil Hafez,L,Welterweight Bout,"('bassil hafez', 'mickey gall')"
6e4acc2c115215b5,http://ufcstats.com/event-details/6e4acc2c115215b5,,"June 01, 2024",2024-06-01,"Newark, New Jersey, USA",2210384b2d3c92195ed0,,99,Grant Dawson,Joe Solecki,Grant Dawson,W,Lightweight Bout,"('grant dawson', 'joe solecki')"
6e4acc2c115215b5,http://ufcstats.com/event-details/6e4acc2c115215b5,,"June 01, 2024",2024-06-01,"Newark, New Jersey, USA",e0b816d2032f7af21523,,99,Cesar Almeida,Roman Kopylov,Roman Kopylov,L,Middleweight Bout,"('cesar almeida', 'roman kopylov')"
6e4acc2c115215b5,http://ufcstats.com/event-details/6e4acc2c115215b5,,"June 01, 2024",2024-06-01,"Newark, New Jersey, USA",af6f78986aa24eff6ed6,,99,Randy Brown,Elizeu Zaleski dos Santos,Randy Brown,W,Welterweight Bout,"('elizeu zaleski', 'randy brown')"
6e4acc2c115215b5,http://ufcstats.com/event-details/6e4acc2c115215b5,,"June 01, 2024",2024-06-01,"Newark, New Jersey, USA",21ee3189088d9e6cdd92,,99,Islam Makhachev,Dustin Poirier,Islam Makhachev,W,UFC Lightweight Title Bout,"('dustin poirier', 'islam makhachev')"
6e4acc2c115215b5,http://ufcstats.com/event-details/6e4acc2c115215b5,,"June 01, 2024",2024-06-01,"Newark, New Jersey, USA",dd190399f0b9d4963018,,99,Kevin Holland,Michal Oleksiejczuk,Kevin Holland,W,Middleweight Bout,"('kevin holland', 'michal oleksiejczuk')"
6e4acc2c115215b5,http://ufcstats.com/event-details/6e4acc2c115215b5,,"June 01, 2024",2024-06-01,"Newark, New Jersey, USA",21d6940f5b34d37b75e0,,99,Sean Strickland,Paulo Costa,Sean Strickland,W,Middleweight Bout,"('paulo costa', 'sean strickland')"
6e4acc2c115215b5,http://ufcstats.com/event-details/6e4acc2c115215b5,,"June 01, 2024",2024-06-01,"Newark, New Jersey, USA",0fc84be1540f97cdfecc,,99,Niko Price,Alex Morono,Niko Price,W,Welterweight Bout,"('alex morono', 'niko price')"
66e0a70352fef46a,http://ufcstats.com/event-details/66e0a70352fef46a,,"July 13, 2024",2024-07-13,"Denver, Colorado, USA",f035e3c3a192688fc8d1,,99,Montel Jackson,Da'Mon Blackshear,Montel Jackson,W,Bantamweight Bout,"('damon blackshear', 'montel jackson')"
66e0a70352fef46a,http://ufcstats.com/event-details/66e0a70352fef46a,,"July 13, 2024",2024-07-13,"Denver, Colorado, USA",117beeb877418cecb0fa,,99,Luana Santos,Mariya Agapova,Luana Santos,W,Women's Flyweight Bout,"('luana santos', 'mariya agapova')"
66e0a70352fef46a,http://ufcstats.com/event-details/66e0a70352fef46a,,"July 13, 2024",2024-07-13,"Denver, Colorado, USA",9d5178c3013d1e893b1c,,99,Jasmine Jasudavicius,Fatima Kline,Jasmine Jasudavicius,W,Women's Flyweight Bout,"('fatima kline', 'jasmine jasudavicius')"
66e0a70352fef46a,http://ufcstats.com/event-details/66e0a70352fef46a,,"July 13, 2024",2024-07-13,"Denver, Colorado, USA",700e9f9e254b098055b8,,99,Drew Dober,Jean Silva,Jean Silva,L,Lightweight Bout,"('drew dober', 'jean silva')"
66e0a70352fef46a,http://ufcstats.com/event-details/66e0a70352fef46a,,"July 13, 2024",2024-07-13,"Denver, Colorado, USA",9f69ef0cf412b91add0f,,99,Santiago Ponzinibbio,Muslim Salikhov,Muslim Salikhov,L,Welterweight Bout,"('muslim salikhov', 'santiago ponzinibbio')"
66e0a70352fef46a,http://ufcstats.com/event-details/66e0a70352fef46a,,"July 13, 2024",2024-07-13,"Denver, Colorado, USA",a106e728b8e4b95c59e3,,99,Evan Elder,Darrius Flowers,Evan Elder,W,Welterweight Bout,"('darrius flowers', 'evan elder')"
66e0a70352fef46a,http://ufcstats.com/event-details/66e0a70352fef46a,,"July 13, 2024",2024-07-13,"Denver, Colorado, USA",2ad08bec63c0a406c97b,,99,Joshua Van,Charles Johnson,Charles Johnson,L,Flyweight Bout,"('charles johnson', 'joshua van')"
66e0a70352fef46a,http://ufcstats.com/event-details/66e0a70352fef46a,,"July 13, 2024",2024-07-13,"Denver, Colorado, USA",e0f725fa13a4b2d2e382,,99,Josh Fremd,Andre Petroski,Andre Petroski,L,Middleweight Bout,"('andre petroski', 'josh fremd')"
66e0a70352fef46a,http://ufcstats.com/event-details/66e0a70352fef46a,,"July 13, 2024",2024-07-13,"Denver, Colorado, USA",f8625bca55bac799b813,,99,Julian Erosa,Christian Rodriguez,Julian Erosa,W,Featherweight Bout,"('christian rodriguez', 'julian erosa')"
66e0a70352fef46a,http://ufcstats.com/event-details/66e0a70352fef46a,,"July 13, 2024",2024-07-13,"Denver, Colorado, USA",b03e2324455e4be41e3e,,99,Gabriel Bonfim,Ange Loosa,Gabriel Bonfim,W,Welterweight Bout,"('ange loosa', 'gabriel bonfim')"
66e0a70352fef46a,http://ufcstats.com/event-details/66e0a70352fef46a,,"July 13, 2024",2024-07-13,"Denver, Colorado, USA",c9f7898fbd653c7fa7a9,,99,Rose Namajunas,Tracy Cortez,Rose Namajunas,W,Women's Flyweight Bout,"('rose namajunas', 'tracy cortez')"
9c5828c6fd9dc948,http://ufcstats.com/event-details/9c5828c6fd9dc948,,"June 15, 2024",2024-06-15,"Las Vegas, Nevada, USA",847e3868308784e212bb,,99,Jeka Saragih,Westin Wilson,Westin Wilson,L,Featherweight Bout,"('jeka saragih', 'westin wilson')"
9c5828c6fd9dc948,http://ufcstats.com/event-details/9c5828c6fd9dc948,,"June 15, 2024",2024-06-15,"Las Vegas, Nevada, USA",9b9528658349cf5611cd,,99,Melquizael Costa,Shayilan Nuerdanbieke,Melquizael Costa,W,Featherweight Bout,"('melquizael costa', 'shayilan nuerdanbieke')"
9c5828c6fd9dc948,http://ufcstats.com/event-details/9c5828c6fd9dc948,,"June 15, 2024",2024-06-15,"Las Vegas, Nevada, USA",09f26465d8a75b7050fe,,99,Josefine Knutsson,Julia Polastri,Josefine Knutsson,W,Women's Strawweight Bout,"('josefine knutsson', 'julia polastri')"
9c5828c6fd9dc948,http://ufcstats.com/event-details/9c5828c6fd9dc948,,"June 15, 2024",2024-06-15,"Las Vegas, Nevada, USA",fbfea06413027c27f023,,99,Jimmy Flick,Nate Maness,Nate Maness,L,Flyweight Bout,"('jimmy flick', 'nate maness')"
9c5828c6fd9dc948,http://ufcstats.com/event-details/9c5828c6fd9dc948,,"June 15, 2024",2024-06-15,"Las Vegas, Nevada, USA",d07b412c90e848fcc719,,99,Carli Judice,Gabriella Fernandes,Gabriella Fernandes,L,Women's Flyweight Bout,"('carli judice', 'gabriella fernandes')"
9c5828c6fd9dc948,http://ufcstats.com/event-details/9c5828c6fd9dc948,,"June 15, 2024",2024-06-15,"Las Vegas, Nevada, USA",1df67fd906bcc6107a0b,,99,Asu Almabayev,Jose Johnson,Asu Almabayev,W,Flyweight Bout,"('asu almabayev', 'jose johnson')"
9c5828c6fd9dc948,http://ufcstats.com/event-details/9c5828c6fd9dc948,,"June 15, 2024",2024-06-15,"Las Vegas, Nevada, USA",cc5a1c1c6a7c8c772bf7,,99,Brady Hiestand,Garrett Armfield,Brady Hiestand,W,Bantamweight Bout,"('brady hiestand', 'garrett armfield')"
9c5828c6fd9dc948,http://ufcstats.com/event-details/9c5828c6fd9dc948,,"June 15, 2024",2024-06-15,"Las Vegas, Nevada, USA",0bf3bf7e19327b5163fe,,99,Josh Quinlan,Adam Fugitt,Adam Fugitt,L,Welterweight Bout,"('adam fugitt', 'josh quinlan')"
9c5828c6fd9dc948,http://ufcstats.com/event-details/9c5828c6fd9dc948,,"June 15, 2024",2024-06-15,"Las Vegas, Nevada, USA",c23fbe4a3181197008f9,,99,Timmy Cuamba,Lucas Almeida,Lucas Almeida,L,Featherweight Bout,"('lucas almeida', 'timmy cuamba')"
cba3a2dfbc06ce79,http://ufcstats.com/event-details/cba3a2dfbc06ce79,,"June 08, 2024",2024-06-08,"Louisville, Kentucky, USA",2b0acba973a4a0c2e29b,,99,Rayanne dos Santos,Puja Tomar,Puja Tomar,L,Women's Strawweight Bout,"('puja tomar', 'rayanne dos santos')"
cba3a2dfbc06ce79,http://ufcstats.com/event-details/cba3a2dfbc06ce79,,"June 08, 2024",2024-06-08,"Louisville, Kentucky, USA",30c1f7be23dde35e2d5c,,99,Andrea Lee,Montana De La Rosa,Montana De La Rosa,L,Women's Flyweight Bout,"('andrea lee', 'montana de la rosa')"
f3743d8ef5dde970,http://ufcstats.com/event-details/f3743d8ef5dde970,,"June 29, 2024",2024-06-29,"Las Vegas, Nevada, USA",8ab8e92726cd0879accc,,99,Ricky Simon,Vinicius Oliveira,Vinicius Oliveira,L,Bantamweight Bout,"('ricky simon', 'vinicius oliveira')"
cba3a2dfbc06ce79,http://ufcstats.com/event-details/cba3a2dfbc06ce79,,"June 08, 2024",2024-06-08,"Louisville, Kentucky, USA",ddc812c439c1d4054e63,,99,Cody Stamann,Taylor Lapilus,Taylor Lapilus,L,Bantamweight Bout,"('cody stamann', 'taylor lapilus')"
f3743d8ef5dde970,http://ufcstats.com/event-details/f3743d8ef5dde970,,"June 29, 2024",2024-06-29,"Las Vegas, Nevada, USA",cfa749e828358aa43168,,99,Rei Tsuruya,Carlos Hernandez,Rei Tsuruya,W,Flyweight Bout,"('carlos hernandez', 'rei tsuruya')"
f3743d8ef5dde970,http://ufcstats.com/event-details/f3743d8ef5dde970,,"June 29, 2024",2024-06-29,"Las Vegas, Nevada, USA",59fc6aa212cf69880106,,99,Andrei Arlovski,Martin Buday,Martin Buday,L,Heavyweight Bout,"('andrei arlovski', 'martin buday')"
f3743d8ef5dde970,http://ufcstats.com/event-details/f3743d8ef5dde970,,"June 29, 2024",2024-06-29,"Las Vegas, Nevada, USA",01a3617b5f3008d87d5e,,99,Michelle Waterson-Gomez,Gillian Robertson,Gillian Robertson,L,Women's Strawweight Bout,"('gillian robertson', 'michelle waterson gomez')"
cba3a2dfbc06ce79,http://ufcstats.com/event-details/cba3a2dfbc06ce79,,"June 08, 2024",2024-06-08,"Louisville, Kentucky, USA",109232e5db4cc91690b7,,99,Eduarda Moura,Denise Gomes,Denise Gomes,L,Women's Strawweight Bout,"('denise gomes', 'eduarda moura')"
cba3a2dfbc06ce79,http://ufcstats.com/event-details/cba3a2dfbc06ce79,,"June 08, 2024",2024-06-08,"Louisville, Kentucky, USA",9b491617efcd7a1191c5,,99,John Castaneda,Daniel Marcos,Daniel Marcos,L,Bantamweight Bout,"('daniel marcos', 'john castaneda')"
cba3a2dfbc06ce79,http://ufcstats.com/event-details/cba3a2dfbc06ce79,,"June 08, 2024",2024-06-08,"Louisville, Kentucky, USA",de3af8198f8310520798,,99,Brad Katona,Jesse Butler,Brad Katona,W,Bantamweight Bout,"('brad katona', 'jesse butler')"
cba3a2dfbc06ce79,http://ufcstats.com/event-details/cba3a2dfbc06ce79,,"June 08, 2024",2024-06-08,"Louisville, Kentucky, USA",287130d562867ec109c1,,99,Charles Radtke,Carlos Prates,Carlos Prates,L,Welterweight Bout,"('carlos prates', 'charles radtke')"
cba3a2dfbc06ce79,http://ufcstats.com/event-details/cba3a2dfbc06ce79,,"June 08, 2024",2024-06-08,"Louisville, Kentucky, USA",f4f35c4d63ae387aa615,,99,Miguel Baeza,Punahele Soriano,Punahele Soriano,L,Welterweight Bout,"('miguel baeza', 'punahele soriano')"
f3743d8ef5dde970,http://ufcstats.com/event-details/f3743d8ef5dde970,,"June 29, 2024",2024-06-29,"Las Vegas, Nevada, USA",fef181bdc7f5fb749edb,,99,Joe Pyfer,Marc-Andre Barriault,Joe Pyfer,W,Middleweight Bout,"('joe pyfer', 'marc andre barriault')"
cba3a2dfbc06ce79,http://ufcstats.com/event-details/cba3a2dfbc06ce79,,"June 08, 2024",2024-06-08,"Louisville, Kentucky, USA",762a952e3e9473ffe112,,99,Thiago Moises,Ludovit Klein,Ludovit Klein,L,Lightweight Bout,"('ludovit klein', 'thiago moises')"
f3743d8ef5dde970,http://ufcstats.com/event-details/f3743d8ef5dde970,,"June 29, 2024",2024-06-29,"Las Vegas, Nevada, USA",c6450fe91ac7fdd5c58c,,99,Ian Machado Garry,Michael Page,Ian Machado Garry,W,Welterweight Bout,"('ian machado garry', 'michael page')"
f3743d8ef5dde970,http://ufcstats.com/event-details/f3743d8ef5dde970,,"June 29, 2024",2024-06-29,"Las Vegas, Nevada, USA",27a9e13e8ce41b152f00,,99,Payton Talbott,Yanis Ghemmouri,Payton Talbott,W,Bantamweight Bout,"('payton talbott', 'yanis ghemmouri')"
f3743d8ef5dde970,http://ufcstats.com/event-details/f3743d8ef5dde970,,"June 29, 2024",2024-06-29,"Las Vegas, Nevada, USA",853b42c8d377a0efc2af,,99,Anthony Smith,Roman Dolidze,Roman Dolidze,L,Light Heavyweight Bout,"('anthony smith', 'roman dolidze')"
f3743d8ef5dde970,http://ufcstats.com/event-details/f3743d8ef5dde970,,"June 29, 2024",2024-06-29,"Las Vegas, Nevada, USA",c7ba628cadac31519914,,99,Charles Jourdain,Jean Silva,Jean Silva,L,Featherweight Bout,"('charles jourdain', 'jean silva')"
f3743d8ef5dde970,http://ufcstats.com/event-details/f3743d8ef5dde970,,"June 29, 2024",2024-06-29,"Las Vegas, Nevada, USA",fdb75241fae5b432ff00,,99,Cub Swanson,Andre Fili,Andre Fili,L,Featherweight Bout,"('andre fili', 'cub swanson')"
cba3a2dfbc06ce79,http://ufcstats.com/event-details/cba3a2dfbc06ce79,,"June 08, 2024",2024-06-08,"Louisville, Kentucky, USA",79466b872d6c8bea7486,,99,Brunno Ferreira,Dustin Stoltzfus,Brunno Ferreira,W,Middleweight Bout,"('brunno ferreira', 'dustin stoltzfus')"
f3743d8ef5dde970,http://ufcstats.com/event-details/f3743d8ef5dde970,,"June 29, 2024",2024-06-29,"Las Vegas, Nevada, USA",fd72acc59db67e53992b,,99,Mayra Bueno Silva,Macy Chiasson,Macy Chiasson,L,Women's Bantamweight Bout,"('macy chiasson', 'mayra bueno silva')"
cba3a2dfbc06ce79,http://ufcstats.com/event-details/cba3a2dfbc06ce79,,"June 08, 2024",2024-06-08,"Louisville, Kentucky, USA",982f0906bcdd461ab752,,99,Julian Marquez,Zach Reese,Zach Reese,L,Middleweight Bout,"('julian marquez', 'zach reese')"
cba3a2dfbc06ce79,http://ufcstats.com/event-details/cba3a2dfbc06ce79,,"June 08, 2024",2024-06-08,"Louisville, Kentucky, USA",de7851d8388f9a3bc897,,99,Raul Rosas Jr.,Ricky Turcios,Raul Rosas Jr.,W,Bantamweight Bout,"('raul rosas jr', 'ricky turcios')"
f3743d8ef5dde970,http://ufcstats.com/event-details/f3743d8ef5dde970,,"June 29, 2024",2024-06-29,"Las Vegas, Nevada, USA",9985df666363abdedbff,,99,Alex Pereira,Jiri Prochazka,Alex Pereira,W,UFC Light Heavyweight Title Bout,"('alex pereira', 'jiri prochazka')"
cba3a2dfbc06ce79,http://ufcstats.com/event-details/cba3a2dfbc06ce79,,"June 08, 2024",2024-06-08,"Louisville, Kentucky, USA",8c9b69fca05b7fbe7c10,,99,Jared Cannonier,Nassourdine Imavov,Nassourdine Imavov,L,Middleweight Bout,"('jared cannonier', 'nassourdine imavov')"
cba3a2dfbc06ce79,http://ufcstats.com/event-details/cba3a2dfbc06ce79,,"June 08, 2024",2024-06-08,"Louisville, Kentucky, USA",4604c0e22a4d12c6064b,,99,Dominick Reyes,Dustin Jacoby,Dominick Reyes,W,Light Heavyweight Bout,"('dominick reyes', 'dustin jacoby')"
f3743d8ef5dde970,http://ufcstats.com/event-details/f3743d8ef5dde970,,"June 29, 2024",2024-06-29,"Las Vegas, Nevada, USA",04cbb1de73ee33cc35cc,,99,Dan Ige,Diego Lopes,Diego Lopes,L,Catch Weight Bout,"('dan ige', 'diego lopes')"
b12a1d19ee383b7c,http://ufcstats.com/event-details/b12a1d19ee383b7c,,"June 22, 2024",2024-06-22,"Riyadh, Riyadh, Saudi Arabia",c22b66398906b388f591,,99,Kyung Ho Kang,Muin Gafurov,Muin Gafurov,L,Bantamweight Bout,"('kyung ho kang', 'muin gafurov')"
b12a1d19ee383b7c,http://ufcstats.com/event-details/b12a1d19ee383b7c,,"June 22, 2024",2024-06-22,"Riyadh, Riyadh, Saudi Arabia",b5011c0c534a04c2830a,,99,Xiao Long,ChangHo Lee,ChangHo Lee,L,Bantamweight Bout,"('changho lee', 'xiao long')"
b12a1d19ee383b7c,http://ufcstats.com/event-details/b12a1d19ee383b7c,,"June 22, 2024",2024-06-22,"Riyadh, Riyadh, Saudi Arabia",c9414569f6a02f62e3d0,,99,Magomed Gadzhiyasulov,Brendson Ribeiro,Magomed Gadzhiyasulov,W,Light Heavyweight Bout,"('brendson ribeiro', 'magomed gadzhiyasulov')"
b12a1d19ee383b7c,http://ufcstats.com/event-details/b12a1d19ee383b7c,,"June 22, 2024",2024-06-22,"Riyadh, Riyadh, Saudi Arabia",9d2b9f7605fd6946f6ca,,99,Rinat Fakhretdinov,Nicolas Dalby,Rinat Fakhretdinov,W,Welterweight Bout,"('nicolas dalby', 'rinat fakhretdinov')"
b12a1d19ee383b7c,http://ufcstats.com/event-details/b12a1d19ee383b7c,,"June 22, 2024",2024-06-22,"Riyadh, Riyadh, Saudi Arabia",e83eb22b114c7b2b1a43,,99,Nasrat Haqparast,Jared Gordon,Nasrat Haqparast,W,Lightweight Bout,"('jared gordon', 'nasrat haqparast')"
b12a1d19ee383b7c,http://ufcstats.com/event-details/b12a1d19ee383b7c,,"June 22, 2024",2024-06-22,"Riyadh, Riyadh, Saudi Arabia",6854993f02be2845ba0e,,99,Muhammad Naimov,Felipe Lima,Felipe Lima,L,Featherweight Bout,"('felipe lima', 'muhammad naimov')"
b12a1d19ee383b7c,http://ufcstats.com/event-details/b12a1d19ee383b7c,,"June 22, 2024",2024-06-22,"Riyadh, Riyadh, Saudi Arabia",0fac13348cc98b4dfcf2,,99,Johnny Walker,Volkan Oezdemir,Volkan Oezdemir,L,Light Heavyweight Bout,"('johnny walker', 'volkan oezdemir')"
b12a1d19ee383b7c,http://ufcstats.com/event-details/b12a1d19ee383b7c,,"June 22, 2024",2024-06-22,"Riyadh, Riyadh, Saudi Arabia",c89100348d1dfaeaf049,,99,Sergei Pavlovich,Alexander Volkov,Alexander Volkov,L,Heavyweight Bout,"('alexander volkov', 'sergei pavlovich')"
b12a1d19ee383b7c,http://ufcstats.com/event-details/b12a1d19ee383b7c,,"June 22, 2024",2024-06-22,"Riyadh, Riyadh, Saudi Arabia",e9acbc17f97ee96e67bc,,99,Robert Whittaker,Ikram Aliskerov,Robert Whittaker,W,Middleweight Bout,"('ikram aliskerov', 'robert whittaker')"
b12a1d19ee383b7c,http://ufcstats.com/event-details/b12a1d19ee383b7c,,"June 22, 2024",2024-06-22,"Riyadh, Riyadh, Saudi Arabia",4732a437390e94e1069d,,99,Shara Magomedov,Antonio Trocoli,Shara Magomedov,W,Middleweight Bout,"('antonio trocoli', 'shara magomedov')"
b12a1d19ee383b7c,http://ufcstats.com/event-details/b12a1d19ee383b7c,,"June 22, 2024",2024-06-22,"Riyadh, Riyadh, Saudi Arabia",b42630b78f79a446d050,,99,Kelvin Gastelum,Daniel Rodriguez,Kelvin Gastelum,W,Middleweight Bout,"('daniel rodriguez', 'kelvin gastelum')"
9c5828c6fd9dc948,http://ufcstats.com/event-details/9c5828c6fd9dc948,,"June 15, 2024",2024-06-15,"Las Vegas, Nevada, USA",f43196f484203a27accc,,99,Douglas Silva de Andrade,Miles Johns,Miles Johns,L,Bantamweight Bout,"('douglas silva de andrade', 'miles johns')"
9c5828c6fd9dc948,http://ufcstats.com/event-details/9c5828c6fd9dc948,,"June 15, 2024",2024-06-15,"Las Vegas, Nevada, USA",e2f02c44aa5e588e186b,,99,Alex Perez,Tatsuro Taira,Tatsuro Taira,L,Flyweight Bout,"('alex perez', 'tatsuro taira')"
c11036da9162cb5f,http://ufcstats.com/event-details/c11036da9162cb5f,,"July 20, 2024",2024-07-20,"Las Vegas, Nevada, USA",d1920581a837189d0668,,99,Cody Durden,Bruno Silva,Bruno Silva,L,Flyweight Bout,"('bruno silva', 'cody durden')"
c11036da9162cb5f,http://ufcstats.com/event-details/c11036da9162cb5f,,"July 20, 2024",2024-07-20,"Las Vegas, Nevada, USA",fa66b53f6bf870d9f016,,99,JeongYeong Lee,Hyder Amil,Hyder Amil,L,Featherweight Bout,"('hyder amil', 'jeongyeong lee')"
c11036da9162cb5f,http://ufcstats.com/event-details/c11036da9162cb5f,,"July 20, 2024",2024-07-20,"Las Vegas, Nevada, USA",906bb95e2a99cd34b4e0,,99,Brian Kelleher,Cody Gibson,Cody Gibson,L,Bantamweight Bout,"('brian kelleher', 'cody gibson')"
c11036da9162cb5f,http://ufcstats.com/event-details/c11036da9162cb5f,,"July 20, 2024",2024-07-20,"Las Vegas, Nevada, USA",133257d003da2b013c3f,,99,Luana Carolina,Lucie Pudilova,Luana Carolina,W,Women's Flyweight Bout,"('luana carolina', 'lucie pudilova')"
c11036da9162cb5f,http://ufcstats.com/event-details/c11036da9162cb5f,,"July 20, 2024",2024-07-20,"Las Vegas, Nevada, USA",e00588b0e526ee61fba0,,99,Mohammed Usman,Thomas Petersen,Thomas Petersen,L,Heavyweight Bout,"('mohammed usman', 'thomas petersen')"
c11036da9162cb5f,http://ufcstats.com/event-details/c11036da9162cb5f,,"July 20, 2024",2024-07-20,"Las Vegas, Nevada, USA",8a6232714deaa2c21084,,99,Loik Radzhabov,Trey Ogden,Trey Ogden,L,Lightweight Bout,"('loik radzhabov', 'trey ogden')"
c11036da9162cb5f,http://ufcstats.com/event-details/c11036da9162cb5f,,"July 20, 2024",2024-07-20,"Las Vegas, Nevada, USA",32fd3dc5d68f9c4bb134,,99,Kurt Holobaugh,Kaynan Kruschewsky,Kurt Holobaugh,W,Lightweight Bout,"('kaynan kruschewsky', 'kurt holobaugh')"
c11036da9162cb5f,http://ufcstats.com/event-details/c11036da9162cb5f,,"July 20, 2024",2024-07-20,"Las Vegas, Nevada, USA",b12a7ff48b4b2b8ca8bc,,99,Miranda Maverick,Dione Barbosa,Miranda Maverick,W,Women's Flyweight Bout,"('dione barbosa', 'miranda maverick')"
c11036da9162cb5f,http://ufcstats.com/event-details/c11036da9162cb5f,,"July 20, 2024",2024-07-20,"Las Vegas, Nevada, USA",8f785a9a6523350dfaa0,,99,Amanda Lemos,Virna Jandiroba,Virna Jandiroba,L,Women's Strawweight Bout,"('amanda lemos', 'virna jandiroba')"
c11036da9162cb5f,http://ufcstats.com/event-details/c11036da9162cb5f,,"July 20, 2024",2024-07-20,"Las Vegas, Nevada, USA",b5a9048fbdea8e918e16,,99,Dooho Choi,Bill Algeo,Dooho Choi,W,Featherweight Bout,"('bill algeo', 'dooho choi')"
c11036da9162cb5f,http://ufcstats.com/event-details/c11036da9162cb5f,,"July 20, 2024",2024-07-20,"Las Vegas, Nevada, USA",210b0c8c724a09876753,,99,Steve Garcia,SeungWoo Choi,Steve Garcia,W,Featherweight Bout,"('seungwoo choi', 'steve garcia')"
ee0b69e307c857e5,http://ufcstats.com/event-details/ee0b69e307c857e5,,"September 07, 2024",2024-09-07,"Las Vegas, Nevada, USA",7a340d6a649f1625d699,,99,Jaqueline Amorim,Vanessa Demopoulos,Jaqueline Amorim,W,Women's Strawweight Bout,"('jaqueline amorim', 'vanessa demopoulos')"
ee0b69e307c857e5,http://ufcstats.com/event-details/ee0b69e307c857e5,,"September 07, 2024",2024-09-07,"Las Vegas, Nevada, USA",a468e270c9244d33f6b2,,99,Rongzhu,Chris Padilla,Chris Padilla,L,Lightweight Bout,"('chris padilla', 'rongzhu')"
ee0b69e307c857e5,http://ufcstats.com/event-details/ee0b69e307c857e5,,"September 07, 2024",2024-09-07,"Las Vegas, Nevada, USA",62857e1c7f8d8384e5aa,,99,Andre Petroski,Dylan Budka,Andre Petroski,W,Middleweight Bout,"('andre petroski', 'dylan budka')"
ee0b69e307c857e5,http://ufcstats.com/event-details/ee0b69e307c857e5,,"September 07, 2024",2024-09-07,"Las Vegas, Nevada, USA",fd6cf62ba8d4efe38cbc,,99,Isaac Dulgarian,Brendon Marotte,Isaac Dulgarian,W,Featherweight Bout,"('brendon marotte', 'isaac dulgarian')"
ee0b69e307c857e5,http://ufcstats.com/event-details/ee0b69e307c857e5,,"September 07, 2024",2024-09-07,"Las Vegas, Nevada, USA",80bc3f596848489a056c,,99,Yizha,Gabriel Santos,Gabriel Santos,L,Featherweight Bout,"('gabriel santos', 'yizha')"
ee0b69e307c857e5,http://ufcstats.com/event-details/ee0b69e307c857e5,,"September 07, 2024",2024-09-07,"Las Vegas, Nevada, USA",af0e09ac8fe530f54d78,,99,Zygimantas Ramaska,Nathan Fletcher,Nathan Fletcher,L,Featherweight Bout,"('nathan fletcher', 'zygimantas ramaska')"
ee0b69e307c857e5,http://ufcstats.com/event-details/ee0b69e307c857e5,,"September 07, 2024",2024-09-07,"Las Vegas, Nevada, USA",6581bc5ba39e34aeba26,,99,Felipe dos Santos,Andre Lima,Andre Lima,L,Flyweight Bout,"('andre lima', 'felipe dos santos')"
ee0b69e307c857e5,http://ufcstats.com/event-details/ee0b69e307c857e5,,"September 07, 2024",2024-09-07,"Las Vegas, Nevada, USA",e0334ccbd5fd8985c940,,99,Matt Schnell,Cody Durden,Cody Durden,L,Bantamweight Bout,"('cody durden', 'matt schnell')"
ee0b69e307c857e5,http://ufcstats.com/event-details/ee0b69e307c857e5,,"September 07, 2024",2024-09-07,"Las Vegas, Nevada, USA",381499d1d11ec1973eef,,99,Trevor Peek,Yanal Ashmouz,Yanal Ashmouz,L,Lightweight Bout,"('trevor peek', 'yanal ashmouz')"
ee0b69e307c857e5,http://ufcstats.com/event-details/ee0b69e307c857e5,,"September 07, 2024",2024-09-07,"Las Vegas, Nevada, USA",d4e891746d21f5021bad,,99,Steve Garcia,Kyle Nelson,Steve Garcia,W,Featherweight Bout,"('kyle nelson', 'steve garcia')"
ee0b69e307c857e5,http://ufcstats.com/event-details/ee0b69e307c857e5,,"September 07, 2024",2024-09-07,"Las Vegas, Nevada, USA",89203f24f6cbe02d9999,,99,Jessica Andrade,Natalia Silva,Natalia Silva,L,Women's Flyweight Bout,"('jessica andrade', 'natalia silva')"
be8ad887e4d674b0,http://ufcstats.com/event-details/be8ad887e4d674b0,,"August 24, 2024",2024-08-24,"Las Vegas, Nevada, USA",3b1970cc093be941381a,,99,Wang Cong,Victoria Leonardo,Wang Cong,W,Women's Flyweight Bout,"('victoria leonardo', 'wang cong')"
ee0b69e307c857e5,http://ufcstats.com/event-details/ee0b69e307c857e5,,"September 07, 2024",2024-09-07,"Las Vegas, Nevada, USA",d8307222341f65221c30,,99,Gilbert Burns,Sean Brady,Sean Brady,L,Welterweight Bout,"('gilbert burns', 'sean brady')"
be8ad887e4d674b0,http://ufcstats.com/event-details/be8ad887e4d674b0,,"August 24, 2024",2024-08-24,"Las Vegas, Nevada, USA",837b4bae687de07d2f9c,,99,Jacqueline Cavalcanti,Josiane Nunes,Jacqueline Cavalcanti,W,Women's Bantamweight Bout,"('jacqueline cavalcanti', 'josiane nunes')"
2c733e059462c1dc,http://ufcstats.com/event-details/2c733e059462c1dc,,"August 10, 2024",2024-08-10,"Las Vegas, Nevada, USA",5eeea4897380527ebd79,,99,Stephanie Luciano,Talita Alencar,Stephanie Luciano,W,Women's Strawweight Bout,"('stephanie luciano', 'talita alencar')"
2c733e059462c1dc,http://ufcstats.com/event-details/2c733e059462c1dc,,"August 10, 2024",2024-08-10,"Las Vegas, Nevada, USA",d5ab21667bab4c86a7bd,,99,Youssef Zalal,Jarno Errens,Youssef Zalal,W,Featherweight Bout,"('jarno errens', 'youssef zalal')"
fe435e440b5de0ff,http://ufcstats.com/event-details/fe435e440b5de0ff,,"August 03, 2024",2024-08-03,"Abu Dhabi, Abu Dhabi, United Arab Emirates",926e321d7a29d09ac3f4,,99,Sedriques Dumas,Denis Tiuliulin,Sedriques Dumas,W,Middleweight Bout,"('denis tiuliulin', 'sedriques dumas')"
be8ad887e4d674b0,http://ufcstats.com/event-details/be8ad887e4d674b0,,"August 24, 2024",2024-08-24,"Las Vegas, Nevada, USA",9586d4772aab9f6826e3,,99,Viacheslav Borshchev,James Llontop,Viacheslav Borshchev,W,Lightweight Bout,"('james llontop', 'viacheslav borshchev')"
2c733e059462c1dc,http://ufcstats.com/event-details/2c733e059462c1dc,,"August 10, 2024",2024-08-10,"Las Vegas, Nevada, USA",044e3a526c3be43da884,,99,Jhonata Diniz,Karl Williams,Jhonata Diniz,W,Heavyweight Bout,"('jhonata diniz', 'karl williams')"
2c733e059462c1dc,http://ufcstats.com/event-details/2c733e059462c1dc,,"August 10, 2024",2024-08-10,"Las Vegas, Nevada, USA",d0c3afd95e5036544dc0,,99,Toshiomi Kazama,Charalampos Grigoriou,Toshiomi Kazama,W,Bantamweight Bout,"('charalampos grigoriou', 'toshiomi kazama')"
2c733e059462c1dc,http://ufcstats.com/event-details/2c733e059462c1dc,,"August 10, 2024",2024-08-10,"Las Vegas, Nevada, USA",316136d32a898459bfe4,,99,Karol Rosa,Pannie Kianzad,Karol Rosa,W,Women's Bantamweight Bout,"('karol rosa', 'pannie kianzad')"
2c733e059462c1dc,http://ufcstats.com/event-details/2c733e059462c1dc,,"August 10, 2024",2024-08-10,"Las Vegas, Nevada, USA",0a2c7ee6a7709eb0ed4a,,99,Yana Santos,Chelsea Chandler,Yana Santos,W,Women's Bantamweight Bout,"('chelsea chandler', 'yana santos')"
2c733e059462c1dc,http://ufcstats.com/event-details/2c733e059462c1dc,,"August 10, 2024",2024-08-10,"Las Vegas, Nevada, USA",8b27db2b277514ccbc8b,,99,Chris Gutierrez,Quang Le,Chris Gutierrez,W,Bantamweight Bout,"('chris gutierrez', 'quang le')"
2c733e059462c1dc,http://ufcstats.com/event-details/2c733e059462c1dc,,"August 10, 2024",2024-08-10,"Las Vegas, Nevada, USA",aed907f8a1f4bf3b92c2,,99,Danny Barlow,Nikolay Veretennikov,Danny Barlow,W,Welterweight Bout,"('danny barlow', 'nikolay veretennikov')"
2c733e059462c1dc,http://ufcstats.com/event-details/2c733e059462c1dc,,"August 10, 2024",2024-08-10,"Las Vegas, Nevada, USA",5fc01fe40ec7f5470715,,99,Damon Jackson,Chepe Mariscal,Chepe Mariscal,L,Featherweight Bout,"('chepe mariscal', 'damon jackson')"
fe435e440b5de0ff,http://ufcstats.com/event-details/fe435e440b5de0ff,,"August 03, 2024",2024-08-03,"Abu Dhabi, Abu Dhabi, United Arab Emirates",02b8cea1ab7b7b5157a8,,99,Jai Herbert,Rolando Bedoya,Jai Herbert,W,Lightweight Bout,"('jai herbert', 'rolando bedoya')"
fe435e440b5de0ff,http://ufcstats.com/event-details/fe435e440b5de0ff,,"August 03, 2024",2024-08-03,"Abu Dhabi, Abu Dhabi, United Arab Emirates",def742581c0bb149f69c,,99,Viktoriia Dudakova,Sam Hughes,Sam Hughes,L,Women's Strawweight Bout,"('sam hughes', 'viktoriia dudakova')"
2c733e059462c1dc,http://ufcstats.com/event-details/2c733e059462c1dc,,"August 10, 2024",2024-08-10,"Las Vegas, Nevada, USA",ea5849689a4c905717da,,99,Marcin Tybura,Serghei Spivac,Serghei Spivac,L,Heavyweight Bout,"('marcin tybura', 'serghei spivac')"
fe435e440b5de0ff,http://ufcstats.com/event-details/fe435e440b5de0ff,,"August 03, 2024",2024-08-03,"Abu Dhabi, Abu Dhabi, United Arab Emirates",fc5b9acbb9295f82ccde,,99,Guram Kutateladze,Jordan Vucenic,Guram Kutateladze,W,Lightweight Bout,"('guram kutateladze', 'jordan vucenic')"
fe435e440b5de0ff,http://ufcstats.com/event-details/fe435e440b5de0ff,,"August 03, 2024",2024-08-03,"Abu Dhabi, Abu Dhabi, United Arab Emirates",3386d2b2fd2341d2ccf1,,99,Shamil Gaziev,Don'Tale Mayes,Shamil Gaziev,W,Heavyweight Bout,"('dontale mayes', 'shamil gaziev')"
fe435e440b5de0ff,http://ufcstats.com/event-details/fe435e440b5de0ff,,"August 03, 2024",2024-08-03,"Abu Dhabi, Abu Dhabi, United Arab Emirates",fbe4bf618eda01bbbe06,,99,Mackenzie Dern,Loopy Godinez,Mackenzie Dern,W,Women's Strawweight Bout,"('loopy godinez', 'mackenzie dern')"
fe435e440b5de0ff,http://ufcstats.com/event-details/fe435e440b5de0ff,,"August 03, 2024",2024-08-03,"Abu Dhabi, Abu Dhabi, United Arab Emirates",801c689afc321156cc67,,99,Tony Ferguson,Michael Chiesa,Michael Chiesa,L,Welterweight Bout,"('michael chiesa', 'tony ferguson')"
fe435e440b5de0ff,http://ufcstats.com/event-details/fe435e440b5de0ff,,"August 03, 2024",2024-08-03,"Abu Dhabi, Abu Dhabi, United Arab Emirates",9c54f3454143bdf44c1c,,99,Joel Alvarez,Elves Brener,Joel Alvarez,W,Lightweight Bout,"('elves brener', 'joel alvarez')"
fe435e440b5de0ff,http://ufcstats.com/event-details/fe435e440b5de0ff,,"August 03, 2024",2024-08-03,"Abu Dhabi, Abu Dhabi, United Arab Emirates",610fc19550a7426494d0,,99,Shara Magomedov,Michal Oleksiejczuk,Shara Magomedov,W,Middleweight Bout,"('michal oleksiejczuk', 'shara magomedov')"
fe435e440b5de0ff,http://ufcstats.com/event-details/fe435e440b5de0ff,,"August 03, 2024",2024-08-03,"Abu Dhabi, Abu Dhabi, United Arab Emirates",814dc8f9d92f3b287485,,99,Azamat Murzakanov,Alonzo Menifield,Azamat Murzakanov,W,Light Heavyweight Bout,"('alonzo menifield', 'azamat murzakanov')"
fe435e440b5de0ff,http://ufcstats.com/event-details/fe435e440b5de0ff,,"August 03, 2024",2024-08-03,"Abu Dhabi, Abu Dhabi, United Arab Emirates",03f3a6a3001bc39b83db,,99,Mohammad Yahya,Kaue Fernandes,Kaue Fernandes,L,Lightweight Bout,"('kaue fernandes', 'mohammad yahya')"
026b4f7049085842,http://ufcstats.com/event-details/026b4f7049085842,,"July 27, 2024",2024-07-27,"Manchester, England, United Kingdom",8c2c8e2d10917bef71a4,,99,Shauna Bannon,Alice Ardelean,Shauna Bannon,W,Women's Strawweight Bout,"('alice ardelean', 'shauna bannon')"
fe435e440b5de0ff,http://ufcstats.com/event-details/fe435e440b5de0ff,,"August 03, 2024",2024-08-03,"Abu Dhabi, Abu Dhabi, United Arab Emirates",33b5d54afe279596bc78,,99,Marlon Vera,Deiveson Figueiredo,Deiveson Figueiredo,L,Bantamweight Bout,"('deiveson figueiredo', 'marlon vera')"
fe435e440b5de0ff,http://ufcstats.com/event-details/fe435e440b5de0ff,,"August 03, 2024",2024-08-03,"Abu Dhabi, Abu Dhabi, United Arab Emirates",5959fc910a5c2b6bc6b3,,99,Cory Sandhagen,Umar Nurmagomedov,Umar Nurmagomedov,L,Bantamweight Bout,"('cory sandhagen', 'umar nurmagomedov')"
026b4f7049085842,http://ufcstats.com/event-details/026b4f7049085842,,"July 27, 2024",2024-07-27,"Manchester, England, United Kingdom",d20a64ac207e860b5e19,,99,Oban Elliott,Preston Parsons,Oban Elliott,W,Welterweight Bout,"('oban elliott', 'preston parsons')"
026b4f7049085842,http://ufcstats.com/event-details/026b4f7049085842,,"July 27, 2024",2024-07-27,"Manchester, England, United Kingdom",abaa652b523fc865793d,,99,Modestas Bukauskas,Marcin Prachnio,Modestas Bukauskas,W,Light Heavyweight Bout,"('marcin prachnio', 'modestas bukauskas')"
026b4f7049085842,http://ufcstats.com/event-details/026b4f7049085842,,"July 27, 2024",2024-07-27,"Manchester, England, United Kingdom",39de1ce098c59b25cd4f,,99,Jake Hadley,Caolan Loughran,Jake Hadley,W,Bantamweight Bout,"('caolan loughran', 'jake hadley')"
026b4f7049085842,http://ufcstats.com/event-details/026b4f7049085842,,"July 27, 2024",2024-07-27,"Manchester, England, United Kingdom",2d0673d68457559c4c98,,99,Mick Parkin,Lukasz Brzeski,Mick Parkin,W,Heavyweight Bout,"('lukasz brzeski', 'mick parkin')"
026b4f7049085842,http://ufcstats.com/event-details/026b4f7049085842,,"July 27, 2024",2024-07-27,"Manchester, England, United Kingdom",ef529936332c3696b382,,99,Sam Patterson,Kiefer Crosbie,Sam Patterson,W,Welterweight Bout,"('kiefer crosbie', 'sam patterson')"
026b4f7049085842,http://ufcstats.com/event-details/026b4f7049085842,,"July 27, 2024",2024-07-27,"Manchester, England, United Kingdom",426f68ff2f1e0e2228bf,,99,Muhammad Mokaev,Manel Kape,Muhammad Mokaev,W,Flyweight Bout,"('manel kape', 'muhammad mokaev')"
026b4f7049085842,http://ufcstats.com/event-details/026b4f7049085842,,"July 27, 2024",2024-07-27,"Manchester, England, United Kingdom",e9bd964d4d8cee2540af,,99,Molly McCann,Bruna Brasil,Bruna Brasil,L,Women's Strawweight Bout,"('bruna brasil', 'molly mccann')"
026b4f7049085842,http://ufcstats.com/event-details/026b4f7049085842,,"July 27, 2024",2024-07-27,"Manchester, England, United Kingdom",50235e3aa0d57bad89f9,,99,Nathaniel Wood,Daniel Pineda,Nathaniel Wood,W,Featherweight Bout,"('daniel pineda', 'nathaniel wood')"
026b4f7049085842,http://ufcstats.com/event-details/026b4f7049085842,,"July 27, 2024",2024-07-27,"Manchester, England, United Kingdom",6f18fe437215306caebe,,99,Christian Leroy Duncan,Gregory Rodrigues,Gregory Rodrigues,L,Middleweight Bout,"('christian leroy duncan', 'gregory rodrigues')"
026b4f7049085842,http://ufcstats.com/event-details/026b4f7049085842,,"July 27, 2024",2024-07-27,"Manchester, England, United Kingdom",4aa1c4da1241e48faf04,,99,Leon Edwards,Belal Muhammad,Belal Muhammad,L,UFC Welterweight Title Bout,"('belal muhammad', 'leon edwards')"
026b4f7049085842,http://ufcstats.com/event-details/026b4f7049085842,,"July 27, 2024",2024-07-27,"Manchester, England, United Kingdom",252f22b842906021c1f7,,99,Arnold Allen,Giga Chikadze,Arnold Allen,W,Featherweight Bout,"('arnold allen', 'giga chikadze')"
026b4f7049085842,http://ufcstats.com/event-details/026b4f7049085842,,"July 27, 2024",2024-07-27,"Manchester, England, United Kingdom",0357c9e4b1d129db500f,,99,Tom Aspinall,Curtis Blaydes,Tom Aspinall,W,UFC Interim Heavyweight Title Bout,"('curtis blaydes', 'tom aspinall')"
be8ad887e4d674b0,http://ufcstats.com/event-details/be8ad887e4d674b0,,"August 24, 2024",2024-08-24,"Las Vegas, Nevada, USA",7175ffc1110e9880eb64,,99,Zachary Reese,Jose Daniel Medina,Zachary Reese,W,Middleweight Bout,"('jose daniel medina', 'zachary reese')"
be8ad887e4d674b0,http://ufcstats.com/event-details/be8ad887e4d674b0,,"August 24, 2024",2024-08-24,"Las Vegas, Nevada, USA",3dd0bc33484d57238c59,,99,Dennis Buzukja,Francis Marshall,Francis Marshall,L,Lightweight Bout,"('dennis buzukja', 'francis marshall')"
026b4f7049085842,http://ufcstats.com/event-details/026b4f7049085842,,"July 27, 2024",2024-07-27,"Manchester, England, United Kingdom",95979a5324a8878d6e98,,99,King Green,Paddy Pimblett,Paddy Pimblett,L,Lightweight Bout,"('king green', 'paddy pimblett')"
be8ad887e4d674b0,http://ufcstats.com/event-details/be8ad887e4d674b0,,"August 24, 2024",2024-08-24,"Las Vegas, Nevada, USA",0e0ad2af79ff51962913,,99,Edmen Shahbazyan,Gerald Meerschaert,Gerald Meerschaert,L,Middleweight Bout,"('edmen shahbazyan', 'gerald meerschaert')"
be8ad887e4d674b0,http://ufcstats.com/event-details/be8ad887e4d674b0,,"August 24, 2024",2024-08-24,"Las Vegas, Nevada, USA",4b23799c452d903ff26a,,99,Neil Magny,Michael Morales,Michael Morales,L,Welterweight Bout,"('michael morales', 'neil magny')"
be8ad887e4d674b0,http://ufcstats.com/event-details/be8ad887e4d674b0,,"August 24, 2024",2024-08-24,"Las Vegas, Nevada, USA",db3934d84297f521257b,,99,Jared Cannonier,Caio Borralho,Caio Borralho,L,Middleweight Bout,"('caio borralho', 'jared cannonier')"
be8ad887e4d674b0,http://ufcstats.com/event-details/be8ad887e4d674b0,,"August 24, 2024",2024-08-24,"Las Vegas, Nevada, USA",74084875afcd7354d582,,99,Kaan Ofli,Mairon Santos,Mairon Santos,L,Featherweight Bout,"('kaan ofli', 'mairon santos')"
be8ad887e4d674b0,http://ufcstats.com/event-details/be8ad887e4d674b0,,"August 24, 2024",2024-08-24,"Las Vegas, Nevada, USA",310691efe101b7a2c39b,,99,Robert Valentin,Ryan Loder,Ryan Loder,L,Middleweight Bout,"('robert valentin', 'ryan loder')"
be8ad887e4d674b0,http://ufcstats.com/event-details/be8ad887e4d674b0,,"August 24, 2024",2024-08-24,"Las Vegas, Nevada, USA",6798e5c1af91a64fc98b,,99,Angela Hill,Tabatha Ricci,Tabatha Ricci,L,Women's Strawweight Bout,"('angela hill', 'tabatha ricci')"
32ba186f4b0e3267,http://ufcstats.com/event-details/32ba186f4b0e3267,,"August 17, 2024",2024-08-17,"Perth, Western Australia, Australia",7369781da9f939de0c94,,99,Jack Jenkins,Herbert Burns,Jack Jenkins,W,Featherweight Bout,"('herbert burns', 'jack jenkins')"
32ba186f4b0e3267,http://ufcstats.com/event-details/32ba186f4b0e3267,,"August 17, 2024",2024-08-17,"Perth, Western Australia, Australia",5706b6430e8688db3261,,99,Tom Nolan,Alex Reyes,Tom Nolan,W,Lightweight Bout,"('alex reyes', 'tom nolan')"
32ba186f4b0e3267,http://ufcstats.com/event-details/32ba186f4b0e3267,,"August 17, 2024",2024-08-17,"Perth, Western Australia, Australia",fe1572b6773120968403,,99,Stewart Nicoll,Jesus Aguilar,Jesus Aguilar,L,Flyweight Bout,"('jesus aguilar', 'stewart nicoll')"
32ba186f4b0e3267,http://ufcstats.com/event-details/32ba186f4b0e3267,,"August 17, 2024",2024-08-17,"Perth, Western Australia, Australia",2135174361492d936cf8,,99,Song Kenan,Ricky Glenn,Song Kenan,W,Welterweight Bout,"('ricky glenn', 'song kenan')"
32ba186f4b0e3267,http://ufcstats.com/event-details/32ba186f4b0e3267,,"August 17, 2024",2024-08-17,"Perth, Western Australia, Australia",4753ebb98eb1b6794dda,,99,Casey O'Neill,Luana Santos,Casey O'Neill,W,Women's Flyweight Bout,"('casey oneill', 'luana santos')"
32ba186f4b0e3267,http://ufcstats.com/event-details/32ba186f4b0e3267,,"August 17, 2024",2024-08-17,"Perth, Western Australia, Australia",17cecce363182d98e7e5,,99,Josh Culibao,Ricardo Ramos,Ricardo Ramos,L,Featherweight Bout,"('josh culibao', 'ricardo ramos')"
32ba186f4b0e3267,http://ufcstats.com/event-details/32ba186f4b0e3267,,"August 17, 2024",2024-08-17,"Perth, Western Australia, Australia",52daf4f8fe7ed1e893f3,,99,Junior Tafa,Valter Walker,Valter Walker,L,Heavyweight Bout,"('jr tafa', 'valter walker')"
32ba186f4b0e3267,http://ufcstats.com/event-details/32ba186f4b0e3267,,"August 17, 2024",2024-08-17,"Perth, Western Australia, Australia",a9c19b5208e09b85486f,,99,Li Jingliang,Carlos Prates,Carlos Prates,L,Welterweight Bout,"('carlos prates', 'li jingliang')"
32ba186f4b0e3267,http://ufcstats.com/event-details/32ba186f4b0e3267,,"August 17, 2024",2024-08-17,"Perth, Western Australia, Australia",f344a0db0ac3678902fe,,99,Tai Tuivasa,Jairzinho Rozenstruik,Jairzinho Rozenstruik,L,Heavyweight Bout,"('jairzinho rozenstruik', 'tai tuivasa')"
32ba186f4b0e3267,http://ufcstats.com/event-details/32ba186f4b0e3267,,"August 17, 2024",2024-08-17,"Perth, Western Australia, Australia",08be2832d8fff5cac32f,,99,Kai Kara-France,Steve Erceg,Kai Kara-France,W,Flyweight Bout,"('kai kara france', 'steve erceg')"
32ba186f4b0e3267,http://ufcstats.com/event-details/32ba186f4b0e3267,,"August 17, 2024",2024-08-17,"Perth, Western Australia, Australia",f14a216ad56cc2874b7e,,99,Dricus Du Plessis,Israel Adesanya,Dricus Du Plessis,W,UFC Middleweight Title Bout,"('dricus du plessis', 'israel adesanya')"
32ba186f4b0e3267,http://ufcstats.com/event-details/32ba186f4b0e3267,,"August 17, 2024",2024-08-17,"Perth, Western Australia, Australia",ff3a5748182e351e32e1,,99,Mateusz Gamrot,Dan Hooker,Dan Hooker,L,Lightweight Bout,"('dan hooker', 'mateusz gamrot')"
0c01568b1ac77bff,http://ufcstats.com/event-details/0c01568b1ac77bff,,"September 14, 2024",2024-09-14,"Las Vegas, Nevada, USA",938acb0c78fae1d979b4,,99,Raul Rosas Jr.,Aoriqileng,Raul Rosas Jr.,W,Bantamweight Bout,"('aoriqileng', 'raul rosas jr')"
0c01568b1ac77bff,http://ufcstats.com/event-details/0c01568b1ac77bff,,"September 14, 2024",2024-09-14,"Las Vegas, Nevada, USA",7e531ae67513d9785fa2,,99,Yazmin Jauregui,Ketlen Souza,Ketlen Souza,L,Women's Strawweight Bout,"('ketlen souza', 'yazmin jauregui')"
0c01568b1ac77bff,http://ufcstats.com/event-details/0c01568b1ac77bff,,"September 14, 2024",2024-09-14,"Las Vegas, Nevada, USA",99d13c32bc9f51998187,,99,Edgar Chairez,Joshua Van,Joshua Van,L,Flyweight Bout,"('edgar chairez', 'joshua van')"
0c01568b1ac77bff,http://ufcstats.com/event-details/0c01568b1ac77bff,,"September 14, 2024",2024-09-14,"Las Vegas, Nevada, USA",b557a7fbd6faab874214,,99,Ronaldo Rodriguez,Ode Osbourne,Ronaldo Rodriguez,W,Flyweight Bout,"('ode osbourne', 'ronaldo rodriguez')"
0c01568b1ac77bff,http://ufcstats.com/event-details/0c01568b1ac77bff,,"September 14, 2024",2024-09-14,"Las Vegas, Nevada, USA",35a35ffff9a33bc7f108,,99,Irene Aldana,Norma Dumont,Norma Dumont,L,Women's Bantamweight Bout,"('irene aldana', 'norma dumont')"
0c01568b1ac77bff,http://ufcstats.com/event-details/0c01568b1ac77bff,,"September 14, 2024",2024-09-14,"Las Vegas, Nevada, USA",480a828b1082ad804f52,,99,Manuel Torres,Ignacio Bahamondes,Ignacio Bahamondes,L,Lightweight Bout,"('ignacio bahamondes', 'manuel torres')"
0c01568b1ac77bff,http://ufcstats.com/event-details/0c01568b1ac77bff,,"September 14, 2024",2024-09-14,"Las Vegas, Nevada, USA",a67bf6c20de9900a1763,,99,Daniel Zellhuber,Esteban Ribovics,Esteban Ribovics,L,Lightweight Bout,"('daniel zellhuber', 'esteban ribovics')"
0c01568b1ac77bff,http://ufcstats.com/event-details/0c01568b1ac77bff,,"September 14, 2024",2024-09-14,"Las Vegas, Nevada, USA",ae9d5bc13baeb1aff5a5,,99,Brian Ortega,Diego Lopes,Diego Lopes,L,Featherweight Bout,"('brian ortega', 'diego lopes')"
0c01568b1ac77bff,http://ufcstats.com/event-details/0c01568b1ac77bff,,"September 14, 2024",2024-09-14,"Las Vegas, Nevada, USA",df2e59dad30bdcea706c,,99,Alexa Grasso,Valentina Shevchenko,Valentina Shevchenko,L,UFC Women's Flyweight Title Bout,"('alexa grasso', 'valentina shevchenko')"
eee8efec7b951d84,http://ufcstats.com/event-details/eee8efec7b951d84,,"October 05, 2024",2024-10-05,"Salt Lake City, Utah, USA",57a69af2bc21062a328b,,99,Court McGee,Tim Means,Court McGee,W,Welterweight Bout,"('court mcgee', 'tim means')"
eee8efec7b951d84,http://ufcstats.com/event-details/eee8efec7b951d84,,"October 05, 2024",2024-10-05,"Salt Lake City, Utah, USA",df7488771dd045ff4ac3,,99,Ryan Spann,Ovince Saint Preux,Ryan Spann,W,Light Heavyweight Bout,"('ovince st preux', 'ryan spann')"
0c01568b1ac77bff,http://ufcstats.com/event-details/0c01568b1ac77bff,,"September 14, 2024",2024-09-14,"Las Vegas, Nevada, USA",adcf3952df2ecb49669c,,99,Sean O'Malley,Merab Dvalishvili,Merab Dvalishvili,L,UFC Bantamweight Title Bout,"('merab dvalishvili', 'sean omalley')"
eee8efec7b951d84,http://ufcstats.com/event-details/eee8efec7b951d84,,"October 05, 2024",2024-10-05,"Salt Lake City, Utah, USA",2392c96022f21fda001d,,99,Austin Hubbard,Alexander Hernandez,Alexander Hernandez,L,Lightweight Bout,"('alexander hernandez', 'austin hubbard')"
eee8efec7b951d84,http://ufcstats.com/event-details/eee8efec7b951d84,,"October 05, 2024",2024-10-05,"Salt Lake City, Utah, USA",34fa5393c5949bed5748,,99,Carla Esparza,Tecia Pennington,Tecia Pennington,L,Women's Strawweight Bout,"('carla esparza', 'tecia pennington')"
eee8efec7b951d84,http://ufcstats.com/event-details/eee8efec7b951d84,,"October 05, 2024",2024-10-05,"Salt Lake City, Utah, USA",ea5539b54f0534f051e0,,99,Cesar Almeida,Ihor Potieria,Cesar Almeida,W,Middleweight Bout,"('cesar almeida', 'ihor potieria')"
079488710f012779,http://ufcstats.com/event-details/079488710f012779,,"September 28, 2024",2024-09-28,"Paris, Ile-de-France, France",fed2d160b486b06d5ab2,,99,Bolaji Oki,Chris Duncan,Chris Duncan,L,Lightweight Bout,"('bolaji oki', 'chris duncan')"
eee8efec7b951d84,http://ufcstats.com/event-details/eee8efec7b951d84,,"October 05, 2024",2024-10-05,"Salt Lake City, Utah, USA",c7d36dfb487f5c873024,,99,Marina Rodriguez,Iasmin Lucindo,Iasmin Lucindo,L,Women's Strawweight Bout,"('iasmin lucindo', 'marina rodriguez')"
079488710f012779,http://ufcstats.com/event-details/079488710f012779,,"September 28, 2024",2024-09-28,"Paris, Ile-de-France, France",7aa60fa3a68e9bcb1d77,,99,Nora Cornolle,Jacqueline Cavalcanti,Jacqueline Cavalcanti,L,Women's Bantamweight Bout,"('jacqueline cavalcanti', 'nora cornolle')"
079488710f012779,http://ufcstats.com/event-details/079488710f012779,,"September 28, 2024",2024-09-28,"Paris, Ile-de-France, France",4d6324bbfb99bd5e4b2f,,99,Daniel Barez,Victor Altamirano,Daniel Barez,W,Flyweight Bout,"('daniel barez', 'victor altamirano')"
079488710f012779,http://ufcstats.com/event-details/079488710f012779,,"September 28, 2024",2024-09-28,"Paris, Ile-de-France, France",c89af920047bc0a448f0,,99,Ailin Perez,Daria Zhelezniakova,Ailin Perez,W,Women's Bantamweight Bout,"('ailin perez', 'daria zhelezniakova')"
079488710f012779,http://ufcstats.com/event-details/079488710f012779,,"September 28, 2024",2024-09-28,"Paris, Ile-de-France, France",36892395b9d16987f7f3,,99,Taylor Lapilus,Vince Morales,Taylor Lapilus,W,Bantamweight Bout,"('taylor lapilus', 'vince morales')"
079488710f012779,http://ufcstats.com/event-details/079488710f012779,,"September 28, 2024",2024-09-28,"Paris, Ile-de-France, France",fccf07da8afa17abcab0,,99,Oumar Sy,Da Woon Jung,Oumar Sy,W,Light Heavyweight Bout,"('da un jung', 'oumar sy')"
079488710f012779,http://ufcstats.com/event-details/079488710f012779,,"September 28, 2024",2024-09-28,"Paris, Ile-de-France, France",27e600cdee2fc18b3d35,,99,Ion Cutelaba,Ivan Erslan,Ion Cutelaba,W,Light Heavyweight Bout,"('ion cutelaba', 'ivan erslan')"
079488710f012779,http://ufcstats.com/event-details/079488710f012779,,"September 28, 2024",2024-09-28,"Paris, Ile-de-France, France",e54095e8fcf80b8c4b7a,,99,Ludovit Klein,Roosevelt Roberts,Ludovit Klein,W,Lightweight Bout,"('ludovit klein', 'roosevelt roberts')"
079488710f012779,http://ufcstats.com/event-details/079488710f012779,,"September 28, 2024",2024-09-28,"Paris, Ile-de-France, France",7685c3fc44c266483dff,,99,Fares Ziam,Matt Frevola,Fares Ziam,W,Lightweight Bout,"('fares ziam', 'matt frevola')"
079488710f012779,http://ufcstats.com/event-details/079488710f012779,,"September 28, 2024",2024-09-28,"Paris, Ile-de-France, France",c2e8c2758b002a40b414,,99,Kevin Jousset,Bryan Battle,Bryan Battle,L,Welterweight Bout,"('bryan battle', 'kevin jousset')"
079488710f012779,http://ufcstats.com/event-details/079488710f012779,,"September 28, 2024",2024-09-28,"Paris, Ile-de-France, France",0a317df6382f0c4a000e,,99,Morgan Charriere,Gabriel Miranda,Morgan Charriere,W,Featherweight Bout,"('gabriel miranda', 'morgan charriere')"
079488710f012779,http://ufcstats.com/event-details/079488710f012779,,"September 28, 2024",2024-09-28,"Paris, Ile-de-France, France",c371463a42a1fe406a45,,99,William Gomis,Joanderson Brito,William Gomis,W,Featherweight Bout,"('joanderson brito', 'william gomis')"
eee8efec7b951d84,http://ufcstats.com/event-details/eee8efec7b951d84,,"October 05, 2024",2024-10-05,"Salt Lake City, Utah, USA",e33334358c849cef5038,,99,Stephen Thompson,Joaquin Buckley,Joaquin Buckley,L,Welterweight Bout,"('joaquin buckley', 'stephen thompson')"
079488710f012779,http://ufcstats.com/event-details/079488710f012779,,"September 28, 2024",2024-09-28,"Paris, Ile-de-France, France",6336300083dc83859308,,99,Nassourdine Imavov,Brendan Allen,Nassourdine Imavov,W,Middleweight Bout,"('brendan allen', 'nassourdine imavov')"
eee8efec7b951d84,http://ufcstats.com/event-details/eee8efec7b951d84,,"October 05, 2024",2024-10-05,"Salt Lake City, Utah, USA",46913c9e24ac5ee01015,,99,Alex Pereira,Khalil Rountree Jr.,Alex Pereira,W,UFC Light Heavyweight Title Bout,"('alex pereira', 'khalil rountree jr')"
eee8efec7b951d84,http://ufcstats.com/event-details/eee8efec7b951d84,,"October 05, 2024",2024-10-05,"Salt Lake City, Utah, USA",cf1ed84e59af696408f4,,99,Ketlen Vieira,Kayla Harrison,Kayla Harrison,L,Women's Bantamweight Bout,"('kayla harrison', 'ketlen vieira')"
079488710f012779,http://ufcstats.com/event-details/079488710f012779,,"September 28, 2024",2024-09-28,"Paris, Ile-de-France, France",eda01bf00eaf93b77f43,,99,Renato Moicano,Benoit Saint Denis,Renato Moicano,W,Lightweight Bout,"('benoit saint denis', 'renato moicano')"
eee8efec7b951d84,http://ufcstats.com/event-details/eee8efec7b951d84,,"October 05, 2024",2024-10-05,"Salt Lake City, Utah, USA",e793aaab2fd2380a60e5,,99,Jose Aldo,Mario Bautista,Mario Bautista,L,Bantamweight Bout,"('jose aldo', 'mario bautista')"
eee8efec7b951d84,http://ufcstats.com/event-details/eee8efec7b951d84,,"October 05, 2024",2024-10-05,"Salt Lake City, Utah, USA",961c039ac007f09d5a82,,99,Roman Dolidze,Kevin Holland,Roman Dolidze,W,Middleweight Bout,"('kevin holland', 'roman dolidze')"
eee8efec7b951d84,http://ufcstats.com/event-details/eee8efec7b951d84,,"October 05, 2024",2024-10-05,"Salt Lake City, Utah, USA",cb5420455da0fdf50b31,,99,Raquel Pennington,Julianna Pena,Julianna Pena,L,UFC Women's Bantamweight Title Bout,"('julianna pena', 'raquel pennington')"
3ab0df1ddd5f1dc2,http://ufcstats.com/event-details/3ab0df1ddd5f1dc2,,"November 02, 2024",2024-11-02,"Edmonton, Alberta, Canada",ef15ccec1e6ea1c8923c,,99,Jack Shore,Youssef Zalal,Youssef Zalal,L,Featherweight Bout,"('jack shore', 'youssef zalal')"
3ab0df1ddd5f1dc2,http://ufcstats.com/event-details/3ab0df1ddd5f1dc2,,"November 02, 2024",2024-11-02,"Edmonton, Alberta, Canada",15242648861b89cc70d4,,99,Jamey-Lyn Horth,Ivana Petrovic,Jamey-Lyn Horth,W,Women's Flyweight Bout,"('ivana petrovic', 'jamey lyn horth')"
3ab0df1ddd5f1dc2,http://ufcstats.com/event-details/3ab0df1ddd5f1dc2,,"November 02, 2024",2024-11-02,"Edmonton, Alberta, Canada",d06353e315a550d00646,,99,Serhiy Sidey,Garrett Armfield,Serhiy Sidey,W,Bantamweight Bout,"('garrett armfield', 'serhiy sidey')"
3ab0df1ddd5f1dc2,http://ufcstats.com/event-details/3ab0df1ddd5f1dc2,,"November 02, 2024",2024-11-02,"Edmonton, Alberta, Canada",e158d0493b9b41c0b0d2,,99,Chad Anheliger,Cody Gibson,Cody Gibson,L,Bantamweight Bout,"('chad anheliger', 'cody gibson')"
3ab0df1ddd5f1dc2,http://ufcstats.com/event-details/3ab0df1ddd5f1dc2,,"November 02, 2024",2024-11-02,"Edmonton, Alberta, Canada",442a19b3eeef90db6284,,99,Alexandr Romanov,Rodrigo Nascimento,Alexandr Romanov,W,Heavyweight Bout,"('alexandr romanov', 'rodrigo nascimento')"
3ab0df1ddd5f1dc2,http://ufcstats.com/event-details/3ab0df1ddd5f1dc2,,"November 02, 2024",2024-11-02,"Edmonton, Alberta, Canada",8f70c616ddc4cbac5ae5,,99,Erin Blanchfield,Rose Namajunas,Erin Blanchfield,W,Women's Flyweight Bout,"('erin blanchfield', 'rose namajunas')"
3ab0df1ddd5f1dc2,http://ufcstats.com/event-details/3ab0df1ddd5f1dc2,,"November 02, 2024",2024-11-02,"Edmonton, Alberta, Canada",9652419d1495d2394eae,,99,Mike Malott,Trevin Giles,Mike Malott,W,Welterweight Bout,"('mike malott', 'trevin giles')"
3ab0df1ddd5f1dc2,http://ufcstats.com/event-details/3ab0df1ddd5f1dc2,,"November 02, 2024",2024-11-02,"Edmonton, Alberta, Canada",93a6a0d1a2d508a6e37b,,99,Charles Jourdain,Victor Henry,Charles Jourdain,W,Bantamweight Bout,"('charles jourdain', 'victor henry')"
3ab0df1ddd5f1dc2,http://ufcstats.com/event-details/3ab0df1ddd5f1dc2,,"November 02, 2024",2024-11-02,"Edmonton, Alberta, Canada",363f254f6b903dbd464c,,99,Aiemann Zahabi,Pedro Munhoz,Aiemann Zahabi,W,Bantamweight Bout,"('aiemann zahabi', 'pedro munhoz')"
3ab0df1ddd5f1dc2,http://ufcstats.com/event-details/3ab0df1ddd5f1dc2,,"November 02, 2024",2024-11-02,"Edmonton, Alberta, Canada",507bc9f78f036f60272e,,99,Marc-Andre Barriault,Dustin Stoltzfus,Dustin Stoltzfus,L,Middleweight Bout,"('dustin stoltzfus', 'marc andre barriault')"
3ab0df1ddd5f1dc2,http://ufcstats.com/event-details/3ab0df1ddd5f1dc2,,"November 02, 2024",2024-11-02,"Edmonton, Alberta, Canada",ef99be94469ed1b92dda,,99,Ariane da Silva,Jasmine Jasudavicius,Jasmine Jasudavicius,L,Women's Flyweight Bout,"('ariane da silva', 'jasmine jasudavicius')"
5bdcbd8dd681a257,http://ufcstats.com/event-details/5bdcbd8dd681a257,,"October 12, 2024",2024-10-12,"Las Vegas, Nevada, USA",4502bc3e84d069b4e1ed,,99,Clayton Carpenter,Lucas Rocha,Clayton Carpenter,W,Flyweight Bout,"('clayton carpenter', 'lucas rocha')"
3ab0df1ddd5f1dc2,http://ufcstats.com/event-details/3ab0df1ddd5f1dc2,,"November 02, 2024",2024-11-02,"Edmonton, Alberta, Canada",467a18da298b5c8aef1d,,99,Brandon Moreno,Amir Albazi,Brandon Moreno,W,Flyweight Bout,"('amir albazi', 'brandon moreno')"
5bdcbd8dd681a257,http://ufcstats.com/event-details/5bdcbd8dd681a257,,"October 12, 2024",2024-10-12,"Las Vegas, Nevada, USA",528f39baea1bb6ed609c,,99,Dan Argueta,Cody Haddon,Cody Haddon,L,Bantamweight Bout,"('cody haddon', 'dan argueta')"
3ab0df1ddd5f1dc2,http://ufcstats.com/event-details/3ab0df1ddd5f1dc2,,"November 02, 2024",2024-11-02,"Edmonton, Alberta, Canada",5d69b591eb9757c525eb,,99,Caio Machado,Brendson Ribeiro,Brendson Ribeiro,L,Light Heavyweight Bout,"('brendson ribeiro', 'caio machado')"
5bdcbd8dd681a257,http://ufcstats.com/event-details/5bdcbd8dd681a257,,"October 12, 2024",2024-10-12,"Las Vegas, Nevada, USA",a60956c26676570618d1,,99,Julia Polastri,Cory McKenna,Julia Polastri,W,Women's Strawweight Bout,"('cory mckenna', 'julia polastri')"
6a0047ac8c99fece,http://ufcstats.com/event-details/6a0047ac8c99fece,,"October 19, 2024",2024-10-19,"Las Vegas, Nevada, USA",3c4be586ad0bfc51ead7,,99,Melissa Martinez,Alice Ardelean,Melissa Martinez,W,Women's Strawweight Bout,"('alice ardelean', 'melissa martinez')"
6a0047ac8c99fece,http://ufcstats.com/event-details/6a0047ac8c99fece,,"October 19, 2024",2024-10-19,"Las Vegas, Nevada, USA",ecab9cae10cd41c8ed69,,99,Austen Lane,Robelis Despaigne,Austen Lane,W,Heavyweight Bout,"('austen lane', 'robelis despaigne')"
6a0047ac8c99fece,http://ufcstats.com/event-details/6a0047ac8c99fece,,"October 19, 2024",2024-10-19,"Las Vegas, Nevada, USA",9c77b60ecaf25a762ceb,,99,Jessica Penne,Elise Reed,Elise Reed,L,Women's Strawweight Bout,"('elise reed', 'jessica penne')"
6a0047ac8c99fece,http://ufcstats.com/event-details/6a0047ac8c99fece,,"October 19, 2024",2024-10-19,"Las Vegas, Nevada, USA",6e5a7b5c11c7932dd4ae,,99,Brad Katona,Jean Matsumoto,Jean Matsumoto,L,Bantamweight Bout,"('brad katona', 'jean matsumoto')"
6a0047ac8c99fece,http://ufcstats.com/event-details/6a0047ac8c99fece,,"October 19, 2024",2024-10-19,"Las Vegas, Nevada, USA",6939e715109d63352ce9,,99,Joselyne Edwards,Tamires Vidal,Joselyne Edwards,W,Women's Bantamweight Bout,"('joselyne edwards', 'tamires vidal')"
6a0047ac8c99fece,http://ufcstats.com/event-details/6a0047ac8c99fece,,"October 19, 2024",2024-10-19,"Las Vegas, Nevada, USA",89bcb666aa6cb43fbcd0,,99,Matheus Nicolau,Asu Almabayev,Asu Almabayev,L,Flyweight Bout,"('asu almabayev', 'matheus nicolau')"
6a0047ac8c99fece,http://ufcstats.com/event-details/6a0047ac8c99fece,,"October 19, 2024",2024-10-19,"Las Vegas, Nevada, USA",b1cddd8bdcf8cd4ee484,,99,Jake Hadley,Cameron Smotherman,Cameron Smotherman,L,Bantamweight Bout,"('cameron smotherman', 'jake hadley')"
6a0047ac8c99fece,http://ufcstats.com/event-details/6a0047ac8c99fece,,"October 19, 2024",2024-10-19,"Las Vegas, Nevada, USA",87258bbf7218398417aa,,99,Darren Elkins,Daniel Pineda,Darren Elkins,W,Featherweight Bout,"('daniel pineda', 'darren elkins')"
6a0047ac8c99fece,http://ufcstats.com/event-details/6a0047ac8c99fece,,"October 19, 2024",2024-10-19,"Las Vegas, Nevada, USA",39e1a4be95ec683ac5a6,,99,Rob Font,Kyler Phillips,Rob Font,W,Bantamweight Bout,"('kyler phillips', 'rob font')"
6a0047ac8c99fece,http://ufcstats.com/event-details/6a0047ac8c99fece,,"October 19, 2024",2024-10-19,"Las Vegas, Nevada, USA",8aa930671ab43ba30d59,,99,Charles Johnson,Sumudaerji,Charles Johnson,W,Flyweight Bout,"('charles johnson', 'sumudaerji')"
6a0047ac8c99fece,http://ufcstats.com/event-details/6a0047ac8c99fece,,"October 19, 2024",2024-10-19,"Las Vegas, Nevada, USA",1ce8e9db37db3869e546,,99,Anthony Hernandez,Michel Pereira,Anthony Hernandez,W,Middleweight Bout,"('anthony hernandez', 'michel pereira')"
221b2a3070c7ce3e,http://ufcstats.com/event-details/221b2a3070c7ce3e,,"October 26, 2024",2024-10-26,"Abu Dhabi, Abu Dhabi, United Arab Emirates",08daa0bb844bebf55b42,,99,Rinat Fakhretdinov,Carlos Leal,Rinat Fakhretdinov,W,Welterweight Bout,"('carlos leal', 'rinat fakhretdinov')"
221b2a3070c7ce3e,http://ufcstats.com/event-details/221b2a3070c7ce3e,,"October 26, 2024",2024-10-26,"Abu Dhabi, Abu Dhabi, United Arab Emirates",aa03729e8e8d12916d7a,,99,Ismail Naurdiev,Bruno Silva,Ismail Naurdiev,W,Middleweight Bout,"('bruno silva', 'ismail naurdiev')"
221b2a3070c7ce3e,http://ufcstats.com/event-details/221b2a3070c7ce3e,,"October 26, 2024",2024-10-26,"Abu Dhabi, Abu Dhabi, United Arab Emirates",c7cdc3aa53a787ea8016,,99,Kennedy Nzechukwu,Chris Barnett,Kennedy Nzechukwu,W,Heavyweight Bout,"('chris barnett', 'kennedy nzechukwu')"
221b2a3070c7ce3e,http://ufcstats.com/event-details/221b2a3070c7ce3e,,"October 26, 2024",2024-10-26,"Abu Dhabi, Abu Dhabi, United Arab Emirates",afc7e5acd4d51a6a0fc6,,99,Mateusz Rebecki,Myktybek Orolbai,Mateusz Rebecki,W,Catch Weight Bout,"('mateusz rebecki', 'myktybek orolbai')"
221b2a3070c7ce3e,http://ufcstats.com/event-details/221b2a3070c7ce3e,,"October 26, 2024",2024-10-26,"Abu Dhabi, Abu Dhabi, United Arab Emirates",ec1db7fe66b51847488c,,99,Farid Basharat,Victor Hugo,Farid Basharat,W,Featherweight Bout,"('farid basharat', 'victor hugo')"
221b2a3070c7ce3e,http://ufcstats.com/event-details/221b2a3070c7ce3e,,"October 26, 2024",2024-10-26,"Abu Dhabi, Abu Dhabi, United Arab Emirates",1b8c066757e78d055350,,99,Abus Magomedov,Brunno Ferreira,Abus Magomedov,W,Middleweight Bout,"('abus magomedov', 'brunno ferreira')"
221b2a3070c7ce3e,http://ufcstats.com/event-details/221b2a3070c7ce3e,,"October 26, 2024",2024-10-26,"Abu Dhabi, Abu Dhabi, United Arab Emirates",9e7ed232bf7124114e77,,99,Ibo Aslan,Rafael Cerqueira,Ibo Aslan,W,Light Heavyweight Bout,"('ibo aslan', 'rafael cerqueira')"
221b2a3070c7ce3e,http://ufcstats.com/event-details/221b2a3070c7ce3e,,"October 26, 2024",2024-10-26,"Abu Dhabi, Abu Dhabi, United Arab Emirates",b11c5a1dfe3bea5e18a6,,99,Geoff Neal,Rafael Dos Anjos,Geoff Neal,W,Welterweight Bout,"('geoff neal', 'rafael dos anjos')"
221b2a3070c7ce3e,http://ufcstats.com/event-details/221b2a3070c7ce3e,,"October 26, 2024",2024-10-26,"Abu Dhabi, Abu Dhabi, United Arab Emirates",233c6e6dae51339814e3,,99,Lerone Murphy,Dan Ige,Lerone Murphy,W,Featherweight Bout,"('dan ige', 'lerone murphy')"
221b2a3070c7ce3e,http://ufcstats.com/event-details/221b2a3070c7ce3e,,"October 26, 2024",2024-10-26,"Abu Dhabi, Abu Dhabi, United Arab Emirates",3cd18be4ab36a8c00d31,,99,Shara Magomedov,Armen Petrosyan,Shara Magomedov,W,Middleweight Bout,"('armen petrosyan', 'shara magomedov')"
221b2a3070c7ce3e,http://ufcstats.com/event-details/221b2a3070c7ce3e,,"October 26, 2024",2024-10-26,"Abu Dhabi, Abu Dhabi, United Arab Emirates",b7a42ed4775130c3ce16,,99,Ilia Topuria,Max Holloway,Ilia Topuria,W,UFC Featherweight Title Bout,"('ilia topuria', 'max holloway')"
221b2a3070c7ce3e,http://ufcstats.com/event-details/221b2a3070c7ce3e,,"October 26, 2024",2024-10-26,"Abu Dhabi, Abu Dhabi, United Arab Emirates",3397bf62264fc72f0e41,,99,Magomed Ankalaev,Aleksandar Rakic,Magomed Ankalaev,W,Light Heavyweight Bout,"('aleksandar rakic', 'magomed ankalaev')"
221b2a3070c7ce3e,http://ufcstats.com/event-details/221b2a3070c7ce3e,,"October 26, 2024",2024-10-26,"Abu Dhabi, Abu Dhabi, United Arab Emirates",963e0f72826268c799bd,,99,Robert Whittaker,Khamzat Chimaev,Khamzat Chimaev,L,Middleweight Bout,"('khamzat chimaev', 'robert whittaker')"
5bdcbd8dd681a257,http://ufcstats.com/event-details/5bdcbd8dd681a257,,"October 12, 2024",2024-10-12,"Las Vegas, Nevada, USA",d5df2bd6b70428ad5971,,99,Themba Gorimbo,Niko Price,Themba Gorimbo,W,Welterweight Bout,"('niko price', 'themba gorimbo')"
5bdcbd8dd681a257,http://ufcstats.com/event-details/5bdcbd8dd681a257,,"October 12, 2024",2024-10-12,"Las Vegas, Nevada, USA",8e552da3a3436c0d30ca,,99,Jonathan Pearce,Pat Sabatini,Pat Sabatini,L,Featherweight Bout,"('jonathan pearce', 'pat sabatini')"
5bdcbd8dd681a257,http://ufcstats.com/event-details/5bdcbd8dd681a257,,"October 12, 2024",2024-10-12,"Las Vegas, Nevada, USA",3d0e2a75bdb9b626411a,,99,Junior Tafa,Sean Sharaf,Junior Tafa,W,Heavyweight Bout,"('jr tafa', 'sean sharaf')"
5bdcbd8dd681a257,http://ufcstats.com/event-details/5bdcbd8dd681a257,,"October 12, 2024",2024-10-12,"Las Vegas, Nevada, USA",325a7c375aaf933a134d,,99,Daniel Rodriguez,Alex Morono,Daniel Rodriguez,W,Welterweight Bout,"('alex morono', 'daniel rodriguez')"
5bdcbd8dd681a257,http://ufcstats.com/event-details/5bdcbd8dd681a257,,"October 12, 2024",2024-10-12,"Las Vegas, Nevada, USA",0874a167410a28592d94,,99,CJ Vergara,Ramazan Temirov,Ramazan Temirov,L,Flyweight Bout,"('cj vergara', 'ramazan temirov')"
5bdcbd8dd681a257,http://ufcstats.com/event-details/5bdcbd8dd681a257,,"October 12, 2024",2024-10-12,"Las Vegas, Nevada, USA",1596f554802b614df9cf,,99,Grant Dawson,Rafa Garcia,Grant Dawson,W,Lightweight Bout,"('grant dawson', 'rafa garcia')"
5bdcbd8dd681a257,http://ufcstats.com/event-details/5bdcbd8dd681a257,,"October 12, 2024",2024-10-12,"Las Vegas, Nevada, USA",157d3148e8aed73a6ef0,,99,Brad Tavares,JunYong Park,JunYong Park,L,Middleweight Bout,"('brad tavares', 'jun yong park')"
5bdcbd8dd681a257,http://ufcstats.com/event-details/5bdcbd8dd681a257,,"October 12, 2024",2024-10-12,"Las Vegas, Nevada, USA",fb38f3d2a8cc996f8bd9,,99,Chidi Njokuani,Jared Gooden,Chidi Njokuani,W,Welterweight Bout,"('chidi njokuani', 'jared gooden')"
5bdcbd8dd681a257,http://ufcstats.com/event-details/5bdcbd8dd681a257,,"October 12, 2024",2024-10-12,"Las Vegas, Nevada, USA",c20eaaf7a845e49be922,,99,Brandon Royval,Tatsuro Taira,Brandon Royval,W,Flyweight Bout,"('brandon royval', 'tatsuro taira')"
585f9ffdb0cd0466,http://ufcstats.com/event-details/585f9ffdb0cd0466,,"November 09, 2024",2024-11-09,"Las Vegas, Nevada, USA",a33c0cf78d6cb6acd4fb,,99,Luana Pinheiro,Gillian Robertson,Gillian Robertson,L,Women's Strawweight Bout,"('gillian robertson', 'luana pinheiro')"
585f9ffdb0cd0466,http://ufcstats.com/event-details/585f9ffdb0cd0466,,"November 09, 2024",2024-11-09,"Las Vegas, Nevada, USA",4a7917ca86f310d513b1,,99,Gerald Meerschaert,Reinier de Ridder,Reinier de Ridder,L,Middleweight Bout,"('gerald meerschaert', 'reinier de ridder')"
585f9ffdb0cd0466,http://ufcstats.com/event-details/585f9ffdb0cd0466,,"November 09, 2024",2024-11-09,"Las Vegas, Nevada, USA",cb34dd9311775a9dfdce,,99,Gaston Bolanos,Cortavious Romious,Gaston Bolanos,W,Bantamweight Bout,"('cortavious romious', 'gaston bolanos')"
585f9ffdb0cd0466,http://ufcstats.com/event-details/585f9ffdb0cd0466,,"November 09, 2024",2024-11-09,"Las Vegas, Nevada, USA",84464121e088c7151187,,99,Neil Magny,Carlos Prates,Carlos Prates,L,Welterweight Bout,"('carlos prates', 'neil magny')"
585f9ffdb0cd0466,http://ufcstats.com/event-details/585f9ffdb0cd0466,,"November 09, 2024",2024-11-09,"Las Vegas, Nevada, USA",5d68c1cb2d133c674260,,99,Karolina Kowalkiewicz,Denise Gomes,Denise Gomes,L,Women's Strawweight Bout,"('denise gomes', 'karolina kowalkiewicz')"
585f9ffdb0cd0466,http://ufcstats.com/event-details/585f9ffdb0cd0466,,"November 09, 2024",2024-11-09,"Las Vegas, Nevada, USA",ae5e50bca308f0b6337b,,99,Mansur Abdul-Malik,Dusko Todorovic,Mansur Abdul-Malik,W,Middleweight Bout,"('dusko todorovic', 'mansur abdul malik')"
585f9ffdb0cd0466,http://ufcstats.com/event-details/585f9ffdb0cd0466,,"November 09, 2024",2024-11-09,"Las Vegas, Nevada, USA",fb79b6557993125f275d,,99,Matthew Semelsberger,Charles Radtke,Charles Radtke,L,Welterweight Bout,"('charles radtke', 'matt semelsberger')"
585f9ffdb0cd0466,http://ufcstats.com/event-details/585f9ffdb0cd0466,,"November 09, 2024",2024-11-09,"Las Vegas, Nevada, USA",1e47362a76e58d9292c6,,99,Elizeu Zaleski dos Santos,Zachary Scroggin,Elizeu Zaleski dos Santos,W,Welterweight Bout,"('elizeu zaleski', 'zachary scroggin')"
585f9ffdb0cd0466,http://ufcstats.com/event-details/585f9ffdb0cd0466,,"November 09, 2024",2024-11-09,"Las Vegas, Nevada, USA",4c1ace693391d4c0c1ee,,99,Cody Stamann,Da'Mon Blackshear,Da'Mon Blackshear,L,Bantamweight Bout,"('cody stamann', 'damon blackshear')"
585f9ffdb0cd0466,http://ufcstats.com/event-details/585f9ffdb0cd0466,,"November 09, 2024",2024-11-09,"Las Vegas, Nevada, USA",ff33f2e35dc7cd386de4,,99,Melissa Mullins,Klaudia Sygula,Melissa Mullins,W,Women's Bantamweight Bout,"('klaudia sygula', 'melissa mullins')"
585f9ffdb0cd0466,http://ufcstats.com/event-details/585f9ffdb0cd0466,,"November 09, 2024",2024-11-09,"Las Vegas, Nevada, USA",330ec4d87a89ef18f7bd,,99,Tresean Gore,Antonio Trocoli,Tresean Gore,W,Middleweight Bout,"('antonio trocoli', 'tresean gore')"
daff32bc96d1eabf,http://ufcstats.com/event-details/daff32bc96d1eabf,,"November 16, 2024",2024-11-16,"New York City, New York, USA",fb8f4a4a2bca3f286872,,99,Veronica Hardy,Eduarda Moura,Eduarda Moura,L,Women's Flyweight Bout,"('eduarda moura', 'veronica hardy')"
daff32bc96d1eabf,http://ufcstats.com/event-details/daff32bc96d1eabf,,"November 16, 2024",2024-11-16,"New York City, New York, USA",75fe1ddd594d9381ee72,,99,Mauricio Ruffy,James Llontop,Mauricio Ruffy,W,Catch Weight Bout,"('james llontop', 'mauricio ruffy')"
daff32bc96d1eabf,http://ufcstats.com/event-details/daff32bc96d1eabf,,"November 16, 2024",2024-11-16,"New York City, New York, USA",256141248c07b47153f3,,99,Jonathan Martinez,Marcus McGhee,Marcus McGhee,L,Bantamweight Bout,"('jonathan martinez', 'marcus mcghee')"
daff32bc96d1eabf,http://ufcstats.com/event-details/daff32bc96d1eabf,,"November 16, 2024",2024-11-16,"New York City, New York, USA",bd9ffefdaad6d2021d44,,99,Mickey Gall,Ramiz Brahimaj,Ramiz Brahimaj,L,Welterweight Bout,"('mickey gall', 'ramiz brahimaj')"
daff32bc96d1eabf,http://ufcstats.com/event-details/daff32bc96d1eabf,,"November 16, 2024",2024-11-16,"New York City, New York, USA",d5f2ebc63385a22c46fc,,99,Bassil Hafez,Oban Elliott,Oban Elliott,L,Welterweight Bout,"('bassil hafez', 'oban elliott')"
daff32bc96d1eabf,http://ufcstats.com/event-details/daff32bc96d1eabf,,"November 16, 2024",2024-11-16,"New York City, New York, USA",24e9e03b8cfe7d0d59ed,,99,Marcin Tybura,Jhonata Diniz,Marcin Tybura,W,Heavyweight Bout,"('jhonata diniz', 'marcin tybura')"
daff32bc96d1eabf,http://ufcstats.com/event-details/daff32bc96d1eabf,,"November 16, 2024",2024-11-16,"New York City, New York, USA",4bc623d210e5523f5e8b,,99,David Onama,Roberto Romero,David Onama,W,Lightweight Bout,"('david onama', 'roberto romero')"
daff32bc96d1eabf,http://ufcstats.com/event-details/daff32bc96d1eabf,,"November 16, 2024",2024-11-16,"New York City, New York, USA",e6f70332daa9ea142c69,,99,Jim Miller,Damon Jackson,Jim Miller,W,Lightweight Bout,"('damon jackson', 'jim miller')"
daff32bc96d1eabf,http://ufcstats.com/event-details/daff32bc96d1eabf,,"November 16, 2024",2024-11-16,"New York City, New York, USA",e71e146b555cf1a69a5d,,99,Viviane Araujo,Karine Silva,Viviane Araujo,W,Women's Flyweight Bout,"('karine silva', 'viviane araujo')"
daff32bc96d1eabf,http://ufcstats.com/event-details/daff32bc96d1eabf,,"November 16, 2024",2024-11-16,"New York City, New York, USA",f2347b4ea540a5b58251,,99,Charles Oliveira,Michael Chandler,Charles Oliveira,W,Lightweight Bout,"('charles oliveira', 'michael chandler')"
daff32bc96d1eabf,http://ufcstats.com/event-details/daff32bc96d1eabf,,"November 16, 2024",2024-11-16,"New York City, New York, USA",96a0bdb04b0b117200d5,,99,Bo Nickal,Paul Craig,Bo Nickal,W,Middleweight Bout,"('bo nickal', 'paul craig')"
daff32bc96d1eabf,http://ufcstats.com/event-details/daff32bc96d1eabf,,"November 16, 2024",2024-11-16,"New York City, New York, USA",96c7f09956f413b10eb3,,99,Jon Jones,Stipe Miocic,Jon Jones,W,UFC Heavyweight Title Bout,"('jon jones', 'stipe miocic')"
ad23903ef3af7406,http://ufcstats.com/event-details/ad23903ef3af7406,,"December 07, 2024",2024-12-07,"Las Vegas, Nevada, USA",50cfc7a0d39be33ea0d2,,99,Cody Durden,Joshua Van,Joshua Van,L,Flyweight Bout,"('cody durden', 'joshua van')"
ad23903ef3af7406,http://ufcstats.com/event-details/ad23903ef3af7406,,"December 07, 2024",2024-12-07,"Las Vegas, Nevada, USA",ce8688ee95a759a90cb0,,99,Kennedy Nzechukwu,Lukasz Brzeski,Kennedy Nzechukwu,W,Heavyweight Bout,"('kennedy nzechukwu', 'lukasz brzeski')"
ad23903ef3af7406,http://ufcstats.com/event-details/ad23903ef3af7406,,"December 07, 2024",2024-12-07,"Las Vegas, Nevada, USA",c3c5acf7f0f94a31648d,,99,Chris Weidman,Eryk Anders,Eryk Anders,L,Catch Weight Bout,"('chris weidman', 'eryk anders')"
ad23903ef3af7406,http://ufcstats.com/event-details/ad23903ef3af7406,,"December 07, 2024",2024-12-07,"Las Vegas, Nevada, USA",789df54accf485d27028,,99,Michael Chiesa,Max Griffin,Michael Chiesa,W,Welterweight Bout,"('max griffin', 'michael chiesa')"
ad23903ef3af7406,http://ufcstats.com/event-details/ad23903ef3af7406,,"December 07, 2024",2024-12-07,"Las Vegas, Nevada, USA",1d1162c3a7cac8b39162,,99,Movsar Evloev,Aljamain Sterling,Movsar Evloev,W,Featherweight Bout,"('aljamain sterling', 'movsar evloev')"
ad23903ef3af7406,http://ufcstats.com/event-details/ad23903ef3af7406,,"December 07, 2024",2024-12-07,"Las Vegas, Nevada, USA",4dd92533ce65a18c0568,,99,Randy Brown,Bryan Battle,Bryan Battle,L,Welterweight Bout,"('bryan battle', 'randy brown')"
ad23903ef3af7406,http://ufcstats.com/event-details/ad23903ef3af7406,,"December 07, 2024",2024-12-07,"Las Vegas, Nevada, USA",f5c2a148ca65f0e34707,,99,Shavkat Rakhmonov,Ian Machado Garry,Shavkat Rakhmonov,W,Welterweight Bout,"('ian machado garry', 'shavkat rakhmonov')"
ad23903ef3af7406,http://ufcstats.com/event-details/ad23903ef3af7406,,"December 07, 2024",2024-12-07,"Las Vegas, Nevada, USA",18221069e72ad6e808db,,99,Clay Guida,Chase Hooper,Chase Hooper,L,Lightweight Bout,"('chase hooper', 'clay guida')"
ad23903ef3af7406,http://ufcstats.com/event-details/ad23903ef3af7406,,"December 07, 2024",2024-12-07,"Las Vegas, Nevada, USA",2e64716197cc354a3a66,,99,Vicente Luque,Themba Gorimbo,Vicente Luque,W,Welterweight Bout,"('themba gorimbo', 'vicente luque')"
ad23903ef3af7406,http://ufcstats.com/event-details/ad23903ef3af7406,,"December 07, 2024",2024-12-07,"Las Vegas, Nevada, USA",03a5f5161e4726004752,,99,Nate Landwehr,Dooho Choi,Dooho Choi,L,Featherweight Bout,"('dooho choi', 'nate landwehr')"
ad23903ef3af7406,http://ufcstats.com/event-details/ad23903ef3af7406,,"December 07, 2024",2024-12-07,"Las Vegas, Nevada, USA",e1d926ca38b0b83aa1c9,,99,Dominick Reyes,Anthony Smith,Dominick Reyes,W,Light Heavyweight Bout,"('anthony smith', 'dominick reyes')"
ad23903ef3af7406,http://ufcstats.com/event-details/ad23903ef3af7406,,"December 07, 2024",2024-12-07,"Las Vegas, Nevada, USA",7f63aa992da604bcc9fb,,99,Ciryl Gane,Alexander Volkov,Ciryl Gane,W,Heavyweight Bout,"('alexander volkov', 'ciryl gane')"
ad23903ef3af7406,http://ufcstats.com/event-details/ad23903ef3af7406,,"December 07, 2024",2024-12-07,"Las Vegas, Nevada, USA",eb9d986bba59ea0c7aeb,,99,Alexandre Pantoja,Kai Asakura,Alexandre Pantoja,W,UFC Flyweight Title Bout,"('alexandre pantoja', 'kai asakura')"
ad23903ef3af7406,http://ufcstats.com/event-details/ad23903ef3af7406,,"December 07, 2024",2024-12-07,"Las Vegas, Nevada, USA",237f5367fefe0065b007,,99,Bryce Mitchell,Kron Gracie,Bryce Mitchell,W,Featherweight Bout,"('bryce mitchell', 'kron gracie')"
e955046551f8c7dd,http://ufcstats.com/event-details/e955046551f8c7dd,,"November 23, 2024",2024-11-23,"Macau, China",735030fd49d4f3360039,,99,Xiao Long,Quang Le,Xiao Long,W,Bantamweight Bout,"('quang le', 'xiao long')"
e955046551f8c7dd,http://ufcstats.com/event-details/e955046551f8c7dd,,"November 23, 2024",2024-11-23,"Macau, China",1a0715fc290fa248f21a,,99,Lone'er Kavanagh,Jose Ochoa,Lone'er Kavanagh,W,Flyweight Bout,"('jose ochoa', 'loneer kavanagh')"
e955046551f8c7dd,http://ufcstats.com/event-details/e955046551f8c7dd,,"November 23, 2024",2024-11-23,"Macau, China",10fa8cfa2230ebfaa38b,,99,Shi Ming,Feng Xiaocan,Shi Ming,W,Women's Strawweight Bout,"('feng xiaocan', 'shi ming')"
e955046551f8c7dd,http://ufcstats.com/event-details/e955046551f8c7dd,,"November 23, 2024",2024-11-23,"Macau, China",50a814150eac44c5b535,,99,Kiru Sahota,DongHun Choi,DongHun Choi,L,Flyweight Bout,"('donghun choi', 'kiru sahota')"
e955046551f8c7dd,http://ufcstats.com/event-details/e955046551f8c7dd,,"November 23, 2024",2024-11-23,"Macau, China",6978803ac3b7a01409da,,99,Maheshate,Nikolas Motta,Nikolas Motta,L,Lightweight Bout,"('maheshate', 'nikolas motta')"
e955046551f8c7dd,http://ufcstats.com/event-details/e955046551f8c7dd,,"November 23, 2024",2024-11-23,"Macau, China",60d5ec09ce91d9ec3d05,,99,Nyamjargal Tumendemberel,Carlos Hernandez,Carlos Hernandez,L,Flyweight Bout,"('carlos hernandez', 'nyamjargal tumendemberel')"
e955046551f8c7dd,http://ufcstats.com/event-details/e955046551f8c7dd,,"November 23, 2024",2024-11-23,"Macau, China",2ece42169b2d6f140b2b,,99,Zhang Mingyang,Ozzy Diaz,Zhang Mingyang,W,Light Heavyweight Bout,"('ozzy diaz', 'zhang mingyang')"
e955046551f8c7dd,http://ufcstats.com/event-details/e955046551f8c7dd,,"November 23, 2024",2024-11-23,"Macau, China",21df57ebf9e341355946,,99,Baergeng Jieleyisi,SuYoung You,SuYoung You,L,Bantamweight Bout,"('baergeng jieleyisi', 'suyoung you')"
e955046551f8c7dd,http://ufcstats.com/event-details/e955046551f8c7dd,,"November 23, 2024",2024-11-23,"Macau, China",871f40a11d6531a163e1,,99,Volkan Oezdemir,Carlos Ulberg,Carlos Ulberg,L,Light Heavyweight Bout,"('carlos ulberg', 'volkan oezdemir')"
e955046551f8c7dd,http://ufcstats.com/event-details/e955046551f8c7dd,,"November 23, 2024",2024-11-23,"Macau, China",fbfa62bbdb4c62885a57,,99,Song Kenan,Muslim Salikhov,Muslim Salikhov,L,Welterweight Bout,"('muslim salikhov', 'song kenan')"
e955046551f8c7dd,http://ufcstats.com/event-details/e955046551f8c7dd,,"November 23, 2024",2024-11-23,"Macau, China",56b056c48fa720d77048,,99,Wang Cong,Gabriella Fernandes,Gabriella Fernandes,L,Women's Flyweight Bout,"('gabriella fernandes', 'wang cong')"
e955046551f8c7dd,http://ufcstats.com/event-details/e955046551f8c7dd,,"November 23, 2024",2024-11-23,"Macau, China",087958a3710f2f37cacd,,99,Petr Yan,Deiveson Figueiredo,Petr Yan,W,Bantamweight Bout,"('deiveson figueiredo', 'petr yan')"
e955046551f8c7dd,http://ufcstats.com/event-details/e955046551f8c7dd,,"November 23, 2024",2024-11-23,"Macau, China",e19eaa27e89b5c2d51f0,,99,Yan Xiaonan,Tabatha Ricci,Yan Xiaonan,W,Women's Strawweight Bout,"('tabatha ricci', 'yan xiaonan')"
72c9c2eadfc3277e,http://ufcstats.com/event-details/72c9c2eadfc3277e,,"December 14, 2024",2024-12-14,"Tampa, Florida, USA",f2d80e87f1d1fe5ef1f5,,99,Sean Woodson,Fernando Padilla,Sean Woodson,W,Featherweight Bout,"('fernando padilla', 'sean woodson')"
72c9c2eadfc3277e,http://ufcstats.com/event-details/72c9c2eadfc3277e,,"December 14, 2024",2024-12-14,"Tampa, Florida, USA",15106cc6ad27118c164c,,99,Davey Grant,Ramon Taveras,Davey Grant,W,Bantamweight Bout,"('davey grant', 'ramon taveras')"
72c9c2eadfc3277e,http://ufcstats.com/event-details/72c9c2eadfc3277e,,"December 14, 2024",2024-12-14,"Tampa, Florida, USA",c6c109e9050f8268ea8b,,99,Miranda Maverick,Jamey-Lyn Horth,Miranda Maverick,W,Women's Flyweight Bout,"('jamey lyn horth', 'miranda maverick')"
72c9c2eadfc3277e,http://ufcstats.com/event-details/72c9c2eadfc3277e,,"December 14, 2024",2024-12-14,"Tampa, Florida, USA",1f7010897de780944a29,,99,Josefine Knutsson,Piera Rodriguez,Piera Rodriguez,L,Women's Strawweight Bout,"('josefine knutsson', 'piera rodriguez')"
72c9c2eadfc3277e,http://ufcstats.com/event-details/72c9c2eadfc3277e,,"December 14, 2024",2024-12-14,"Tampa, Florida, USA",dfa0a038120f9a909c75,,99,Joel Alvarez,Drakkar Klose,Joel Alvarez,W,Lightweight Bout,"('drakkar klose', 'joel alvarez')"
72c9c2eadfc3277e,http://ufcstats.com/event-details/72c9c2eadfc3277e,,"December 14, 2024",2024-12-14,"Tampa, Florida, USA",7ca21678cf29cf125383,,99,Miles Johns,Felipe Lima,Felipe Lima,L,Featherweight Bout,"('felipe lima', 'miles johns')"
72c9c2eadfc3277e,http://ufcstats.com/event-details/72c9c2eadfc3277e,,"December 14, 2024",2024-12-14,"Tampa, Florida, USA",7c83ff5558ede5899a0f,,99,Michael Johnson,Ottman Azaitar,Michael Johnson,W,Lightweight Bout,"('michael johnson', 'ottman azaitar')"
72c9c2eadfc3277e,http://ufcstats.com/event-details/72c9c2eadfc3277e,,"December 14, 2024",2024-12-14,"Tampa, Florida, USA",4a7fa3d30e4a180b94c5,,99,Navajo Stirling,Tuco Tokkos,Navajo Stirling,W,Light Heavyweight Bout,"('navajo stirling', 'tuco tokkos')"
72c9c2eadfc3277e,http://ufcstats.com/event-details/72c9c2eadfc3277e,,"December 14, 2024",2024-12-14,"Tampa, Florida, USA",b4416b38e3c62b0e596e,,99,Vitor Petrino,Dustin Jacoby,Dustin Jacoby,L,Light Heavyweight Bout,"('dustin jacoby', 'vitor petrino')"
72c9c2eadfc3277e,http://ufcstats.com/event-details/72c9c2eadfc3277e,,"December 14, 2024",2024-12-14,"Tampa, Florida, USA",484f962f240c7ba6097f,,99,Adrian Yanez,Daniel Marcos,Daniel Marcos,L,Bantamweight Bout,"('adrian yanez', 'daniel marcos')"
72c9c2eadfc3277e,http://ufcstats.com/event-details/72c9c2eadfc3277e,,"December 14, 2024",2024-12-14,"Tampa, Florida, USA",ef19dd30d7d28e928eb9,,99,Colby Covington,Joaquin Buckley,Joaquin Buckley,L,Welterweight Bout,"('colby covington', 'joaquin buckley')"
72c9c2eadfc3277e,http://ufcstats.com/event-details/72c9c2eadfc3277e,,"December 14, 2024",2024-12-14,"Tampa, Florida, USA",d985bfedb9f13b834308,,99,Manel Kape,Bruno Silva,Manel Kape,W,Flyweight Bout,"('bruno silva', 'manel kape')"
72c9c2eadfc3277e,http://ufcstats.com/event-details/72c9c2eadfc3277e,,"December 14, 2024",2024-12-14,"Tampa, Florida, USA",433fbbf78432e98f3f5a,,99,Cub Swanson,Billy Quarantillo,Cub Swanson,W,Featherweight Bout,"('billy quarantillo', 'cub swanson')"
39f68882def7a507,http://ufcstats.com/event-details/39f68882def7a507,,"January 18, 2025",2025-01-18,"Inglewood, California, USA",d122335ed9ceb259cf29,,99,Tagir Ulanbekov,Clayton Carpenter,Tagir Ulanbekov,W,Flyweight Bout,"('clayton carpenter', 'tagir ulanbekov')"
39f68882def7a507,http://ufcstats.com/event-details/39f68882def7a507,,"January 18, 2025",2025-01-18,"Inglewood, California, USA",9db130e794c48610168a,,99,Ricky Turcios,Benardo Sopaj,Benardo Sopaj,L,Bantamweight Bout,"('benardo sopaj', 'ricky turcios')"
39f68882def7a507,http://ufcstats.com/event-details/39f68882def7a507,,"January 18, 2025",2025-01-18,"Inglewood, California, USA",9c16c0757b987e7c3971,,99,Bogdan Guskov,Billy Elekana,Bogdan Guskov,W,Light Heavyweight Bout,"('billy elekana', 'bogdan guskov')"
39f68882def7a507,http://ufcstats.com/event-details/39f68882def7a507,,"January 18, 2025",2025-01-18,"Inglewood, California, USA",844e93fb863bd4957b0e,,99,Grant Dawson,Diego Ferreira,Grant Dawson,W,Lightweight Bout,"('diego ferreira', 'grant dawson')"
39f68882def7a507,http://ufcstats.com/event-details/39f68882def7a507,,"January 18, 2025",2025-01-18,"Inglewood, California, USA",0cad3f1f534b86f7300a,,99,Payton Talbott,Raoni Barcelos,Raoni Barcelos,L,Bantamweight Bout,"('payton talbott', 'raoni barcelos')"
39f68882def7a507,http://ufcstats.com/event-details/39f68882def7a507,,"January 18, 2025",2025-01-18,"Inglewood, California, USA",4399848d22c8f4ff56d8,,99,Rinya Nakamura,Muin Gafurov,Muin Gafurov,L,Bantamweight Bout,"('muin gafurov', 'rinya nakamura')"
39f68882def7a507,http://ufcstats.com/event-details/39f68882def7a507,,"January 18, 2025",2025-01-18,"Inglewood, California, USA",92a0cf53bf143066158e,,99,Kevin Holland,Reinier de Ridder,Reinier de Ridder,L,Middleweight Bout,"('kevin holland', 'reinier de ridder')"
39f68882def7a507,http://ufcstats.com/event-details/39f68882def7a507,,"January 18, 2025",2025-01-18,"Inglewood, California, USA",c2b4ff4a367f10978b1e,,99,Karol Rosa,Ailin Perez,Ailin Perez,L,Women's Bantamweight Bout,"('ailin perez', 'karol rosa')"
39f68882def7a507,http://ufcstats.com/event-details/39f68882def7a507,,"January 18, 2025",2025-01-18,"Inglewood, California, USA",5ebd3be15db109c52579,,99,Merab Dvalishvili,Umar Nurmagomedov,Merab Dvalishvili,W,UFC Bantamweight Title Bout,"('merab dvalishvili', 'umar nurmagomedov')"
39f68882def7a507,http://ufcstats.com/event-details/39f68882def7a507,,"January 18, 2025",2025-01-18,"Inglewood, California, USA",6c39b89dab3a5bba2d06,,99,Islam Makhachev,Renato Moicano,Islam Makhachev,W,UFC Lightweight Title Bout,"('islam makhachev', 'renato moicano')"
39f68882def7a507,http://ufcstats.com/event-details/39f68882def7a507,,"January 18, 2025",2025-01-18,"Inglewood, California, USA",d96aa18acb2c67bd5061,,99,Jiri Prochazka,Jamahal Hill,Jiri Prochazka,W,Light Heavyweight Bout,"('jamahal hill', 'jiri prochazka')"
39f68882def7a507,http://ufcstats.com/event-details/39f68882def7a507,,"January 18, 2025",2025-01-18,"Inglewood, California, USA",31d651a4b25bf5092abd,,99,Zachary Reese,Azamat Bekoev,Azamat Bekoev,L,Middleweight Bout,"('azamat bekoev', 'zachary reese')"
39f68882def7a507,http://ufcstats.com/event-details/39f68882def7a507,,"January 18, 2025",2025-01-18,"Inglewood, California, USA",6fed86d45d351c53d3a3,,99,Jailton Almeida,Serghei Spivac,Jailton Almeida,W,Heavyweight Bout,"('jailton almeida', 'serghei spivac')"
81ddc98fceb30086,http://ufcstats.com/event-details/81ddc98fceb30086,,"January 11, 2025",2025-01-11,"Las Vegas, Nevada, USA",1992f7822eda42828d42,,99,Marco Tulio,Ihor Potieria,Marco Tulio,W,Middleweight Bout,"('ihor potieria', 'marco tulio')"
81ddc98fceb30086,http://ufcstats.com/event-details/81ddc98fceb30086,,"January 11, 2025",2025-01-11,"Las Vegas, Nevada, USA",52a3f9eb34343b06a8d5,,99,Jose Johnson,Felipe Bunes,Felipe Bunes,L,Flyweight Bout,"('felipe bunes', 'jose johnson')"
81ddc98fceb30086,http://ufcstats.com/event-details/81ddc98fceb30086,,"January 11, 2025",2025-01-11,"Las Vegas, Nevada, USA",afd9276ed9ba45b1d0c4,,99,Punahele Soriano,Uros Medic,Punahele Soriano,W,Welterweight Bout,"('punahele soriano', 'uros medic')"
81ddc98fceb30086,http://ufcstats.com/event-details/81ddc98fceb30086,,"January 11, 2025",2025-01-11,"Las Vegas, Nevada, USA",383f05e5e8a8dcac31cf,,99,Christian Rodriguez,Austin Bashi,Christian Rodriguez,W,Featherweight Bout,"('austin bashi', 'christian rodriguez')"
81ddc98fceb30086,http://ufcstats.com/event-details/81ddc98fceb30086,,"January 11, 2025",2025-01-11,"Las Vegas, Nevada, USA",5986a7a454fbaa5fcd87,,99,Cesar Almeida,Abdul Razak Alhassan,Cesar Almeida,W,Middleweight Bout,"('abdul razak alhassan', 'cesar almeida')"
81ddc98fceb30086,http://ufcstats.com/event-details/81ddc98fceb30086,,"January 11, 2025",2025-01-11,"Las Vegas, Nevada, USA",8318d5d062f6658fa546,,99,Chris Curtis,Roman Kopylov,Roman Kopylov,L,Middleweight Bout,"('chris curtis', 'roman kopylov')"
81ddc98fceb30086,http://ufcstats.com/event-details/81ddc98fceb30086,,"January 11, 2025",2025-01-11,"Las Vegas, Nevada, USA",de7c41a7257dff837001,,99,Santiago Ponzinibbio,Carlston Harris,Santiago Ponzinibbio,W,Welterweight Bout,"('carlston harris', 'santiago ponzinibbio')"
81ddc98fceb30086,http://ufcstats.com/event-details/81ddc98fceb30086,,"January 11, 2025",2025-01-11,"Las Vegas, Nevada, USA",90a5a260a4a95dd2dcf3,,99,Mackenzie Dern,Amanda Ribas,Mackenzie Dern,W,Women's Strawweight Bout,"('amanda ribas', 'mackenzie dern')"
81ddc98fceb30086,http://ufcstats.com/event-details/81ddc98fceb30086,,"January 11, 2025",2025-01-11,"Las Vegas, Nevada, USA",85c449f59aebd8c89bdd,,99,Ernesta Kareckaite,Nicolle Caliari,Ernesta Kareckaite,W,Women's Flyweight Bout,"('ernesta kareckaite', 'nicolle caliari')"
81ddc98fceb30086,http://ufcstats.com/event-details/81ddc98fceb30086,,"January 11, 2025",2025-01-11,"Las Vegas, Nevada, USA",a3327e70950375754d3b,,99,Nurullo Aliev,Joe Solecki,Nurullo Aliev,W,Lightweight Bout,"('joe solecki', 'nurullo aliev')"
81ddc98fceb30086,http://ufcstats.com/event-details/81ddc98fceb30086,,"January 11, 2025",2025-01-11,"Las Vegas, Nevada, USA",a794553ad5c6c2eca2f6,,99,Preston Parsons,Jacobe Smith,Jacobe Smith,L,Welterweight Bout,"('jacobe smith', 'preston parsons')"
81ddc98fceb30086,http://ufcstats.com/event-details/81ddc98fceb30086,,"January 11, 2025",2025-01-11,"Las Vegas, Nevada, USA",51384d785a62de099b7e,,99,Magomed Gadzhiyasulov,Bruno Lopes,Bruno Lopes,L,Light Heavyweight Bout,"('bruno lopes', 'magomed gadzhiyasulov')"
81ddc98fceb30086,http://ufcstats.com/event-details/81ddc98fceb30086,,"January 11, 2025",2025-01-11,"Las Vegas, Nevada, USA",c4b264418c25543aa9fe,,99,Thiago Moises,Trey Ogden,Thiago Moises,W,Lightweight Bout,"('thiago moises', 'trey ogden')"
81ddc98fceb30086,http://ufcstats.com/event-details/81ddc98fceb30086,,"January 11, 2025",2025-01-11,"Las Vegas, Nevada, USA",d56d9f1b259000fc3843,,99,Fatima Kline,Viktoriia Dudakova,Fatima Kline,W,Women's Strawweight Bout,"('fatima kline', 'viktoriia dudakova')"
80dbeb1dd5b53e64,http://ufcstats.com/event-details/80dbeb1dd5b53e64,,"February 01, 2025",2025-02-01,"Riyadh, Riyadh, Saudi Arabia",0cd7b665a20b07512229,,99,Hamdy Abdelwahab,Jamal Pogues,Hamdy Abdelwahab,W,Heavyweight Bout,"('hamdy abdelwahab', 'jamal pogues')"
80dbeb1dd5b53e64,http://ufcstats.com/event-details/80dbeb1dd5b53e64,,"February 01, 2025",2025-02-01,"Riyadh, Riyadh, Saudi Arabia",990e31ef1d719e693633,,99,Bogdan Grad,Lucas Alexander,Bogdan Grad,W,Featherweight Bout,"('bogdan grad', 'lucas alexander')"
80dbeb1dd5b53e64,http://ufcstats.com/event-details/80dbeb1dd5b53e64,,"February 01, 2025",2025-02-01,"Riyadh, Riyadh, Saudi Arabia",b8f1ebfe4450af9e1d21,,99,Shamil Gaziev,Thomas Petersen,Shamil Gaziev,W,Heavyweight Bout,"('shamil gaziev', 'thomas petersen')"
80dbeb1dd5b53e64,http://ufcstats.com/event-details/80dbeb1dd5b53e64,,"February 01, 2025",2025-02-01,"Riyadh, Riyadh, Saudi Arabia",a2118b8d61e40d7e22e7,,99,Jasmine Jasudavicius,Mayra Bueno Silva,Jasmine Jasudavicius,W,Women's Flyweight Bout,"('jasmine jasudavicius', 'mayra bueno silva')"
80dbeb1dd5b53e64,http://ufcstats.com/event-details/80dbeb1dd5b53e64,,"February 01, 2025",2025-02-01,"Riyadh, Riyadh, Saudi Arabia",6e111f77bbe0cfd6457d,,99,Terrance McKinney,Damir Hadzovic,Terrance McKinney,W,Lightweight Bout,"('damir hadzovic', 'terrance mckinney')"
80dbeb1dd5b53e64,http://ufcstats.com/event-details/80dbeb1dd5b53e64,,"February 01, 2025",2025-02-01,"Riyadh, Riyadh, Saudi Arabia",f40ca125b78cba9016a1,,99,Fares Ziam,Mike Davis,Fares Ziam,W,Lightweight Bout,"('fares ziam', 'mike davis')"
80dbeb1dd5b53e64,http://ufcstats.com/event-details/80dbeb1dd5b53e64,,"February 01, 2025",2025-02-01,"Riyadh, Riyadh, Saudi Arabia",50dc28cc2306aab7e921,,99,Said Nurmagomedov,Vinicius Oliveira,Vinicius Oliveira,L,Bantamweight Bout,"('said nurmagomedov', 'vinicius oliveira')"
80dbeb1dd5b53e64,http://ufcstats.com/event-details/80dbeb1dd5b53e64,,"February 01, 2025",2025-02-01,"Riyadh, Riyadh, Saudi Arabia",ca84f0a5183e635d097b,,99,Muhammad Naimov,Kaan Ofli,Muhammad Naimov,W,Featherweight Bout,"('kaan ofli', 'muhammad naimov')"
80dbeb1dd5b53e64,http://ufcstats.com/event-details/80dbeb1dd5b53e64,,"February 01, 2025",2025-02-01,"Riyadh, Riyadh, Saudi Arabia",61843da105e4b591fe91,,99,Sergei Pavlovich,Jairzinho Rozenstruik,Sergei Pavlovich,W,Heavyweight Bout,"('jairzinho rozenstruik', 'sergei pavlovich')"
80dbeb1dd5b53e64,http://ufcstats.com/event-details/80dbeb1dd5b53e64,,"February 01, 2025",2025-02-01,"Riyadh, Riyadh, Saudi Arabia",5f21cac2e1318f79c604,,99,Shara Magomedov,Michael Page,Michael Page,L,Middleweight Bout,"('michael page', 'shara magomedov')"
80dbeb1dd5b53e64,http://ufcstats.com/event-details/80dbeb1dd5b53e64,,"February 01, 2025",2025-02-01,"Riyadh, Riyadh, Saudi Arabia",626450c9be7e1558b1b2,,99,Israel Adesanya,Nassourdine Imavov,Nassourdine Imavov,L,Middleweight Bout,"('israel adesanya', 'nassourdine imavov')"
e6015889f50075d2,http://ufcstats.com/event-details/e6015889f50075d2,,"February 08, 2025",2025-02-08,"Sydney, New South Wales, Australia",77decac51a487e22a218,,99,Quillan Salkilld,Anshul Jubli,Quillan Salkilld,W,Lightweight Bout,"('anshul jubli', 'quillan salkilld')"
e6015889f50075d2,http://ufcstats.com/event-details/e6015889f50075d2,,"February 08, 2025",2025-02-08,"Sydney, New South Wales, Australia",7989ae723e6afdd2be98,,99,Tom Nolan,Viacheslav Borshchev,Tom Nolan,W,Lightweight Bout,"('tom nolan', 'viacheslav borshchev')"
e6015889f50075d2,http://ufcstats.com/event-details/e6015889f50075d2,,"February 08, 2025",2025-02-08,"Sydney, New South Wales, Australia",5660fad1a1062d658777,,99,Jonathan Micallef,Kevin Jousset,Jonathan Micallef,W,Welterweight Bout,"('jonathan micallef', 'kevin jousset')"
e6015889f50075d2,http://ufcstats.com/event-details/e6015889f50075d2,,"February 08, 2025",2025-02-08,"Sydney, New South Wales, Australia",86bcf564d2ef89b77f68,,99,Jack Jenkins,Gabriel Santos,Gabriel Santos,L,Featherweight Bout,"('gabriel santos', 'jack jenkins')"
e6015889f50075d2,http://ufcstats.com/event-details/e6015889f50075d2,,"February 08, 2025",2025-02-08,"Sydney, New South Wales, Australia",ceb2f35f131b3424b77f,,99,Colby Thicknesse,Aleksandre Topuria,Aleksandre Topuria,L,Bantamweight Bout,"('aleksandre topuria', 'colby thicknesse')"
e6015889f50075d2,http://ufcstats.com/event-details/e6015889f50075d2,,"February 08, 2025",2025-02-08,"Sydney, New South Wales, Australia",2ba64a4f330448c5f1e0,,99,Justin Tafa,Tallison Teixeira,Tallison Teixeira,L,Heavyweight Bout,"('justin tafa', 'tallison teixeira')"
e6015889f50075d2,http://ufcstats.com/event-details/e6015889f50075d2,,"February 08, 2025",2025-02-08,"Sydney, New South Wales, Australia",0672f055ae76aa1e99fd,,99,Dricus Du Plessis,Sean Strickland,Dricus Du Plessis,W,UFC Middleweight Title Bout,"('dricus du plessis', 'sean strickland')"
e6015889f50075d2,http://ufcstats.com/event-details/e6015889f50075d2,,"February 08, 2025",2025-02-08,"Sydney, New South Wales, Australia",1236308e16558ede0e02,,99,Jake Matthews,Francisco Prado,Jake Matthews,W,Welterweight Bout,"('francisco prado', 'jake matthews')"
e6015889f50075d2,http://ufcstats.com/event-details/e6015889f50075d2,,"February 08, 2025",2025-02-08,"Sydney, New South Wales, Australia",7d61275941e128d63a47,,99,Wang Cong,Bruna Brasil,Wang Cong,W,Women's Flyweight Bout,"('bruna brasil', 'wang cong')"
e6015889f50075d2,http://ufcstats.com/event-details/e6015889f50075d2,,"February 08, 2025",2025-02-08,"Sydney, New South Wales, Australia",7d72c2a55e54dff606bf,,99,Rongzhu,Kody Steele,Rongzhu,W,Lightweight Bout,"('kody steele', 'rongzhu')"
e6015889f50075d2,http://ufcstats.com/event-details/e6015889f50075d2,,"February 08, 2025",2025-02-08,"Sydney, New South Wales, Australia",9d4990e1891bd046e91d,,99,Zhang Weili,Tatiana Suarez,Zhang Weili,W,UFC Women's Strawweight Title Bout,"('tatiana suarez', 'zhang weili')"
ce7871949b0ed2bf,http://ufcstats.com/event-details/ce7871949b0ed2bf,,"February 15, 2025",2025-02-15,"Las Vegas, Nevada, USA",4d57378558031b772aa2,,99,Julia Avila,Jacqueline Cavalcanti,Jacqueline Cavalcanti,L,Women's Bantamweight Bout,"('jacqueline cavalcanti', 'julia avila')"
ce7871949b0ed2bf,http://ufcstats.com/event-details/ce7871949b0ed2bf,,"February 15, 2025",2025-02-15,"Las Vegas, Nevada, USA",6ff819b49a6e6f02ca3d,,99,Angela Hill,Ketlen Souza,Angela Hill,W,Women's Strawweight Bout,"('angela hill', 'ketlen souza')"
ce7871949b0ed2bf,http://ufcstats.com/event-details/ce7871949b0ed2bf,,"February 15, 2025",2025-02-15,"Las Vegas, Nevada, USA",808de85690ce08e4018a,,99,Rafael Estevam,Jesus Aguilar,Rafael Estevam,W,Flyweight Bout,"('jesus aguilar', 'rafael estevam')"
ce7871949b0ed2bf,http://ufcstats.com/event-details/ce7871949b0ed2bf,,"February 15, 2025",2025-02-15,"Las Vegas, Nevada, USA",c2921782c7be4c700b77,,99,Vince Morales,Elijah Smith,Elijah Smith,L,Bantamweight Bout,"('elijah smith', 'vince morales')"
ce7871949b0ed2bf,http://ufcstats.com/event-details/ce7871949b0ed2bf,,"February 15, 2025",2025-02-15,"Las Vegas, Nevada, USA",433d35a3f95f3a0e5a31,,99,Don'Tale Mayes,Valter Walker,Valter Walker,L,Heavyweight Bout,"('dontale mayes', 'valter walker')"
ce7871949b0ed2bf,http://ufcstats.com/event-details/ce7871949b0ed2bf,,"February 15, 2025",2025-02-15,"Las Vegas, Nevada, USA",5d09f4e61d792533762f,,99,Gabriel Bonfim,Khaos Williams,Gabriel Bonfim,W,Welterweight Bout,"('gabriel bonfim', 'khaos williams')"
ce7871949b0ed2bf,http://ufcstats.com/event-details/ce7871949b0ed2bf,,"February 15, 2025",2025-02-15,"Las Vegas, Nevada, USA",ce836cc88c4eb1d1b8d2,,99,Ismael Bonfim,Nazim Sadykhov,Nazim Sadykhov,L,Lightweight Bout,"('ismael bonfim', 'nazim sadykhov')"
ce7871949b0ed2bf,http://ufcstats.com/event-details/ce7871949b0ed2bf,,"February 15, 2025",2025-02-15,"Las Vegas, Nevada, USA",702e2eb2ae4c0a2d6cd4,,99,Edmen Shahbazyan,Dylan Budka,Edmen Shahbazyan,W,Middleweight Bout,"('dylan budka', 'edmen shahbazyan')"
ce7871949b0ed2bf,http://ufcstats.com/event-details/ce7871949b0ed2bf,,"February 15, 2025",2025-02-15,"Las Vegas, Nevada, USA",6574462423d1b008cfd7,,99,Calvin Kattar,Youssef Zalal,Youssef Zalal,L,Featherweight Bout,"('calvin kattar', 'youssef zalal')"
ce7871949b0ed2bf,http://ufcstats.com/event-details/ce7871949b0ed2bf,,"February 15, 2025",2025-02-15,"Las Vegas, Nevada, USA",bd0963c3cf121b0e006d,,99,Jared Cannonier,Gregory Rodrigues,Jared Cannonier,W,Middleweight Bout,"('gregory rodrigues', 'jared cannonier')"
ce7871949b0ed2bf,http://ufcstats.com/event-details/ce7871949b0ed2bf,,"February 15, 2025",2025-02-15,"Las Vegas, Nevada, USA",9e2321034a8537f56d98,,99,Rodolfo Vieira,Andre Petroski,Andre Petroski,L,Middleweight Bout,"('andre petroski', 'rodolfo vieira')"
ce7871949b0ed2bf,http://ufcstats.com/event-details/ce7871949b0ed2bf,,"February 15, 2025",2025-02-15,"Las Vegas, Nevada, USA",8f623dd6e9c0311331e8,,99,Connor Matthews,Jose Delgado,Jose Delgado,L,Featherweight Bout,"('connor matthews', 'jose delgado')"
ca936c67687789e9,http://ufcstats.com/event-details/ca936c67687789e9,,"March 08, 2025",2025-03-08,"Las Vegas, Nevada, USA",1cd07a3020bb9cf8ff26,,99,Djorden Santos,Ozzy Diaz,Ozzy Diaz,L,Middleweight Bout,"('djorden santos', 'ozzy diaz')"
ca936c67687789e9,http://ufcstats.com/event-details/ca936c67687789e9,,"March 08, 2025",2025-03-08,"Las Vegas, Nevada, USA",ddc5b03ef7ef3bad30a0,,99,Mairon Santos,Francis Marshall,Mairon Santos,W,Featherweight Bout,"('francis marshall', 'mairon santos')"
ca936c67687789e9,http://ufcstats.com/event-details/ca936c67687789e9,,"March 08, 2025",2025-03-08,"Las Vegas, Nevada, USA",4628a16b8d6624641b9c,,99,Joshua Van,Rei Tsuruya,Joshua Van,W,Flyweight Bout,"('joshua van', 'rei tsuruya')"
ca936c67687789e9,http://ufcstats.com/event-details/ca936c67687789e9,,"March 08, 2025",2025-03-08,"Las Vegas, Nevada, USA",e859d1bbee39adb33b4c,,99,King Green,Mauricio Ruffy,Mauricio Ruffy,L,Lightweight Bout,"('king green', 'mauricio ruffy')"
ca936c67687789e9,http://ufcstats.com/event-details/ca936c67687789e9,,"March 08, 2025",2025-03-08,"Las Vegas, Nevada, USA",9fe62cad64dd0ddfd916,,99,Alex Morono,Carlos Leal,Carlos Leal,L,Welterweight Bout,"('alex morono', 'carlos leal')"
ca936c67687789e9,http://ufcstats.com/event-details/ca936c67687789e9,,"March 08, 2025",2025-03-08,"Las Vegas, Nevada, USA",46c3bcdd342b994f8be8,,99,Brunno Ferreira,Armen Petrosyan,Brunno Ferreira,W,Middleweight Bout,"('armen petrosyan', 'brunno ferreira')"
ca936c67687789e9,http://ufcstats.com/event-details/ca936c67687789e9,,"March 08, 2025",2025-03-08,"Las Vegas, Nevada, USA",8b064d9e7f295bde79ba,,99,Amanda Lemos,Iasmin Lucindo,Amanda Lemos,W,Women's Strawweight Bout,"('amanda lemos', 'iasmin lucindo')"
ca936c67687789e9,http://ufcstats.com/event-details/ca936c67687789e9,,"March 08, 2025",2025-03-08,"Las Vegas, Nevada, USA",8d9c67dc93e4b4c9fd22,,99,Jalin Turner,Ignacio Bahamondes,Ignacio Bahamondes,L,Lightweight Bout,"('ignacio bahamondes', 'jalin turner')"
ca936c67687789e9,http://ufcstats.com/event-details/ca936c67687789e9,,"March 08, 2025",2025-03-08,"Las Vegas, Nevada, USA",786427be642f8f11ba56,,99,Alex Pereira,Magomed Ankalaev,Magomed Ankalaev,L,UFC Light Heavyweight Title Bout,"('alex pereira', 'magomed ankalaev')"
ca936c67687789e9,http://ufcstats.com/event-details/ca936c67687789e9,,"March 08, 2025",2025-03-08,"Las Vegas, Nevada, USA",c1623c249b896c090bad,,99,Justin Gaethje,Rafael Fiziev,Justin Gaethje,W,Lightweight Bout,"('justin gaethje', 'rafael fiziev')"
9766ed20b68c7c33,http://ufcstats.com/event-details/9766ed20b68c7c33,,"March 01, 2025",2025-03-01,"Las Vegas, Nevada, USA",b47c8d483f780250ae9e,,99,Charles Johnson,Ramazan Temirov,Ramazan Temirov,L,Flyweight Bout,"('charles johnson', 'ramazan temirov')"
9766ed20b68c7c33,http://ufcstats.com/event-details/9766ed20b68c7c33,,"March 01, 2025",2025-03-01,"Las Vegas, Nevada, USA",373ad52012f38baaa945,,99,Andrea Lee,JJ Aldrich,JJ Aldrich,L,Women's Flyweight Bout,"('andrea lee', 'jj aldrich')"
9766ed20b68c7c33,http://ufcstats.com/event-details/9766ed20b68c7c33,,"March 01, 2025",2025-03-01,"Las Vegas, Nevada, USA",f9a7682534dc880eef22,,99,Danny Barlow,Sam Patterson,Sam Patterson,L,Welterweight Bout,"('danny barlow', 'sam patterson')"
c50ea21fe9ef478d,http://ufcstats.com/event-details/c50ea21fe9ef478d,,"February 22, 2025",2025-02-22,"Seattle, Washington, USA",d5bff65f92aa8219b44d,,99,Nikolay Veretennikov,Austin Vanderford,Austin Vanderford,L,Catch Weight Bout,"('austin vanderford', 'nikolay veretennikov')"
c50ea21fe9ef478d,http://ufcstats.com/event-details/c50ea21fe9ef478d,,"February 22, 2025",2025-02-22,"Seattle, Washington, USA",fcd108b4d026b2d0c537,,99,Ricky Simon,Javid Basharat,Ricky Simon,W,Bantamweight Bout,"('javid basharat', 'ricky simon')"
9766ed20b68c7c33,http://ufcstats.com/event-details/9766ed20b68c7c33,,"March 01, 2025",2025-03-01,"Las Vegas, Nevada, USA",004b0417fa5e7a8884cf,,99,Ricardo Ramos,Chepe Mariscal,Chepe Mariscal,L,Featherweight Bout,"('chepe mariscal', 'ricardo ramos')"
c50ea21fe9ef478d,http://ufcstats.com/event-details/c50ea21fe9ef478d,,"February 22, 2025",2025-02-22,"Seattle, Washington, USA",73fb1eb6c53682fd7f2e,,99,Modestas Bukauskas,Rafael Cerqueira,Modestas Bukauskas,W,Light Heavyweight Bout,"('modestas bukauskas', 'rafael cerqueira')"
c50ea21fe9ef478d,http://ufcstats.com/event-details/c50ea21fe9ef478d,,"February 22, 2025",2025-02-22,"Seattle, Washington, USA",7b122afe08a0dd8e0b2b,,99,Nursulton Ruziboev,Eric McConico,Nursulton Ruziboev,W,Middleweight Bout,"('eric mcconico', 'nursulton ruziboev')"
9766ed20b68c7c33,http://ufcstats.com/event-details/9766ed20b68c7c33,,"March 01, 2025",2025-03-01,"Las Vegas, Nevada, USA",f4a2659c3b8aa77d0bc9,,99,Danny Silva,Lucas Almeida,Danny Silva,W,Featherweight Bout,"('danny silva', 'lucas almeida')"
9766ed20b68c7c33,http://ufcstats.com/event-details/9766ed20b68c7c33,,"March 01, 2025",2025-03-01,"Las Vegas, Nevada, USA",c024eda7678b670646dc,,99,Austen Lane,Mario Pinto,Mario Pinto,L,Heavyweight Bout,"('austen lane', 'mario pinto')"
c50ea21fe9ef478d,http://ufcstats.com/event-details/c50ea21fe9ef478d,,"February 22, 2025",2025-02-22,"Seattle, Washington, USA",e04d23df708a87e1a8aa,,99,Mansur Abdul-Malik,Nick Klein,Mansur Abdul-Malik,W,Middleweight Bout,"('mansur abdul malik', 'nick klein')"
c50ea21fe9ef478d,http://ufcstats.com/event-details/c50ea21fe9ef478d,,"February 22, 2025",2025-02-22,"Seattle, Washington, USA",5a98526c95cd04c0f99d,,99,Alonzo Menifield,Julius Walker,Alonzo Menifield,W,Light Heavyweight Bout,"('alonzo menifield', 'julius walker')"
c50ea21fe9ef478d,http://ufcstats.com/event-details/c50ea21fe9ef478d,,"February 22, 2025",2025-02-22,"Seattle, Washington, USA",501d52191855f5b4d57c,,99,Brendan Allen,Anthony Hernandez,Anthony Hernandez,L,Middleweight Bout,"('anthony hernandez', 'brendan allen')"
c50ea21fe9ef478d,http://ufcstats.com/event-details/c50ea21fe9ef478d,,"February 22, 2025",2025-02-22,"Seattle, Washington, USA",4ee3e1d8ce5a3aa60aa5,,99,Andre Fili,Melquizael Costa,Melquizael Costa,L,Featherweight Bout,"('andre fili', 'melquizael costa')"
c50ea21fe9ef478d,http://ufcstats.com/event-details/c50ea21fe9ef478d,,"February 22, 2025",2025-02-22,"Seattle, Washington, USA",fe619f95423f4d083aae,,99,Jean Silva,Melsik Baghdasaryan,Jean Silva,W,Featherweight Bout,"('jean silva', 'melsik baghdasaryan')"
c50ea21fe9ef478d,http://ufcstats.com/event-details/c50ea21fe9ef478d,,"February 22, 2025",2025-02-22,"Seattle, Washington, USA",bfa6112f23a5ec2b1c24,,99,Rob Font,Jean Matsumoto,Rob Font,W,Catch Weight Bout,"('jean matsumoto', 'rob font')"
c50ea21fe9ef478d,http://ufcstats.com/event-details/c50ea21fe9ef478d,,"February 22, 2025",2025-02-22,"Seattle, Washington, USA",adfaf6b9f2a31a5fca9f,,99,Henry Cejudo,Song Yadong,Song Yadong,L,Bantamweight Bout,"('henry cejudo', 'song yadong')"
c50ea21fe9ef478d,http://ufcstats.com/event-details/c50ea21fe9ef478d,,"February 22, 2025",2025-02-22,"Seattle, Washington, USA",1cf4da22cb939735a199,,99,Ion Cutelaba,Ibo Aslan,Ion Cutelaba,W,Light Heavyweight Bout,"('ibo aslan', 'ion cutelaba')"
9766ed20b68c7c33,http://ufcstats.com/event-details/9766ed20b68c7c33,,"March 01, 2025",2025-03-01,"Las Vegas, Nevada, USA",a53b5047bd81b1ed9110,,99,Manel Kape,Asu Almabayev,Manel Kape,W,Flyweight Bout,"('asu almabayev', 'manel kape')"
9766ed20b68c7c33,http://ufcstats.com/event-details/9766ed20b68c7c33,,"March 01, 2025",2025-03-01,"Las Vegas, Nevada, USA",e36719b58e20881dd2d9,,99,Hyder Amil,William Gomis,Hyder Amil,W,Featherweight Bout,"('hyder amil', 'william gomis')"
9766ed20b68c7c33,http://ufcstats.com/event-details/9766ed20b68c7c33,,"March 01, 2025",2025-03-01,"Las Vegas, Nevada, USA",79c9e58eb87e53b41fdc,,99,Cody Brundage,Julian Marquez,Cody Brundage,W,Middleweight Bout,"('cody brundage', 'julian marquez')"
9766ed20b68c7c33,http://ufcstats.com/event-details/9766ed20b68c7c33,,"March 01, 2025",2025-03-01,"Las Vegas, Nevada, USA",684136b916305283bc47,,99,Nasrat Haqparast,Esteban Ribovics,Nasrat Haqparast,W,Lightweight Bout,"('esteban ribovics', 'nasrat haqparast')"
39f62b833e4cf126,http://ufcstats.com/event-details/39f62b833e4cf126,,"March 15, 2025",2025-03-15,"Las Vegas, Nevada, USA",aef83d69e69af48bef7d,,99,Yuneisy Duben,Carli Judice,Carli Judice,L,Women's Flyweight Bout,"('carli judice', 'yuneisy duben')"
39f62b833e4cf126,http://ufcstats.com/event-details/39f62b833e4cf126,,"March 15, 2025",2025-03-15,"Las Vegas, Nevada, USA",86d87fdf547fe09f0aa2,,99,Daniel Barez,Andre Lima,Andre Lima,L,Flyweight Bout,"('andre lima', 'daniel barez')"
39f62b833e4cf126,http://ufcstats.com/event-details/39f62b833e4cf126,,"March 15, 2025",2025-03-15,"Las Vegas, Nevada, USA",f66643b556651f33c5f6,,99,Waldo Cortes-Acosta,Ryan Spann,Waldo Cortes-Acosta,W,Heavyweight Bout,"('ryan spann', 'waldo cortes acosta')"
39f62b833e4cf126,http://ufcstats.com/event-details/39f62b833e4cf126,,"March 15, 2025",2025-03-15,"Las Vegas, Nevada, USA",f68d26a210b7381c93c7,,99,Josiane Nunes,Priscila Cachoeira,Priscila Cachoeira,L,Women's Bantamweight Bout,"('josiane nunes', 'priscila cachoeira')"
39f62b833e4cf126,http://ufcstats.com/event-details/39f62b833e4cf126,,"March 15, 2025",2025-03-15,"Las Vegas, Nevada, USA",fc13daa2531ed3c59bb4,,99,Stephanie Luciano,Sam Hughes,Sam Hughes,L,Women's Strawweight Bout,"('sam hughes', 'stephanie luciano')"
39f62b833e4cf126,http://ufcstats.com/event-details/39f62b833e4cf126,,"March 15, 2025",2025-03-15,"Las Vegas, Nevada, USA",b59729618f90fcc09c37,,99,Carlos Vera,Josias Musasa,Carlos Vera,W,Bantamweight Bout,"('carlos vera', 'josias musasa')"
39f62b833e4cf126,http://ufcstats.com/event-details/39f62b833e4cf126,,"March 15, 2025",2025-03-15,"Las Vegas, Nevada, USA",ea4f8996e9874d93ff48,,99,SuYoung You,AJ Cunningham,SuYoung You,W,Bantamweight Bout,"('aj cunningham', 'suyoung you')"
39f62b833e4cf126,http://ufcstats.com/event-details/39f62b833e4cf126,,"March 15, 2025",2025-03-15,"Las Vegas, Nevada, USA",1bbeca2ca475f82fa0de,,99,SeungWoo Choi,Kevin Vallejos,Kevin Vallejos,L,Featherweight Bout,"('kevin vallejos', 'seungwoo choi')"
39f62b833e4cf126,http://ufcstats.com/event-details/39f62b833e4cf126,,"March 15, 2025",2025-03-15,"Las Vegas, Nevada, USA",6d241da7d35b05ea38b2,,99,Da'Mon Blackshear,Cody Gibson,Da'Mon Blackshear,W,Bantamweight Bout,"('cody gibson', 'damon blackshear')"
39f62b833e4cf126,http://ufcstats.com/event-details/39f62b833e4cf126,,"March 15, 2025",2025-03-15,"Las Vegas, Nevada, USA",82d02406fbb925be8023,,99,Alexander Hernandez,Kurt Holobaugh,Alexander Hernandez,W,Lightweight Bout,"('alexander hernandez', 'kurt holobaugh')"
39f62b833e4cf126,http://ufcstats.com/event-details/39f62b833e4cf126,,"March 15, 2025",2025-03-15,"Las Vegas, Nevada, USA",36671415f2ce1d543cbf,,99,Chidi Njokuani,Elizeu Zaleski dos Santos,Chidi Njokuani,W,Welterweight Bout,"('chidi njokuani', 'elizeu zaleski')"
39f62b833e4cf126,http://ufcstats.com/event-details/39f62b833e4cf126,,"March 15, 2025",2025-03-15,"Las Vegas, Nevada, USA",7620ec17f33d8adb74a1,,99,Diyar Nurgozhay,Brendson Ribeiro,Brendson Ribeiro,L,Light Heavyweight Bout,"('brendson ribeiro', 'diyar nurgozhay')"
39f62b833e4cf126,http://ufcstats.com/event-details/39f62b833e4cf126,,"March 15, 2025",2025-03-15,"Las Vegas, Nevada, USA",a763841d234fdb7926f8,,99,Marvin Vettori,Roman Dolidze,Roman Dolidze,L,Middleweight Bout,"('marvin vettori', 'roman dolidze')"
0f7210aa8d61af8d,http://ufcstats.com/event-details/0f7210aa8d61af8d,,"March 29, 2025",2025-03-29,"Mexico City, Distrito Federal, Mexico",505bbef47dc1f03d3a9f,,99,MarQuel Mederos,Austin Hubbard,MarQuel Mederos,W,Lightweight Bout,"('austin hubbard', 'marquel mederos')"
0f7210aa8d61af8d,http://ufcstats.com/event-details/0f7210aa8d61af8d,,"March 29, 2025",2025-03-29,"Mexico City, Distrito Federal, Mexico",ebc861508381c8f5e363,,99,David Martinez,Saimon Oliveira,David Martinez,W,Bantamweight Bout,"('david martinez', 'saimon oliveira')"
0f7210aa8d61af8d,http://ufcstats.com/event-details/0f7210aa8d61af8d,,"March 29, 2025",2025-03-29,"Mexico City, Distrito Federal, Mexico",adca24f1d44d5b273ba0,,99,Jamall Emmers,Gabriel Miranda,Jamall Emmers,W,Featherweight Bout,"('gabriel miranda', 'jamall emmers')"
0f7210aa8d61af8d,http://ufcstats.com/event-details/0f7210aa8d61af8d,,"March 29, 2025",2025-03-29,"Mexico City, Distrito Federal, Mexico",0609308c119480ed58c6,,99,Loopy Godinez,Julia Polastri,Loopy Godinez,W,Women's Strawweight Bout,"('julia polastri', 'loopy godinez')"
0f7210aa8d61af8d,http://ufcstats.com/event-details/0f7210aa8d61af8d,,"March 29, 2025",2025-03-29,"Mexico City, Distrito Federal, Mexico",087f44d52bac34aee260,,99,Rafa Garcia,Vinc Pichel,Rafa Garcia,W,Lightweight Bout,"('rafa garcia', 'vinc pichel')"
0f7210aa8d61af8d,http://ufcstats.com/event-details/0f7210aa8d61af8d,,"March 29, 2025",2025-03-29,"Mexico City, Distrito Federal, Mexico",dde554bcaaab048f84ed,,99,Ronaldo Rodriguez,Kevin Borjas,Kevin Borjas,L,Flyweight Bout,"('kevin borjas', 'ronaldo rodriguez')"
0f7210aa8d61af8d,http://ufcstats.com/event-details/0f7210aa8d61af8d,,"March 29, 2025",2025-03-29,"Mexico City, Distrito Federal, Mexico",1e58b6140e33c81ad4e0,,99,Jose Daniel Medina,Ateba Gautier,Ateba Gautier,L,Middleweight Bout,"('ateba gautier', 'jose daniel medina')"
0f7210aa8d61af8d,http://ufcstats.com/event-details/0f7210aa8d61af8d,,"March 29, 2025",2025-03-29,"Mexico City, Distrito Federal, Mexico",9ef82109ee6637cc0ec2,,99,Edgar Chairez,CJ Vergara,Edgar Chairez,W,Flyweight Bout,"('cj vergara', 'edgar chairez')"
0f7210aa8d61af8d,http://ufcstats.com/event-details/0f7210aa8d61af8d,,"March 29, 2025",2025-03-29,"Mexico City, Distrito Federal, Mexico",6d36b6c829b950ccd90f,,99,Raul Rosas Jr.,Vince Morales,Raul Rosas Jr.,W,Bantamweight Bout,"('raul rosas jr', 'vince morales')"
cc2ad11b1f9d818b,http://ufcstats.com/event-details/cc2ad11b1f9d818b,,"March 22, 2025",2025-03-22,"London, England, United Kingdom",827573f20501c5e97aa6,,99,Guram Kutateladze,Kaue Fernandes,Kaue Fernandes,L,Lightweight Bout,"('guram kutateladze', 'kaue fernandes')"
0f7210aa8d61af8d,http://ufcstats.com/event-details/0f7210aa8d61af8d,,"March 29, 2025",2025-03-29,"Mexico City, Distrito Federal, Mexico",28ba71513fca3c5a45ae,,99,Christian Rodriguez,Melquizael Costa,Melquizael Costa,L,Featherweight Bout,"('christian rodriguez', 'melquizael costa')"
0f7210aa8d61af8d,http://ufcstats.com/event-details/0f7210aa8d61af8d,,"March 29, 2025",2025-03-29,"Mexico City, Distrito Federal, Mexico",15bc623ac0fd9181bbca,,99,Manuel Torres,Drew Dober,Manuel Torres,W,Lightweight Bout,"('drew dober', 'manuel torres')"
cc2ad11b1f9d818b,http://ufcstats.com/event-details/cc2ad11b1f9d818b,,"March 22, 2025",2025-03-22,"London, England, United Kingdom",e86622675801b2ccdb0c,,99,Shauna Bannon,Puja Tomar,Shauna Bannon,W,Women's Strawweight Bout,"('puja tomar', 'shauna bannon')"
0f7210aa8d61af8d,http://ufcstats.com/event-details/0f7210aa8d61af8d,,"March 29, 2025",2025-03-29,"Mexico City, Distrito Federal, Mexico",6e461a00cf44bcf46f49,,99,Brandon Moreno,Steve Erceg,Brandon Moreno,W,Flyweight Bout,"('brandon moreno', 'steve erceg')"
cc2ad11b1f9d818b,http://ufcstats.com/event-details/cc2ad11b1f9d818b,,"March 22, 2025",2025-03-22,"London, England, United Kingdom",f10dae2921e94b0a461e,,99,Nathan Fletcher,Caolan Loughran,Caolan Loughran,L,Bantamweight Bout,"('caolan loughran', 'nathan fletcher')"
86b30a86664cb6e4,http://ufcstats.com/event-details/86b30a86664cb6e4,,"April 05, 2025",2025-04-05,"Las Vegas, Nevada, USA",7130dc35930358f9fd28,,99,Vanessa Demopoulos,Talita Alencar,Talita Alencar,L,Women's Strawweight Bout,"('talita alencar', 'vanessa demopoulos')"
22f4b6cb6b1bd7fd,http://ufcstats.com/event-details/22f4b6cb6b1bd7fd,,"April 12, 2025",2025-04-12,"Miami, Florida, USA",98832f26dee14a38eee2,,99,Nora Cornolle,Hailey Cowan,Nora Cornolle,W,Women's Bantamweight Bout,"('hailey cowan', 'nora cornolle')"
22f4b6cb6b1bd7fd,http://ufcstats.com/event-details/22f4b6cb6b1bd7fd,,"April 12, 2025",2025-04-12,"Miami, Florida, USA",59f203e5c296840a854f,,99,Sumudaerji,Mitch Raposo,Sumudaerji,W,Flyweight Bout,"('mitch raposo', 'sumudaerji')"
22f4b6cb6b1bd7fd,http://ufcstats.com/event-details/22f4b6cb6b1bd7fd,,"April 12, 2025",2025-04-12,"Miami, Florida, USA",4066481d35cdadae1ae5,,99,Tresean Gore,Marco Tulio,Marco Tulio,L,Middleweight Bout,"('marco tulio', 'tresean gore')"
22f4b6cb6b1bd7fd,http://ufcstats.com/event-details/22f4b6cb6b1bd7fd,,"April 12, 2025",2025-04-12,"Miami, Florida, USA",b0e1e0602662a6dadc0d,,99,Darren Elkins,Julian Erosa,Julian Erosa,L,Featherweight Bout,"('darren elkins', 'julian erosa')"
22f4b6cb6b1bd7fd,http://ufcstats.com/event-details/22f4b6cb6b1bd7fd,,"April 12, 2025",2025-04-12,"Miami, Florida, USA",e8c008aa15e8d348494b,,99,Sedriques Dumas,Michal Oleksiejczuk,Michal Oleksiejczuk,L,Middleweight Bout,"('michal oleksiejczuk', 'sedriques dumas')"
22f4b6cb6b1bd7fd,http://ufcstats.com/event-details/22f4b6cb6b1bd7fd,,"April 12, 2025",2025-04-12,"Miami, Florida, USA",477c98f11b4b906030c6,,99,Dan Ige,Sean Woodson,Dan Ige,W,Featherweight Bout,"('dan ige', 'sean woodson')"
22f4b6cb6b1bd7fd,http://ufcstats.com/event-details/22f4b6cb6b1bd7fd,,"April 12, 2025",2025-04-12,"Miami, Florida, USA",2a3fa90bfff2426cd6d4,,99,Bryce Mitchell,Jean Silva,Jean Silva,L,Featherweight Bout,"('bryce mitchell', 'jean silva')"
22f4b6cb6b1bd7fd,http://ufcstats.com/event-details/22f4b6cb6b1bd7fd,,"April 12, 2025",2025-04-12,"Miami, Florida, USA",e0c420446909db43b133,,99,Yan Xiaonan,Virna Jandiroba,Virna Jandiroba,L,Women's Strawweight Bout,"('virna jandiroba', 'yan xiaonan')"
22f4b6cb6b1bd7fd,http://ufcstats.com/event-details/22f4b6cb6b1bd7fd,,"April 12, 2025",2025-04-12,"Miami, Florida, USA",8503077f90e528f0c220,,99,Michael Chandler,Paddy Pimblett,Paddy Pimblett,L,Lightweight Bout,"('michael chandler', 'paddy pimblett')"
22f4b6cb6b1bd7fd,http://ufcstats.com/event-details/22f4b6cb6b1bd7fd,,"April 12, 2025",2025-04-12,"Miami, Florida, USA",fea7c1ece99fb02c1258,,99,Yair Rodriguez,Patricio Freire,Yair Rodriguez,W,Featherweight Bout,"('patricio freire', 'yair rodriguez')"
22f4b6cb6b1bd7fd,http://ufcstats.com/event-details/22f4b6cb6b1bd7fd,,"April 12, 2025",2025-04-12,"Miami, Florida, USA",be5903494260a2469a32,,99,Alexander Volkanovski,Diego Lopes,Alexander Volkanovski,W,UFC Featherweight Title Bout,"('alexander volkanovski', 'diego lopes')"
22f4b6cb6b1bd7fd,http://ufcstats.com/event-details/22f4b6cb6b1bd7fd,,"April 12, 2025",2025-04-12,"Miami, Florida, USA",853348e431c18af7dd2e,,99,Nikita Krylov,Dominick Reyes,Dominick Reyes,L,Light Heavyweight Bout,"('dominick reyes', 'nikita krylov')"
22f4b6cb6b1bd7fd,http://ufcstats.com/event-details/22f4b6cb6b1bd7fd,,"April 12, 2025",2025-04-12,"Miami, Florida, USA",18649b595e25ce594a5f,,99,Jim Miller,Chase Hooper,Chase Hooper,L,Lightweight Bout,"('chase hooper', 'jim miller')"
86b30a86664cb6e4,http://ufcstats.com/event-details/86b30a86664cb6e4,,"April 05, 2025",2025-04-05,"Las Vegas, Nevada, USA",b2b4d9ccfbcf4de412d2,,99,Loma Lookboonmee,Istela Nunes,Loma Lookboonmee,W,Women's Strawweight Bout,"('istela nunes', 'loma lookboonmee')"
86b30a86664cb6e4,http://ufcstats.com/event-details/86b30a86664cb6e4,,"April 05, 2025",2025-04-05,"Las Vegas, Nevada, USA",80c8e636b63886b94cde,,99,Victor Henry,Pedro Falcao,Victor Henry,W,Bantamweight Bout,"('pedro falcao', 'victor henry')"
86b30a86664cb6e4,http://ufcstats.com/event-details/86b30a86664cb6e4,,"April 05, 2025",2025-04-05,"Las Vegas, Nevada, USA",550e64a50d127a7db7e7,,99,Martin Buday,Uran Satybaldiev,Martin Buday,W,Heavyweight Bout,"('martin buday', 'uran satybaldiev')"
86b30a86664cb6e4,http://ufcstats.com/event-details/86b30a86664cb6e4,,"April 05, 2025",2025-04-05,"Las Vegas, Nevada, USA",0170b817f6e3071e7fbb,,99,Ode Osbourne,Luis Gurule,Ode Osbourne,W,Flyweight Bout,"('luis gurule', 'ode osbourne')"
86b30a86664cb6e4,http://ufcstats.com/event-details/86b30a86664cb6e4,,"April 05, 2025",2025-04-05,"Las Vegas, Nevada, USA",28ed5862cb8f8ebec952,,99,Rhys McKee,Daniel Frunza,Rhys McKee,W,Welterweight Bout,"('daniel frunza', 'rhys mckee')"
86b30a86664cb6e4,http://ufcstats.com/event-details/86b30a86664cb6e4,,"April 05, 2025",2025-04-05,"Las Vegas, Nevada, USA",f72422d3d3a3d4c6d959,,99,Diana Belbita,Dione Barbosa,Dione Barbosa,L,Women's Flyweight Bout,"('diana belbita', 'dione barbosa')"
86b30a86664cb6e4,http://ufcstats.com/event-details/86b30a86664cb6e4,,"April 05, 2025",2025-04-05,"Las Vegas, Nevada, USA",523191df6b455dfb0c46,,99,Torrez Finney,Robert Valentin,Torrez Finney,W,Middleweight Bout,"('robert valentin', 'torrez finney')"
86b30a86664cb6e4,http://ufcstats.com/event-details/86b30a86664cb6e4,,"April 05, 2025",2025-04-05,"Las Vegas, Nevada, USA",cd93b77a3e0b0ef8bfd7,,99,Brad Tavares,Gerald Meerschaert,Brad Tavares,W,Middleweight Bout,"('brad tavares', 'gerald meerschaert')"
86b30a86664cb6e4,http://ufcstats.com/event-details/86b30a86664cb6e4,,"April 05, 2025",2025-04-05,"Las Vegas, Nevada, USA",b683bacfdedf891efc35,,99,Pat Sabatini,Joanderson Brito,Pat Sabatini,W,Featherweight Bout,"('joanderson brito', 'pat sabatini')"
86b30a86664cb6e4,http://ufcstats.com/event-details/86b30a86664cb6e4,,"April 05, 2025",2025-04-05,"Las Vegas, Nevada, USA",3947f7e8c566db22f82f,,99,Cortavious Romious,ChangHo Lee,ChangHo Lee,L,Bantamweight Bout,"('changho lee', 'cortavious romious')"
86b30a86664cb6e4,http://ufcstats.com/event-details/86b30a86664cb6e4,,"April 05, 2025",2025-04-05,"Las Vegas, Nevada, USA",ec719bd458eff2f3d1d9,,99,Josh Emmett,Lerone Murphy,Lerone Murphy,L,Featherweight Bout,"('josh emmett', 'lerone murphy')"
cc2ad11b1f9d818b,http://ufcstats.com/event-details/cc2ad11b1f9d818b,,"March 22, 2025",2025-03-22,"London, England, United Kingdom",18914236ad57fa9b2ce2,,99,Christian Leroy Duncan,Andrey Pulyaev,Christian Leroy Duncan,W,Middleweight Bout,"('andrey pulyaev', 'christian leroy duncan')"
cc2ad11b1f9d818b,http://ufcstats.com/event-details/cc2ad11b1f9d818b,,"March 22, 2025",2025-03-22,"London, England, United Kingdom",c5bcb65da9b713b23891,,99,Marcin Tybura,Mick Parkin,Marcin Tybura,W,Heavyweight Bout,"('marcin tybura', 'mick parkin')"
cc2ad11b1f9d818b,http://ufcstats.com/event-details/cc2ad11b1f9d818b,,"March 22, 2025",2025-03-22,"London, England, United Kingdom",7763089c5e6914219a1b,,99,Lone'er Kavanagh,Felipe dos Santos,Lone'er Kavanagh,W,Flyweight Bout,"('felipe dos santos', 'loneer kavanagh')"
cc2ad11b1f9d818b,http://ufcstats.com/event-details/cc2ad11b1f9d818b,,"March 22, 2025",2025-03-22,"London, England, United Kingdom",3a195458c88bb7d99547,,99,Nathaniel Wood,Morgan Charriere,Nathaniel Wood,W,Featherweight Bout,"('morgan charriere', 'nathaniel wood')"
cc2ad11b1f9d818b,http://ufcstats.com/event-details/cc2ad11b1f9d818b,,"March 22, 2025",2025-03-22,"London, England, United Kingdom",2da6a5832c42ef5e7518,,99,Jai Herbert,Chris Padilla,Chris Padilla,L,Lightweight Bout,"('chris padilla', 'jai herbert')"
cc2ad11b1f9d818b,http://ufcstats.com/event-details/cc2ad11b1f9d818b,,"March 22, 2025",2025-03-22,"London, England, United Kingdom",ede3484db7ab94e5894d,,99,Molly McCann,Alexia Thainara,Alexia Thainara,L,Women's Strawweight Bout,"('alexia thainara', 'molly mccann')"
cc2ad11b1f9d818b,http://ufcstats.com/event-details/cc2ad11b1f9d818b,,"March 22, 2025",2025-03-22,"London, England, United Kingdom",2aaf737676bed0de462b,,99,Jordan Vucenic,Chris Duncan,Chris Duncan,L,Lightweight Bout,"('chris duncan', 'jordan vucenic')"
cc2ad11b1f9d818b,http://ufcstats.com/event-details/cc2ad11b1f9d818b,,"March 22, 2025",2025-03-22,"London, England, United Kingdom",fe47ceba0a3647799a8a,,99,Gunnar Nelson,Kevin Holland,Kevin Holland,L,Welterweight Bout,"('gunnar nelson', 'kevin holland')"
cc2ad11b1f9d818b,http://ufcstats.com/event-details/cc2ad11b1f9d818b,,"March 22, 2025",2025-03-22,"London, England, United Kingdom",95acb216da334f542bb9,,99,Jan Blachowicz,Carlos Ulberg,Carlos Ulberg,L,Light Heavyweight Bout,"('carlos ulberg', 'jan blachowicz')"
cc2ad11b1f9d818b,http://ufcstats.com/event-details/cc2ad11b1f9d818b,,"March 22, 2025",2025-03-22,"London, England, United Kingdom",31b04737f67f3c4acdec,,99,Leon Edwards,Sean Brady,Sean Brady,L,Welterweight Bout,"('leon edwards', 'sean brady')"
118463dd8db16e7f,http://ufcstats.com/event-details/118463dd8db16e7f,,"May 10, 2025",2025-05-10,"Montreal, Quebec, Canada",07adb42560221c04e1a8,,99,Modestas Bukauskas,Ion Cutelaba,Modestas Bukauskas,W,Light Heavyweight Bout,"('ion cutelaba', 'modestas bukauskas')"
118463dd8db16e7f,http://ufcstats.com/event-details/118463dd8db16e7f,,"May 10, 2025",2025-05-10,"Montreal, Quebec, Canada",e9709183ccdb9c875c6b,,99,Marc-Andre Barriault,Bruno Silva,Marc-Andre Barriault,W,Middleweight Bout,"('bruno silva', 'marc andre barriault')"
118463dd8db16e7f,http://ufcstats.com/event-details/118463dd8db16e7f,,"May 10, 2025",2025-05-10,"Montreal, Quebec, Canada",2e6e16c073b86be674ea,,99,Mike Malott,Charles Radtke,Mike Malott,W,Welterweight Bout,"('charles radtke', 'mike malott')"
118463dd8db16e7f,http://ufcstats.com/event-details/118463dd8db16e7f,,"May 10, 2025",2025-05-10,"Montreal, Quebec, Canada",28a4d162feee30037572,,99,Brad Katona,Bekzat Almakhan,Bekzat Almakhan,L,Bantamweight Bout,"('bekzat almakhan', 'brad katona')"
118463dd8db16e7f,http://ufcstats.com/event-details/118463dd8db16e7f,,"May 10, 2025",2025-05-10,"Montreal, Quebec, Canada",d3151d36eb7453905fb8,,99,Daniel Santos,JeongYeong Lee,Daniel Santos,W,Featherweight Bout,"('daniel santos', 'jeongyeong lee')"
118463dd8db16e7f,http://ufcstats.com/event-details/118463dd8db16e7f,,"May 10, 2025",2025-05-10,"Montreal, Quebec, Canada",14a616af9075817d833d,,99,Jessica Andrade,Jasmine Jasudavicius,Jasmine Jasudavicius,L,Women's Flyweight Bout,"('jasmine jasudavicius', 'jessica andrade')"
118463dd8db16e7f,http://ufcstats.com/event-details/118463dd8db16e7f,,"May 10, 2025",2025-05-10,"Montreal, Quebec, Canada",fa23fe2fc7a795a53bbb,,99,Jose Aldo,Aiemann Zahabi,Aiemann Zahabi,L,Featherweight Bout,"('aiemann zahabi', 'jose aldo')"
b2e3aca4cd363477,http://ufcstats.com/event-details/b2e3aca4cd363477,,"April 26, 2025",2025-04-26,"Kansas City, Missouri, USA",a43ecae1176ffbc724b8,,99,Jaqueline Amorim,Polyana Viana,Jaqueline Amorim,W,Women's Strawweight Bout,"('jaqueline amorim', 'polyana viana')"
118463dd8db16e7f,http://ufcstats.com/event-details/118463dd8db16e7f,,"May 10, 2025",2025-05-10,"Montreal, Quebec, Canada",08fb60e08c2e6d37386b,,99,Navajo Stirling,Ivan Erslan,Navajo Stirling,W,Light Heavyweight Bout,"('ivan erslan', 'navajo stirling')"
b2e3aca4cd363477,http://ufcstats.com/event-details/b2e3aca4cd363477,,"April 26, 2025",2025-04-26,"Kansas City, Missouri, USA",52b3468b0eeed4b28605,,99,Malcolm Wellmaker,Cameron Saaiman,Malcolm Wellmaker,W,Bantamweight Bout,"('cameron saaiman', 'malcolm wellmaker')"
118463dd8db16e7f,http://ufcstats.com/event-details/118463dd8db16e7f,,"May 10, 2025",2025-05-10,"Montreal, Quebec, Canada",c4ac8baf4dbd6a1fc3ba,,99,Benoit Saint Denis,Kyle Prepolec,Benoit Saint Denis,W,Lightweight Bout,"('benoit saint denis', 'kyle prepolec')"
118463dd8db16e7f,http://ufcstats.com/event-details/118463dd8db16e7f,,"May 10, 2025",2025-05-10,"Montreal, Quebec, Canada",2cf107c8b352be65455b,,99,Alexa Grasso,Natalia Silva,Natalia Silva,L,Women's Flyweight Bout,"('alexa grasso', 'natalia silva')"
de20ffb3fc2e7629,http://ufcstats.com/event-details/de20ffb3fc2e7629,,"May 03, 2025",2025-05-03,"Des Moines, Iowa, USA",ed22d10bedf8d172f364,,99,Gaston Bolanos,Quang Le,Quang Le,L,Bantamweight Bout,"('gaston bolanos', 'quang le')"
b2e3aca4cd363477,http://ufcstats.com/event-details/b2e3aca4cd363477,,"April 26, 2025",2025-04-26,"Kansas City, Missouri, USA",4ed7eb960950c3c5dc30,,99,Timmy Cuamba,Roberto Romero,Timmy Cuamba,W,Featherweight Bout,"('roberto romero', 'timmy cuamba')"
de20ffb3fc2e7629,http://ufcstats.com/event-details/de20ffb3fc2e7629,,"May 03, 2025",2025-05-03,"Des Moines, Iowa, USA",b511a0ee75d94ff4ccff,,99,Juliana Miller,Ivana Petrovic,Juliana Miller,W,Women's Flyweight Bout,"('ivana petrovic', 'juliana miller')"
118463dd8db16e7f,http://ufcstats.com/event-details/118463dd8db16e7f,,"May 10, 2025",2025-05-10,"Montreal, Quebec, Canada",53121a45ffc31aa843a1,,99,Valentina Shevchenko,Manon Fiorot,Valentina Shevchenko,W,UFC Women's Flyweight Title Bout,"('manon fiorot', 'valentina shevchenko')"
118463dd8db16e7f,http://ufcstats.com/event-details/118463dd8db16e7f,,"May 10, 2025",2025-05-10,"Montreal, Quebec, Canada",7bc94a7b89d54545352b,,99,Belal Muhammad,Jack Della Maddalena,Jack Della Maddalena,L,UFC Welterweight Title Bout,"('belal muhammad', 'jack della maddalena')"
de20ffb3fc2e7629,http://ufcstats.com/event-details/de20ffb3fc2e7629,,"May 03, 2025",2025-05-03,"Des Moines, Iowa, USA",792a749b8c256728f33f,,99,Thomas Petersen,Don'Tale Mayes,Thomas Petersen,W,Heavyweight Bout,"('dontale mayes', 'thomas petersen')"
de20ffb3fc2e7629,http://ufcstats.com/event-details/de20ffb3fc2e7629,,"May 03, 2025",2025-05-03,"Des Moines, Iowa, USA",a4dbe9d7531a7ce5875d,,99,Marina Rodriguez,Gillian Robertson,Gillian Robertson,L,Women's Strawweight Bout,"('gillian robertson', 'marina rodriguez')"
de20ffb3fc2e7629,http://ufcstats.com/event-details/de20ffb3fc2e7629,,"May 03, 2025",2025-05-03,"Des Moines, Iowa, USA",7cc7fbd9b11aa7fa9550,,99,Yana Santos,Miesha Tate,Yana Santos,W,Women's Bantamweight Bout,"('miesha tate', 'yana santos')"
de20ffb3fc2e7629,http://ufcstats.com/event-details/de20ffb3fc2e7629,,"May 03, 2025",2025-05-03,"Des Moines, Iowa, USA",b64d92c87cf7284698e5,,99,Cameron Smotherman,Serhiy Sidey,Serhiy Sidey,L,Bantamweight Bout,"('cameron smotherman', 'serhiy sidey')"
de20ffb3fc2e7629,http://ufcstats.com/event-details/de20ffb3fc2e7629,,"May 03, 2025",2025-05-03,"Des Moines, Iowa, USA",5d0a87a8ce715f3fb9de,,99,Ryan Loder,Azamat Bekoev,Azamat Bekoev,L,Middleweight Bout,"('azamat bekoev', 'ryan loder')"
b2e3aca4cd363477,http://ufcstats.com/event-details/b2e3aca4cd363477,,"April 26, 2025",2025-04-26,"Kansas City, Missouri, USA",f2c456d80132a6851d94,,99,Chelsea Chandler,Joselyne Edwards,Joselyne Edwards,L,Women's Bantamweight Bout,"('chelsea chandler', 'joselyne edwards')"
de20ffb3fc2e7629,http://ufcstats.com/event-details/de20ffb3fc2e7629,,"May 03, 2025",2025-05-03,"Des Moines, Iowa, USA",e15ab27fac0c5d8e8916,,99,Montel Jackson,Daniel Marcos,Montel Jackson,W,Bantamweight Bout,"('daniel marcos', 'montel jackson')"
de20ffb3fc2e7629,http://ufcstats.com/event-details/de20ffb3fc2e7629,,"May 03, 2025",2025-05-03,"Des Moines, Iowa, USA",8ca3bb83c22bdd356856,,99,Jeremy Stephens,Mason Jones,Mason Jones,L,Lightweight Bout,"('jeremy stephens', 'mason jones')"
b2e3aca4cd363477,http://ufcstats.com/event-details/b2e3aca4cd363477,,"April 26, 2025",2025-04-26,"Kansas City, Missouri, USA",485b0a7584d412f1237a,,99,Chris Gutierrez,John Castaneda,Chris Gutierrez,W,Featherweight Bout,"('chris gutierrez', 'john castaneda')"
de20ffb3fc2e7629,http://ufcstats.com/event-details/de20ffb3fc2e7629,,"May 03, 2025",2025-05-03,"Des Moines, Iowa, USA",b881006ee4eb5196b3ba,,99,Santiago Ponzinibbio,Daniel Rodriguez,Daniel Rodriguez,L,Welterweight Bout,"('daniel rodriguez', 'santiago ponzinibbio')"
b2e3aca4cd363477,http://ufcstats.com/event-details/b2e3aca4cd363477,,"April 26, 2025",2025-04-26,"Kansas City, Missouri, USA",a5e9d4d7c8607f0428eb,,99,Da'Mon Blackshear,Alatengheili,Da'Mon Blackshear,W,Bantamweight Bout,"('alatengheili', 'damon blackshear')"
de20ffb3fc2e7629,http://ufcstats.com/event-details/de20ffb3fc2e7629,,"May 03, 2025",2025-05-03,"Des Moines, Iowa, USA",8886ad555a3370c9874f,,99,Reinier de Ridder,Bo Nickal,Reinier de Ridder,W,Middleweight Bout,"('bo nickal', 'reinier de ridder')"
de20ffb3fc2e7629,http://ufcstats.com/event-details/de20ffb3fc2e7629,,"May 03, 2025",2025-05-03,"Des Moines, Iowa, USA",7b7105be04f9ef06973d,,99,Cory Sandhagen,Deiveson Figueiredo,Cory Sandhagen,W,Bantamweight Bout,"('cory sandhagen', 'deiveson figueiredo')"
b2e3aca4cd363477,http://ufcstats.com/event-details/b2e3aca4cd363477,,"April 26, 2025",2025-04-26,"Kansas City, Missouri, USA",5aa4449c428cbe9eb810,,99,Matt Schnell,Jimmy Flick,Matt Schnell,W,Flyweight Bout,"('jimmy flick', 'matt schnell')"
b2e3aca4cd363477,http://ufcstats.com/event-details/b2e3aca4cd363477,,"April 26, 2025",2025-04-26,"Kansas City, Missouri, USA",985f782db0b7db59f27a,,99,Evan Elder,Gauge Young,Evan Elder,W,Lightweight Bout,"('evan elder', 'gauge young')"
b2e3aca4cd363477,http://ufcstats.com/event-details/b2e3aca4cd363477,,"April 26, 2025",2025-04-26,"Kansas City, Missouri, USA",c149ff0524d597048e1c,,99,Ikram Aliskerov,Andre Muniz,Ikram Aliskerov,W,Middleweight Bout,"('andre muniz', 'ikram aliskerov')"
b2e3aca4cd363477,http://ufcstats.com/event-details/b2e3aca4cd363477,,"April 26, 2025",2025-04-26,"Kansas City, Missouri, USA",b8c2789fcfad228b1a90,,99,Randy Brown,Nicolas Dalby,Randy Brown,W,Welterweight Bout,"('nicolas dalby', 'randy brown')"
b2e3aca4cd363477,http://ufcstats.com/event-details/b2e3aca4cd363477,,"April 26, 2025",2025-04-26,"Kansas City, Missouri, USA",27a42116979900831b8f,,99,Giga Chikadze,David Onama,David Onama,L,Featherweight Bout,"('david onama', 'giga chikadze')"
b2e3aca4cd363477,http://ufcstats.com/event-details/b2e3aca4cd363477,,"April 26, 2025",2025-04-26,"Kansas City, Missouri, USA",242aef16f02c1ac155aa,,99,Michel Pereira,Abus Magomedov,Abus Magomedov,L,Middleweight Bout,"('abus magomedov', 'michel pereira')"
b2e3aca4cd363477,http://ufcstats.com/event-details/b2e3aca4cd363477,,"April 26, 2025",2025-04-26,"Kansas City, Missouri, USA",61a7ae930f42500dfef1,,99,Ian Machado Garry,Carlos Prates,Ian Machado Garry,W,Welterweight Bout,"('carlos prates', 'ian machado garry')"
b2e3aca4cd363477,http://ufcstats.com/event-details/b2e3aca4cd363477,,"April 26, 2025",2025-04-26,"Kansas City, Missouri, USA",f0a96adb8e63a98add0a,,99,Anthony Smith,Zhang Mingyang,Zhang Mingyang,L,Light Heavyweight Bout,"('anthony smith', 'zhang mingyang')"
8ad022dd81224f61,http://ufcstats.com/event-details/8ad022dd81224f61,,"May 17, 2025",2025-05-17,"Las Vegas, Nevada, USA",943f6206c4fae25be2d9,,99,Tecia Pennington,Luana Pinheiro,Tecia Pennington,W,Women's Strawweight Bout,"('luana pinheiro', 'tecia pennington')"
8ad022dd81224f61,http://ufcstats.com/event-details/8ad022dd81224f61,,"May 17, 2025",2025-05-17,"Las Vegas, Nevada, USA",402a66742a7c4dd2f94f,,99,Gabe Green,Matheus Camilo,Gabe Green,W,Lightweight Bout,"('gabe green', 'matheus camilo')"
8ad022dd81224f61,http://ufcstats.com/event-details/8ad022dd81224f61,,"May 17, 2025",2025-05-17,"Las Vegas, Nevada, USA",97a45a4228719db86b8a,,99,Jared Gordon,Thiago Moises,Jared Gordon,W,Lightweight Bout,"('jared gordon', 'thiago moises')"
8ad022dd81224f61,http://ufcstats.com/event-details/8ad022dd81224f61,,"May 17, 2025",2025-05-17,"Las Vegas, Nevada, USA",6c6e52c19a04b38ee3c2,,99,Yadier del Valle,Connor Matthews,Yadier del Valle,W,Featherweight Bout,"('connor matthews', 'yadier del valle')"
8ad022dd81224f61,http://ufcstats.com/event-details/8ad022dd81224f61,,"May 17, 2025",2025-05-17,"Las Vegas, Nevada, USA",95a0735622d7b19e836c,,99,HyunSung Park,Carlos Hernandez,HyunSung Park,W,Flyweight Bout,"('carlos hernandez', 'hyunsung park')"
8ad022dd81224f61,http://ufcstats.com/event-details/8ad022dd81224f61,,"May 17, 2025",2025-05-17,"Las Vegas, Nevada, USA",8c4e2150bbcecbef5d24,,99,Dustin Stoltzfus,Nursulton Ruziboev,Nursulton Ruziboev,L,Middleweight Bout,"('dustin stoltzfus', 'nursulton ruziboev')"
8ad022dd81224f61,http://ufcstats.com/event-details/8ad022dd81224f61,,"May 17, 2025",2025-05-17,"Las Vegas, Nevada, USA",0feb59d03a85dbb6e560,,99,Luana Santos,Tainara Lisboa,Luana Santos,W,Women's Bantamweight Bout,"('luana santos', 'tainara lisboa')"
8ad022dd81224f61,http://ufcstats.com/event-details/8ad022dd81224f61,,"May 17, 2025",2025-05-17,"Las Vegas, Nevada, USA",5335b1cdb68b99e51d7a,,99,Elise Reed,Denise Gomes,Denise Gomes,L,Women's Strawweight Bout,"('denise gomes', 'elise reed')"
8ad022dd81224f61,http://ufcstats.com/event-details/8ad022dd81224f61,,"May 17, 2025",2025-05-17,"Las Vegas, Nevada, USA",adc1dbde4bcd47aaba6f,,99,Julian Erosa,Melquizael Costa,Melquizael Costa,L,Featherweight Bout,"('julian erosa', 'melquizael costa')"
8ad022dd81224f61,http://ufcstats.com/event-details/8ad022dd81224f61,,"May 17, 2025",2025-05-17,"Las Vegas, Nevada, USA",dd8956986ab31aa6dd61,,99,Sodiq Yusuff,Mairon Santos,Mairon Santos,L,Lightweight Bout,"('mairon santos', 'sodiq yusuff')"
8ad022dd81224f61,http://ufcstats.com/event-details/8ad022dd81224f61,,"May 17, 2025",2025-05-17,"Las Vegas, Nevada, USA",362e683c48ddc4974148,,99,Gilbert Burns,Michael Morales,Michael Morales,L,Welterweight Bout,"('gilbert burns', 'michael morales')"
18c49685296c60e6,http://ufcstats.com/event-details/18c49685296c60e6,,"June 07, 2025",2025-06-07,"Newark, New Jersey, USA",c7782f8cfb8472036e7f,,99,MarQuel Mederos,Mark Choinski,MarQuel Mederos,W,Lightweight Bout,"('mark choinski', 'marquel mederos')"
18c49685296c60e6,http://ufcstats.com/event-details/18c49685296c60e6,,"June 07, 2025",2025-06-07,"Newark, New Jersey, USA",eb59361daf3ea1209b01,,99,Jeka Saragih,JooSang Yoo,JooSang Yoo,L,Featherweight Bout,"('jeka saragih', 'joosang yoo')"
18c49685296c60e6,http://ufcstats.com/event-details/18c49685296c60e6,,"June 07, 2025",2025-06-07,"Newark, New Jersey, USA",c29368706b9436f73f6e,,99,Khaos Williams,Andreas Gustafsson,Andreas Gustafsson,L,Welterweight Bout,"('andreas gustafsson', 'khaos williams')"
18c49685296c60e6,http://ufcstats.com/event-details/18c49685296c60e6,,"June 07, 2025",2025-06-07,"Newark, New Jersey, USA",1a105d09233db3a1419a,,99,Serghei Spivac,Waldo Cortes-Acosta,Waldo Cortes-Acosta,L,Heavyweight Bout,"('serghei spivac', 'waldo cortes acosta')"
18c49685296c60e6,http://ufcstats.com/event-details/18c49685296c60e6,,"June 07, 2025",2025-06-07,"Newark, New Jersey, USA",c8c52ee20e907b093f6a,,99,Azamat Murzakanov,Brendson Ribeiro,Azamat Murzakanov,W,Light Heavyweight Bout,"('azamat murzakanov', 'brendson ribeiro')"
18c49685296c60e6,http://ufcstats.com/event-details/18c49685296c60e6,,"June 07, 2025",2025-06-07,"Newark, New Jersey, USA",bf55b2f8932f61f89b38,,99,Ariane da Silva,Wang Cong,Wang Cong,L,Women's Flyweight Bout,"('ariane da silva', 'wang cong')"
18c49685296c60e6,http://ufcstats.com/event-details/18c49685296c60e6,,"June 07, 2025",2025-06-07,"Newark, New Jersey, USA",842e9c669ea529c2588e,,99,Vicente Luque,Kevin Holland,Kevin Holland,L,Welterweight Bout,"('kevin holland', 'vicente luque')"
2a898bf9fb7710b3,http://ufcstats.com/event-details/2a898bf9fb7710b3,,"May 31, 2025",2025-05-31,"Las Vegas, Nevada, USA",c810ce5c385628a78fdd,,99,Rayanne dos Santos,Alice Ardelean,Alice Ardelean,L,Women's Strawweight Bout,"('alice ardelean', 'rayanne dos santos')"
18c49685296c60e6,http://ufcstats.com/event-details/18c49685296c60e6,,"June 07, 2025",2025-06-07,"Newark, New Jersey, USA",91bab0b23ea38359ecab,,99,Bruno Silva,Joshua Van,Joshua Van,L,Flyweight Bout,"('bruno silva', 'joshua van')"
18c49685296c60e6,http://ufcstats.com/event-details/18c49685296c60e6,,"June 07, 2025",2025-06-07,"Newark, New Jersey, USA",414a9cedea6b2ee9c4d5,,99,Kelvin Gastelum,Joe Pyfer,Joe Pyfer,L,Middleweight Bout,"('joe pyfer', 'kelvin gastelum')"
2a898bf9fb7710b3,http://ufcstats.com/event-details/2a898bf9fb7710b3,,"May 31, 2025",2025-05-31,"Las Vegas, Nevada, USA",3f9c8a44f0c259d2e75c,,99,Kurt Holobaugh,Jordan Leavitt,Jordan Leavitt,L,Lightweight Bout,"('jordan leavitt', 'kurt holobaugh')"
2a898bf9fb7710b3,http://ufcstats.com/event-details/2a898bf9fb7710b3,,"May 31, 2025",2025-05-31,"Las Vegas, Nevada, USA",0878d122efb8a72dbb9c,,99,Jafel Filho,Allan Nascimento,Allan Nascimento,L,Flyweight Bout,"('allan nascimento', 'jafel filho')"
2a898bf9fb7710b3,http://ufcstats.com/event-details/2a898bf9fb7710b3,,"May 31, 2025",2025-05-31,"Las Vegas, Nevada, USA",17aa3da5c5387251453d,,99,Bolaji Oki,Michael Aswell,Bolaji Oki,W,Lightweight Bout,"('bolaji oki', 'michael aswell')"
2a898bf9fb7710b3,http://ufcstats.com/event-details/2a898bf9fb7710b3,,"May 31, 2025",2025-05-31,"Las Vegas, Nevada, USA",23541fb1537d55a46351,,99,Zachary Reese,Dusko Todorovic,Zachary Reese,W,Middleweight Bout,"('dusko todorovic', 'zachary reese')"
2a898bf9fb7710b3,http://ufcstats.com/event-details/2a898bf9fb7710b3,,"May 31, 2025",2025-05-31,"Las Vegas, Nevada, USA",12239862d4c46c7f4b04,,99,Ketlen Vieira,Macy Chiasson,Ketlen Vieira,W,Women's Featherweight Bout,"('ketlen vieira', 'macy chiasson')"
2a898bf9fb7710b3,http://ufcstats.com/event-details/2a898bf9fb7710b3,,"May 31, 2025",2025-05-31,"Las Vegas, Nevada, USA",806741cd2140c5a3b0bf,,99,Dustin Jacoby,Bruno Lopes,Dustin Jacoby,W,Light Heavyweight Bout,"('bruno lopes', 'dustin jacoby')"
2a898bf9fb7710b3,http://ufcstats.com/event-details/2a898bf9fb7710b3,,"May 31, 2025",2025-05-31,"Las Vegas, Nevada, USA",3ad4848bcc086310158c,,99,Billy Ray Goff,Ramiz Brahimaj,Ramiz Brahimaj,L,Welterweight Bout,"('billy ray goff', 'ramiz brahimaj')"
2a898bf9fb7710b3,http://ufcstats.com/event-details/2a898bf9fb7710b3,,"May 31, 2025",2025-05-31,"Las Vegas, Nevada, USA",fe51f9be4b7350c038c1,,99,Mateusz Gamrot,Ludovit Klein,Mateusz Gamrot,W,Lightweight Bout,"('ludovit klein', 'mateusz gamrot')"
18c49685296c60e6,http://ufcstats.com/event-details/18c49685296c60e6,,"June 07, 2025",2025-06-07,"Newark, New Jersey, USA",80f3a053808af27c5ee2,,99,Quillan Salkilld,Yanal Ashmouz,Quillan Salkilld,W,Lightweight Bout,"('quillan salkilld', 'yanal ashmouz')"
18c49685296c60e6,http://ufcstats.com/event-details/18c49685296c60e6,,"June 07, 2025",2025-06-07,"Newark, New Jersey, USA",6552cefe842f26188bd4,,99,Julianna Pena,Kayla Harrison,Kayla Harrison,L,UFC Women's Bantamweight Title Bout,"('julianna pena', 'kayla harrison')"
18c49685296c60e6,http://ufcstats.com/event-details/18c49685296c60e6,,"June 07, 2025",2025-06-07,"Newark, New Jersey, USA",17dffe909c6187e68db2,,99,Merab Dvalishvili,Sean O'Malley,Merab Dvalishvili,W,UFC Bantamweight Title Bout,"('merab dvalishvili', 'sean omalley')"
18c49685296c60e6,http://ufcstats.com/event-details/18c49685296c60e6,,"June 07, 2025",2025-06-07,"Newark, New Jersey, USA",e6c266fe839c9cf7a4ee,,99,Mario Bautista,Patchy Mix,Mario Bautista,W,Bantamweight Bout,"('mario bautista', 'patchy mix')"
28d8638ea0a71908,http://ufcstats.com/event-details/28d8638ea0a71908,,"July 26, 2025",2025-07-26,"Abu Dhabi, Abu Dhabi, United Arab Emirates",e3381a985b6b1bc7dd88,,99,Martin Buday,Marcus Buchecha,Martin Buday,W,Heavyweight Bout,"('marcus buchecha', 'martin buday')"
28d8638ea0a71908,http://ufcstats.com/event-details/28d8638ea0a71908,,"July 26, 2025",2025-07-26,"Abu Dhabi, Abu Dhabi, United Arab Emirates",12e594c98a10bba8cd56,,99,Mohammad Yahya,Steven Nguyen,Steven Nguyen,L,Featherweight Bout,"('mohammad yahya', 'steven nguyen')"
28d8638ea0a71908,http://ufcstats.com/event-details/28d8638ea0a71908,,"July 26, 2025",2025-07-26,"Abu Dhabi, Abu Dhabi, United Arab Emirates",e38e7de24030fe7f4d50,,99,Amanda Ribas,Tabatha Ricci,Tabatha Ricci,L,Women's Strawweight Bout,"('amanda ribas', 'tabatha ricci')"
28d8638ea0a71908,http://ufcstats.com/event-details/28d8638ea0a71908,,"July 26, 2025",2025-07-26,"Abu Dhabi, Abu Dhabi, United Arab Emirates",e6047780b30c804f2958,,99,Davey Grant,Da'Mon Blackshear,Davey Grant,W,Bantamweight Bout,"('damon blackshear', 'davey grant')"
28d8638ea0a71908,http://ufcstats.com/event-details/28d8638ea0a71908,,"July 26, 2025",2025-07-26,"Abu Dhabi, Abu Dhabi, United Arab Emirates",39d1f56a4bb46f5a0aad,,99,Muslim Salikhov,Carlos Leal,Muslim Salikhov,W,Welterweight Bout,"('carlos leal', 'muslim salikhov')"
28d8638ea0a71908,http://ufcstats.com/event-details/28d8638ea0a71908,,"July 26, 2025",2025-07-26,"Abu Dhabi, Abu Dhabi, United Arab Emirates",ba027e02485480a5c405,,99,Ibo Aslan,Billy Elekana,Billy Elekana,L,Light Heavyweight Bout,"('billy elekana', 'ibo aslan')"
28d8638ea0a71908,http://ufcstats.com/event-details/28d8638ea0a71908,,"July 26, 2025",2025-07-26,"Abu Dhabi, Abu Dhabi, United Arab Emirates",1905f5c7a5eccd50ebf2,,99,Shara Magomedov,Marc-Andre Barriault,Shara Magomedov,W,Middleweight Bout,"('marc andre barriault', 'shara magomedov')"
28d8638ea0a71908,http://ufcstats.com/event-details/28d8638ea0a71908,,"July 26, 2025",2025-07-26,"Abu Dhabi, Abu Dhabi, United Arab Emirates",b177fbf088367e33c37a,,99,Nikita Krylov,Bogdan Guskov,Bogdan Guskov,L,Light Heavyweight Bout,"('bogdan guskov', 'nikita krylov')"
28d8638ea0a71908,http://ufcstats.com/event-details/28d8638ea0a71908,,"July 26, 2025",2025-07-26,"Abu Dhabi, Abu Dhabi, United Arab Emirates",264cf1dc5acd93b9ccf0,,99,Robert Whittaker,Reinier de Ridder,Reinier de Ridder,L,Middleweight Bout,"('reinier de ridder', 'robert whittaker')"
28d8638ea0a71908,http://ufcstats.com/event-details/28d8638ea0a71908,,"July 26, 2025",2025-07-26,"Abu Dhabi, Abu Dhabi, United Arab Emirates",3b2fea780177e2100425,,99,Asu Almabayev,Jose Ochoa,Asu Almabayev,W,Flyweight Bout,"('asu almabayev', 'jose ochoa')"
28d8638ea0a71908,http://ufcstats.com/event-details/28d8638ea0a71908,,"July 26, 2025",2025-07-26,"Abu Dhabi, Abu Dhabi, United Arab Emirates",bb6f5aa2adc9bc06a3c9,,99,Bryce Mitchell,Said Nurmagomedov,Bryce Mitchell,W,Bantamweight Bout,"('bryce mitchell', 'said nurmagomedov')"
28d8638ea0a71908,http://ufcstats.com/event-details/28d8638ea0a71908,,"July 26, 2025",2025-07-26,"Abu Dhabi, Abu Dhabi, United Arab Emirates",20320ac474737b30091c,,99,Petr Yan,Marcus McGhee,Petr Yan,W,Bantamweight Bout,"('marcus mcghee', 'petr yan')"
7b03d9df5910917d,http://ufcstats.com/event-details/7b03d9df5910917d,,"July 12, 2025",2025-07-12,"Nashville, Tennessee, USA",bcecd830a42e110904b9,,99,Mitch Ramirez,Mike Davis,Mike Davis,L,Lightweight Bout,"('mike davis', 'mitch ramirez')"
7b03d9df5910917d,http://ufcstats.com/event-details/7b03d9df5910917d,,"July 12, 2025",2025-07-12,"Nashville, Tennessee, USA",5b0bbecfec3f52a01a08,,99,Fatima Kline,Melissa Martinez,Fatima Kline,W,Women's Strawweight Bout,"('fatima kline', 'melissa martinez')"
66766984842c13dc,http://ufcstats.com/event-details/66766984842c13dc,,"June 28, 2025",2025-06-28,"Las Vegas, Nevada, USA",7c158b0af7a71dbbf0d8,,99,Niko Price,Jacobe Smith,Jacobe Smith,L,Welterweight Bout,"('jacobe smith', 'niko price')"
66766984842c13dc,http://ufcstats.com/event-details/66766984842c13dc,,"June 28, 2025",2025-06-28,"Las Vegas, Nevada, USA",069c0f30542274fb1edb,,99,Jhonata Diniz,Alvin Hines,Jhonata Diniz,W,Heavyweight Bout,"('alvin hines', 'jhonata diniz')"
66766984842c13dc,http://ufcstats.com/event-details/66766984842c13dc,,"June 28, 2025",2025-06-28,"Las Vegas, Nevada, USA",3e4a8321daec93e9b64f,,99,Viviane Araujo,Tracy Cortez,Tracy Cortez,L,Women's Flyweight Bout,"('tracy cortez', 'viviane araujo')"
de277a4abcfeea46,http://ufcstats.com/event-details/de277a4abcfeea46,,"June 14, 2025",2025-06-14,"Atlanta, Georgia, USA",296e407a1a99ccb2a4ff,,99,Jamey-Lyn Horth,Vanessa Demopoulos,Jamey-Lyn Horth,W,Women's Flyweight Bout,"('jamey lyn horth', 'vanessa demopoulos')"
66766984842c13dc,http://ufcstats.com/event-details/66766984842c13dc,,"June 28, 2025",2025-06-28,"Las Vegas, Nevada, USA",c40566da916ffe297e11,,99,Terrance McKinney,Viacheslav Borshchev,Terrance McKinney,W,Lightweight Bout,"('terrance mckinney', 'viacheslav borshchev')"
de277a4abcfeea46,http://ufcstats.com/event-details/de277a4abcfeea46,,"June 14, 2025",2025-06-14,"Atlanta, Georgia, USA",1635f0ab02298f88603e,,99,Phil Rowe,Ange Loosa,Phil Rowe,W,Welterweight Bout,"('ange loosa', 'phil rowe')"
de277a4abcfeea46,http://ufcstats.com/event-details/de277a4abcfeea46,,"June 14, 2025",2025-06-14,"Atlanta, Georgia, USA",0feca729753d44cd15a2,,99,Cody Durden,Jose Ochoa,Jose Ochoa,L,Flyweight Bout,"('cody durden', 'jose ochoa')"
de277a4abcfeea46,http://ufcstats.com/event-details/de277a4abcfeea46,,"June 14, 2025",2025-06-14,"Atlanta, Georgia, USA",08b23397fad98f274d9e,,99,Ricky Simon,Cameron Smotherman,Ricky Simon,W,Bantamweight Bout,"('cameron smotherman', 'ricky simon')"
de277a4abcfeea46,http://ufcstats.com/event-details/de277a4abcfeea46,,"June 14, 2025",2025-06-14,"Atlanta, Georgia, USA",08be7bb67286b528e8b0,,99,Michael Chiesa,Court McGee,Michael Chiesa,W,Welterweight Bout,"('court mcgee', 'michael chiesa')"
de277a4abcfeea46,http://ufcstats.com/event-details/de277a4abcfeea46,,"June 14, 2025",2025-06-14,"Atlanta, Georgia, USA",16e1feb9486244243fae,,99,Alonzo Menifield,Oumar Sy,Alonzo Menifield,W,Light Heavyweight Bout,"('alonzo menifield', 'oumar sy')"
de277a4abcfeea46,http://ufcstats.com/event-details/de277a4abcfeea46,,"June 14, 2025",2025-06-14,"Atlanta, Georgia, USA",7e50fefeb075b2d484dc,,99,Malcolm Wellmaker,Kris Moutinho,Malcolm Wellmaker,W,Bantamweight Bout,"('kris moutinho', 'malcolm wellmaker')"
de277a4abcfeea46,http://ufcstats.com/event-details/de277a4abcfeea46,,"June 14, 2025",2025-06-14,"Atlanta, Georgia, USA",ee15608ab13a8b77486f,,99,Cody Garbrandt,Raoni Barcelos,Raoni Barcelos,L,Bantamweight Bout,"('cody garbrandt', 'raoni barcelos')"
de277a4abcfeea46,http://ufcstats.com/event-details/de277a4abcfeea46,,"June 14, 2025",2025-06-14,"Atlanta, Georgia, USA",94a3e27dd108f3060cbc,,99,Edmen Shahbazyan,Andre Petroski,Edmen Shahbazyan,W,Middleweight Bout,"('andre petroski', 'edmen shahbazyan')"
de277a4abcfeea46,http://ufcstats.com/event-details/de277a4abcfeea46,,"June 14, 2025",2025-06-14,"Atlanta, Georgia, USA",f8ac28f3c057f628f845,,99,Rose Namajunas,Miranda Maverick,Rose Namajunas,W,Women's Flyweight Bout,"('miranda maverick', 'rose namajunas')"
400c7b43c86d27d3,http://ufcstats.com/event-details/400c7b43c86d27d3,,"June 21, 2025",2025-06-21,"Baku, Azerbaijan",7d257304fc16406380e7,,99,Hamdy Abdelwahab,Mohammed Usman,Mohammed Usman,L,Heavyweight Bout,"('hamdy abdelwahab', 'mohammed usman')"
400c7b43c86d27d3,http://ufcstats.com/event-details/400c7b43c86d27d3,,"June 21, 2025",2025-06-21,"Baku, Azerbaijan",c22e70f9a92dd12e6493,,99,Tagir Ulanbekov,Azat Maksum,Tagir Ulanbekov,W,Flyweight Bout,"('azat maksum', 'tagir ulanbekov')"
de277a4abcfeea46,http://ufcstats.com/event-details/de277a4abcfeea46,,"June 14, 2025",2025-06-14,"Atlanta, Georgia, USA",2971af80cd2b4db56ad5,,99,Kamaru Usman,Joaquin Buckley,Kamaru Usman,W,Welterweight Bout,"('joaquin buckley', 'kamaru usman')"
400c7b43c86d27d3,http://ufcstats.com/event-details/400c7b43c86d27d3,,"June 21, 2025",2025-06-21,"Baku, Azerbaijan",809f6ad5dda5404c9537,,99,Irina Alekseeva,Klaudia Sygula,Klaudia Sygula,L,Women's Bantamweight Bout,"('irina alekseeva', 'klaudia sygula')"
400c7b43c86d27d3,http://ufcstats.com/event-details/400c7b43c86d27d3,,"June 21, 2025",2025-06-21,"Baku, Azerbaijan",d3023b3ef5e34e823982,,99,Daria Zhelezniakova,Melissa Mullins,Daria Zhelezniakova,W,Women's Bantamweight Bout,"('daria zhelezniakova', 'melissa mullins')"
400c7b43c86d27d3,http://ufcstats.com/event-details/400c7b43c86d27d3,,"June 21, 2025",2025-06-21,"Baku, Azerbaijan",bc0fe2ada96d77b8adc6,,99,Seokhyeon Ko,Oban Elliott,Seokhyeon Ko,W,Welterweight Bout,"('oban elliott', 'seokhyeon ko')"
400c7b43c86d27d3,http://ufcstats.com/event-details/400c7b43c86d27d3,,"June 21, 2025",2025-06-21,"Baku, Azerbaijan",548f53902c46c57206ee,,99,Ismail Naurdiev,JunYong Park,JunYong Park,L,Middleweight Bout,"('ismail naurdiev', 'jun yong park')"
400c7b43c86d27d3,http://ufcstats.com/event-details/400c7b43c86d27d3,,"June 21, 2025",2025-06-21,"Baku, Azerbaijan",d41b7c498757a7bf0a7b,,99,Muhammad Naimov,Bogdan Grad,Muhammad Naimov,W,Featherweight Bout,"('bogdan grad', 'muhammad naimov')"
400c7b43c86d27d3,http://ufcstats.com/event-details/400c7b43c86d27d3,,"June 21, 2025",2025-06-21,"Baku, Azerbaijan",7f35ea2b365f706ebc4d,,99,Nazim Sadykhov,Nikolas Motta,Nazim Sadykhov,W,Lightweight Bout,"('nazim sadykhov', 'nikolas motta')"
400c7b43c86d27d3,http://ufcstats.com/event-details/400c7b43c86d27d3,,"June 21, 2025",2025-06-21,"Baku, Azerbaijan",465d3ec596fc5e7ca7f4,,99,Tofiq Musayev,Myktybek Orolbai,Myktybek Orolbai,L,Catch Weight Bout,"('myktybek orolbai', 'tofiq musayev')"
400c7b43c86d27d3,http://ufcstats.com/event-details/400c7b43c86d27d3,,"June 21, 2025",2025-06-21,"Baku, Azerbaijan",673dbf0622dc38a923f5,,99,Curtis Blaydes,Rizvan Kuniev,Curtis Blaydes,W,Heavyweight Bout,"('curtis blaydes', 'rizvan kuniev')"
400c7b43c86d27d3,http://ufcstats.com/event-details/400c7b43c86d27d3,,"June 21, 2025",2025-06-21,"Baku, Azerbaijan",5165e7bad4b0c7306b83,,99,Jamahal Hill,Khalil Rountree Jr.,Khalil Rountree Jr.,L,Light Heavyweight Bout,"('jamahal hill', 'khalil rountree jr')"
400c7b43c86d27d3,http://ufcstats.com/event-details/400c7b43c86d27d3,,"June 21, 2025",2025-06-21,"Baku, Azerbaijan",5e8920faeb22032b726c,,99,Rafael Fiziev,Ignacio Bahamondes,Rafael Fiziev,W,Lightweight Bout,"('ignacio bahamondes', 'rafael fiziev')"
66766984842c13dc,http://ufcstats.com/event-details/66766984842c13dc,,"June 28, 2025",2025-06-28,"Las Vegas, Nevada, USA",dce06daf46afe0a7e030,,99,Hyder Amil,Jose Delgado,Jose Delgado,L,Featherweight Bout,"('hyder amil', 'jose delgado')"
66766984842c13dc,http://ufcstats.com/event-details/66766984842c13dc,,"June 28, 2025",2025-06-28,"Las Vegas, Nevada, USA",8084bc9c3bad55ad4f79,,99,Payton Talbott,Felipe Lima,Payton Talbott,W,Bantamweight Bout,"('felipe lima', 'payton talbott')"
66766984842c13dc,http://ufcstats.com/event-details/66766984842c13dc,,"June 28, 2025",2025-06-28,"Las Vegas, Nevada, USA",ddc7770415a5b75d20c5,,99,Brandon Royval,Joshua Van,Joshua Van,L,Flyweight Bout,"('brandon royval', 'joshua van')"
66766984842c13dc,http://ufcstats.com/event-details/66766984842c13dc,,"June 28, 2025",2025-06-28,"Las Vegas, Nevada, USA",0da94fba57fbfd31a942,,99,Jack Hermansson,Gregory Rodrigues,Gregory Rodrigues,L,Middleweight Bout,"('gregory rodrigues', 'jack hermansson')"
66766984842c13dc,http://ufcstats.com/event-details/66766984842c13dc,,"June 28, 2025",2025-06-28,"Las Vegas, Nevada, USA",b5f083d57baeb16d3f64,,99,Beneil Dariush,Renato Moicano,Beneil Dariush,W,Lightweight Bout,"('beneil dariush', 'renato moicano')"
b8e2f10efb6eca85,http://ufcstats.com/event-details/b8e2f10efb6eca85,,"July 19, 2025",2025-07-19,"New Orleans, Louisiana, USA",ee2308cd787f7e360738,,99,Carli Judice,Nicolle Caliari,Carli Judice,W,Women's Flyweight Bout,"('carli judice', 'nicolle caliari')"
66766984842c13dc,http://ufcstats.com/event-details/66766984842c13dc,,"June 28, 2025",2025-06-28,"Las Vegas, Nevada, USA",696a4a9b598963f56fa7,,99,Ilia Topuria,Charles Oliveira,Ilia Topuria,W,UFC Lightweight Title Bout,"('charles oliveira', 'ilia topuria')"
b8e2f10efb6eca85,http://ufcstats.com/event-details/b8e2f10efb6eca85,,"July 19, 2025",2025-07-19,"New Orleans, Louisiana, USA",c43e7ac22a08f3b61fe2,,99,Ryan Spann,Lukasz Brzeski,Ryan Spann,W,Heavyweight Bout,"('lukasz brzeski', 'ryan spann')"
66766984842c13dc,http://ufcstats.com/event-details/66766984842c13dc,,"June 28, 2025",2025-06-28,"Las Vegas, Nevada, USA",3506ac1e607ec1ccd95b,,99,Alexandre Pantoja,Kai Kara-France,Alexandre Pantoja,W,UFC Flyweight Title Bout,"('alexandre pantoja', 'kai kara france')"
b8e2f10efb6eca85,http://ufcstats.com/event-details/b8e2f10efb6eca85,,"July 19, 2025",2025-07-19,"New Orleans, Louisiana, USA",4ffdaf0b2390106ccf2e,,99,Jimmy Crute,Marcin Prachnio,Jimmy Crute,W,Light Heavyweight Bout,"('jimmy crute', 'marcin prachnio')"
b8e2f10efb6eca85,http://ufcstats.com/event-details/b8e2f10efb6eca85,,"July 19, 2025",2025-07-19,"New Orleans, Louisiana, USA",48a995d64e606bff10bd,,99,Ateba Gautier,Robert Valentin,Ateba Gautier,W,Middleweight Bout,"('ateba gautier', 'robert valentin')"
b8e2f10efb6eca85,http://ufcstats.com/event-details/b8e2f10efb6eca85,,"July 19, 2025",2025-07-19,"New Orleans, Louisiana, USA",571c3c6e2399aa11c8ad,,99,Adam Fugitt,Islam Dulatov,Islam Dulatov,L,Welterweight Bout,"('adam fugitt', 'islam dulatov')"
b8e2f10efb6eca85,http://ufcstats.com/event-details/b8e2f10efb6eca85,,"July 19, 2025",2025-07-19,"New Orleans, Louisiana, USA",b7852eb035e1f7acd591,,99,Brunno Ferreira,Jackson McVey,Brunno Ferreira,W,Middleweight Bout,"('brunno ferreira', 'jackson mcvey')"
b8e2f10efb6eca85,http://ufcstats.com/event-details/b8e2f10efb6eca85,,"July 19, 2025",2025-07-19,"New Orleans, Louisiana, USA",325d6d9b32ae61be1432,,99,Francisco Prado,Nikolay Veretennikov,Nikolay Veretennikov,L,Welterweight Bout,"('francisco prado', 'nikolay veretennikov')"
b8e2f10efb6eca85,http://ufcstats.com/event-details/b8e2f10efb6eca85,,"July 19, 2025",2025-07-19,"New Orleans, Louisiana, USA",c456298ebb1d4c5fc05d,,99,Kevin Holland,Daniel Rodriguez,Daniel Rodriguez,L,Welterweight Bout,"('daniel rodriguez', 'kevin holland')"
b8e2f10efb6eca85,http://ufcstats.com/event-details/b8e2f10efb6eca85,,"July 19, 2025",2025-07-19,"New Orleans, Louisiana, USA",9422e1a89ad65810b817,,99,Kyler Phillips,Vinicius Oliveira,Vinicius Oliveira,L,Bantamweight Bout,"('kyler phillips', 'vinicius oliveira')"
b8e2f10efb6eca85,http://ufcstats.com/event-details/b8e2f10efb6eca85,,"July 19, 2025",2025-07-19,"New Orleans, Louisiana, USA",ebfb4b86fc661acea761,,99,Dan Ige,Patricio Freire,Patricio Freire,L,Featherweight Bout,"('dan ige', 'patricio freire')"
b8e2f10efb6eca85,http://ufcstats.com/event-details/b8e2f10efb6eca85,,"July 19, 2025",2025-07-19,"New Orleans, Louisiana, USA",fa53209952fa2a39d7bd,,99,Michael Johnson,Daniel Zellhuber,Michael Johnson,W,Lightweight Bout,"('daniel zellhuber', 'michael johnson')"
b8e2f10efb6eca85,http://ufcstats.com/event-details/b8e2f10efb6eca85,,"July 19, 2025",2025-07-19,"New Orleans, Louisiana, USA",717674b47b6e8a12a9c1,,99,Marvin Vettori,Brendan Allen,Brendan Allen,L,Middleweight Bout,"('brendan allen', 'marvin vettori')"
b8e2f10efb6eca85,http://ufcstats.com/event-details/b8e2f10efb6eca85,,"July 19, 2025",2025-07-19,"New Orleans, Louisiana, USA",c8bdec2bac9d8b4cb5b2,,99,Paulo Costa,Roman Kopylov,Paulo Costa,W,Middleweight Bout,"('paulo costa', 'roman kopylov')"
b8e2f10efb6eca85,http://ufcstats.com/event-details/b8e2f10efb6eca85,,"July 19, 2025",2025-07-19,"New Orleans, Louisiana, USA",c499e09850a96eca8164,,99,Max Holloway,Dustin Poirier,Max Holloway,W,Lightweight Bout,"('dustin poirier', 'max holloway')"
7b03d9df5910917d,http://ufcstats.com/event-details/7b03d9df5910917d,,"July 12, 2025",2025-07-12,"Nashville, Tennessee, USA",689e1f4e3afa92231d48,,99,Kennedy Nzechukwu,Valter Walker,Valter Walker,L,Heavyweight Bout,"('kennedy nzechukwu', 'valter walker')"
7b03d9df5910917d,http://ufcstats.com/event-details/7b03d9df5910917d,,"July 12, 2025",2025-07-12,"Nashville, Tennessee, USA",20832233c51d67fd23ae,,99,Lauren Murphy,Eduarda Moura,Eduarda Moura,L,Women's Flyweight Bout,"('eduarda moura', 'lauren murphy')"
7b03d9df5910917d,http://ufcstats.com/event-details/7b03d9df5910917d,,"July 12, 2025",2025-07-12,"Nashville, Tennessee, USA",b759d3f5dc7dea25bc70,,99,Max Griffin,Chris Curtis,Chris Curtis,L,Welterweight Bout,"('chris curtis', 'max griffin')"
7b03d9df5910917d,http://ufcstats.com/event-details/7b03d9df5910917d,,"July 12, 2025",2025-07-12,"Nashville, Tennessee, USA",e728d174f69ae857cf43,,99,Junior Tafa,Tuco Tokkos,Tuco Tokkos,L,Light Heavyweight Bout,"('jr tafa', 'tuco tokkos')"
7b03d9df5910917d,http://ufcstats.com/event-details/7b03d9df5910917d,,"July 12, 2025",2025-07-12,"Nashville, Tennessee, USA",754eade04ee66002099a,,99,Jake Matthews,Chidi Njokuani,Jake Matthews,W,Welterweight Bout,"('chidi njokuani', 'jake matthews')"
7b03d9df5910917d,http://ufcstats.com/event-details/7b03d9df5910917d,,"July 12, 2025",2025-07-12,"Nashville, Tennessee, USA",873f038e1badbc646453,,99,Vitor Petrino,Austen Lane,Vitor Petrino,W,Heavyweight Bout,"('austen lane', 'vitor petrino')"
7b03d9df5910917d,http://ufcstats.com/event-details/7b03d9df5910917d,,"July 12, 2025",2025-07-12,"Nashville, Tennessee, USA",d1a1bdce2e2016f6e8c1,,99,Nate Landwehr,Morgan Charriere,Morgan Charriere,L,Featherweight Bout,"('morgan charriere', 'nate landwehr')"
7b03d9df5910917d,http://ufcstats.com/event-details/7b03d9df5910917d,,"July 12, 2025",2025-07-12,"Nashville, Tennessee, USA",0bc0eccb8787a2d3acd2,,99,Calvin Kattar,Steve Garcia,Steve Garcia,L,Featherweight Bout,"('calvin kattar', 'steve garcia')"
7b03d9df5910917d,http://ufcstats.com/event-details/7b03d9df5910917d,,"July 12, 2025",2025-07-12,"Nashville, Tennessee, USA",3ce3b3291db1c8ce89c5,,99,Stephen Thompson,Gabriel Bonfim,Gabriel Bonfim,L,Welterweight Bout,"('gabriel bonfim', 'stephen thompson')"
7b03d9df5910917d,http://ufcstats.com/event-details/7b03d9df5910917d,,"July 12, 2025",2025-07-12,"Nashville, Tennessee, USA",2f3d764c67131d0e1957,,99,Derrick Lewis,Tallison Teixeira,Derrick Lewis,W,Heavyweight Bout,"('derrick lewis', 'tallison teixeira')"
f2c934689243fe4e,http://ufcstats.com/event-details/f2c934689243fe4e,,"August 02, 2025",2025-08-02,"Las Vegas, Nevada, USA",6496476cd98606d148a2,,99,Piera Rodriguez,Ketlen Souza,Piera Rodriguez,W,Women's Strawweight Bout,"('ketlen souza', 'piera rodriguez')"
f2c934689243fe4e,http://ufcstats.com/event-details/f2c934689243fe4e,,"August 02, 2025",2025-08-02,"Las Vegas, Nevada, USA",138102592cd3c2a97eec,,99,Rafael Estevam,Felipe Bunes,Rafael Estevam,W,Flyweight Bout,"('felipe bunes', 'rafael estevam')"
f2c934689243fe4e,http://ufcstats.com/event-details/f2c934689243fe4e,,"August 02, 2025",2025-08-02,"Las Vegas, Nevada, USA",838386ce1d4d4cfb1979,,99,Austin Bashi,John Yannis,Austin Bashi,W,Featherweight Bout,"('austin bashi', 'john yannis')"
f2c934689243fe4e,http://ufcstats.com/event-details/f2c934689243fe4e,,"August 02, 2025",2025-08-02,"Las Vegas, Nevada, USA",5bba4113757fe593a893,,99,Rinya Nakamura,Nathan Fletcher,Rinya Nakamura,W,Bantamweight Bout,"('nathan fletcher', 'rinya nakamura')"
f2c934689243fe4e,http://ufcstats.com/event-details/f2c934689243fe4e,,"August 02, 2025",2025-08-02,"Las Vegas, Nevada, USA",3216b322b76b07476bfd,,99,Danny Silva,Kevin Vallejos,Kevin Vallejos,L,Featherweight Bout,"('danny silva', 'kevin vallejos')"
f2c934689243fe4e,http://ufcstats.com/event-details/f2c934689243fe4e,,"August 02, 2025",2025-08-02,"Las Vegas, Nevada, USA",ff29bc134d2db5f0c910,,99,Nick Klein,Andrey Pulyaev,Andrey Pulyaev,L,Middleweight Bout,"('andrey pulyaev', 'nick klein')"
f2c934689243fe4e,http://ufcstats.com/event-details/f2c934689243fe4e,,"August 02, 2025",2025-08-02,"Las Vegas, Nevada, USA",b43a13795bba5e8b216a,,99,Neil Magny,Elizeu Zaleski dos Santos,Neil Magny,W,Welterweight Bout,"('elizeu zaleski', 'neil magny')"
f2c934689243fe4e,http://ufcstats.com/event-details/f2c934689243fe4e,,"August 02, 2025",2025-08-02,"Las Vegas, Nevada, USA",6bc0d2b5b8c606c6b98d,,99,Rodolfo Vieira,Tresean Gore,Rodolfo Vieira,W,Middleweight Bout,"('rodolfo vieira', 'tresean gore')"
f2c934689243fe4e,http://ufcstats.com/event-details/f2c934689243fe4e,,"August 02, 2025",2025-08-02,"Las Vegas, Nevada, USA",74898212b0a262678848,,99,Karol Rosa,Nora Cornolle,Karol Rosa,W,Women's Bantamweight Bout,"('karol rosa', 'nora cornolle')"
f2c934689243fe4e,http://ufcstats.com/event-details/f2c934689243fe4e,,"August 02, 2025",2025-08-02,"Las Vegas, Nevada, USA",ac418447f34d8085cf15,,99,Tatsuro Taira,HyunSung Park,Tatsuro Taira,W,Flyweight Bout,"('hyunsung park', 'tatsuro taira')"
f2c934689243fe4e,http://ufcstats.com/event-details/f2c934689243fe4e,,"August 02, 2025",2025-08-02,"Las Vegas, Nevada, USA",e1ffa5edc1383bfc9a43,,99,Mateusz Rebecki,Chris Duncan,Chris Duncan,L,Lightweight Bout,"('chris duncan', 'mateusz rebecki')"
f2c934689243fe4e,http://ufcstats.com/event-details/f2c934689243fe4e,,"August 02, 2025",2025-08-02,"Las Vegas, Nevada, USA",46f1449eb6cb09338243,,99,Elves Brener,Esteban Ribovics,Esteban Ribovics,L,Lightweight Bout,"('elves brener', 'esteban ribovics')"
6cd3dfc54f01287f,http://ufcstats.com/event-details/6cd3dfc54f01287f,,"August 09, 2025",2025-08-09,"Las Vegas, Nevada, USA",9081518cae15ed60de02,,99,Miles Johns,Jean Matsumoto,Jean Matsumoto,L,Bantamweight Bout,"('jean matsumoto', 'miles johns')"
6cd3dfc54f01287f,http://ufcstats.com/event-details/6cd3dfc54f01287f,,"August 09, 2025",2025-08-09,"Las Vegas, Nevada, USA",cfe91617101ef18a9965,,99,Cody Brundage,Eric McConico,Eric McConico,L,Light Heavyweight Bout,"('cody brundage', 'eric mcconico')"
6cd3dfc54f01287f,http://ufcstats.com/event-details/6cd3dfc54f01287f,,"August 09, 2025",2025-08-09,"Las Vegas, Nevada, USA",b8a8bb2bfd5de0be35a8,,99,Gabriella Fernandes,Julija Stoliarenko,Gabriella Fernandes,W,Women's Flyweight Bout,"('gabriella fernandes', 'julija stoliarenko')"
6cd3dfc54f01287f,http://ufcstats.com/event-details/6cd3dfc54f01287f,,"August 09, 2025",2025-08-09,"Las Vegas, Nevada, USA",1296d2e9c5dcfd4cda5c,,99,Julius Walker,Rafael Cerqueira,Julius Walker,W,Light Heavyweight Bout,"('julius walker', 'rafael cerqueira')"
6cd3dfc54f01287f,http://ufcstats.com/event-details/6cd3dfc54f01287f,,"August 09, 2025",2025-08-09,"Las Vegas, Nevada, USA",be7eb04ba5079a93abd3,,99,Eryk Anders,Christian Leroy Duncan,Christian Leroy Duncan,L,Middleweight Bout,"('christian leroy duncan', 'eryk anders')"
6cd3dfc54f01287f,http://ufcstats.com/event-details/6cd3dfc54f01287f,,"August 09, 2025",2025-08-09,"Las Vegas, Nevada, USA",a54f3fd4354f3f114f47,,99,Joselyne Edwards,Priscila Cachoeira,Joselyne Edwards,W,Women's Bantamweight Bout,"('joselyne edwards', 'priscila cachoeira')"
6cd3dfc54f01287f,http://ufcstats.com/event-details/6cd3dfc54f01287f,,"August 09, 2025",2025-08-09,"Las Vegas, Nevada, USA",a87dc2d46e994363e5ea,,99,Elijah Smith,Toshiomi Kazama,Elijah Smith,W,Bantamweight Bout,"('elijah smith', 'toshiomi kazama')"
6cd3dfc54f01287f,http://ufcstats.com/event-details/6cd3dfc54f01287f,,"August 09, 2025",2025-08-09,"Las Vegas, Nevada, USA",b9ff5597e11706a656c8,,99,Steve Erceg,Ode Osbourne,Steve Erceg,W,Bantamweight Bout,"('ode osbourne', 'steve erceg')"
6cd3dfc54f01287f,http://ufcstats.com/event-details/6cd3dfc54f01287f,,"August 09, 2025",2025-08-09,"Las Vegas, Nevada, USA",12dd4fbc69ec5819d147,,99,Uros Medic,Gilbert Urbina,Uros Medic,W,Welterweight Bout,"('gilbert urbina', 'uros medic')"
6cd3dfc54f01287f,http://ufcstats.com/event-details/6cd3dfc54f01287f,,"August 09, 2025",2025-08-09,"Las Vegas, Nevada, USA",046bbc22529a0fc35974,,99,Iasmin Lucindo,Angela Hill,Iasmin Lucindo,W,Women's Strawweight Bout,"('angela hill', 'iasmin lucindo')"
6cd3dfc54f01287f,http://ufcstats.com/event-details/6cd3dfc54f01287f,,"August 09, 2025",2025-08-09,"Las Vegas, Nevada, USA",6da4c3419fa065f6e547,,99,Roman Dolidze,Anthony Hernandez,Anthony Hernandez,L,Middleweight Bout,"('anthony hernandez', 'roman dolidze')"
6cd3dfc54f01287f,http://ufcstats.com/event-details/6cd3dfc54f01287f,,"August 09, 2025",2025-08-09,"Las Vegas, Nevada, USA",60423fcf894a5ec2a725,,99,Andre Fili,Christian Rodriguez,Andre Fili,W,Featherweight Bout,"('andre fili', 'christian rodriguez')"
754968e325d6f60d,http://ufcstats.com/event-details/754968e325d6f60d,,"August 23, 2025",2025-08-23,"Shanghai, Hebei, China",7b04999dc57e772b8b74,,99,Uran Satybaldiev,Diyar Nurgozhay,Uran Satybaldiev,W,Light Heavyweight Bout,"('diyar nurgozhay', 'uran satybaldiev')"
754968e325d6f60d,http://ufcstats.com/event-details/754968e325d6f60d,,"August 23, 2025",2025-08-23,"Shanghai, Hebei, China",73721c9a98507ebb9b9c,,99,Michel Pereira,Kyle Daukaus,Kyle Daukaus,L,Middleweight Bout,"('kyle daukaus', 'michel pereira')"
754968e325d6f60d,http://ufcstats.com/event-details/754968e325d6f60d,,"August 23, 2025",2025-08-23,"Shanghai, Hebei, China",35ded722a136211f62a0,,99,Yizha,Westin Wilson,Yizha,W,Featherweight Bout,"('westin wilson', 'yizha')"
754968e325d6f60d,http://ufcstats.com/event-details/754968e325d6f60d,,"August 23, 2025",2025-08-23,"Shanghai, Hebei, China",bad8e508d808e4f36084,,99,Charles Johnson,Lone'er Kavanagh,Charles Johnson,W,Flyweight Bout,"('charles johnson', 'loneer kavanagh')"
754968e325d6f60d,http://ufcstats.com/event-details/754968e325d6f60d,,"August 23, 2025",2025-08-23,"Shanghai, Hebei, China",dfe6e05e054b18696498,,99,Taiyilake Nueraji,Kiefer Crosbie,Taiyilake Nueraji,W,Welterweight Bout,"('kiefer crosbie', 'taiyilake nueraji')"
754968e325d6f60d,http://ufcstats.com/event-details/754968e325d6f60d,,"August 23, 2025",2025-08-23,"Shanghai, Hebei, China",96b531ea328d129c02f4,,99,Sergei Pavlovich,Waldo Cortes-Acosta,Sergei Pavlovich,W,Heavyweight Bout,"('sergei pavlovich', 'waldo cortes acosta')"
754968e325d6f60d,http://ufcstats.com/event-details/754968e325d6f60d,,"August 23, 2025",2025-08-23,"Shanghai, Hebei, China",5d514daa4d2d660410d8,,99,Sumudaerji,Kevin Borjas,Sumudaerji,W,Flyweight Bout,"('kevin borjas', 'sumudaerji')"
754968e325d6f60d,http://ufcstats.com/event-details/754968e325d6f60d,,"August 23, 2025",2025-08-23,"Shanghai, Hebei, China",a23c02530fce2bce672d,,99,Johnny Walker,Zhang Mingyang,Johnny Walker,W,Light Heavyweight Bout,"('johnny walker', 'zhang mingyang')"
754968e325d6f60d,http://ufcstats.com/event-details/754968e325d6f60d,,"August 23, 2025",2025-08-23,"Shanghai, Hebei, China",675fb8636d5a5669cd84,,99,Brian Ortega,Aljamain Sterling,Aljamain Sterling,L,Catch Weight Bout,"('aljamain sterling', 'brian ortega')"
754968e325d6f60d,http://ufcstats.com/event-details/754968e325d6f60d,,"August 23, 2025",2025-08-23,"Shanghai, Hebei, China",d6915b09359a290a3fbd,,99,Xiao Long,SuYoung You,SuYoung You,L,Bantamweight Bout,"('suyoung you', 'xiao long')"
754968e325d6f60d,http://ufcstats.com/event-details/754968e325d6f60d,,"August 23, 2025",2025-08-23,"Shanghai, Hebei, China",763a802756cc5a777b74,,99,Maheshate,Gauge Young,Gauge Young,L,Lightweight Bout,"('gauge young', 'maheshate')"
754968e325d6f60d,http://ufcstats.com/event-details/754968e325d6f60d,,"August 23, 2025",2025-08-23,"Shanghai, Hebei, China",09bf83a363605dd432f2,,99,Rongzhu,Austin Hubbard,Rongzhu,W,Lightweight Bout,"('austin hubbard', 'rongzhu')"
421ccfc6ddb17958,http://ufcstats.com/event-details/421ccfc6ddb17958,,"August 16, 2025",2025-08-16,"Chicago, Illinois, USA",6c6da5caa38c1a7cf82f,,99,Karine Silva,Dione Barbosa,Karine Silva,W,Women's Flyweight Bout,"('dione barbosa', 'karine silva')"
421ccfc6ddb17958,http://ufcstats.com/event-details/421ccfc6ddb17958,,"August 16, 2025",2025-08-16,"Chicago, Illinois, USA",05bfa7a8c36d7e559384,,99,Alibi Idiris,Joseph Morales,Joseph Morales,L,Ultimate Fighter 33 Flyweight Tournament Title Bout,"('alibi idiris', 'joseph morales')"
421ccfc6ddb17958,http://ufcstats.com/event-details/421ccfc6ddb17958,,"August 16, 2025",2025-08-16,"Chicago, Illinois, USA",ff8bb09963f3a5bffa0c,,99,Gerald Meerschaert,Michal Oleksiejczuk,Michal Oleksiejczuk,L,Middleweight Bout,"('gerald meerschaert', 'michal oleksiejczuk')"
421ccfc6ddb17958,http://ufcstats.com/event-details/421ccfc6ddb17958,,"August 16, 2025",2025-08-16,"Chicago, Illinois, USA",b39bd59decbd477eebee,,99,Chase Hooper,Alexander Hernandez,Alexander Hernandez,L,Lightweight Bout,"('alexander hernandez', 'chase hooper')"
421ccfc6ddb17958,http://ufcstats.com/event-details/421ccfc6ddb17958,,"August 16, 2025",2025-08-16,"Chicago, Illinois, USA",aa2a09d4cac5e544bc2b,,99,Edson Barboza,Drakkar Klose,Drakkar Klose,L,Lightweight Bout,"('drakkar klose', 'edson barboza')"
421ccfc6ddb17958,http://ufcstats.com/event-details/421ccfc6ddb17958,,"August 16, 2025",2025-08-16,"Chicago, Illinois, USA",356cda89a5ad5326c248,,99,Baisangur Susurkaev,Eric Nolan,Baisangur Susurkaev,W,Middleweight Bout,"('baisangur susurkaev', 'eric nolan')"
421ccfc6ddb17958,http://ufcstats.com/event-details/421ccfc6ddb17958,,"August 16, 2025",2025-08-16,"Chicago, Illinois, USA",1e898c73d8c3a7f2afbe,,99,Tim Elliott,Kai Asakura,Tim Elliott,W,Flyweight Bout,"('kai asakura', 'tim elliott')"
421ccfc6ddb17958,http://ufcstats.com/event-details/421ccfc6ddb17958,,"August 16, 2025",2025-08-16,"Chicago, Illinois, USA",bf82b54f342ba6d01723,,99,Jessica Andrade,Loopy Godinez,Loopy Godinez,L,Women's Strawweight Bout,"('jessica andrade', 'loopy godinez')"
421ccfc6ddb17958,http://ufcstats.com/event-details/421ccfc6ddb17958,,"August 16, 2025",2025-08-16,"Chicago, Illinois, USA",2b25b04c0a7d424045d4,,99,Jared Cannonier,Michael Page,Michael Page,L,Middleweight Bout,"('jared cannonier', 'michael page')"
421ccfc6ddb17958,http://ufcstats.com/event-details/421ccfc6ddb17958,,"August 16, 2025",2025-08-16,"Chicago, Illinois, USA",c344e7960b9dc81babdd,,99,Geoff Neal,Carlos Prates,Carlos Prates,L,Welterweight Bout,"('carlos prates', 'geoff neal')"
421ccfc6ddb17958,http://ufcstats.com/event-details/421ccfc6ddb17958,,"August 16, 2025",2025-08-16,"Chicago, Illinois, USA",fcaced7f15bb835638ec,,99,Lerone Murphy,Aaron Pico,Lerone Murphy,W,Featherweight Bout,"('aaron pico', 'lerone murphy')"
421ccfc6ddb17958,http://ufcstats.com/event-details/421ccfc6ddb17958,,"August 16, 2025",2025-08-16,"Chicago, Illinois, USA",2d9b126fafb5f8cb4836,,99,Dricus Du Plessis,Khamzat Chimaev,Khamzat Chimaev,L,UFC Middleweight Title Bout,"('dricus du plessis', 'khamzat chimaev')"
5efaaf313b652dd7,http://ufcstats.com/event-details/5efaaf313b652dd7,,"September 13, 2025",2025-09-13,"San Antonio, Texas, USA",6fd3a45694054e7758c4,,99,Montse Rendon,Alice Pereira,Montse Rendon,W,Women's Bantamweight Bout,"('alice pereira', 'montse rendon')"
5efaaf313b652dd7,http://ufcstats.com/event-details/5efaaf313b652dd7,,"September 13, 2025",2025-09-13,"San Antonio, Texas, USA",051f0f126ea49220341b,,99,Rodrigo Sezinando,Daniil Donchenko,Daniil Donchenko,L,Ultimate Fighter 33 Welterweight Tournament Title Bout,"('daniil donchenko', 'rodrigo sezinando')"
5efaaf313b652dd7,http://ufcstats.com/event-details/5efaaf313b652dd7,,"September 13, 2025",2025-09-13,"San Antonio, Texas, USA",511839e3ce3f2eee6a8d,,99,Alessandro Costa,Alden Coria,Alden Coria,L,Flyweight Bout,"('alden coria', 'alessandro costa')"
5efaaf313b652dd7,http://ufcstats.com/event-details/5efaaf313b652dd7,,"September 13, 2025",2025-09-13,"San Antonio, Texas, USA",f213d27f46be140ba77c,,99,Tatiana Suarez,Amanda Lemos,Tatiana Suarez,W,Women's Strawweight Bout,"('amanda lemos', 'tatiana suarez')"
5efaaf313b652dd7,http://ufcstats.com/event-details/5efaaf313b652dd7,,"September 13, 2025",2025-09-13,"San Antonio, Texas, USA",240f528e728584302083,,99,Jesus Aguilar,Luis Gurule,Jesus Aguilar,W,Flyweight Bout,"('jesus aguilar', 'luis gurule')"
5efaaf313b652dd7,http://ufcstats.com/event-details/5efaaf313b652dd7,,"September 13, 2025",2025-09-13,"San Antonio, Texas, USA",16136f14ba4f25b77220,,99,Claudio Puelles,Joaquim Silva,Joaquim Silva,L,Lightweight Bout,"('claudio puelles', 'joaquim silva')"
5efaaf313b652dd7,http://ufcstats.com/event-details/5efaaf313b652dd7,,"September 13, 2025",2025-09-13,"San Antonio, Texas, USA",e2dc3b20f0f41956f463,,99,Alexander Hernandez,Diego Ferreira,Alexander Hernandez,W,Lightweight Bout,"('alexander hernandez', 'diego ferreira')"
5efaaf313b652dd7,http://ufcstats.com/event-details/5efaaf313b652dd7,,"September 13, 2025",2025-09-13,"San Antonio, Texas, USA",ad90a6d5d96b7e29bd40,,99,Jose Daniel Medina,Dusko Todorovic,Dusko Todorovic,L,Middleweight Bout,"('dusko todorovic', 'jose daniel medina')"
5efaaf313b652dd7,http://ufcstats.com/event-details/5efaaf313b652dd7,,"September 13, 2025",2025-09-13,"San Antonio, Texas, USA",615473e517a4ab465ddb,,99,Kelvin Gastelum,Dustin Stoltzfus,Kelvin Gastelum,W,Middleweight Bout,"('dustin stoltzfus', 'kelvin gastelum')"
5efaaf313b652dd7,http://ufcstats.com/event-details/5efaaf313b652dd7,,"September 13, 2025",2025-09-13,"San Antonio, Texas, USA",054de1db06f572db8e0e,,99,Santiago Luna,Quang Le,Santiago Luna,W,Bantamweight Bout,"('quang le', 'santiago luna')"
6e380a4d73ab4f0e,http://ufcstats.com/event-details/6e380a4d73ab4f0e,,"September 06, 2025",2025-09-06,"Paris, Ile-de-France, France",5ea144668dcd68fafd99,,99,Shauna Bannon,Sam Hughes,Sam Hughes,L,Women's Strawweight Bout,"('sam hughes', 'shauna bannon')"
5efaaf313b652dd7,http://ufcstats.com/event-details/5efaaf313b652dd7,,"September 13, 2025",2025-09-13,"San Antonio, Texas, USA",2629459af4516916a887,,99,Rafa Garcia,Jared Gordon,Rafa Garcia,W,Lightweight Bout,"('jared gordon', 'rafa garcia')"
6e380a4d73ab4f0e,http://ufcstats.com/event-details/6e380a4d73ab4f0e,,"September 06, 2025",2025-09-06,"Paris, Ile-de-France, France",4bb40c66a44497de87e8,,99,Brad Tavares,Robert Bryczek,Robert Bryczek,L,Middleweight Bout,"('brad tavares', 'robert bryczek')"
5efaaf313b652dd7,http://ufcstats.com/event-details/5efaaf313b652dd7,,"September 13, 2025",2025-09-13,"San Antonio, Texas, USA",ed096231c75dbb8a5037,,99,Diego Lopes,Jean Silva,Diego Lopes,W,Featherweight Bout,"('diego lopes', 'jean silva')"
6e380a4d73ab4f0e,http://ufcstats.com/event-details/6e380a4d73ab4f0e,,"September 06, 2025",2025-09-06,"Paris, Ile-de-France, France",896f5fe9eed66bf7bd7b,,99,Andreas Gustafsson,Rinat Fakhretdinov,Rinat Fakhretdinov,L,Welterweight Bout,"('andreas gustafsson', 'rinat fakhretdinov')"
5efaaf313b652dd7,http://ufcstats.com/event-details/5efaaf313b652dd7,,"September 13, 2025",2025-09-13,"San Antonio, Texas, USA",986a54e2d9aa8d5613be,,99,Rob Font,David Martinez,David Martinez,L,Bantamweight Bout,"('david martinez', 'rob font')"
6e380a4d73ab4f0e,http://ufcstats.com/event-details/6e380a4d73ab4f0e,,"September 06, 2025",2025-09-06,"Paris, Ile-de-France, France",a635cc65f24c9784f72f,,99,Sam Patterson,Trey Waters,Sam Patterson,W,Welterweight Bout,"('sam patterson', 'trey waters')"
6e380a4d73ab4f0e,http://ufcstats.com/event-details/6e380a4d73ab4f0e,,"September 06, 2025",2025-09-06,"Paris, Ile-de-France, France",87285678688649ea7fdb,,99,Oumar Sy,Brendson Ribeiro,Oumar Sy,W,Light Heavyweight Bout,"('brendson ribeiro', 'oumar sy')"
6e380a4d73ab4f0e,http://ufcstats.com/event-details/6e380a4d73ab4f0e,,"September 06, 2025",2025-09-06,"Paris, Ile-de-France, France",01d4c53ae8d6a4532b94,,99,Marcin Tybura,Ante Delija,Ante Delija,L,Heavyweight Bout,"('ante delija', 'marcin tybura')"
6e380a4d73ab4f0e,http://ufcstats.com/event-details/6e380a4d73ab4f0e,,"September 06, 2025",2025-09-06,"Paris, Ile-de-France, France",9ccc1e250cc7831bc2f4,,99,Harry Hardwick,Kaue Fernandes,Kaue Fernandes,L,Lightweight Bout,"('harry hardwick', 'kaue fernandes')"
6e380a4d73ab4f0e,http://ufcstats.com/event-details/6e380a4d73ab4f0e,,"September 06, 2025",2025-09-06,"Paris, Ile-de-France, France",ad7e561fa6a14d389f73,,99,Bolaji Oki,Mason Jones,Mason Jones,L,Lightweight Bout,"('bolaji oki', 'mason jones')"
6e380a4d73ab4f0e,http://ufcstats.com/event-details/6e380a4d73ab4f0e,,"September 06, 2025",2025-09-06,"Paris, Ile-de-France, France",cc11a7bbd66d61ad2d71,,99,Modestas Bukauskas,Paul Craig,Modestas Bukauskas,W,Light Heavyweight Bout,"('modestas bukauskas', 'paul craig')"
6e380a4d73ab4f0e,http://ufcstats.com/event-details/6e380a4d73ab4f0e,,"September 06, 2025",2025-09-06,"Paris, Ile-de-France, France",d3decb79483c3631d297,,99,Axel Sola,Rhys McKee,Axel Sola,W,Welterweight Bout,"('axel sola', 'rhys mckee')"
6e380a4d73ab4f0e,http://ufcstats.com/event-details/6e380a4d73ab4f0e,,"September 06, 2025",2025-09-06,"Paris, Ile-de-France, France",6ef603a530ed6694ba31,,99,Benoit Saint Denis,Mauricio Ruffy,Benoit Saint Denis,W,Lightweight Bout,"('benoit saint denis', 'mauricio ruffy')"
6e380a4d73ab4f0e,http://ufcstats.com/event-details/6e380a4d73ab4f0e,,"September 06, 2025",2025-09-06,"Paris, Ile-de-France, France",6db34097e299a64056ad,,99,Nassourdine Imavov,Caio Borralho,Nassourdine Imavov,W,Middleweight Bout,"('caio borralho', 'nassourdine imavov')"
6e380a4d73ab4f0e,http://ufcstats.com/event-details/6e380a4d73ab4f0e,,"September 06, 2025",2025-09-06,"Paris, Ile-de-France, France",b966d756a4f807ccf224,,99,William Gomis,Robert Ruchala,William Gomis,W,Featherweight Bout,"('robert ruchala', 'william gomis')"
6436029b50a9c255,http://ufcstats.com/event-details/6436029b50a9c255,,"November 08, 2025",2025-11-08,"Las Vegas, Nevada, USA",f53bb3f3a7eb70f44c21,,99,Miles Johns,Daniel Marcos,Daniel Marcos,L,Bantamweight Bout,"('daniel marcos', 'miles johns')"
6436029b50a9c255,http://ufcstats.com/event-details/6436029b50a9c255,,"November 08, 2025",2025-11-08,"Las Vegas, Nevada, USA",a48acbb29743f6916fe0,,99,Tecia Pennington,Denise Gomes,Denise Gomes,L,Women's Strawweight Bout,"('denise gomes', 'tecia pennington')"
6436029b50a9c255,http://ufcstats.com/event-details/6436029b50a9c255,,"November 08, 2025",2025-11-08,"Las Vegas, Nevada, USA",192ec4a10d5d6ecbccfa,,99,Mayra Bueno Silva,Jacqueline Cavalcanti,Jacqueline Cavalcanti,L,Women's Bantamweight Bout,"('jacqueline cavalcanti', 'mayra bueno silva')"
6436029b50a9c255,http://ufcstats.com/event-details/6436029b50a9c255,,"November 08, 2025",2025-11-08,"Las Vegas, Nevada, USA",57a0b3fed33671ede13c,,99,Josh Hokit,Max Gimenis,Josh Hokit,W,Heavyweight Bout,"('josh hokit', 'max gimenis')"
6436029b50a9c255,http://ufcstats.com/event-details/6436029b50a9c255,,"November 08, 2025",2025-11-08,"Las Vegas, Nevada, USA",78bc75e8977d4077f63d,,99,Zach Reese,Jackson McVey,Zach Reese,W,Catch Weight Bout,"('jackson mcvey', 'zach reese')"
6436029b50a9c255,http://ufcstats.com/event-details/6436029b50a9c255,,"November 08, 2025",2025-11-08,"Las Vegas, Nevada, USA",6fcf7562090471e00678,,99,Hyder Amil,Jamall Emmers,Jamall Emmers,L,Featherweight Bout,"('hyder amil', 'jamall emmers')"
6436029b50a9c255,http://ufcstats.com/event-details/6436029b50a9c255,,"November 08, 2025",2025-11-08,"Las Vegas, Nevada, USA",437fdf06fff012acc978,,99,Ricky Simon,Raoni Barcelos,Raoni Barcelos,L,Bantamweight Bout,"('raoni barcelos', 'ricky simon')"
38e5d9dcb0fddc42,http://ufcstats.com/event-details/38e5d9dcb0fddc42,,"October 18, 2025",2025-10-18,"Vancouver, British Columbia, Canada",55621117f9bf28cac61d,,99,Melissa Croden,Tainara Lisboa,Melissa Croden,W,Women's Bantamweight Bout,"('melissa croden', 'tainara lisboa')"
9336e86cfd4ceaa1,http://ufcstats.com/event-details/9336e86cfd4ceaa1,,"October 11, 2025",2025-10-11,"Rio de Janeiro, Rio de Janeiro, Brazil",8193ea8758a359d15acf,,99,Luan Lacerda,Saimon Oliveira,Luan Lacerda,W,Bantamweight Bout,"('luan lacerda', 'saimon oliveira')"
ed220e87bef0cc64,http://ufcstats.com/event-details/ed220e87bef0cc64,,"September 27, 2025",2025-09-27,"Perth, Western Australia, Australia",f7fd96c34973cfeb365c,,99,Brando Pericic,Elisha Ellison,Brando Pericic,W,Heavyweight Bout,"('brando pericic', 'elisha ellison')"
ed220e87bef0cc64,http://ufcstats.com/event-details/ed220e87bef0cc64,,"September 27, 2025",2025-09-27,"Perth, Western Australia, Australia",31032a2c60f879eb1e6d,,99,Loma Lookboonmee,Alexia Thainara,Alexia Thainara,L,Women's Strawweight Bout,"('alexia thainara', 'loma lookboonmee')"
38e5d9dcb0fddc42,http://ufcstats.com/event-details/38e5d9dcb0fddc42,,"October 18, 2025",2025-10-18,"Vancouver, British Columbia, Canada",ed1a15dacf05bb4c52b9,,99,Azamat Bekoev,Yousri Belgaroui,Yousri Belgaroui,L,Middleweight Bout,"('azamat bekoev', 'yousri belgaroui')"
9336e86cfd4ceaa1,http://ufcstats.com/event-details/9336e86cfd4ceaa1,,"October 11, 2025",2025-10-11,"Rio de Janeiro, Rio de Janeiro, Brazil",24f22d7926076709bc46,,99,Julia Polastri,Karolina Kowalkiewicz,Julia Polastri,W,Women's Strawweight Bout,"('julia polastri', 'karolina kowalkiewicz')"
9336e86cfd4ceaa1,http://ufcstats.com/event-details/9336e86cfd4ceaa1,,"October 11, 2025",2025-10-11,"Rio de Janeiro, Rio de Janeiro, Brazil",3cef83862590f027c4d1,,99,Bia Mesquita,Irina Alekseeva,Bia Mesquita,W,Women's Bantamweight Bout,"('bia mesquita', 'irina alekseeva')"
9336e86cfd4ceaa1,http://ufcstats.com/event-details/9336e86cfd4ceaa1,,"October 11, 2025",2025-10-11,"Rio de Janeiro, Rio de Janeiro, Brazil",4a55dbefd6b6f1b66287,,99,Lucas Rocha,Stewart Nicoll,Lucas Rocha,W,Flyweight Bout,"('lucas rocha', 'stewart nicoll')"
7956f026e2672c47,http://ufcstats.com/event-details/7956f026e2672c47,,"October 25, 2025",2025-10-25,"Abu Dhabi, Abu Dhabi, United Arab Emirates",254640215ddecc790d5c,,99,Jaqueline Amorim,Mizuki,Mizuki,L,Women's Strawweight Bout,"('jaqueline amorim', 'mizuki')"
9336e86cfd4ceaa1,http://ufcstats.com/event-details/9336e86cfd4ceaa1,,"October 11, 2025",2025-10-11,"Rio de Janeiro, Rio de Janeiro, Brazil",4b8bea8fbb41a4cd3640,,99,Vitor Petrino,Thomas Petersen,Vitor Petrino,W,Heavyweight Bout,"('thomas petersen', 'vitor petrino')"
9336e86cfd4ceaa1,http://ufcstats.com/event-details/9336e86cfd4ceaa1,,"October 11, 2025",2025-10-11,"Rio de Janeiro, Rio de Janeiro, Brazil",ce3bf6b6fee081da79eb,,99,Jafel Filho,Clayton Carpenter,Jafel Filho,W,Flyweight Bout,"('clayton carpenter', 'jafel filho')"
9336e86cfd4ceaa1,http://ufcstats.com/event-details/9336e86cfd4ceaa1,,"October 11, 2025",2025-10-11,"Rio de Janeiro, Rio de Janeiro, Brazil",c2e33553536532088866,,99,Lucas Almeida,Michael Aswell Jr.,Michael Aswell Jr.,L,Featherweight Bout,"('lucas almeida', 'michael aswell jr')"
8944a0f9b2f0ce6d,http://ufcstats.com/event-details/8944a0f9b2f0ce6d,,"October 04, 2025",2025-10-04,"Las Vegas, Nevada, USA",3ca4807b00055f45b0c6,,99,Ramiz Brahimaj,Austin Vanderford,Ramiz Brahimaj,W,Welterweight Bout,"('austin vanderford', 'ramiz brahimaj')"
8944a0f9b2f0ce6d,http://ufcstats.com/event-details/8944a0f9b2f0ce6d,,"October 04, 2025",2025-10-04,"Las Vegas, Nevada, USA",8a6ef224f85f7fd1ac5c,,99,Veronica Hardy,Brogan Walker,Veronica Hardy,W,Women's Flyweight Bout,"('brogan walker', 'veronica hardy')"
9336e86cfd4ceaa1,http://ufcstats.com/event-details/9336e86cfd4ceaa1,,"October 11, 2025",2025-10-11,"Rio de Janeiro, Rio de Janeiro, Brazil",9d4b1bec0983c762107c,,99,Ricardo Ramos,Kaan Ofli,Kaan Ofli,L,Featherweight Bout,"('kaan ofli', 'ricardo ramos')"
9336e86cfd4ceaa1,http://ufcstats.com/event-details/9336e86cfd4ceaa1,,"October 11, 2025",2025-10-11,"Rio de Janeiro, Rio de Janeiro, Brazil",ff97b7e9cbc8631721b8,,99,Jhonata Diniz,Mario Pinto,Mario Pinto,L,Heavyweight Bout,"('jhonata diniz', 'mario pinto')"
8944a0f9b2f0ce6d,http://ufcstats.com/event-details/8944a0f9b2f0ce6d,,"October 04, 2025",2025-10-04,"Las Vegas, Nevada, USA",8aa06a2c803562348cf4,,99,Chris Gutierrez,Farid Basharat,Farid Basharat,L,Bantamweight Bout,"('chris gutierrez', 'farid basharat')"
8944a0f9b2f0ce6d,http://ufcstats.com/event-details/8944a0f9b2f0ce6d,,"October 04, 2025",2025-10-04,"Las Vegas, Nevada, USA",6ddc3bd13d07b1d32200,,99,Daniel Santos,JooSang Yoo,Daniel Santos,W,Catch Weight Bout,"('daniel santos', 'joosang yoo')"
8944a0f9b2f0ce6d,http://ufcstats.com/event-details/8944a0f9b2f0ce6d,,"October 04, 2025",2025-10-04,"Las Vegas, Nevada, USA",243db2fdb80e9b5945a9,,99,Patchy Mix,Jakub Wiklacz,Jakub Wiklacz,L,Bantamweight Bout,"('jakub wiklacz', 'patchy mix')"
8944a0f9b2f0ce6d,http://ufcstats.com/event-details/8944a0f9b2f0ce6d,,"October 04, 2025",2025-10-04,"Las Vegas, Nevada, USA",9d314faf8a223d8beae0,,99,Macy Chiasson,Yana Santos,Yana Santos,L,Women's Bantamweight Bout,"('macy chiasson', 'yana santos')"
8944a0f9b2f0ce6d,http://ufcstats.com/event-details/8944a0f9b2f0ce6d,,"October 04, 2025",2025-10-04,"Las Vegas, Nevada, USA",b48c8a0f630290236bac,,99,Punahele Soriano,Nikolay Veretennikov,Punahele Soriano,W,Welterweight Bout,"('nikolay veretennikov', 'punahele soriano')"
8944a0f9b2f0ce6d,http://ufcstats.com/event-details/8944a0f9b2f0ce6d,,"October 04, 2025",2025-10-04,"Las Vegas, Nevada, USA",a309774d3fe5fcfb79ab,,99,Ateba Gautier,Tre'ston Vines,Ateba Gautier,W,Middleweight Bout,"('ateba gautier', 'treston vines')"
8944a0f9b2f0ce6d,http://ufcstats.com/event-details/8944a0f9b2f0ce6d,,"October 04, 2025",2025-10-04,"Las Vegas, Nevada, USA",bbaedcad3082cfe96fa4,,99,Edmen Shahbazyan,Andre Muniz,Edmen Shahbazyan,W,Middleweight Bout,"('andre muniz', 'edmen shahbazyan')"
8944a0f9b2f0ce6d,http://ufcstats.com/event-details/8944a0f9b2f0ce6d,,"October 04, 2025",2025-10-04,"Las Vegas, Nevada, USA",7139812beb96caa6b9d7,,99,Magomed Ankalaev,Alex Pereira,Alex Pereira,L,UFC Light Heavyweight Title Bout,"('alex pereira', 'magomed ankalaev')"
8944a0f9b2f0ce6d,http://ufcstats.com/event-details/8944a0f9b2f0ce6d,,"October 04, 2025",2025-10-04,"Las Vegas, Nevada, USA",8917291941db87ed2da1,,99,Josh Emmett,Youssef Zalal,Youssef Zalal,L,Featherweight Bout,"('josh emmett', 'youssef zalal')"
8944a0f9b2f0ce6d,http://ufcstats.com/event-details/8944a0f9b2f0ce6d,,"October 04, 2025",2025-10-04,"Las Vegas, Nevada, USA",786997dbf186fbe10d81,,99,Abus Magomedov,Joe Pyfer,Joe Pyfer,L,Middleweight Bout,"('abus magomedov', 'joe pyfer')"
38e5d9dcb0fddc42,http://ufcstats.com/event-details/38e5d9dcb0fddc42,,"October 18, 2025",2025-10-18,"Vancouver, British Columbia, Canada",f1a8118483d7c17a9dd9,,99,Stephanie Luciano,Ravena Oliveira,Stephanie Luciano,W,Women's Strawweight Bout,"('ravena oliveira', 'stephanie luciano')"
8944a0f9b2f0ce6d,http://ufcstats.com/event-details/8944a0f9b2f0ce6d,,"October 04, 2025",2025-10-04,"Las Vegas, Nevada, USA",1e291ba5597de803cba6,,99,Jiri Prochazka,Khalil Rountree Jr.,Jiri Prochazka,W,Light Heavyweight Bout,"('jiri prochazka', 'khalil rountree jr')"
9336e86cfd4ceaa1,http://ufcstats.com/event-details/9336e86cfd4ceaa1,,"October 11, 2025",2025-10-11,"Rio de Janeiro, Rio de Janeiro, Brazil",4eafdfb4355476b05171,,99,Charles Oliveira,Mateusz Gamrot,Charles Oliveira,W,Lightweight Bout,"('charles oliveira', 'mateusz gamrot')"
38e5d9dcb0fddc42,http://ufcstats.com/event-details/38e5d9dcb0fddc42,,"October 18, 2025",2025-10-18,"Vancouver, British Columbia, Canada",9d999dc7a74d0e0877a0,,99,Danny Barlow,Djorden Santos,Djorden Santos,L,Middleweight Bout,"('danny barlow', 'djorden santos')"
8944a0f9b2f0ce6d,http://ufcstats.com/event-details/8944a0f9b2f0ce6d,,"October 04, 2025",2025-10-04,"Las Vegas, Nevada, USA",1cfbae65d8f2a33895e7,,99,Merab Dvalishvili,Cory Sandhagen,Merab Dvalishvili,W,UFC Bantamweight Title Bout,"('cory sandhagen', 'merab dvalishvili')"
38e5d9dcb0fddc42,http://ufcstats.com/event-details/38e5d9dcb0fddc42,,"October 18, 2025",2025-10-18,"Vancouver, British Columbia, Canada",060ffc4bb1944f5d0089,,99,Kyle Prepolec,Drew Dober,Drew Dober,L,Lightweight Bout,"('drew dober', 'kyle prepolec')"
9336e86cfd4ceaa1,http://ufcstats.com/event-details/9336e86cfd4ceaa1,,"October 11, 2025",2025-10-11,"Rio de Janeiro, Rio de Janeiro, Brazil",11990388b9248b0bc774,,99,Vicente Luque,Joel Alvarez,Joel Alvarez,L,Welterweight Bout,"('joel alvarez', 'vicente luque')"
9336e86cfd4ceaa1,http://ufcstats.com/event-details/9336e86cfd4ceaa1,,"October 11, 2025",2025-10-11,"Rio de Janeiro, Rio de Janeiro, Brazil",82ecd843b80174537729,,99,Deiveson Figueiredo,Montel Jackson,Deiveson Figueiredo,W,Bantamweight Bout,"('deiveson figueiredo', 'montel jackson')"
38e5d9dcb0fddc42,http://ufcstats.com/event-details/38e5d9dcb0fddc42,,"October 18, 2025",2025-10-18,"Vancouver, British Columbia, Canada",2b0837112c94f5e58dfb,,99,Bruno Silva,HyunSung Park,Bruno Silva,W,Flyweight Bout,"('bruno silva', 'hyunsung park')"
38e5d9dcb0fddc42,http://ufcstats.com/event-details/38e5d9dcb0fddc42,,"October 18, 2025",2025-10-18,"Vancouver, British Columbia, Canada",5d92af96bb40abc49642,,99,Cody Gibson,Aoriqileng,Aoriqileng,L,Bantamweight Bout,"('aoriqileng', 'cody gibson')"
38e5d9dcb0fddc42,http://ufcstats.com/event-details/38e5d9dcb0fddc42,,"October 18, 2025",2025-10-18,"Vancouver, British Columbia, Canada",7eeed12a4d07bd00733b,,99,Kevin Holland,Mike Malott,Mike Malott,L,Welterweight Bout,"('kevin holland', 'mike malott')"
38e5d9dcb0fddc42,http://ufcstats.com/event-details/38e5d9dcb0fddc42,,"October 18, 2025",2025-10-18,"Vancouver, British Columbia, Canada",01612ab6756cd4799a00,,99,Reinier de Ridder,Brendan Allen,Brendan Allen,L,Middleweight Bout,"('brendan allen', 'reinier de ridder')"
38e5d9dcb0fddc42,http://ufcstats.com/event-details/38e5d9dcb0fddc42,,"October 18, 2025",2025-10-18,"Vancouver, British Columbia, Canada",cced01ca0a596db6a3ba,,99,Manon Fiorot,Jasmine Jasudavicius,Manon Fiorot,W,Women's Flyweight Bout,"('jasmine jasudavicius', 'manon fiorot')"
38e5d9dcb0fddc42,http://ufcstats.com/event-details/38e5d9dcb0fddc42,,"October 18, 2025",2025-10-18,"Vancouver, British Columbia, Canada",063ef1d6d78cd100ba9d,,99,Marlon Vera,Aiemann Zahabi,Aiemann Zahabi,L,Bantamweight Bout,"('aiemann zahabi', 'marlon vera')"
38e5d9dcb0fddc42,http://ufcstats.com/event-details/38e5d9dcb0fddc42,,"October 18, 2025",2025-10-18,"Vancouver, British Columbia, Canada",53a42c3f7eadaf2f4822,,99,Kyle Nelson,Matt Frevola,Kyle Nelson,W,Lightweight Bout,"('kyle nelson', 'matt frevola')"
38e5d9dcb0fddc42,http://ufcstats.com/event-details/38e5d9dcb0fddc42,,"October 18, 2025",2025-10-18,"Vancouver, British Columbia, Canada",1ba6b4d933151c8693ee,,99,Charles Jourdain,Davey Grant,Charles Jourdain,W,Bantamweight Bout,"('charles jourdain', 'davey grant')"
7956f026e2672c47,http://ufcstats.com/event-details/7956f026e2672c47,,"October 25, 2025",2025-10-25,"Abu Dhabi, Abu Dhabi, United Arab Emirates",58107a1278f3854b13ff,,99,Azat Maksum,Mitch Raposo,Mitch Raposo,L,Flyweight Bout,"('azat maksum', 'mitch raposo')"
7956f026e2672c47,http://ufcstats.com/event-details/7956f026e2672c47,,"October 25, 2025",2025-10-25,"Abu Dhabi, Abu Dhabi, United Arab Emirates",3c2fc7965ba5d60231b4,,99,Valter Walker,Louie Sutherland,Valter Walker,W,Heavyweight Bout,"('louie sutherland', 'valter walker')"
7956f026e2672c47,http://ufcstats.com/event-details/7956f026e2672c47,,"October 25, 2025",2025-10-25,"Abu Dhabi, Abu Dhabi, United Arab Emirates",9664787c23012fa03c0b,,99,Hamdy Abdelwahab,Chris Barnett,Hamdy Abdelwahab,W,Heavyweight Bout,"('chris barnett', 'hamdy abdelwahab')"
7956f026e2672c47,http://ufcstats.com/event-details/7956f026e2672c47,,"October 25, 2025",2025-10-25,"Abu Dhabi, Abu Dhabi, United Arab Emirates",ef3825c435ccb7715a08,,99,Nasrat Haqparast,Quillan Salkilld,Quillan Salkilld,L,Lightweight Bout,"('nasrat haqparast', 'quillan salkilld')"
7956f026e2672c47,http://ufcstats.com/event-details/7956f026e2672c47,,"October 25, 2025",2025-10-25,"Abu Dhabi, Abu Dhabi, United Arab Emirates",49d8350cdedfe893c8ba,,99,Nathaniel Wood,Jose Delgado,Nathaniel Wood,W,Featherweight Bout,"('jose delgado', 'nathaniel wood')"
7956f026e2672c47,http://ufcstats.com/event-details/7956f026e2672c47,,"October 25, 2025",2025-10-25,"Abu Dhabi, Abu Dhabi, United Arab Emirates",5531c4ec465361751293,,99,Aleksandar Rakic,Azamat Murzakanov,Azamat Murzakanov,L,Light Heavyweight Bout,"('aleksandar rakic', 'azamat murzakanov')"
7956f026e2672c47,http://ufcstats.com/event-details/7956f026e2672c47,,"October 25, 2025",2025-10-25,"Abu Dhabi, Abu Dhabi, United Arab Emirates",e239950563a70cb1f6ff,,99,Ikram Aliskerov,JunYong Park,Ikram Aliskerov,W,Middleweight Bout,"('ikram aliskerov', 'jun yong park')"
7956f026e2672c47,http://ufcstats.com/event-details/7956f026e2672c47,,"October 25, 2025",2025-10-25,"Abu Dhabi, Abu Dhabi, United Arab Emirates",c95ea768b512546c7236,,99,Ludovit Klein,Mateusz Rebecki,Ludovit Klein,W,Lightweight Bout,"('ludovit klein', 'mateusz rebecki')"
0e2c2daf11b5d8f2,http://ufcstats.com/event-details/0e2c2daf11b5d8f2,,"November 01, 2025",2025-11-01,"Las Vegas, Nevada, USA",f0f8e543604c54f9c2c0,,99,Phil Rowe,Seokhyeon Ko,Seokhyeon Ko,L,Welterweight Bout,"('phil rowe', 'seokhyeon ko')"
0e2c2daf11b5d8f2,http://ufcstats.com/event-details/0e2c2daf11b5d8f2,,"November 01, 2025",2025-11-01,"Las Vegas, Nevada, USA",6694a16de48f0eff8682,,99,Alice Ardelean,Montserrat Conejo Ruiz,Alice Ardelean,W,Women's Strawweight Bout,"('alice ardelean', 'montserrat ruiz')"
0e2c2daf11b5d8f2,http://ufcstats.com/event-details/0e2c2daf11b5d8f2,,"November 01, 2025",2025-11-01,"Las Vegas, Nevada, USA",566ad966cf6b8d7e5036,,99,Ketlen Vieira,Norma Dumont,Norma Dumont,L,Women's Bantamweight Bout,"('ketlen vieira', 'norma dumont')"
0e2c2daf11b5d8f2,http://ufcstats.com/event-details/0e2c2daf11b5d8f2,,"November 01, 2025",2025-11-01,"Las Vegas, Nevada, USA",d72fb777489c95af8a5c,,99,Donte Johnson,Sedriques Dumas,Donte Johnson,W,Middleweight Bout,"('donte johnson', 'sedriques dumas')"
7956f026e2672c47,http://ufcstats.com/event-details/7956f026e2672c47,,"October 25, 2025",2025-10-25,"Abu Dhabi, Abu Dhabi, United Arab Emirates",4dbbe25c2368c29285ff,,99,Umar Nurmagomedov,Mario Bautista,Umar Nurmagomedov,W,Bantamweight Bout,"('mario bautista', 'umar nurmagomedov')"
0e2c2daf11b5d8f2,http://ufcstats.com/event-details/0e2c2daf11b5d8f2,,"November 01, 2025",2025-11-01,"Las Vegas, Nevada, USA",909869c3de4a4bbbe76e,,99,Talita Alencar,Ariane Carnelossi,Talita Alencar,W,Women's Strawweight Bout,"('ariane carnelossi', 'talita alencar')"
0e2c2daf11b5d8f2,http://ufcstats.com/event-details/0e2c2daf11b5d8f2,,"November 01, 2025",2025-11-01,"Las Vegas, Nevada, USA",e9f7f93549269f3496b0,,99,Timmy Cuamba,ChangHo Lee,Timmy Cuamba,W,Bantamweight Bout,"('changho lee', 'timmy cuamba')"
7956f026e2672c47,http://ufcstats.com/event-details/7956f026e2672c47,,"October 25, 2025",2025-10-25,"Abu Dhabi, Abu Dhabi, United Arab Emirates",95e19372e6416d9f4f95,,99,Alexander Volkov,Jailton Almeida,Alexander Volkov,W,Heavyweight Bout,"('alexander volkov', 'jailton almeida')"
0e2c2daf11b5d8f2,http://ufcstats.com/event-details/0e2c2daf11b5d8f2,,"November 01, 2025",2025-11-01,"Las Vegas, Nevada, USA",2f3f198518d18f3b58c1,,99,Billy Elekana,Kevin Christian,Billy Elekana,W,Light Heavyweight Bout,"('billy elekana', 'kevin christian')"
7956f026e2672c47,http://ufcstats.com/event-details/7956f026e2672c47,,"October 25, 2025",2025-10-25,"Abu Dhabi, Abu Dhabi, United Arab Emirates",b99464c3e8b0d099a7b2,,99,Virna Jandiroba,Mackenzie Dern,Mackenzie Dern,L,UFC Women's Strawweight Title Bout,"('mackenzie dern', 'virna jandiroba')"
0e2c2daf11b5d8f2,http://ufcstats.com/event-details/0e2c2daf11b5d8f2,,"November 01, 2025",2025-11-01,"Las Vegas, Nevada, USA",771bf0a885aa97c8992a,,99,Waldo Cortes Acosta,Ante Delija,Waldo Cortes Acosta,W,Heavyweight Bout,"('ante delija', 'waldo cortes acosta')"
0e2c2daf11b5d8f2,http://ufcstats.com/event-details/0e2c2daf11b5d8f2,,"November 01, 2025",2025-11-01,"Las Vegas, Nevada, USA",3903453e350290817524,,99,Steve Garcia,David Onama,Steve Garcia,W,Featherweight Bout,"('david onama', 'steve garcia')"
0e2c2daf11b5d8f2,http://ufcstats.com/event-details/0e2c2daf11b5d8f2,,"November 01, 2025",2025-11-01,"Las Vegas, Nevada, USA",8bdfa64969dd4525ce5e,,99,Isaac Dulgarian,Yadier del Valle,Yadier del Valle,L,Featherweight Bout,"('isaac dulgarian', 'yadier del valle')"
0e2c2daf11b5d8f2,http://ufcstats.com/event-details/0e2c2daf11b5d8f2,,"November 01, 2025",2025-11-01,"Las Vegas, Nevada, USA",4eb3a6d45daf65d64d92,,99,Charles Radtke,Daniel Frunza,Charles Radtke,W,Welterweight Bout,"('charles radtke', 'daniel frunza')"
0e2c2daf11b5d8f2,http://ufcstats.com/event-details/0e2c2daf11b5d8f2,,"November 01, 2025",2025-11-01,"Las Vegas, Nevada, USA",70272ea4e9497fbdfedf,,99,Allan Nascimento,Cody Durden,Allan Nascimento,W,Catch Weight Bout,"('allan nascimento', 'cody durden')"
0e2c2daf11b5d8f2,http://ufcstats.com/event-details/0e2c2daf11b5d8f2,,"November 01, 2025",2025-11-01,"Las Vegas, Nevada, USA",69ec951037b229d33a1b,,99,Jeremiah Wells,Themba Gorimbo,Jeremiah Wells,W,Welterweight Bout,"('jeremiah wells', 'themba gorimbo')"
ed220e87bef0cc64,http://ufcstats.com/event-details/ed220e87bef0cc64,,"September 27, 2025",2025-09-27,"Perth, Western Australia, Australia",edb49254ac688c5729e5,,99,Jamie Mullarkey,Rolando Bedoya,Jamie Mullarkey,W,Lightweight Bout,"('jamie mullarkey', 'rolando bedoya')"
ed220e87bef0cc64,http://ufcstats.com/event-details/ed220e87bef0cc64,,"September 27, 2025",2025-09-27,"Perth, Western Australia, Australia",00b85b8dcd16ccb32e5d,,99,Michelle Montague,Luana Carolina,Michelle Montague,W,Women's Bantamweight Bout,"('luana carolina', 'michelle montague')"
ed220e87bef0cc64,http://ufcstats.com/event-details/ed220e87bef0cc64,,"September 27, 2025",2025-09-27,"Perth, Western Australia, Australia",380cdf5e7a80fc47aabb,,99,Colby Thicknesse,Josias Musasa,Colby Thicknesse,W,Bantamweight Bout,"('colby thicknesse', 'josias musasa')"
ed220e87bef0cc64,http://ufcstats.com/event-details/ed220e87bef0cc64,,"September 27, 2025",2025-09-27,"Perth, Western Australia, Australia",6a5cbeced0b0d2c95245,,99,Cam Rowston,Andre Petroski,Cam Rowston,W,Middleweight Bout,"('andre petroski', 'cam rowston')"
ed220e87bef0cc64,http://ufcstats.com/event-details/ed220e87bef0cc64,,"September 27, 2025",2025-09-27,"Perth, Western Australia, Australia",0554f481794da7138747,,99,Tom Nolan,Charlie Campbell,Tom Nolan,W,Lightweight Bout,"('charlie campbell', 'tom nolan')"
ed220e87bef0cc64,http://ufcstats.com/event-details/ed220e87bef0cc64,,"September 27, 2025",2025-09-27,"Perth, Western Australia, Australia",e130ab3b2a3b762b2e70,,99,Jake Matthews,Neil Magny,Neil Magny,L,Welterweight Bout,"('jake matthews', 'neil magny')"
ed220e87bef0cc64,http://ufcstats.com/event-details/ed220e87bef0cc64,,"September 27, 2025",2025-09-27,"Perth, Western Australia, Australia",955656ec5b7f83c68a85,,99,Navajo Stirling,Rodolfo Bellato,Navajo Stirling,W,Light Heavyweight Bout,"('navajo stirling', 'rodolfo bellato')"
ed220e87bef0cc64,http://ufcstats.com/event-details/ed220e87bef0cc64,,"September 27, 2025",2025-09-27,"Perth, Western Australia, Australia",05d0f84a769525ea1a44,,99,Jimmy Crute,Ivan Erslan,Jimmy Crute,W,Light Heavyweight Bout,"('ivan erslan', 'jimmy crute')"
ed220e87bef0cc64,http://ufcstats.com/event-details/ed220e87bef0cc64,,"September 27, 2025",2025-09-27,"Perth, Western Australia, Australia",a632d58e1d87d5d3e27f,,99,Jack Jenkins,Ramon Taveras,Jack Jenkins,W,Featherweight Bout,"('jack jenkins', 'ramon taveras')"
ed220e87bef0cc64,http://ufcstats.com/event-details/ed220e87bef0cc64,,"September 27, 2025",2025-09-27,"Perth, Western Australia, Australia",e1cd0b252d33993874ce,,99,Carlos Ulberg,Dominick Reyes,Carlos Ulberg,W,Light Heavyweight Bout,"('carlos ulberg', 'dominick reyes')"
8db1b36dde268ef6,http://ufcstats.com/event-details/8db1b36dde268ef6,,"November 15, 2025",2025-11-15,"New York City, New York, USA",6de04f4822db271854e7,,99,Malcolm Wellmaker,Ethyn Ewing,Ethyn Ewing,L,Featherweight Bout,"('ethyn ewing', 'malcolm wellmaker')"
8db1b36dde268ef6,http://ufcstats.com/event-details/8db1b36dde268ef6,,"November 15, 2025",2025-11-15,"New York City, New York, USA",6b05be6638f528f9c4a6,,99,Roman Kopylov,Gregory Rodrigues,Gregory Rodrigues,L,Middleweight Bout,"('gregory rodrigues', 'roman kopylov')"
8db1b36dde268ef6,http://ufcstats.com/event-details/8db1b36dde268ef6,,"November 15, 2025",2025-11-15,"New York City, New York, USA",1a3d2f163ac582aed692,,99,Bo Nickal,Rodolfo Vieira,Bo Nickal,W,Middleweight Bout,"('bo nickal', 'rodolfo vieira')"
8db1b36dde268ef6,http://ufcstats.com/event-details/8db1b36dde268ef6,,"November 15, 2025",2025-11-15,"New York City, New York, USA",6c4e66b8dace1ab2fcc0,,99,Viacheslav Borshchev,Matheus Camilo,Matheus Camilo,L,Lightweight Bout,"('matheus camilo', 'viacheslav borshchev')"
8db1b36dde268ef6,http://ufcstats.com/event-details/8db1b36dde268ef6,,"November 15, 2025",2025-11-15,"New York City, New York, USA",cbea25a560af45481fd6,,99,Erin Blanchfield,Tracy Cortez,Erin Blanchfield,W,Women's Flyweight Bout,"('erin blanchfield', 'tracy cortez')"
8db1b36dde268ef6,http://ufcstats.com/event-details/8db1b36dde268ef6,,"November 15, 2025",2025-11-15,"New York City, New York, USA",de9bd404375d7bc1743e,,99,Pat Sabatini,Chepe Mariscal,Pat Sabatini,W,Featherweight Bout,"('chepe mariscal', 'pat sabatini')"
8db1b36dde268ef6,http://ufcstats.com/event-details/8db1b36dde268ef6,,"November 15, 2025",2025-11-15,"New York City, New York, USA",d8eebf82098e44ba1c56,,99,Kyle Daukaus,Gerald Meerschaert,Kyle Daukaus,W,Middleweight Bout,"('gerald meerschaert', 'kyle daukaus')"
8db1b36dde268ef6,http://ufcstats.com/event-details/8db1b36dde268ef6,,"November 15, 2025",2025-11-15,"New York City, New York, USA",b634dc87acc39829388f,,99,Angela Hill,Fatima Kline,Fatima Kline,L,Women's Strawweight Bout,"('angela hill', 'fatima kline')"
8db1b36dde268ef6,http://ufcstats.com/event-details/8db1b36dde268ef6,,"November 15, 2025",2025-11-15,"New York City, New York, USA",b73473baa83629a1c5cf,,99,Beneil Dariush,Benoit Saint Denis,Benoit Saint Denis,L,Lightweight Bout,"('beneil dariush', 'benoit saint denis')"
8db1b36dde268ef6,http://ufcstats.com/event-details/8db1b36dde268ef6,,"November 15, 2025",2025-11-15,"New York City, New York, USA",6ef9dc734a4064d132e2,,99,Baisangur Susurkaev,Eric McConico,Baisangur Susurkaev,W,Middleweight Bout,"('baisangur susurkaev', 'eric mcconico')"
8db1b36dde268ef6,http://ufcstats.com/event-details/8db1b36dde268ef6,,"November 15, 2025",2025-11-15,"New York City, New York, USA",67484512b650b5f46460,,99,Leon Edwards,Carlos Prates,Carlos Prates,L,Welterweight Bout,"('carlos prates', 'leon edwards')"
8db1b36dde268ef6,http://ufcstats.com/event-details/8db1b36dde268ef6,,"November 15, 2025",2025-11-15,"New York City, New York, USA",0e9ecb7ee9573f72c61e,,99,Jack Della Maddalena,Islam Makhachev,Islam Makhachev,L,UFC Welterweight Title Bout,"('islam makhachev', 'jack della maddalena')"
92c96df8bdab5fea,http://ufcstats.com/event-details/92c96df8bdab5fea,,"November 22, 2025",2025-11-22,"Doha, Qatar",a793f609b6875d2b74ac,,99,Marek Bujlo,Denzel Freeman,Denzel Freeman,L,Heavyweight Bout,"('denzel freeman', 'marek bujlo')"
8db1b36dde268ef6,http://ufcstats.com/event-details/8db1b36dde268ef6,,"November 15, 2025",2025-11-15,"New York City, New York, USA",981585b7e4859a887c97,,99,Sean Brady,Michael Morales,Michael Morales,L,Welterweight Bout,"('michael morales', 'sean brady')"
92c96df8bdab5fea,http://ufcstats.com/event-details/92c96df8bdab5fea,,"November 22, 2025",2025-11-22,"Doha, Qatar",aefc05453666e5b6965d,,99,Nurullo Aliev,Shem Rock,Nurullo Aliev,W,Lightweight Bout,"('nurullo aliev', 'shem rock')"
92c96df8bdab5fea,http://ufcstats.com/event-details/92c96df8bdab5fea,,"November 22, 2025",2025-11-22,"Doha, Qatar",66d951062cd0225eb4c4,,99,Ismail Naurdiev,Ryan Loder,Ismail Naurdiev,W,Middleweight Bout,"('ismail naurdiev', 'ryan loder')"
8db1b36dde268ef6,http://ufcstats.com/event-details/8db1b36dde268ef6,,"November 15, 2025",2025-11-15,"New York City, New York, USA",1656de24d5ead75f632a,,99,Valentina Shevchenko,Zhang Weili,Valentina Shevchenko,W,UFC Women's Flyweight Title Bout,"('valentina shevchenko', 'zhang weili')"
92c96df8bdab5fea,http://ufcstats.com/event-details/92c96df8bdab5fea,,"November 22, 2025",2025-11-22,"Doha, Qatar",56442f1d17401e7b55c5,,99,Abdul Rakhman Yakhyaev,Rafael Cerqueira,Abdul Rakhman Yakhyaev,W,Light Heavyweight Bout,"('abdul rakhman yakhyaev', 'rafael cerqueira')"
92c96df8bdab5fea,http://ufcstats.com/event-details/92c96df8bdab5fea,,"November 22, 2025",2025-11-22,"Doha, Qatar",23783a698eba749b1dc7,,99,Bogdan Grad,Luke Riley,Luke Riley,L,Featherweight Bout,"('bogdan grad', 'luke riley')"
92c96df8bdab5fea,http://ufcstats.com/event-details/92c96df8bdab5fea,,"November 22, 2025",2025-11-22,"Doha, Qatar",436e36140b8d592794d1,,99,Alex Perez,Asu Almabayev,Asu Almabayev,L,Flyweight Bout,"('alex perez', 'asu almabayev')"
92c96df8bdab5fea,http://ufcstats.com/event-details/92c96df8bdab5fea,,"November 22, 2025",2025-11-22,"Doha, Qatar",a37d2754e76faa42b6a1,,99,Bekzat Almakhan,Aleksandre Topuria,Aleksandre Topuria,L,Bantamweight Bout,"('aleksandre topuria', 'bekzat almakhan')"
92c96df8bdab5fea,http://ufcstats.com/event-details/92c96df8bdab5fea,,"November 22, 2025",2025-11-22,"Doha, Qatar",026cab6f18539ae36501,,99,Nicolas Dalby,Saygid Izagakhmaev,Nicolas Dalby,W,Welterweight Bout,"('nicolas dalby', 'saygid izagakhmaev')"
92c96df8bdab5fea,http://ufcstats.com/event-details/92c96df8bdab5fea,,"November 22, 2025",2025-11-22,"Doha, Qatar",be8b50a89af7ade08acc,,99,Jack Hermansson,Myktybek Orolbai,Myktybek Orolbai,L,Welterweight Bout,"('jack hermansson', 'myktybek orolbai')"
92c96df8bdab5fea,http://ufcstats.com/event-details/92c96df8bdab5fea,,"November 22, 2025",2025-11-22,"Doha, Qatar",954975788454f9f2f253,,99,Arman Tsarukyan,Dan Hooker,Arman Tsarukyan,W,Lightweight Bout,"('arman tsarukyan', 'dan hooker')"
92c96df8bdab5fea,http://ufcstats.com/event-details/92c96df8bdab5fea,,"November 22, 2025",2025-11-22,"Doha, Qatar",2e4fbe4483c1f5aae69b,,99,Waldo Cortes Acosta,Shamil Gaziev,Waldo Cortes Acosta,W,Heavyweight Bout,"('shamil gaziev', 'waldo cortes acosta')"
92c96df8bdab5fea,http://ufcstats.com/event-details/92c96df8bdab5fea,,"November 22, 2025",2025-11-22,"Doha, Qatar",2f03a7cef79dc5f3431a,,99,Tagir Ulanbekov,Kyoji Horiguchi,Kyoji Horiguchi,L,Flyweight Bout,"('kyoji horiguchi', 'tagir ulanbekov')"
92c96df8bdab5fea,http://ufcstats.com/event-details/92c96df8bdab5fea,,"November 22, 2025",2025-11-22,"Doha, Qatar",9194093d2070f3f7613e,,99,Volkan Oezdemir,Alonzo Menifield,Volkan Oezdemir,W,Light Heavyweight Bout,"('alonzo menifield', 'volkan oezdemir')"
92c96df8bdab5fea,http://ufcstats.com/event-details/92c96df8bdab5fea,,"November 22, 2025",2025-11-22,"Doha, Qatar",7470734bc505e93c098c,,99,Belal Muhammad,Ian Machado Garry,Ian Machado Garry,L,Welterweight Bout,"('belal muhammad', 'ian machado garry')"
bc0f994de0521926,http://ufcstats.com/event-details/bc0f994de0521926,,"December 13, 2025",2025-12-13,"Las Vegas, Nevada, USA",35cb35924240944ea56e,,99,Jamey-Lyn Horth,Tereza Bleda,Jamey-Lyn Horth,W,Women's Flyweight Bout,"('jamey lyn horth', 'tereza bleda')"
bc0f994de0521926,http://ufcstats.com/event-details/bc0f994de0521926,,"December 13, 2025",2025-12-13,"Las Vegas, Nevada, USA",07c518152e273bfaa067,,99,Neil Magny,Yaroslav Amosov,Yaroslav Amosov,L,Welterweight Bout,"('neil magny', 'yaroslav amosov')"
bc0f994de0521926,http://ufcstats.com/event-details/bc0f994de0521926,,"December 13, 2025",2025-12-13,"Las Vegas, Nevada, USA",f239d1c7f2c86e2c5327,,99,Sean Sharaf,Steven Asplund,Steven Asplund,L,Heavyweight Bout,"('sean sharaf', 'steven asplund')"
bc0f994de0521926,http://ufcstats.com/event-details/bc0f994de0521926,,"December 13, 2025",2025-12-13,"Las Vegas, Nevada, USA",0e3223dd21640ca34b2d,,99,Allen Frye Jr.,Guilherme Pat,Guilherme Pat,L,Heavyweight Bout,"('allen frye jr', 'guilherme pat')"
bc0f994de0521926,http://ufcstats.com/event-details/bc0f994de0521926,,"December 13, 2025",2025-12-13,"Las Vegas, Nevada, USA",91bc694aa440f0ceace6,,99,King Green,Lance Gibson Jr.,King Green,W,Catch Weight Bout,"('king green', 'lance gibson jr')"
bc0f994de0521926,http://ufcstats.com/event-details/bc0f994de0521926,,"December 13, 2025",2025-12-13,"Las Vegas, Nevada, USA",a1006feff1e565d28723,,99,Melquizael Costa,Morgan Charriere,Melquizael Costa,W,Featherweight Bout,"('melquizael costa', 'morgan charriere')"
bc0f994de0521926,http://ufcstats.com/event-details/bc0f994de0521926,,"December 13, 2025",2025-12-13,"Las Vegas, Nevada, USA",a047dc1d76d5c2c8ec56,,99,Melissa Croden,Luana Santos,Luana Santos,L,Women's Bantamweight Bout,"('luana santos', 'melissa croden')"
bc0f994de0521926,http://ufcstats.com/event-details/bc0f994de0521926,,"December 13, 2025",2025-12-13,"Las Vegas, Nevada, USA",12e864fe3e892fe95bb2,,99,Joanderson Brito,Isaac Thomson,Joanderson Brito,W,Featherweight Bout,"('isaac thomson', 'joanderson brito')"
bc0f994de0521926,http://ufcstats.com/event-details/bc0f994de0521926,,"December 13, 2025",2025-12-13,"Las Vegas, Nevada, USA",fe35749988676fba0d96,,99,Cesar Almeida,Cezary Oleksiejczuk,Cezary Oleksiejczuk,L,Middleweight Bout,"('cesar almeida', 'cezary oleksiejczuk')"
bc0f994de0521926,http://ufcstats.com/event-details/bc0f994de0521926,,"December 13, 2025",2025-12-13,"Las Vegas, Nevada, USA",a20d2a5b6eecc942a8b9,,99,Giga Chikadze,Kevin Vallejos,Kevin Vallejos,L,Featherweight Bout,"('giga chikadze', 'kevin vallejos')"
bd92cf5da5413d2a,http://ufcstats.com/event-details/bd92cf5da5413d2a,,"December 06, 2025",2025-12-06,"Las Vegas, Nevada, USA",78c88c3b2031e0671a19,,99,Mansur Abdul-Malik,Antonio Trocoli,Mansur Abdul-Malik,W,Middleweight Bout,"('antonio trocoli', 'mansur abdul malik')"
bc0f994de0521926,http://ufcstats.com/event-details/bc0f994de0521926,,"December 13, 2025",2025-12-13,"Las Vegas, Nevada, USA",03b58729ff326d886d48,,99,Brandon Royval,Manel Kape,Manel Kape,L,Flyweight Bout,"('brandon royval', 'manel kape')"
bd92cf5da5413d2a,http://ufcstats.com/event-details/bd92cf5da5413d2a,,"December 06, 2025",2025-12-06,"Las Vegas, Nevada, USA",8a9cc0e65fe2157f74b1,,99,Muhammad Naimov,Mairon Santos,Mairon Santos,L,Featherweight Bout,"('mairon santos', 'muhammad naimov')"
bd92cf5da5413d2a,http://ufcstats.com/event-details/bd92cf5da5413d2a,,"December 06, 2025",2025-12-06,"Las Vegas, Nevada, USA",5f22b4a0c4a32c15d3f2,,99,Iwo Baraniewski,Ibo Aslan,Iwo Baraniewski,W,Light Heavyweight Bout,"('ibo aslan', 'iwo baraniewski')"
bd92cf5da5413d2a,http://ufcstats.com/event-details/bd92cf5da5413d2a,,"December 06, 2025",2025-12-06,"Las Vegas, Nevada, USA",8369bfd40067fab4be9d,,99,Edson Barboza,Jalin Turner,Jalin Turner,L,Lightweight Bout,"('edson barboza', 'jalin turner')"
bd92cf5da5413d2a,http://ufcstats.com/event-details/bd92cf5da5413d2a,,"December 06, 2025",2025-12-06,"Las Vegas, Nevada, USA",1ee7a11e8e01e0398e4a,,99,Terrance McKinney,Chris Duncan,Chris Duncan,L,Lightweight Bout,"('chris duncan', 'terrance mckinney')"
bd92cf5da5413d2a,http://ufcstats.com/event-details/bd92cf5da5413d2a,,"December 06, 2025",2025-12-06,"Las Vegas, Nevada, USA",651bc3c143f0216a9cc1,,99,Nazim Sadykhov,Fares Ziam,Fares Ziam,L,Lightweight Bout,"('fares ziam', 'nazim sadykhov')"
bd92cf5da5413d2a,http://ufcstats.com/event-details/bd92cf5da5413d2a,,"December 06, 2025",2025-12-06,"Las Vegas, Nevada, USA",41cfa33688d05b19041f,,99,Marvin Vettori,Brunno Ferreira,Brunno Ferreira,L,Middleweight Bout,"('brunno ferreira', 'marvin vettori')"
bd92cf5da5413d2a,http://ufcstats.com/event-details/bd92cf5da5413d2a,,"December 06, 2025",2025-12-06,"Las Vegas, Nevada, USA",0d1aa76fb7afc0147b3b,,99,Maycee Barber,Karine Silva,Maycee Barber,W,Women's Flyweight Bout,"('karine silva', 'maycee barber')"
bd92cf5da5413d2a,http://ufcstats.com/event-details/bd92cf5da5413d2a,,"December 06, 2025",2025-12-06,"Las Vegas, Nevada, USA",df7c52f94f2602cce6d3,,99,Alexandre Pantoja,Joshua Van,Joshua Van,L,UFC Flyweight Title Bout,"('alexandre pantoja', 'joshua van')"
bd92cf5da5413d2a,http://ufcstats.com/event-details/bd92cf5da5413d2a,,"December 06, 2025",2025-12-06,"Las Vegas, Nevada, USA",c42c3d89915bc30b9db4,,99,Brandon Moreno,Tatsuro Taira,Tatsuro Taira,L,Flyweight Bout,"('brandon moreno', 'tatsuro taira')"
bd92cf5da5413d2a,http://ufcstats.com/event-details/bd92cf5da5413d2a,,"December 06, 2025",2025-12-06,"Las Vegas, Nevada, USA",1c54c68ef70d2696351e,,99,Henry Cejudo,Payton Talbott,Payton Talbott,L,Bantamweight Bout,"('henry cejudo', 'payton talbott')"
bd92cf5da5413d2a,http://ufcstats.com/event-details/bd92cf5da5413d2a,,"December 06, 2025",2025-12-06,"Las Vegas, Nevada, USA",65b8c6c34e7e8af50a7a,,99,Grant Dawson,Manuel Torres,Manuel Torres,L,Lightweight Bout,"('grant dawson', 'manuel torres')"
bd92cf5da5413d2a,http://ufcstats.com/event-details/bd92cf5da5413d2a,,"December 06, 2025",2025-12-06,"Las Vegas, Nevada, USA",59a39ccc07bfeba78976,,99,Merab Dvalishvili,Petr Yan,Petr Yan,L,UFC Bantamweight Title Bout,"('merab dvalishvili', 'petr yan')"
0cfbbfa0ba6d9855,http://ufcstats.com/event-details/0cfbbfa0ba6d9855,,"February 28, 2026",2026-02-28,"Mexico City, Distrito Federal, Mexico",e6db022a3e5273a04a96,,99,Erik Silva,Francis Marshall,Francis Marshall,L,Featherweight Bout,"('erik silva', 'francis marshall')"
0cfbbfa0ba6d9855,http://ufcstats.com/event-details/0cfbbfa0ba6d9855,,"February 28, 2026",2026-02-28,"Mexico City, Distrito Federal, Mexico",663990411e01ba943f0b,,99,Regina Tarin,Ernesta Kareckaite,Regina Tarin,W,Catch Weight Bout,"('ernesta kareckaite', 'regina tarin')"
0cfbbfa0ba6d9855,http://ufcstats.com/event-details/0cfbbfa0ba6d9855,,"February 28, 2026",2026-02-28,"Mexico City, Distrito Federal, Mexico",4e289e8f79c7bc32b34a,,99,Damian Pinas,Wes Schultz,Damian Pinas,W,Middleweight Bout,"('damian pinas', 'wes schultz')"
0cfbbfa0ba6d9855,http://ufcstats.com/event-details/0cfbbfa0ba6d9855,,"February 28, 2026",2026-02-28,"Mexico City, Distrito Federal, Mexico",a581cb543fec3c28761b,,99,Cristian Quinonez,Kris Moutinho,Cristian Quinonez,W,Bantamweight Bout,"('cristian quinonez', 'kris moutinho')"
0cfbbfa0ba6d9855,http://ufcstats.com/event-details/0cfbbfa0ba6d9855,,"February 28, 2026",2026-02-28,"Mexico City, Distrito Federal, Mexico",e3e01e5f06556932679b,,99,Ailin Perez,Macy Chiasson,Ailin Perez,W,Women's Bantamweight Bout,"('ailin perez', 'macy chiasson')"
0cfbbfa0ba6d9855,http://ufcstats.com/event-details/0cfbbfa0ba6d9855,,"February 28, 2026",2026-02-28,"Mexico City, Distrito Federal, Mexico",088939ff609c0aa58f58,,99,Santiago Luna,Angel Pacheco,Santiago Luna,W,Bantamweight Bout,"('angel pacheco', 'santiago luna')"
0cfbbfa0ba6d9855,http://ufcstats.com/event-details/0cfbbfa0ba6d9855,,"February 28, 2026",2026-02-28,"Mexico City, Distrito Federal, Mexico",aa579a5281b93801aed0,,99,Daniel Zellhuber,King Green,King Green,L,Lightweight Bout,"('daniel zellhuber', 'king green')"
0cfbbfa0ba6d9855,http://ufcstats.com/event-details/0cfbbfa0ba6d9855,,"February 28, 2026",2026-02-28,"Mexico City, Distrito Federal, Mexico",774823d5b1903d6723db,,99,Marlon Vera,David Martinez,David Martinez,L,Bantamweight Bout,"('david martinez', 'marlon vera')"
0cfbbfa0ba6d9855,http://ufcstats.com/event-details/0cfbbfa0ba6d9855,,"February 28, 2026",2026-02-28,"Mexico City, Distrito Federal, Mexico",82f5abf813091d620320,,99,Brandon Moreno,Lone'er Kavanagh,Lone'er Kavanagh,L,Flyweight Bout,"('brandon moreno', 'loneer kavanagh')"
0cfbbfa0ba6d9855,http://ufcstats.com/event-details/0cfbbfa0ba6d9855,,"February 28, 2026",2026-02-28,"Mexico City, Distrito Federal, Mexico",31fc89bb3f18922383c3,,99,Ryan Gandra,Jose Daniel Medina,Ryan Gandra,W,Middleweight Bout,"('jose daniel medina', 'ryan gandra')"
0cfbbfa0ba6d9855,http://ufcstats.com/event-details/0cfbbfa0ba6d9855,,"February 28, 2026",2026-02-28,"Mexico City, Distrito Federal, Mexico",c774e196117b033121a3,,99,Imanol Rodriguez,Kevin Borjas,Imanol Rodriguez,W,Flyweight Bout,"('imanol rodriguez', 'kevin borjas')"
0cfbbfa0ba6d9855,http://ufcstats.com/event-details/0cfbbfa0ba6d9855,,"February 28, 2026",2026-02-28,"Mexico City, Distrito Federal, Mexico",20dd53047bce3bf48575,,99,Douglas Silva de Andrade,Javier Reyes,Javier Reyes,L,Featherweight Bout,"('douglas silva de andrade', 'javier reyes')"
0cfbbfa0ba6d9855,http://ufcstats.com/event-details/0cfbbfa0ba6d9855,,"February 28, 2026",2026-02-28,"Mexico City, Distrito Federal, Mexico",d12bb6e838e1d8564564,,99,Edgar Chairez,Felipe Bunes,Edgar Chairez,W,Flyweight Bout,"('edgar chairez', 'felipe bunes')"
79ab17db3b40831a,http://ufcstats.com/event-details/79ab17db3b40831a,,"February 21, 2026",2026-02-21,"Houston, Texas, USA",9ae4b060a51448f91549,,99,Nora Cornolle,Joselyne Edwards,Joselyne Edwards,L,Women's Bantamweight Bout,"('joselyne edwards', 'nora cornolle')"
79ab17db3b40831a,http://ufcstats.com/event-details/79ab17db3b40831a,,"February 21, 2026",2026-02-21,"Houston, Texas, USA",31dce0f83d7f1d245747,,99,Juliana Miller,Carli Judice,Carli Judice,L,Women's Flyweight Bout,"('carli judice', 'juliana miller')"
79ab17db3b40831a,http://ufcstats.com/event-details/79ab17db3b40831a,,"February 21, 2026",2026-02-21,"Houston, Texas, USA",b3034a5ed0c1b40b26ea,,99,Ode Osbourne,Alibi Idiris,Alibi Idiris,L,Flyweight Bout,"('alibi idiris', 'ode osbourne')"
79ab17db3b40831a,http://ufcstats.com/event-details/79ab17db3b40831a,,"February 21, 2026",2026-02-21,"Houston, Texas, USA",60d93c3cba40cd15ce52,,99,Jordan Leavitt,Yadier del Valle,Jordan Leavitt,W,Featherweight Bout,"('jordan leavitt', 'yadier del valle')"
79ab17db3b40831a,http://ufcstats.com/event-details/79ab17db3b40831a,,"February 21, 2026",2026-02-21,"Houston, Texas, USA",d381b41930d04cb1e012,,99,Phil Rowe,Jean-Paul Lebosnoyani,Jean-Paul Lebosnoyani,L,Welterweight Bout,"('jean paul lebosnoyani', 'phil rowe')"
79ab17db3b40831a,http://ufcstats.com/event-details/79ab17db3b40831a,,"February 21, 2026",2026-02-21,"Houston, Texas, USA",c847d4b40ad374a9fa43,,99,Jacobe Smith,Josiah Harrell,Jacobe Smith,W,Welterweight Bout,"('jacobe smith', 'josiah harrell')"
79ab17db3b40831a,http://ufcstats.com/event-details/79ab17db3b40831a,,"February 21, 2026",2026-02-21,"Houston, Texas, USA",52ccb677d1d9d0005dd5,,99,Chidi Njokuani,Carlos Leal,Carlos Leal,L,Welterweight Bout,"('carlos leal', 'chidi njokuani')"
79ab17db3b40831a,http://ufcstats.com/event-details/79ab17db3b40831a,,"February 21, 2026",2026-02-21,"Houston, Texas, USA",dda56784acae9b802387,,99,Ramiz Brahimaj,Punahele Soriano,Punahele Soriano,L,Welterweight Bout,"('punahele soriano', 'ramiz brahimaj')"
79ab17db3b40831a,http://ufcstats.com/event-details/79ab17db3b40831a,,"February 21, 2026",2026-02-21,"Houston, Texas, USA",a8a4d025ac890d85eb13,,99,Zach Reese,Michel Pereira,Michel Pereira,L,Middleweight Bout,"('michel pereira', 'zach reese')"
79ab17db3b40831a,http://ufcstats.com/event-details/79ab17db3b40831a,,"February 21, 2026",2026-02-21,"Houston, Texas, USA",c029fe425641f62cb89d,,99,Alden Coria,Luis Gurule,Alden Coria,W,Flyweight Bout,"('alden coria', 'luis gurule')"
c337c3c85b1871e0,http://ufcstats.com/event-details/c337c3c85b1871e0,,"February 07, 2026",2026-02-07,"Las Vegas, Nevada, USA",50fdf06651ea7e0be6b8,,99,Klaudia Sygula,Priscila Cachoeira,Klaudia Sygula,W,Women's Bantamweight Bout,"('klaudia sygula', 'priscila cachoeira')"
8fbcd82bf7f352bf,http://ufcstats.com/event-details/8fbcd82bf7f352bf,,"August 22, 2025",2025-08-22,"Shanghai, Hebei, China",b1e937d709dcf2f08459,,99,Nyamjargal Tumendemberel,Terrance Saeteurn,Nyamjargal Tumendemberel,W,Flyweight Bout,"('nyamjargal tumendemberel', 'terrance saeteurn')"
c337c3c85b1871e0,http://ufcstats.com/event-details/c337c3c85b1871e0,,"February 07, 2026",2026-02-07,"Las Vegas, Nevada, USA",6103562276f268c99503,,99,Muin Gafurov,Jakub Wiklacz,Jakub Wiklacz,L,Bantamweight Bout,"('jakub wiklacz', 'muin gafurov')"
c337c3c85b1871e0,http://ufcstats.com/event-details/c337c3c85b1871e0,,"February 07, 2026",2026-02-07,"Las Vegas, Nevada, USA",5bfd37f69acfedbcee0b,,99,Wang Cong,Eduarda Moura,Wang Cong,W,Catch Weight Bout,"('eduarda moura', 'wang cong')"
30ad2050273d016a,http://ufcstats.com/event-details/30ad2050273d016a,,"January 31, 2026",2026-01-31,"Sydney, New South Wales, Australia",b8f000731b4a674dfc37,,99,Kaan Ofli,Yizha,Kaan Ofli,W,Featherweight Bout,"('kaan ofli', 'yizha')"
30ad2050273d016a,http://ufcstats.com/event-details/30ad2050273d016a,,"January 31, 2026",2026-01-31,"Sydney, New South Wales, Australia",ddbb875c62507cc306d8,,99,Keiichiro Nakamura,Sebastian Szalay,Keiichiro Nakamura,W,Road to UFC 4 Featherweight Tournament Title Bout,"('keiichiro nakamura', 'sebastian szalay')"
30ad2050273d016a,http://ufcstats.com/event-details/30ad2050273d016a,,"January 31, 2026",2026-01-31,"Sydney, New South Wales, Australia",b580d62df0d0ae707d1e,,99,Sulangrangbo,Lawrence Lui,Lawrence Lui,L,Road to UFC 4 Bantamweight Tournament Title Bout,"('lawrence lui', 'sulangrangbo')"
30ad2050273d016a,http://ufcstats.com/event-details/30ad2050273d016a,,"January 31, 2026",2026-01-31,"Sydney, New South Wales, Australia",5099528c88c989bf2b9e,,99,Cam Rowston,Cody Brundage,Cam Rowston,W,Middleweight Bout,"('cam rowston', 'cody brundage')"
30ad2050273d016a,http://ufcstats.com/event-details/30ad2050273d016a,,"January 31, 2026",2026-01-31,"Sydney, New South Wales, Australia",95b6ca89009492065d47,,99,Sangwook Kim,Dom Mar Fan,Dom Mar Fan,L,Road to UFC 4 Lightweight Tournament Title Bout,"('dom mar fan', 'sangwook kim')"
30ad2050273d016a,http://ufcstats.com/event-details/30ad2050273d016a,,"January 31, 2026",2026-01-31,"Sydney, New South Wales, Australia",f36cbd36094bad32317a,,99,Junior Tafa,Billy Elekana,Billy Elekana,L,Light Heavyweight Bout,"('billy elekana', 'jr tafa')"
30ad2050273d016a,http://ufcstats.com/event-details/30ad2050273d016a,,"January 31, 2026",2026-01-31,"Sydney, New South Wales, Australia",9efe77bfb5f063d34a7a,,99,Jacob Malkoun,Torrez Finney,Jacob Malkoun,W,Middleweight Bout,"('jacob malkoun', 'torrez finney')"
30ad2050273d016a,http://ufcstats.com/event-details/30ad2050273d016a,,"January 31, 2026",2026-01-31,"Sydney, New South Wales, Australia",d5ed5b775e4c2f98546e,,99,Jonathan Micallef,Oban Elliott,Jonathan Micallef,W,Welterweight Bout,"('jonathan micallef', 'oban elliott')"
30ad2050273d016a,http://ufcstats.com/event-details/30ad2050273d016a,,"January 31, 2026",2026-01-31,"Sydney, New South Wales, Australia",f9b0d73a54ade0f6e0bf,,99,Quillan Salkilld,Jamie Mullarkey,Quillan Salkilld,W,Lightweight Bout,"('jamie mullarkey', 'quillan salkilld')"
30ad2050273d016a,http://ufcstats.com/event-details/30ad2050273d016a,,"January 31, 2026",2026-01-31,"Sydney, New South Wales, Australia",b8a2138eb782d7f7bc41,,99,Tai Tuivasa,Tallison Teixeira,Tallison Teixeira,L,Heavyweight Bout,"('tai tuivasa', 'tallison teixeira')"
30ad2050273d016a,http://ufcstats.com/event-details/30ad2050273d016a,,"January 31, 2026",2026-01-31,"Sydney, New South Wales, Australia",80c88a911a80e59d463b,,99,Rafael Fiziev,Mauricio Ruffy,Mauricio Ruffy,L,Lightweight Bout,"('mauricio ruffy', 'rafael fiziev')"
30ad2050273d016a,http://ufcstats.com/event-details/30ad2050273d016a,,"January 31, 2026",2026-01-31,"Sydney, New South Wales, Australia",74f0f6a4353bfb08fa8f,,99,Dan Hooker,Benoit Saint Denis,Benoit Saint Denis,L,Lightweight Bout,"('benoit saint denis', 'dan hooker')"
30ad2050273d016a,http://ufcstats.com/event-details/30ad2050273d016a,,"January 31, 2026",2026-01-31,"Sydney, New South Wales, Australia",de8e3695528e8b907f45,,99,Alexander Volkanovski,Diego Lopes,Alexander Volkanovski,W,UFC Featherweight Title Bout,"('alexander volkanovski', 'diego lopes')"
c337c3c85b1871e0,http://ufcstats.com/event-details/c337c3c85b1871e0,,"February 07, 2026",2026-02-07,"Las Vegas, Nevada, USA",7a5c1327805f232c9bc9,,99,Javid Basharat,Gianni Vazquez,Javid Basharat,W,Bantamweight Bout,"('gianni vazquez', 'javid basharat')"
c337c3c85b1871e0,http://ufcstats.com/event-details/c337c3c85b1871e0,,"February 07, 2026",2026-02-07,"Las Vegas, Nevada, USA",1880606d6e6f0c77f50a,,99,Nikolay Veretennikov,Niko Price,Nikolay Veretennikov,W,Welterweight Bout,"('niko price', 'nikolay veretennikov')"
c337c3c85b1871e0,http://ufcstats.com/event-details/c337c3c85b1871e0,,"February 07, 2026",2026-02-07,"Las Vegas, Nevada, USA",fa2e614f09a41da51d93,,99,Jailton Almeida,Rizvan Kuniev,Rizvan Kuniev,L,Heavyweight Bout,"('jailton almeida', 'rizvan kuniev')"
c337c3c85b1871e0,http://ufcstats.com/event-details/c337c3c85b1871e0,,"February 07, 2026",2026-02-07,"Las Vegas, Nevada, USA",a399404d4263296cec7a,,99,Bruna Brasil,Ketlen Souza,Ketlen Souza,L,Women's Strawweight Bout,"('bruna brasil', 'ketlen souza')"
c337c3c85b1871e0,http://ufcstats.com/event-details/c337c3c85b1871e0,,"February 07, 2026",2026-02-07,"Las Vegas, Nevada, USA",5b9c291225f5a0f2dbc3,,99,Alex Morono,Daniil Donchenko,Daniil Donchenko,L,Welterweight Bout,"('alex morono', 'daniil donchenko')"
c337c3c85b1871e0,http://ufcstats.com/event-details/c337c3c85b1871e0,,"February 07, 2026",2026-02-07,"Las Vegas, Nevada, USA",cd824fdd780774549cfe,,99,Dustin Jacoby,Julius Walker,Dustin Jacoby,W,Light Heavyweight Bout,"('dustin jacoby', 'julius walker')"
c337c3c85b1871e0,http://ufcstats.com/event-details/c337c3c85b1871e0,,"February 07, 2026",2026-02-07,"Las Vegas, Nevada, USA",5104c238333a0882f081,,99,Jean Matsumoto,Farid Basharat,Farid Basharat,L,Bantamweight Bout,"('farid basharat', 'jean matsumoto')"
c337c3c85b1871e0,http://ufcstats.com/event-details/c337c3c85b1871e0,,"February 07, 2026",2026-02-07,"Las Vegas, Nevada, USA",556f04ef8fd65e02c334,,99,Mario Bautista,Vinicius Oliveira,Mario Bautista,W,Bantamweight Bout,"('mario bautista', 'vinicius oliveira')"
c337c3c85b1871e0,http://ufcstats.com/event-details/c337c3c85b1871e0,,"February 07, 2026",2026-02-07,"Las Vegas, Nevada, USA",1bba08280c383b6f0e63,,99,Michal Oleksiejczuk,Marc-Andre Barriault,Michal Oleksiejczuk,W,Middleweight Bout,"('marc andre barriault', 'michal oleksiejczuk')"
8fbcd82bf7f352bf,http://ufcstats.com/event-details/8fbcd82bf7f352bf,,"August 22, 2025",2025-08-22,"Shanghai, Hebei, China",4d7e73da238314049972,,99,Shi Ming,Bruna Brasil,Bruna Brasil,L,Women's Strawweight Bout,"('bruna brasil', 'shi ming')"
79ab17db3b40831a,http://ufcstats.com/event-details/79ab17db3b40831a,,"February 21, 2026",2026-02-21,"Houston, Texas, USA",81e8db3ca4ff2c86a789,,99,Geoff Neal,Uros Medic,Uros Medic,L,Welterweight Bout,"('geoff neal', 'uros medic')"
00e11b5c8b7bfeeb,http://ufcstats.com/event-details/00e11b5c8b7bfeeb,,"January 24, 2026",2026-01-24,"Las Vegas, Nevada, USA",059cead28f0c8d15ef8b,,99,Adam Fugitt,Ty Miller,Ty Miller,L,Welterweight Bout,"('adam fugitt', 'ty miller')"
00e11b5c8b7bfeeb,http://ufcstats.com/event-details/00e11b5c8b7bfeeb,,"January 24, 2026",2026-01-24,"Las Vegas, Nevada, USA",9d45afd743f296cd8a7b,,99,Josh Hokit,Denzel Freeman,Josh Hokit,W,Heavyweight Bout,"('denzel freeman', 'josh hokit')"
00e11b5c8b7bfeeb,http://ufcstats.com/event-details/00e11b5c8b7bfeeb,,"January 24, 2026",2026-01-24,"Las Vegas, Nevada, USA",9587385ac946b13c1b60,,99,Nikita Krylov,Modestas Bukauskas,Nikita Krylov,W,Light Heavyweight Bout,"('modestas bukauskas', 'nikita krylov')"
00e11b5c8b7bfeeb,http://ufcstats.com/event-details/00e11b5c8b7bfeeb,,"January 24, 2026",2026-01-24,"Las Vegas, Nevada, USA",2c579a5be30d28eef213,,99,Ateba Gautier,Andrey Pulyaev,Ateba Gautier,W,Middleweight Bout,"('andrey pulyaev', 'ateba gautier')"
c337c3c85b1871e0,http://ufcstats.com/event-details/c337c3c85b1871e0,,"February 07, 2026",2026-02-07,"Las Vegas, Nevada, USA",73d6065f2cfb197f70b2,,99,Amir Albazi,Kyoji Horiguchi,Kyoji Horiguchi,L,Flyweight Bout,"('amir albazi', 'kyoji horiguchi')"
79ab17db3b40831a,http://ufcstats.com/event-details/79ab17db3b40831a,,"February 21, 2026",2026-02-21,"Houston, Texas, USA",8055f55904fed21e6898,,99,Serghei Spivac,Ante Delija,Serghei Spivac,W,Heavyweight Bout,"('ante delija', 'serghei spivac')"
79ab17db3b40831a,http://ufcstats.com/event-details/79ab17db3b40831a,,"February 21, 2026",2026-02-21,"Houston, Texas, USA",12e739f7afbad08c6b88,,99,Dan Ige,Melquizael Costa,Melquizael Costa,L,Featherweight Bout,"('dan ige', 'melquizael costa')"
79ab17db3b40831a,http://ufcstats.com/event-details/79ab17db3b40831a,,"February 21, 2026",2026-02-21,"Houston, Texas, USA",c5f38958b7cf49f39d85,,99,Sean Strickland,Anthony Hernandez,Sean Strickland,W,Middleweight Bout,"('anthony hernandez', 'sean strickland')"
00e11b5c8b7bfeeb,http://ufcstats.com/event-details/00e11b5c8b7bfeeb,,"January 24, 2026",2026-01-24,"Las Vegas, Nevada, USA",67e29f84af034c3c7d32,,99,Alex Perez,Charles Johnson,Alex Perez,W,Flyweight Bout,"('alex perez', 'charles johnson')"
00e11b5c8b7bfeeb,http://ufcstats.com/event-details/00e11b5c8b7bfeeb,,"January 24, 2026",2026-01-24,"Las Vegas, Nevada, USA",ab5a5c37ab6e88ec4f22,,99,Umar Nurmagomedov,Deiveson Figueiredo,Umar Nurmagomedov,W,Bantamweight Bout,"('deiveson figueiredo', 'umar nurmagomedov')"
00e11b5c8b7bfeeb,http://ufcstats.com/event-details/00e11b5c8b7bfeeb,,"January 24, 2026",2026-01-24,"Las Vegas, Nevada, USA",e6e0d967f432a9312239,,99,Arnold Allen,Jean Silva,Jean Silva,L,Featherweight Bout,"('arnold allen', 'jean silva')"
00e11b5c8b7bfeeb,http://ufcstats.com/event-details/00e11b5c8b7bfeeb,,"January 24, 2026",2026-01-24,"Las Vegas, Nevada, USA",0feea6e9d18c3742693b,,99,Waldo Cortes Acosta,Derrick Lewis,Waldo Cortes Acosta,W,Heavyweight Bout,"('derrick lewis', 'waldo cortes acosta')"
00e11b5c8b7bfeeb,http://ufcstats.com/event-details/00e11b5c8b7bfeeb,,"January 24, 2026",2026-01-24,"Las Vegas, Nevada, USA",d7668cf4c6a285409db1,,99,Natalia Silva,Rose Namajunas,Natalia Silva,W,Women's Flyweight Bout,"('natalia silva', 'rose namajunas')"
00e11b5c8b7bfeeb,http://ufcstats.com/event-details/00e11b5c8b7bfeeb,,"January 24, 2026",2026-01-24,"Las Vegas, Nevada, USA",33d48e5aaa5a07f3e49d,,99,Justin Gaethje,Paddy Pimblett,Justin Gaethje,W,UFC Interim Lightweight Title Bout,"('justin gaethje', 'paddy pimblett')"
00e11b5c8b7bfeeb,http://ufcstats.com/event-details/00e11b5c8b7bfeeb,,"January 24, 2026",2026-01-24,"Las Vegas, Nevada, USA",ab611f0dde873f5df74a,,99,Sean O'Malley,Song Yadong,Sean O'Malley,W,Bantamweight Bout,"('sean omalley', 'song yadong')"
15ec018d144710db,http://ufcstats.com/event-details/15ec018d144710db,,"March 07, 2026",2026-03-07,"Las Vegas, Nevada, USA",89030a4ed01dcad575e4,,99,Luke Fernandez,Rodolfo Bellato,Rodolfo Bellato,L,Light Heavyweight Bout,"('luke fernandez', 'rodolfo bellato')"
babc6b5745335f18,http://ufcstats.com/event-details/babc6b5745335f18,,"March 14, 2026",2026-03-14,"Las Vegas, Nevada, USA",78ff257472ec76ccc721,,99,Piera Rodriguez,Sam Hughes,Piera Rodriguez,W,Women's Strawweight Bout,"('piera rodriguez', 'sam hughes')"
69108cb8b32efe04,http://ufcstats.com/event-details/69108cb8b32efe04,,"March 21, 2026",2026-03-21,"London, England, United Kingdom",6801dd5e3ac0db245182,,99,Shanelle Dyer,Ravena Oliveira,Shanelle Dyer,W,Women's Strawweight Bout,"('ravena oliveira', 'shanelle dyer')"
5c38639f860a5542,http://ufcstats.com/event-details/5c38639f860a5542,,"March 28, 2026",2026-03-28,"Seattle, Washington, USA",cfbd71489bbf4a1c8ae2,,99,Alexia Thainara,Bruna Brasil,Alexia Thainara,W,Women's Strawweight Bout,"('alexia thainara', 'bruna brasil')"
f3eb664db7fb1df3,http://ufcstats.com/event-details/f3eb664db7fb1df3,,"April 11, 2026",2026-04-11,"Miami, Florida, USA",294fea8ab8e7909a42eb,,99,Charles Radtke,Francisco Prado,Charles Radtke,W,Welterweight Bout,"('charles radtke', 'francisco prado')"
c3ac8d0da7b05772,http://ufcstats.com/event-details/c3ac8d0da7b05772,,"April 18, 2026",2026-04-18,"Winnipeg, Manitoba, Canada",6fab532a15582f57bce4,,99,Jamie Siraj,John Yannis,John Yannis,L,Bantamweight Bout,"('jamie siraj', 'john yannis')"
e60d773a0a42048a,http://ufcstats.com/event-details/e60d773a0a42048a,,"April 25, 2026",2026-04-25,"Las Vegas, Nevada, USA",3e50793cc60c6ac11412,,99,Talita Alencar,Julia Polastri,Talita Alencar,W,Women's Strawweight Bout,"('julia polastri', 'talita alencar')"
872b018076f831b0,http://ufcstats.com/event-details/872b018076f831b0,,"May 02, 2026",2026-05-02,"Perth, Western Australia, Australia",98631a84fcf409f37adb,,99,Dom Mar Fan,Kody Steele,Kody Steele,L,Lightweight Bout,"('dom mar fan', 'kody steele')"
9eedac48b497de5a,http://ufcstats.com/event-details/9eedac48b497de5a,,"May 09, 2026",2026-05-09,"Newark, New Jersey, USA",594e6866a6d3d48d0cea,,99,Clayton Carpenter,Jose Ochoa,Jose Ochoa,L,Flyweight Bout,"('clayton carpenter', 'jose ochoa')"
73abb7a5c57fb443,http://ufcstats.com/event-details/73abb7a5c57fb443,,"May 16, 2026",2026-05-16,"Las Vegas, Nevada, USA",1e419eeb5630271dbf66,,99,Shauna Bannon,Nicolle Caliari,Nicolle Caliari,L,Women's Strawweight Bout,"('nicolle caliari', 'shauna bannon')"
ba17afef01ed78b6,http://ufcstats.com/event-details/ba17afef01ed78b6,,"June 06, 2026",2026-06-06,"Las Vegas, Nevada, USA",5b4c1cfb92672074b055,,99,Ketlen Souza,Ariane Carnelossi,Ketlen Souza,W,Women's Strawweight Bout,"('ariane carnelossi', 'ketlen souza')"
1e75e6c9de99fa76,http://ufcstats.com/event-details/1e75e6c9de99fa76,,"May 30, 2026",2026-05-30,"Macau, China",7af7158f31968da339d1,,99,Loma Lookboonmee,Jaqueline Amorim,Jaqueline Amorim,L,Women's Strawweight Bout,"('jaqueline amorim', 'loma lookboonmee')"
48544433372ecfa6,http://ufcstats.com/event-details/48544433372ecfa6,,"June 14, 2026",2026-06-14,"Washington, DC, USA",9b4145082b02d576124b,,99,Bo Nickal,Kyle Daukaus,Bo Nickal,W,Middleweight Bout,"('bo nickal', 'kyle daukaus')"
48544433372ecfa6,http://ufcstats.com/event-details/48544433372ecfa6,,"June 14, 2026",2026-06-14,"Washington, DC, USA",f6f382a04aa656cbfa77,,99,Diego Lopes,Steve Garcia,Diego Lopes,W,Featherweight Bout,"('diego lopes', 'steve garcia')"
fccb0fee256b7b4d,http://ufcstats.com/event-details/fccb0fee256b7b4d,,"July 11, 2026",2026-07-11,"Las Vegas, Nevada, USA",4c2b1edc4b3734fbf11b,,99,Alessandro Costa,Cody Durden,Alessandro Costa,W,Flyweight Bout,"('alessandro costa', 'cody durden')"
31e1ea6fe6b682f8,http://ufcstats.com/event-details/31e1ea6fe6b682f8,,"June 27, 2026",2026-06-27,"Baku, Azerbaijan",0b820db9d5cf6709ff4f,,99,Tahir Abdullayev,Jefferson Nascimento,Tahir Abdullayev,W,Welterweight Bout,"('jefferson nascimento', 'tahir abdullayev')"
31e1ea6fe6b682f8,http://ufcstats.com/event-details/31e1ea6fe6b682f8,,"June 27, 2026",2026-06-27,"Baku, Azerbaijan",f19defb934ada1999ee4,,99,Bekzat Almakhan,Jean Matsumoto,Jean Matsumoto,L,Bantamweight Bout,"('bekzat almakhan', 'jean matsumoto')"
31e1ea6fe6b682f8,http://ufcstats.com/event-details/31e1ea6fe6b682f8,,"June 27, 2026",2026-06-27,"Baku, Azerbaijan",371989525478258a4f97,,99,Daniil Donchenko,Theodor Berggren,Daniil Donchenko,W,Welterweight Bout,"('daniil donchenko', 'theodor berggren')"
31e1ea6fe6b682f8,http://ufcstats.com/event-details/31e1ea6fe6b682f8,,"June 27, 2026",2026-06-27,"Baku, Azerbaijan",f085b6878a4760c0b0e3,,99,Kaan Ofli,Javier Reyes,Kaan Ofli,W,Featherweight Bout,"('javier reyes', 'kaan ofli')"
31e1ea6fe6b682f8,http://ufcstats.com/event-details/31e1ea6fe6b682f8,,"June 27, 2026",2026-06-27,"Baku, Azerbaijan",ee0c114b568ca85729c7,,99,Abdul Rakhman Yakhyaev,Julius Walker,Abdul Rakhman Yakhyaev,W,Light Heavyweight Bout,"('abdul rakhman yakhyaev', 'julius walker')"
31e1ea6fe6b682f8,http://ufcstats.com/event-details/31e1ea6fe6b682f8,,"June 27, 2026",2026-06-27,"Baku, Azerbaijan",205bb45165f44786ac23,,99,Nursulton Ruziboev,Andrey Pulyaev,Nursulton Ruziboev,W,Middleweight Bout,"('andrey pulyaev', 'nursulton ruziboev')"
31e1ea6fe6b682f8,http://ufcstats.com/event-details/31e1ea6fe6b682f8,,"June 27, 2026",2026-06-27,"Baku, Azerbaijan",edfe774680c3e59bcc37,,99,Farman Hasanov,Eric Nolan,Farman Hasanov,W,Welterweight Bout,"('eric nolan', 'farman hasanov')"
31e1ea6fe6b682f8,http://ufcstats.com/event-details/31e1ea6fe6b682f8,,"June 27, 2026",2026-06-27,"Baku, Azerbaijan",c5f5275f9f3356771eca,,99,Abus Magomedov,Michal Oleksiejczuk,Abus Magomedov,W,Middleweight Bout,"('abus magomedov', 'michal oleksiejczuk')"
31e1ea6fe6b682f8,http://ufcstats.com/event-details/31e1ea6fe6b682f8,,"June 27, 2026",2026-06-27,"Baku, Azerbaijan",a78e8a0582f39d9a422a,,99,Ikram Aliskerov,Brunno Ferreira,Ikram Aliskerov,W,Middleweight Bout,"('brunno ferreira', 'ikram aliskerov')"
31e1ea6fe6b682f8,http://ufcstats.com/event-details/31e1ea6fe6b682f8,,"June 27, 2026",2026-06-27,"Baku, Azerbaijan",bc7d5e47f86204070ea3,,99,Asu Almabayev,Charles Johnson,Asu Almabayev,W,Flyweight Bout,"('asu almabayev', 'charles johnson')"
31e1ea6fe6b682f8,http://ufcstats.com/event-details/31e1ea6fe6b682f8,,"June 27, 2026",2026-06-27,"Baku, Azerbaijan",33f0d691a15119433744,,99,Nazim Sadykhov,Matheus Camilo,Matheus Camilo,L,Lightweight Bout,"('matheus camilo', 'nazim sadykhov')"
31e1ea6fe6b682f8,http://ufcstats.com/event-details/31e1ea6fe6b682f8,,"June 27, 2026",2026-06-27,"Baku, Azerbaijan",f55185e1d549708a9d1f,,99,Shara Magomedov,Michel Pereira,Shara Magomedov,W,Middleweight Bout,"('michel pereira', 'shara magomedov')"
31e1ea6fe6b682f8,http://ufcstats.com/event-details/31e1ea6fe6b682f8,,"June 27, 2026",2026-06-27,"Baku, Azerbaijan",0dbc53f6a59072dacd4f,,99,Rafael Fiziev,Manuel Torres,Rafael Fiziev,W,Lightweight Bout,"('manuel torres', 'rafael fiziev')"
fccb0fee256b7b4d,http://ufcstats.com/event-details/fccb0fee256b7b4d,,"July 11, 2026",2026-07-11,"Las Vegas, Nevada, USA",d4e91bc34b5479834998,,99,Farid Basharat,John Garza,Farid Basharat,W,Bantamweight Bout,"('farid basharat', 'john garza')"
fccb0fee256b7b4d,http://ufcstats.com/event-details/fccb0fee256b7b4d,,"July 11, 2026",2026-07-11,"Las Vegas, Nevada, USA",b7e31407ebfba5fedd2d,,99,Ryan Gandra,Zach Reese,Ryan Gandra,W,Middleweight Bout,"('ryan gandra', 'zach reese')"
fccb0fee256b7b4d,http://ufcstats.com/event-details/fccb0fee256b7b4d,,"July 11, 2026",2026-07-11,"Las Vegas, Nevada, USA",1df062797f19e2a331ad,,99,Damian Pinas,Cesar Almeida,Damian Pinas,W,Middleweight Bout,"('cesar almeida', 'damian pinas')"
fccb0fee256b7b4d,http://ufcstats.com/event-details/fccb0fee256b7b4d,,"July 11, 2026",2026-07-11,"Las Vegas, Nevada, USA",e925ec5bea2e3e78a347,,99,Tracy Cortez,Wang Cong,Wang Cong,L,Women's Flyweight Bout,"('tracy cortez', 'wang cong')"
fccb0fee256b7b4d,http://ufcstats.com/event-details/fccb0fee256b7b4d,,"July 11, 2026",2026-07-11,"Las Vegas, Nevada, USA",f39630b7a2e36d51e2c9,,99,Luke Riley,Kai Kamaka III,Luke Riley,W,Featherweight Bout,"('kai kamaka iii', 'luke riley')"
fccb0fee256b7b4d,http://ufcstats.com/event-details/fccb0fee256b7b4d,,"July 11, 2026",2026-07-11,"Las Vegas, Nevada, USA",df3cb21f9a3bfdfce42a,,99,Cody Garbrandt,Adrian Yanez,Adrian Yanez,L,Bantamweight Bout,"('adrian yanez', 'cody garbrandt')"
fccb0fee256b7b4d,http://ufcstats.com/event-details/fccb0fee256b7b4d,,"July 11, 2026",2026-07-11,"Las Vegas, Nevada, USA",7e4db128f1110e30a7ba,,99,Gable Steveson,Elisha Ellison,Gable Steveson,W,Heavyweight Bout,"('elisha ellison', 'gable steveson')"
fccb0fee256b7b4d,http://ufcstats.com/event-details/fccb0fee256b7b4d,,"July 11, 2026",2026-07-11,"Las Vegas, Nevada, USA",671392e76c62ec2f5330,,99,Nikita Krylov,Robert Whittaker,Robert Whittaker,L,Light Heavyweight Bout,"('nikita krylov', 'robert whittaker')"
fccb0fee256b7b4d,http://ufcstats.com/event-details/fccb0fee256b7b4d,,"July 11, 2026",2026-07-11,"Las Vegas, Nevada, USA",ad5fc62e516c27019ac8,,99,King Green,Terrance McKinney,King Green,W,Lightweight Bout,"('king green', 'terrance mckinney')"
fccb0fee256b7b4d,http://ufcstats.com/event-details/fccb0fee256b7b4d,,"July 11, 2026",2026-07-11,"Las Vegas, Nevada, USA",796920ca7b1f91ca3f52,,99,Brandon Royval,Lone'er Kavanagh,Brandon Royval,W,Flyweight Bout,"('brandon royval', 'loneer kavanagh')"
fccb0fee256b7b4d,http://ufcstats.com/event-details/fccb0fee256b7b4d,,"July 11, 2026",2026-07-11,"Las Vegas, Nevada, USA",2f05001571c35605acfa,,99,Cory Sandhagen,Mario Bautista,Mario Bautista,L,Bantamweight Bout,"('cory sandhagen', 'mario bautista')"
fccb0fee256b7b4d,http://ufcstats.com/event-details/fccb0fee256b7b4d,,"July 11, 2026",2026-07-11,"Las Vegas, Nevada, USA",56a9652ffbcd20b5eb65,,99,Benoit Saint Denis,Paddy Pimblett,Paddy Pimblett,L,Lightweight Bout,"('benoit saint denis', 'paddy pimblett')"
fccb0fee256b7b4d,http://ufcstats.com/event-details/fccb0fee256b7b4d,,"July 11, 2026",2026-07-11,"Las Vegas, Nevada, USA",9a0f55231a9187c4d022,,99,Conor McGregor,Max Holloway,Max Holloway,L,Welterweight Bout,"('conor mcgregor', 'max holloway')"
c8661e204c66f325,http://ufcstats.com/event-details/c8661e204c66f325,,"June 20, 2026",2026-06-20,"Las Vegas, Nevada, USA",636eb49f21c902cd2756,,99,Shane Collins,Otari Tanzilovi,Shane Collins,W,Featherweight Bout,"('otari tanzilovi', 'shane collins')"
c8661e204c66f325,http://ufcstats.com/event-details/c8661e204c66f325,,"June 20, 2026",2026-06-20,"Las Vegas, Nevada, USA",82acd9353eb25292c309,,99,Karol Rosa,Luana Santos,Luana Santos,L,Women's Bantamweight Bout,"('karol rosa', 'luana santos')"
c8661e204c66f325,http://ufcstats.com/event-details/c8661e204c66f325,,"June 20, 2026",2026-06-20,"Las Vegas, Nevada, USA",14bbd53e291579a005d6,,99,Leon Shahbazyan,Levan Chokheli,Levan Chokheli,L,Welterweight Bout,"('leon shahbazyan', 'levan chokheli')"
c8661e204c66f325,http://ufcstats.com/event-details/c8661e204c66f325,,"June 20, 2026",2026-06-20,"Las Vegas, Nevada, USA",e396bb5fdf6427313b93,,99,Gaston Bolanos,Michael Aswell Jr.,Gaston Bolanos,W,Featherweight Bout,"('gaston bolanos', 'michael aswell jr')"
c8661e204c66f325,http://ufcstats.com/event-details/c8661e204c66f325,,"June 20, 2026",2026-06-20,"Las Vegas, Nevada, USA",7bd5b6351f4f8b7ef5bd,,99,Allan Nascimento,Mitch Raposo,Mitch Raposo,L,Flyweight Bout,"('allan nascimento', 'mitch raposo')"
c8661e204c66f325,http://ufcstats.com/event-details/c8661e204c66f325,,"June 20, 2026",2026-06-20,"Las Vegas, Nevada, USA",c3246abf6fc2af026266,,99,Bia Mesquita,Melissa Mullins,Bia Mesquita,W,Women's Bantamweight Bout,"('bia mesquita', 'melissa mullins')"
c8661e204c66f325,http://ufcstats.com/event-details/c8661e204c66f325,,"June 20, 2026",2026-06-20,"Las Vegas, Nevada, USA",414286bded2f14efcfea,,99,Andre Lima,Kevin Borjas,Kevin Borjas,L,Flyweight Bout,"('andre lima', 'kevin borjas')"
c8661e204c66f325,http://ufcstats.com/event-details/c8661e204c66f325,,"June 20, 2026",2026-06-20,"Las Vegas, Nevada, USA",6d6e2965a746227ec485,,99,Vinicius Oliveira,Andre Fili,Vinicius Oliveira,W,Featherweight Bout,"('andre fili', 'vinicius oliveira')"
c8661e204c66f325,http://ufcstats.com/event-details/c8661e204c66f325,,"June 20, 2026",2026-06-20,"Las Vegas, Nevada, USA",c04fbc8eee3321847da0,,99,Melsik Baghdasaryan,Murtazali Magomedov,Murtazali Magomedov,L,Featherweight Bout,"('melsik baghdasaryan', 'murtazali magomedov')"
c8661e204c66f325,http://ufcstats.com/event-details/c8661e204c66f325,,"June 20, 2026",2026-06-20,"Las Vegas, Nevada, USA",fa4ad85b23b894724d2c,,99,Ion Cutelaba,Navajo Stirling,Navajo Stirling,L,Light Heavyweight Bout,"('ion cutelaba', 'navajo stirling')"
c8661e204c66f325,http://ufcstats.com/event-details/c8661e204c66f325,,"June 20, 2026",2026-06-20,"Las Vegas, Nevada, USA",cda3a3c3df3104a04452,,99,Hyder Amil,Christian Rodriguez,Christian Rodriguez,L,Featherweight Bout,"('christian rodriguez', 'hyder amil')"
c8661e204c66f325,http://ufcstats.com/event-details/c8661e204c66f325,,"June 20, 2026",2026-06-20,"Las Vegas, Nevada, USA",0b5dc6114ac277c111f7,,99,Manel Kape,Kyoji Horiguchi,Manel Kape,W,Flyweight Bout,"('kyoji horiguchi', 'manel kape')"
48544433372ecfa6,http://ufcstats.com/event-details/48544433372ecfa6,,"June 14, 2026",2026-06-14,"Washington, DC, USA",fd099ee0e441ad8757a8,,99,Mauricio Ruffy,Michael Chandler,Mauricio Ruffy,W,Lightweight Bout,"('mauricio ruffy', 'michael chandler')"
48544433372ecfa6,http://ufcstats.com/event-details/48544433372ecfa6,,"June 14, 2026",2026-06-14,"Washington, DC, USA",93f7fe36f6a0a60e7ec5,,99,Sean O'Malley,Aiemann Zahabi,Sean O'Malley,W,Bantamweight Bout,"('aiemann zahabi', 'sean omalley')"
48544433372ecfa6,http://ufcstats.com/event-details/48544433372ecfa6,,"June 14, 2026",2026-06-14,"Washington, DC, USA",acbe7a1c143dd65a3860,,99,Josh Hokit,Derrick Lewis,Josh Hokit,W,Heavyweight Bout,"('derrick lewis', 'josh hokit')"
48544433372ecfa6,http://ufcstats.com/event-details/48544433372ecfa6,,"June 14, 2026",2026-06-14,"Washington, DC, USA",bea0284b912724f0897c,,99,Alex Pereira,Ciryl Gane,Ciryl Gane,L,UFC Interim Heavyweight Title Bout,"('alex pereira', 'ciryl gane')"
48544433372ecfa6,http://ufcstats.com/event-details/48544433372ecfa6,,"June 14, 2026",2026-06-14,"Washington, DC, USA",2506f8239effc45c1ba9,,99,Ilia Topuria,Justin Gaethje,Justin Gaethje,L,UFC Lightweight Title Bout,"('ilia topuria', 'justin gaethje')"
ba17afef01ed78b6,http://ufcstats.com/event-details/ba17afef01ed78b6,,"June 06, 2026",2026-06-06,"Las Vegas, Nevada, USA",1478b7212ad5d3f18b93,,99,Jeisla Chaves,Yuneisy Duben,Jeisla Chaves,W,Women's Flyweight Bout,"('jeisla chaves', 'yuneisy duben')"
ba17afef01ed78b6,http://ufcstats.com/event-details/ba17afef01ed78b6,,"June 06, 2026",2026-06-06,"Las Vegas, Nevada, USA",685928a1ac1faea54cd2,,99,Jordan Leavitt,Joanderson Brito,Joanderson Brito,L,Featherweight Bout,"('joanderson brito', 'jordan leavitt')"
ba17afef01ed78b6,http://ufcstats.com/event-details/ba17afef01ed78b6,,"June 06, 2026",2026-06-06,"Las Vegas, Nevada, USA",d4bc2e295192ce53d072,,99,Priscila Cachoeira,Chelsea Chandler,Chelsea Chandler,L,Women's Bantamweight Bout,"('chelsea chandler', 'priscila cachoeira')"
ba17afef01ed78b6,http://ufcstats.com/event-details/ba17afef01ed78b6,,"June 06, 2026",2026-06-06,"Las Vegas, Nevada, USA",dfa93bb1d976cc4cc1b2,,99,Bruno Silva,Edgar Chairez,Edgar Chairez,L,Flyweight Bout,"('bruno silva', 'edgar chairez')"
ba17afef01ed78b6,http://ufcstats.com/event-details/ba17afef01ed78b6,,"June 06, 2026",2026-06-06,"Las Vegas, Nevada, USA",0855858baf94ebd07b4d,,99,Marcus McGhee,John Yannis,Marcus McGhee,W,Bantamweight Bout,"('john yannis', 'marcus mcghee')"
ba17afef01ed78b6,http://ufcstats.com/event-details/ba17afef01ed78b6,,"June 06, 2026",2026-06-06,"Las Vegas, Nevada, USA",013496cde4cc533d699b,,99,Matt Schnell,Alessandro Costa,Alessandro Costa,L,Catch Weight Bout,"('alessandro costa', 'matt schnell')"
ba17afef01ed78b6,http://ufcstats.com/event-details/ba17afef01ed78b6,,"June 06, 2026",2026-06-06,"Las Vegas, Nevada, USA",90e9c76ff35b13e7555a,,99,Iwo Baraniewski,Junior Tafa,Iwo Baraniewski,W,Light Heavyweight Bout,"('iwo baraniewski', 'jr tafa')"
ba17afef01ed78b6,http://ufcstats.com/event-details/ba17afef01ed78b6,,"June 06, 2026",2026-06-06,"Las Vegas, Nevada, USA",948d4673afc7b223899b,,99,Bryce Mitchell,Santiago Luna,Bryce Mitchell,W,Bantamweight Bout,"('bryce mitchell', 'santiago luna')"
ba17afef01ed78b6,http://ufcstats.com/event-details/ba17afef01ed78b6,,"June 06, 2026",2026-06-06,"Las Vegas, Nevada, USA",8419bdb8285179e426fb,,99,Fares Ziam,Tom Nolan,Tom Nolan,L,Lightweight Bout,"('fares ziam', 'tom nolan')"
ba17afef01ed78b6,http://ufcstats.com/event-details/ba17afef01ed78b6,,"June 06, 2026",2026-06-06,"Las Vegas, Nevada, USA",ed8d3c649d26e4bcd5e8,,99,Belal Muhammad,Gabriel Bonfim,Gabriel Bonfim,L,Welterweight Bout,"('belal muhammad', 'gabriel bonfim')"
ba17afef01ed78b6,http://ufcstats.com/event-details/ba17afef01ed78b6,,"June 06, 2026",2026-06-06,"Las Vegas, Nevada, USA",f2812ea254580ee66c3a,,99,Brendan Allen,Edmen Shahbazyan,Brendan Allen,W,Middleweight Bout,"('brendan allen', 'edmen shahbazyan')"
1e75e6c9de99fa76,http://ufcstats.com/event-details/1e75e6c9de99fa76,,"May 30, 2026",2026-05-30,"Macau, China",5d510807422d68829e18,,99,Zhu Kangjie,Rodrigo Vera,Rodrigo Vera,L,Featherweight Bout,"('rodrigo vera', 'zhu kangjie')"
1e75e6c9de99fa76,http://ufcstats.com/event-details/1e75e6c9de99fa76,,"May 30, 2026",2026-05-30,"Macau, China",168f8ad5d51eb39cd714,,99,Angela Hill,Xiong Jingnan,Angela Hill,W,Women's Strawweight Bout,"('angela hill', 'xiong jingnan')"
1e75e6c9de99fa76,http://ufcstats.com/event-details/1e75e6c9de99fa76,,"May 30, 2026",2026-05-30,"Macau, China",8b588b8350d8c82eae98,,99,Rei Tsuruya,Luis Gurule,Rei Tsuruya,W,Bantamweight Bout,"('luis gurule', 'rei tsuruya')"
1e75e6c9de99fa76,http://ufcstats.com/event-details/1e75e6c9de99fa76,,"May 30, 2026",2026-05-30,"Macau, China",52125fa1d1102145dc6b,,99,Aoriqileng,Cody Haddon,Cody Haddon,L,Bantamweight Bout,"('aoriqileng', 'cody haddon')"
1e75e6c9de99fa76,http://ufcstats.com/event-details/1e75e6c9de99fa76,,"May 30, 2026",2026-05-30,"Macau, China",3d06ef8c5a2769b33b5e,,99,Ding Meng,Jose Souza,Jose Souza,L,Welterweight Bout,"('ding meng', 'jose souza')"
1e75e6c9de99fa76,http://ufcstats.com/event-details/1e75e6c9de99fa76,,"May 30, 2026",2026-05-30,"Macau, China",b10afdd9d5aecdf9db4b,,99,YiSak Lee,Luis Felipe Dias,Luis Felipe Dias,L,Middleweight Bout,"('luis felipe dias', 'yisak lee')"
1e75e6c9de99fa76,http://ufcstats.com/event-details/1e75e6c9de99fa76,,"May 30, 2026",2026-05-30,"Macau, China",986aa2eb7eafab6be895,,99,Jake Matthews,Carlston Harris,Jake Matthews,W,Welterweight Bout,"('carlston harris', 'jake matthews')"
1e75e6c9de99fa76,http://ufcstats.com/event-details/1e75e6c9de99fa76,,"May 30, 2026",2026-05-30,"Macau, China",d73dfd233c99db7b8068,,99,Kai Asakura,Cameron Smotherman,Kai Asakura,W,Bantamweight Bout,"('cameron smotherman', 'kai asakura')"
1e75e6c9de99fa76,http://ufcstats.com/event-details/1e75e6c9de99fa76,,"May 30, 2026",2026-05-30,"Macau, China",4b8c9e06fcb0420e24ee,,99,Sergei Pavlovich,Tallison Teixeira,Sergei Pavlovich,W,Heavyweight Bout,"('sergei pavlovich', 'tallison teixeira')"
1e75e6c9de99fa76,http://ufcstats.com/event-details/1e75e6c9de99fa76,,"May 30, 2026",2026-05-30,"Macau, China",7ff0e1c7da1de35ef002,,99,Zhang Mingyang,Alonzo Menifield,Alonzo Menifield,L,Light Heavyweight Bout,"('alonzo menifield', 'zhang mingyang')"
1e75e6c9de99fa76,http://ufcstats.com/event-details/1e75e6c9de99fa76,,"May 30, 2026",2026-05-30,"Macau, China",a0fd7ebc95cd651e36d2,,99,Song Yadong,Deiveson Figueiredo,Song Yadong,W,Bantamweight Bout,"('deiveson figueiredo', 'song yadong')"
73abb7a5c57fb443,http://ufcstats.com/event-details/73abb7a5c57fb443,,"May 16, 2026",2026-05-16,"Las Vegas, Nevada, USA",08dcbff830ffd3e10af8,,99,Daniel Barez,Luis Gurule,Luis Gurule,L,Flyweight Bout,"('daniel barez', 'luis gurule')"
73abb7a5c57fb443,http://ufcstats.com/event-details/73abb7a5c57fb443,,"May 16, 2026",2026-05-16,"Las Vegas, Nevada, USA",2672c7af1eb24c5c9c3c,,99,Alice Ardelean,Polyana Viana,Alice Ardelean,W,Women's Strawweight Bout,"('alice ardelean', 'polyana viana')"
73abb7a5c57fb443,http://ufcstats.com/event-details/73abb7a5c57fb443,,"May 16, 2026",2026-05-16,"Las Vegas, Nevada, USA",09fc9c5729ac7a18c0c3,,99,Cody Brundage,Andre Petroski,Cody Brundage,W,Middleweight Bout,"('andre petroski', 'cody brundage')"
73abb7a5c57fb443,http://ufcstats.com/event-details/73abb7a5c57fb443,,"May 16, 2026",2026-05-16,"Las Vegas, Nevada, USA",991dab556af7c040dd76,,99,Ketlen Vieira,Jacqueline Cavalcanti,Ketlen Vieira,W,Women's Bantamweight Bout,"('jacqueline cavalcanti', 'ketlen vieira')"
73abb7a5c57fb443,http://ufcstats.com/event-details/73abb7a5c57fb443,,"May 16, 2026",2026-05-16,"Las Vegas, Nevada, USA",d8072bee06f18ca72aa6,,99,Tommy Gantt,Artur Minev,Tommy Gantt,W,Lightweight Bout,"('artur minev', 'tommy gantt')"
73abb7a5c57fb443,http://ufcstats.com/event-details/73abb7a5c57fb443,,"May 16, 2026",2026-05-16,"Las Vegas, Nevada, USA",13909d8dc783f89dc3c1,,99,Tuco Tokkos,Ivan Erslan,Ivan Erslan,L,Light Heavyweight Bout,"('ivan erslan', 'tuco tokkos')"
73abb7a5c57fb443,http://ufcstats.com/event-details/73abb7a5c57fb443,,"May 16, 2026",2026-05-16,"Las Vegas, Nevada, USA",de43645e85a85df1304f,,99,Nikolay Veretennikov,Khaos Williams,Khaos Williams,L,Welterweight Bout,"('khaos williams', 'nikolay veretennikov')"
73abb7a5c57fb443,http://ufcstats.com/event-details/73abb7a5c57fb443,,"May 16, 2026",2026-05-16,"Las Vegas, Nevada, USA",a9ee81bf45912cb96343,,99,Timmy Cuamba,Benardo Sopaj,Benardo Sopaj,L,Bantamweight Bout,"('benardo sopaj', 'timmy cuamba')"
73abb7a5c57fb443,http://ufcstats.com/event-details/73abb7a5c57fb443,,"May 16, 2026",2026-05-16,"Las Vegas, Nevada, USA",db078efbd974d0c1dad2,,99,Malcolm Wellmaker,Juan Diaz,Juan Diaz,L,Bantamweight Bout,"('juan diaz', 'malcolm wellmaker')"
73abb7a5c57fb443,http://ufcstats.com/event-details/73abb7a5c57fb443,,"May 16, 2026",2026-05-16,"Las Vegas, Nevada, USA",a8eb65cd5cf4a4aaa93b,,99,Modestas Bukauskas,Christian Edwards,Modestas Bukauskas,W,Catch Weight Bout,"('christian edwards', 'modestas bukauskas')"
73abb7a5c57fb443,http://ufcstats.com/event-details/73abb7a5c57fb443,,"May 16, 2026",2026-05-16,"Las Vegas, Nevada, USA",7dda5ce705397038ac74,,99,Dooho Choi,Daniel Santos,Dooho Choi,W,Featherweight Bout,"('daniel santos', 'dooho choi')"
9eedac48b497de5a,http://ufcstats.com/event-details/9eedac48b497de5a,,"May 09, 2026",2026-05-09,"Newark, New Jersey, USA",b308564111ceac634ef9,,99,Baisangur Susurkaev,Djorden Santos,Baisangur Susurkaev,W,Middleweight Bout,"('baisangur susurkaev', 'djorden santos')"
9eedac48b497de5a,http://ufcstats.com/event-details/9eedac48b497de5a,,"May 09, 2026",2026-05-09,"Newark, New Jersey, USA",eb40356a9af9f0da6524,,99,Pat Sabatini,William Gomis,Pat Sabatini,W,Featherweight Bout,"('pat sabatini', 'william gomis')"
73abb7a5c57fb443,http://ufcstats.com/event-details/73abb7a5c57fb443,,"May 16, 2026",2026-05-16,"Las Vegas, Nevada, USA",5923ccd1e4b81b2ba606,,99,Arnold Allen,Melquizael Costa,Arnold Allen,W,Featherweight Bout,"('arnold allen', 'melquizael costa')"
9eedac48b497de5a,http://ufcstats.com/event-details/9eedac48b497de5a,,"May 09, 2026",2026-05-09,"Newark, New Jersey, USA",b1f680843d3f934f2419,,99,Jim Miller,Jared Gordon,Jim Miller,W,Lightweight Bout,"('jared gordon', 'jim miller')"
9eedac48b497de5a,http://ufcstats.com/event-details/9eedac48b497de5a,,"May 09, 2026",2026-05-09,"Newark, New Jersey, USA",07e5df16f50dff9e2747,,99,Grant Dawson,Mateusz Rebecki,Grant Dawson,W,Lightweight Bout,"('grant dawson', 'mateusz rebecki')"
9eedac48b497de5a,http://ufcstats.com/event-details/9eedac48b497de5a,,"May 09, 2026",2026-05-09,"Newark, New Jersey, USA",49bcae5cff9f6e89ee00,,99,Roman Kopylov,Marco Tulio,Roman Kopylov,W,Middleweight Bout,"('marco tulio', 'roman kopylov')"
9eedac48b497de5a,http://ufcstats.com/event-details/9eedac48b497de5a,,"May 09, 2026",2026-05-09,"Newark, New Jersey, USA",681d612e6c22b79bb7c7,,99,Joel Alvarez,Yaroslav Amosov,Yaroslav Amosov,L,Welterweight Bout,"('joel alvarez', 'yaroslav amosov')"
9eedac48b497de5a,http://ufcstats.com/event-details/9eedac48b497de5a,,"May 09, 2026",2026-05-09,"Newark, New Jersey, USA",c4570bb43b85d7ed563d,,99,Ateba Gautier,Ozzy Diaz,Ateba Gautier,W,Middleweight Bout,"('ateba gautier', 'ozzy diaz')"
9eedac48b497de5a,http://ufcstats.com/event-details/9eedac48b497de5a,,"May 09, 2026",2026-05-09,"Newark, New Jersey, USA",d87b648d21c4d243aea3,,99,King Green,Jeremy Stephens,King Green,W,Lightweight Bout,"('jeremy stephens', 'king green')"
9eedac48b497de5a,http://ufcstats.com/event-details/9eedac48b497de5a,,"May 09, 2026",2026-05-09,"Newark, New Jersey, USA",451b75ac6daba220e0d5,,99,Sean Brady,Joaquin Buckley,Sean Brady,W,Welterweight Bout,"('joaquin buckley', 'sean brady')"
9eedac48b497de5a,http://ufcstats.com/event-details/9eedac48b497de5a,,"May 09, 2026",2026-05-09,"Newark, New Jersey, USA",fe7742c81b4cba1f8459,,99,Alexander Volkov,Waldo Cortes Acosta,Alexander Volkov,W,Heavyweight Bout,"('alexander volkov', 'waldo cortes acosta')"
9eedac48b497de5a,http://ufcstats.com/event-details/9eedac48b497de5a,,"May 09, 2026",2026-05-09,"Newark, New Jersey, USA",e8693f821f22ca17ff9e,,99,Joshua Van,Tatsuro Taira,Joshua Van,W,UFC Flyweight Title Bout,"('joshua van', 'tatsuro taira')"
9eedac48b497de5a,http://ufcstats.com/event-details/9eedac48b497de5a,,"May 09, 2026",2026-05-09,"Newark, New Jersey, USA",4b004da7431b0bdfe664,,99,Khamzat Chimaev,Sean Strickland,Sean Strickland,L,UFC Middleweight Title Bout,"('khamzat chimaev', 'sean strickland')"
872b018076f831b0,http://ufcstats.com/event-details/872b018076f831b0,,"May 02, 2026",2026-05-02,"Perth, Western Australia, Australia",038aeadde6aa75633c07,,99,Jonathan Micallef,Themba Gorimbo,Jonathan Micallef,W,Welterweight Bout,"('jonathan micallef', 'themba gorimbo')"
872b018076f831b0,http://ufcstats.com/event-details/872b018076f831b0,,"May 02, 2026",2026-05-02,"Perth, Western Australia, Australia",a6feb237f1abbfe105b1,,99,Ben Johnston,Wes Schultz,Wes Schultz,L,Middleweight Bout,"('ben johnston', 'wes schultz')"
872b018076f831b0,http://ufcstats.com/event-details/872b018076f831b0,,"May 02, 2026",2026-05-02,"Perth, Western Australia, Australia",0ba69865a09b2948da88,,99,Colby Thicknesse,Vince Morales,Colby Thicknesse,W,Bantamweight Bout,"('colby thicknesse', 'vince morales')"
872b018076f831b0,http://ufcstats.com/event-details/872b018076f831b0,,"May 02, 2026",2026-05-02,"Perth, Western Australia, Australia",17230cbae93e9b56fb20,,99,Jacob Malkoun,Gerald Meerschaert,Jacob Malkoun,W,Middleweight Bout,"('gerald meerschaert', 'jacob malkoun')"
872b018076f831b0,http://ufcstats.com/event-details/872b018076f831b0,,"May 02, 2026",2026-05-02,"Perth, Western Australia, Australia",70333b6ef09616e55b04,,99,Junior Tafa,Kevin Christian,Junior Tafa,W,Light Heavyweight Bout,"('jr tafa', 'kevin christian')"
872b018076f831b0,http://ufcstats.com/event-details/872b018076f831b0,,"May 02, 2026",2026-05-02,"Perth, Western Australia, Australia",a73e61f151e9749ab7ca,,99,Cam Rowston,Robert Bryczek,Cam Rowston,W,Middleweight Bout,"('cam rowston', 'robert bryczek')"
872b018076f831b0,http://ufcstats.com/event-details/872b018076f831b0,,"May 02, 2026",2026-05-02,"Perth, Western Australia, Australia",eb58aa538025d84754a6,,99,Tai Tuivasa,Louie Sutherland,Louie Sutherland,L,Heavyweight Bout,"('louie sutherland', 'tai tuivasa')"
872b018076f831b0,http://ufcstats.com/event-details/872b018076f831b0,,"May 02, 2026",2026-05-02,"Perth, Western Australia, Australia",7725c96cc648f3eb4dc4,,99,Shamil Gaziev,Brando Pericic,Brando Pericic,L,Heavyweight Bout,"('brando pericic', 'shamil gaziev')"
872b018076f831b0,http://ufcstats.com/event-details/872b018076f831b0,,"May 02, 2026",2026-05-02,"Perth, Western Australia, Australia",c0f633ff70c55ee1be6b,,99,Marwan Rahiki,Ollie Schmid,Marwan Rahiki,W,Featherweight Bout,"('marwan rahiki', 'ollie schmid')"
872b018076f831b0,http://ufcstats.com/event-details/872b018076f831b0,,"May 02, 2026",2026-05-02,"Perth, Western Australia, Australia",b131e337df03cffb9812,,99,Tim Elliott,Steve Erceg,Steve Erceg,L,Flyweight Bout,"('steve erceg', 'tim elliott')"
872b018076f831b0,http://ufcstats.com/event-details/872b018076f831b0,,"May 02, 2026",2026-05-02,"Perth, Western Australia, Australia",f80a8d10244914be7afe,,99,Beneil Dariush,Quillan Salkilld,Quillan Salkilld,L,Lightweight Bout,"('beneil dariush', 'quillan salkilld')"
872b018076f831b0,http://ufcstats.com/event-details/872b018076f831b0,,"May 02, 2026",2026-05-02,"Perth, Western Australia, Australia",c1b96686a797a9d1ba28,,99,Jack Della Maddalena,Carlos Prates,Carlos Prates,L,Welterweight Bout,"('carlos prates', 'jack della maddalena')"
e60d773a0a42048a,http://ufcstats.com/event-details/e60d773a0a42048a,,"April 25, 2026",2026-04-25,"Las Vegas, Nevada, USA",c470241a6342ee208dd6,,99,Max Griffin,Victor Valenzuela,Victor Valenzuela,L,Welterweight Bout,"('max griffin', 'victor valenzuela')"
e60d773a0a42048a,http://ufcstats.com/event-details/e60d773a0a42048a,,"April 25, 2026",2026-04-25,"Las Vegas, Nevada, USA",c4eb4e1074f1a5a2c485,,99,Francis Marshall,Lucas Brennan,Francis Marshall,W,Lightweight Bout,"('francis marshall', 'lucas brennan')"
e60d773a0a42048a,http://ufcstats.com/event-details/e60d773a0a42048a,,"April 25, 2026",2026-04-25,"Las Vegas, Nevada, USA",f3cafe467e4082e5f69f,,99,Jafel Filho,Cody Durden,Cody Durden,L,Bantamweight Bout,"('cody durden', 'jafel filho')"
e60d773a0a42048a,http://ufcstats.com/event-details/e60d773a0a42048a,,"April 25, 2026",2026-04-25,"Las Vegas, Nevada, USA",1128d8591ea5f20c828a,,99,Mayra Bueno Silva,Michelle Montague,Michelle Montague,L,Women's Bantamweight Bout,"('mayra bueno silva', 'michelle montague')"
e60d773a0a42048a,http://ufcstats.com/event-details/e60d773a0a42048a,,"April 25, 2026",2026-04-25,"Las Vegas, Nevada, USA",b25c158170ac96b3a5f0,,99,Jackson McVey,Sedriques Dumas,Jackson McVey,W,Middleweight Bout,"('jackson mcvey', 'sedriques dumas')"
e60d773a0a42048a,http://ufcstats.com/event-details/e60d773a0a42048a,,"April 25, 2026",2026-04-25,"Las Vegas, Nevada, USA",79d3475dc3d2f5776488,,99,Rodolfo Vieira,Eric McConico,Eric McConico,L,Middleweight Bout,"('eric mcconico', 'rodolfo vieira')"
e60d773a0a42048a,http://ufcstats.com/event-details/e60d773a0a42048a,,"April 25, 2026",2026-04-25,"Las Vegas, Nevada, USA",e1fe6daf051c846e7e08,,99,Marcus Buchecha,Ryan Spann,Ryan Spann,L,Heavyweight Bout,"('marcus buchecha', 'ryan spann')"
e60d773a0a42048a,http://ufcstats.com/event-details/e60d773a0a42048a,,"April 25, 2026",2026-04-25,"Las Vegas, Nevada, USA",fab944911a032cb96b97,,99,Montel Jackson,Raoni Barcelos,Raoni Barcelos,L,Bantamweight Bout,"('montel jackson', 'raoni barcelos')"
e60d773a0a42048a,http://ufcstats.com/event-details/e60d773a0a42048a,,"April 25, 2026",2026-04-25,"Las Vegas, Nevada, USA",084a5a08013f295449f9,,99,Davey Grant,Adrian Luna Martinetti,Davey Grant,W,Bantamweight Bout,"('adrian luna martinetti', 'davey grant')"
e60d773a0a42048a,http://ufcstats.com/event-details/e60d773a0a42048a,,"April 25, 2026",2026-04-25,"Las Vegas, Nevada, USA",ba9fe6092e48268a92ab,,99,Rafa Garcia,Alexander Hernandez,Rafa Garcia,W,Lightweight Bout,"('alexander hernandez', 'rafa garcia')"
e60d773a0a42048a,http://ufcstats.com/event-details/e60d773a0a42048a,,"April 25, 2026",2026-04-25,"Las Vegas, Nevada, USA",343a017a283c904701b5,,99,Norma Dumont,Joselyne Edwards,Joselyne Edwards,L,Women's Bantamweight Bout,"('joselyne edwards', 'norma dumont')"
e60d773a0a42048a,http://ufcstats.com/event-details/e60d773a0a42048a,,"April 25, 2026",2026-04-25,"Las Vegas, Nevada, USA",e111f5459a8634976ee3,,99,Aljamain Sterling,Youssef Zalal,Aljamain Sterling,W,Featherweight Bout,"('aljamain sterling', 'youssef zalal')"
c3ac8d0da7b05772,http://ufcstats.com/event-details/c3ac8d0da7b05772,,"April 18, 2026",2026-04-18,"Winnipeg, Manitoba, Canada",6043bdafde3c2323390b,,99,JJ Aldrich,Jamey-Lyn Horth,JJ Aldrich,W,Women's Flyweight Bout,"('jamey lyn horth', 'jj aldrich')"
c3ac8d0da7b05772,http://ufcstats.com/event-details/c3ac8d0da7b05772,,"April 18, 2026",2026-04-18,"Winnipeg, Manitoba, Canada",b2eab265427467a47b0f,,99,Melissa Croden,Daria Zhelezniakova,Melissa Croden,W,Women's Bantamweight Bout,"('daria zhelezniakova', 'melissa croden')"
c3ac8d0da7b05772,http://ufcstats.com/event-details/c3ac8d0da7b05772,,"April 18, 2026",2026-04-18,"Winnipeg, Manitoba, Canada",82620b8beb59cecb0e65,,99,Tanner Boser,Gokhan Saricam,Gokhan Saricam,L,Heavyweight Bout,"('gokhan saricam', 'tanner boser')"
c3ac8d0da7b05772,http://ufcstats.com/event-details/c3ac8d0da7b05772,,"April 18, 2026",2026-04-18,"Winnipeg, Manitoba, Canada",f7114631021c4ed7c872,,99,Julien Leblanc,Robert Valentin,Robert Valentin,L,Middleweight Bout,"('julien leblanc', 'robert valentin')"
c3ac8d0da7b05772,http://ufcstats.com/event-details/c3ac8d0da7b05772,,"April 18, 2026",2026-04-18,"Winnipeg, Manitoba, Canada",b286f281bbbbae6ba360,,99,Dennis Buzukja,Marcio Barbosa,Marcio Barbosa,L,Featherweight Bout,"('dennis buzukja', 'marcio barbosa')"
c3ac8d0da7b05772,http://ufcstats.com/event-details/c3ac8d0da7b05772,,"April 18, 2026",2026-04-18,"Winnipeg, Manitoba, Canada",7d64ab5483e17a8b1e97,,99,Thiago Moises,Gauge Young,Gauge Young,L,Lightweight Bout,"('gauge young', 'thiago moises')"
c3ac8d0da7b05772,http://ufcstats.com/event-details/c3ac8d0da7b05772,,"April 18, 2026",2026-04-18,"Winnipeg, Manitoba, Canada",caefd3609a478f68f737,,99,Jasmine Jasudavicius,Karine Silva,Jasmine Jasudavicius,W,Women's Flyweight Bout,"('jasmine jasudavicius', 'karine silva')"
c3ac8d0da7b05772,http://ufcstats.com/event-details/c3ac8d0da7b05772,,"April 18, 2026",2026-04-18,"Winnipeg, Manitoba, Canada",a56a501fa98ba81766eb,,99,Mandel Nallo,Jai Herbert,Jai Herbert,L,Lightweight Bout,"('jai herbert', 'mandel nallo')"
c3ac8d0da7b05772,http://ufcstats.com/event-details/c3ac8d0da7b05772,,"April 18, 2026",2026-04-18,"Winnipeg, Manitoba, Canada",e1940d44f01a4b0d2843,,99,Gilbert Burns,Mike Malott,Mike Malott,L,Welterweight Bout,"('gilbert burns', 'mike malott')"
f3eb664db7fb1df3,http://ufcstats.com/event-details/f3eb664db7fb1df3,,"April 11, 2026",2026-04-11,"Miami, Florida, USA",b38e2b32e05f70befb29,,99,Kelvin Gastelum,Vicente Luque,Vicente Luque,L,Middleweight Bout,"('kelvin gastelum', 'vicente luque')"
c3ac8d0da7b05772,http://ufcstats.com/event-details/c3ac8d0da7b05772,,"April 18, 2026",2026-04-18,"Winnipeg, Manitoba, Canada",4996a4df527a59b902ba,,99,Kyler Phillips,Charles Jourdain,Charles Jourdain,L,Bantamweight Bout,"('charles jourdain', 'kyler phillips')"
f3eb664db7fb1df3,http://ufcstats.com/event-details/f3eb664db7fb1df3,,"April 11, 2026",2026-04-11,"Miami, Florida, USA",eb128933a99a0b48b5a7,,99,Tatiana Suarez,Loopy Godinez,Tatiana Suarez,W,Women's Strawweight Bout,"('loopy godinez', 'tatiana suarez')"
f3eb664db7fb1df3,http://ufcstats.com/event-details/f3eb664db7fb1df3,,"April 11, 2026",2026-04-11,"Miami, Florida, USA",08a676890ed1b9dab732,,99,Mateusz Gamrot,Esteban Ribovics,Mateusz Gamrot,W,Lightweight Bout,"('esteban ribovics', 'mateusz gamrot')"
f3eb664db7fb1df3,http://ufcstats.com/event-details/f3eb664db7fb1df3,,"April 11, 2026",2026-04-11,"Miami, Florida, USA",9a43f1db7aadb7a4870e,,99,Kevin Holland,Randy Brown,Kevin Holland,W,Welterweight Bout,"('kevin holland', 'randy brown')"
f3eb664db7fb1df3,http://ufcstats.com/event-details/f3eb664db7fb1df3,,"April 11, 2026",2026-04-11,"Miami, Florida, USA",a047e54dc989f7b4f5bc,,99,Patricio Pitbull,Aaron Pico,Aaron Pico,L,Featherweight Bout,"('aaron pico', 'patricio pitbull')"
f3eb664db7fb1df3,http://ufcstats.com/event-details/f3eb664db7fb1df3,,"April 11, 2026",2026-04-11,"Miami, Florida, USA",55a3eaa76c87b4f34b93,,99,Cub Swanson,Nate Landwehr,Cub Swanson,W,Featherweight Bout,"('cub swanson', 'nate landwehr')"
f3eb664db7fb1df3,http://ufcstats.com/event-details/f3eb664db7fb1df3,,"April 11, 2026",2026-04-11,"Miami, Florida, USA",5f7b08a578ad8fd35d21,,99,Dominick Reyes,Johnny Walker,Dominick Reyes,W,Light Heavyweight Bout,"('dominick reyes', 'johnny walker')"
f3eb664db7fb1df3,http://ufcstats.com/event-details/f3eb664db7fb1df3,,"April 11, 2026",2026-04-11,"Miami, Florida, USA",7f660050dd0e3d1512a0,,99,Curtis Blaydes,Josh Hokit,Josh Hokit,L,Heavyweight Bout,"('curtis blaydes', 'josh hokit')"
f3eb664db7fb1df3,http://ufcstats.com/event-details/f3eb664db7fb1df3,,"April 11, 2026",2026-04-11,"Miami, Florida, USA",cf4d89cce329e4bb3432,,99,Azamat Murzakanov,Paulo Costa,Paulo Costa,L,Light Heavyweight Bout,"('azamat murzakanov', 'paulo costa')"
f3eb664db7fb1df3,http://ufcstats.com/event-details/f3eb664db7fb1df3,,"April 11, 2026",2026-04-11,"Miami, Florida, USA",7c77238ae3ba7187f2de,,99,Jiri Prochazka,Carlos Ulberg,Carlos Ulberg,L,UFC Light Heavyweight Title Bout,"('carlos ulberg', 'jiri prochazka')"
9a70f67ad2187fa3,http://ufcstats.com/event-details/9a70f67ad2187fa3,,"April 04, 2026",2026-04-04,"Las Vegas, Nevada, USA",6d855bcb8f2ce996c186,,99,Kai Kamaka III,Dakota Hope,Kai Kamaka III,W,Lightweight Bout,"('dakota hope', 'kai kamaka iii')"
9a70f67ad2187fa3,http://ufcstats.com/event-details/9a70f67ad2187fa3,,"April 04, 2026",2026-04-04,"Las Vegas, Nevada, USA",2f378925a94fb8941039,,99,Dione Barbosa,Melissa Gatto,Dione Barbosa,W,Women's Flyweight Bout,"('dione barbosa', 'melissa gatto')"
9a70f67ad2187fa3,http://ufcstats.com/event-details/9a70f67ad2187fa3,,"April 04, 2026",2026-04-04,"Las Vegas, Nevada, USA",2ca2b5a962af95c1e57d,,99,Azamat Bekoev,Tresean Gore,Tresean Gore,L,Middleweight Bout,"('azamat bekoev', 'tresean gore')"
9a70f67ad2187fa3,http://ufcstats.com/event-details/9a70f67ad2187fa3,,"April 04, 2026",2026-04-04,"Las Vegas, Nevada, USA",e67d0dc3c615713c14c0,,99,Alice Pereira,Hailey Cowan,Alice Pereira,W,Women's Bantamweight Bout,"('alice pereira', 'hailey cowan')"
9a70f67ad2187fa3,http://ufcstats.com/event-details/9a70f67ad2187fa3,,"April 04, 2026",2026-04-04,"Las Vegas, Nevada, USA",4fc258b4bc08abd8cb78,,99,Lando Vannata,Darrius Flowers,Darrius Flowers,L,Lightweight Bout,"('darrius flowers', 'lando vannata')"
9a70f67ad2187fa3,http://ufcstats.com/event-details/9a70f67ad2187fa3,,"April 04, 2026",2026-04-04,"Las Vegas, Nevada, USA",58f9284abe9a987b7450,,99,Alessandro Costa,Stewart Nicoll,Alessandro Costa,W,Flyweight Bout,"('alessandro costa', 'stewart nicoll')"
9a70f67ad2187fa3,http://ufcstats.com/event-details/9a70f67ad2187fa3,,"April 04, 2026",2026-04-04,"Las Vegas, Nevada, USA",e38f37ffb8b546755386,,99,Guilherme Pat,Thomas Petersen,Thomas Petersen,L,Heavyweight Bout,"('guilherme pat', 'thomas petersen')"
9a70f67ad2187fa3,http://ufcstats.com/event-details/9a70f67ad2187fa3,,"April 04, 2026",2026-04-04,"Las Vegas, Nevada, USA",1c09053ce8b7e73d11be,,99,Jose Delano,Robert Ruchala,Jose Delano,W,Featherweight Bout,"('jose delano', 'robert ruchala')"
9a70f67ad2187fa3,http://ufcstats.com/event-details/9a70f67ad2187fa3,,"April 04, 2026",2026-04-04,"Las Vegas, Nevada, USA",2e6073f1f4cbe0086c7a,,99,Tommy McMillen,Manolo Zecchini,Tommy McMillen,W,Featherweight Bout,"('manolo zecchini', 'tommy mcmillen')"
9a70f67ad2187fa3,http://ufcstats.com/event-details/9a70f67ad2187fa3,,"April 04, 2026",2026-04-04,"Las Vegas, Nevada, USA",bcf1ab5e46e8c4d87b4a,,99,Ethyn Ewing,Rafael Estevam,Ethyn Ewing,W,Bantamweight Bout,"('ethyn ewing', 'rafael estevam')"
9a70f67ad2187fa3,http://ufcstats.com/event-details/9a70f67ad2187fa3,,"April 04, 2026",2026-04-04,"Las Vegas, Nevada, USA",d4575673c30bc0ecc3e9,,99,Abdul Rakhman Yakhyaev,Brendson Ribeiro,Abdul Rakhman Yakhyaev,W,Light Heavyweight Bout,"('abdul rakhman yakhyaev', 'brendson ribeiro')"
9a70f67ad2187fa3,http://ufcstats.com/event-details/9a70f67ad2187fa3,,"April 04, 2026",2026-04-04,"Las Vegas, Nevada, USA",e3cede739cfa480f2a3f,,99,Virna Jandiroba,Tabatha Ricci,Virna Jandiroba,W,Women's Strawweight Bout,"('tabatha ricci', 'virna jandiroba')"
9a70f67ad2187fa3,http://ufcstats.com/event-details/9a70f67ad2187fa3,,"April 04, 2026",2026-04-04,"Las Vegas, Nevada, USA",76b36a3416c48946c3b0,,99,Renato Moicano,Chris Duncan,Renato Moicano,W,Lightweight Bout,"('chris duncan', 'renato moicano')"
5c38639f860a5542,http://ufcstats.com/event-details/5c38639f860a5542,,"March 28, 2026",2026-03-28,"Seattle, Washington, USA",9517409f7977d56db15d,,99,Navajo Stirling,Bruno Lopes,Navajo Stirling,W,Light Heavyweight Bout,"('bruno lopes', 'navajo stirling')"
5c38639f860a5542,http://ufcstats.com/event-details/5c38639f860a5542,,"March 28, 2026",2026-03-28,"Seattle, Washington, USA",372ec37b5fabc659800f,,99,Casey O'Neill,Gabriella Fernandes,Casey O'Neill,W,Women's Flyweight Bout,"('casey oneill', 'gabriella fernandes')"
5c38639f860a5542,http://ufcstats.com/event-details/5c38639f860a5542,,"March 28, 2026",2026-03-28,"Seattle, Washington, USA",8c79a3842a400991e961,,99,Marcin Tybura,Tyrell Fortune,Tyrell Fortune,L,Heavyweight Bout,"('marcin tybura', 'tyrell fortune')"
5c38639f860a5542,http://ufcstats.com/event-details/5c38639f860a5542,,"March 28, 2026",2026-03-28,"Seattle, Washington, USA",445374c9bed547b810ee,,99,Chase Hooper,Lance Gibson Jr.,Lance Gibson Jr.,L,Lightweight Bout,"('chase hooper', 'lance gibson jr')"
5c38639f860a5542,http://ufcstats.com/event-details/5c38639f860a5542,,"March 28, 2026",2026-03-28,"Seattle, Washington, USA",2a35195a4e7befba9919,,99,Ignacio Bahamondes,Tofiq Musayev,Tofiq Musayev,L,Lightweight Bout,"('ignacio bahamondes', 'tofiq musayev')"
5c38639f860a5542,http://ufcstats.com/event-details/5c38639f860a5542,,"March 28, 2026",2026-03-28,"Seattle, Washington, USA",29fecfa624e71c22b83d,,99,Terrance McKinney,Kyle Nelson,Terrance McKinney,W,Lightweight Bout,"('kyle nelson', 'terrance mckinney')"
5c38639f860a5542,http://ufcstats.com/event-details/5c38639f860a5542,,"March 28, 2026",2026-03-28,"Seattle, Washington, USA",c6287144bb3ca8bebf8d,,99,Mansur Abdul-Malik,Yousri Belgaroui,Yousri Belgaroui,L,Middleweight Bout,"('mansur abdul malik', 'yousri belgaroui')"
5c38639f860a5542,http://ufcstats.com/event-details/5c38639f860a5542,,"March 28, 2026",2026-03-28,"Seattle, Washington, USA",a2e5eb85a00e4a21b2e1,,99,Julian Erosa,Lerryan Douglas,Lerryan Douglas,L,Featherweight Bout,"('julian erosa', 'lerryan douglas')"
5c38639f860a5542,http://ufcstats.com/event-details/5c38639f860a5542,,"March 28, 2026",2026-03-28,"Seattle, Washington, USA",db892be0bceb4c9c7ea9,,99,Michael Chiesa,Niko Price,Michael Chiesa,W,Welterweight Bout,"('michael chiesa', 'niko price')"
5c38639f860a5542,http://ufcstats.com/event-details/5c38639f860a5542,,"March 28, 2026",2026-03-28,"Seattle, Washington, USA",c9d51a73882229fccfe7,,99,Alexa Grasso,Maycee Barber,Alexa Grasso,W,Women's Flyweight Bout,"('alexa grasso', 'maycee barber')"
5c38639f860a5542,http://ufcstats.com/event-details/5c38639f860a5542,,"March 28, 2026",2026-03-28,"Seattle, Washington, USA",584345161ebc786e0a20,,99,Israel Adesanya,Joe Pyfer,Joe Pyfer,L,Middleweight Bout,"('israel adesanya', 'joe pyfer')"
69108cb8b32efe04,http://ufcstats.com/event-details/69108cb8b32efe04,,"March 21, 2026",2026-03-21,"London, England, United Kingdom",aa96d4b6b8caad65f622,,99,Shem Rock,Abdul-Kareem Al-Selwady,Abdul-Kareem Al-Selwady,L,Lightweight Bout,"('abdul kareem al selwady', 'shem rock')"
69108cb8b32efe04,http://ufcstats.com/event-details/69108cb8b32efe04,,"March 21, 2026",2026-03-21,"London, England, United Kingdom",9ac4140627e3c883e24e,,99,Louie Sutherland,Brando Pericic,Brando Pericic,L,Heavyweight Bout,"('brando pericic', 'louie sutherland')"
69108cb8b32efe04,http://ufcstats.com/event-details/69108cb8b32efe04,,"March 21, 2026",2026-03-21,"London, England, United Kingdom",c32b60fee52eeb40f545,,99,Mantas Kondratavicius,Antonio Trocoli,Mantas Kondratavicius,W,Middleweight Bout,"('antonio trocoli', 'mantas kondratavicius')"
69108cb8b32efe04,http://ufcstats.com/event-details/69108cb8b32efe04,,"March 21, 2026",2026-03-21,"London, England, United Kingdom",aaa06764546e4b35d279,,99,Mario Pinto,Felipe Franco,Mario Pinto,W,Heavyweight Bout,"('felipe franco', 'mario pinto')"
69108cb8b32efe04,http://ufcstats.com/event-details/69108cb8b32efe04,,"March 21, 2026",2026-03-21,"London, England, United Kingdom",d8984c8b692ebd971e37,,99,Nathaniel Wood,Losene Keita,Nathaniel Wood,W,Featherweight Bout,"('losene keita', 'nathaniel wood')"
69108cb8b32efe04,http://ufcstats.com/event-details/69108cb8b32efe04,,"March 21, 2026",2026-03-21,"London, England, United Kingdom",50ed66c62797dd400c18,,99,Mason Jones,Axel Sola,Mason Jones,W,Lightweight Bout,"('axel sola', 'mason jones')"
69108cb8b32efe04,http://ufcstats.com/event-details/69108cb8b32efe04,,"March 21, 2026",2026-03-21,"London, England, United Kingdom",ae59231d13a4c752b87e,,99,Kurtis Campbell,Danny Silva,Danny Silva,L,Featherweight Bout,"('danny silva', 'kurtis campbell')"
69108cb8b32efe04,http://ufcstats.com/event-details/69108cb8b32efe04,,"March 21, 2026",2026-03-21,"London, England, United Kingdom",9884a9a7f4a8791fdbe6,,99,Iwo Baraniewski,Austen Lane,Iwo Baraniewski,W,Light Heavyweight Bout,"('austen lane', 'iwo baraniewski')"
69108cb8b32efe04,http://ufcstats.com/event-details/69108cb8b32efe04,,"March 21, 2026",2026-03-21,"London, England, United Kingdom",e6d34eddb81daa33a8c5,,99,Roman Dolidze,Christian Leroy Duncan,Christian Leroy Duncan,L,Middleweight Bout,"('christian leroy duncan', 'roman dolidze')"
69108cb8b32efe04,http://ufcstats.com/event-details/69108cb8b32efe04,,"March 21, 2026",2026-03-21,"London, England, United Kingdom",9688e886323d42cc3137,,99,Michael Page,Sam Patterson,Michael Page,W,Welterweight Bout,"('michael page', 'sam patterson')"
69108cb8b32efe04,http://ufcstats.com/event-details/69108cb8b32efe04,,"March 21, 2026",2026-03-21,"London, England, United Kingdom",7e8cfbe54674458dbf8a,,99,Luke Riley,Michael Aswell Jr.,Luke Riley,W,Featherweight Bout,"('luke riley', 'michael aswell jr')"
69108cb8b32efe04,http://ufcstats.com/event-details/69108cb8b32efe04,,"March 21, 2026",2026-03-21,"London, England, United Kingdom",b637e8d485247e3cda56,,99,Movsar Evloev,Lerone Murphy,Movsar Evloev,W,Featherweight Bout,"('lerone murphy', 'movsar evloev')"
babc6b5745335f18,http://ufcstats.com/event-details/babc6b5745335f18,,"March 14, 2026",2026-03-14,"Las Vegas, Nevada, USA",c91c01842f5199cbbf0f,,99,Bia Mesquita,Montse Rendon,Bia Mesquita,W,Women's Bantamweight Bout,"('bia mesquita', 'montse rendon')"
babc6b5745335f18,http://ufcstats.com/event-details/babc6b5745335f18,,"March 14, 2026",2026-03-14,"Las Vegas, Nevada, USA",0247b14963655bbf4fc9,,99,Luan Lacerda,Hecher Sosa,Hecher Sosa,L,Bantamweight Bout,"('hecher sosa', 'luan lacerda')"
babc6b5745335f18,http://ufcstats.com/event-details/babc6b5745335f18,,"March 14, 2026",2026-03-14,"Las Vegas, Nevada, USA",d110c320eea5b9cb2639,,99,Brad Tavares,Eryk Anders,Eryk Anders,L,Middleweight Bout,"('brad tavares', 'eryk anders')"
babc6b5745335f18,http://ufcstats.com/event-details/babc6b5745335f18,,"March 14, 2026",2026-03-14,"Las Vegas, Nevada, USA",8862d3af5eda533ffee3,,99,Bolaji Oki,Manoel Sousa,Manoel Sousa,L,Lightweight Bout,"('bolaji oki', 'manoel sousa')"
babc6b5745335f18,http://ufcstats.com/event-details/babc6b5745335f18,,"March 14, 2026",2026-03-14,"Las Vegas, Nevada, USA",5332244e789270193b6f,,99,Elijah Smith,SuYoung You,Elijah Smith,W,Bantamweight Bout,"('elijah smith', 'suyoung you')"
babc6b5745335f18,http://ufcstats.com/event-details/babc6b5745335f18,,"March 14, 2026",2026-03-14,"Las Vegas, Nevada, USA",83d5b9a93b11ac71e7bc,,99,Vitor Petrino,Steven Asplund,Vitor Petrino,W,Heavyweight Bout,"('steven asplund', 'vitor petrino')"
babc6b5745335f18,http://ufcstats.com/event-details/babc6b5745335f18,,"March 14, 2026",2026-03-14,"Las Vegas, Nevada, USA",6143c08e081701d24cda,,99,Charles Johnson,Bruno Silva,Charles Johnson,W,Flyweight Bout,"('bruno silva', 'charles johnson')"
babc6b5745335f18,http://ufcstats.com/event-details/babc6b5745335f18,,"March 14, 2026",2026-03-14,"Las Vegas, Nevada, USA",7acbef30bea908938898,,99,Chris Curtis,Myktybek Orolbai,Myktybek Orolbai,L,Welterweight Bout,"('chris curtis', 'myktybek orolbai')"
babc6b5745335f18,http://ufcstats.com/event-details/babc6b5745335f18,,"March 14, 2026",2026-03-14,"Las Vegas, Nevada, USA",3e6c7adfd7001d41de63,,99,Ion Cutelaba,Oumar Sy,Ion Cutelaba,W,Light Heavyweight Bout,"('ion cutelaba', 'oumar sy')"
babc6b5745335f18,http://ufcstats.com/event-details/babc6b5745335f18,,"March 14, 2026",2026-03-14,"Las Vegas, Nevada, USA",074e3df5c668178a8f24,,99,Marwan Rahiki,Harry Hardwick,Marwan Rahiki,W,Featherweight Bout,"('harry hardwick', 'marwan rahiki')"
babc6b5745335f18,http://ufcstats.com/event-details/babc6b5745335f18,,"March 14, 2026",2026-03-14,"Las Vegas, Nevada, USA",91c51ab8d8cf25e864ad,,99,Andre Fili,Jose Delgado,Jose Delgado,L,Featherweight Bout,"('andre fili', 'jose delgado')"
babc6b5745335f18,http://ufcstats.com/event-details/babc6b5745335f18,,"March 14, 2026",2026-03-14,"Las Vegas, Nevada, USA",4b1ee729c53552792137,,99,Amanda Lemos,Gillian Robertson,Gillian Robertson,L,Women's Strawweight Bout,"('amanda lemos', 'gillian robertson')"
babc6b5745335f18,http://ufcstats.com/event-details/babc6b5745335f18,,"March 14, 2026",2026-03-14,"Las Vegas, Nevada, USA",c5f27cbbf98e09b95762,,99,Josh Emmett,Kevin Vallejos,Kevin Vallejos,L,Featherweight Bout,"('josh emmett', 'kevin vallejos')"
15ec018d144710db,http://ufcstats.com/event-details/15ec018d144710db,,"March 07, 2026",2026-03-07,"Las Vegas, Nevada, USA",0cd1466d1b2d72e710e8,,99,Rafael Tobias,Diyar Nurgozhay,Diyar Nurgozhay,L,Light Heavyweight Bout,"('diyar nurgozhay', 'rafael tobias')"
15ec018d144710db,http://ufcstats.com/event-details/15ec018d144710db,,"March 07, 2026",2026-03-07,"Las Vegas, Nevada, USA",74c228969a127fcdfb70,,99,Sumudaerji,Jesus Aguilar,Sumudaerji,W,Flyweight Bout,"('jesus aguilar', 'sumudaerji')"
15ec018d144710db,http://ufcstats.com/event-details/15ec018d144710db,,"March 07, 2026",2026-03-07,"Las Vegas, Nevada, USA",8bdb4d4381291f360950,,99,Cody Durden,Nyamjargal Tumendemberel,Nyamjargal Tumendemberel,L,Flyweight Bout,"('cody durden', 'nyamjargal tumendemberel')"
15ec018d144710db,http://ufcstats.com/event-details/15ec018d144710db,,"March 07, 2026",2026-03-07,"Las Vegas, Nevada, USA",41c2faeb90b2244fe349,,99,Ricky Turcios,Alberto Montes,Alberto Montes,L,Featherweight Bout,"('alberto montes', 'ricky turcios')"
15ec018d144710db,http://ufcstats.com/event-details/15ec018d144710db,,"March 07, 2026",2026-03-07,"Las Vegas, Nevada, USA",ec4085f446c03037e22f,,99,Donte Johnson,Cody Brundage,Donte Johnson,W,Middleweight Bout,"('cody brundage', 'donte johnson')"
15ec018d144710db,http://ufcstats.com/event-details/15ec018d144710db,,"March 07, 2026",2026-03-07,"Las Vegas, Nevada, USA",e3dfa27b447ba4b00061,,99,Cody Garbrandt,Xiao Long,Cody Garbrandt,W,Bantamweight Bout,"('cody garbrandt', 'xiao long')"
15ec018d144710db,http://ufcstats.com/event-details/15ec018d144710db,,"March 07, 2026",2026-03-07,"Las Vegas, Nevada, USA",3a129bfdf0037ccf6c5f,,99,Gregory Rodrigues,Brunno Ferreira,Gregory Rodrigues,W,Middleweight Bout,"('brunno ferreira', 'gregory rodrigues')"
15ec018d144710db,http://ufcstats.com/event-details/15ec018d144710db,,"March 07, 2026",2026-03-07,"Las Vegas, Nevada, USA",9b4a39390c4c9dd1bfa3,,99,Drew Dober,Michael Johnson,Drew Dober,W,Lightweight Bout,"('drew dober', 'michael johnson')"
15ec018d144710db,http://ufcstats.com/event-details/15ec018d144710db,,"March 07, 2026",2026-03-07,"Las Vegas, Nevada, USA",d8fa42e4f2d71362230a,,99,Rob Font,Raul Rosas Jr.,Raul Rosas Jr.,L,Bantamweight Bout,"('raul rosas jr', 'rob font')"
15ec018d144710db,http://ufcstats.com/event-details/15ec018d144710db,,"March 07, 2026",2026-03-07,"Las Vegas, Nevada, USA",3c3d9d3adedd6f1b2898,,99,Caio Borralho,Reinier de Ridder,Caio Borralho,W,Middleweight Bout,"('caio borralho', 'reinier de ridder')"
15ec018d144710db,http://ufcstats.com/event-details/15ec018d144710db,,"March 07, 2026",2026-03-07,"Las Vegas, Nevada, USA",0e78ef30731d9058ca44,,99,Max Holloway,Charles Oliveira,Charles Oliveira,L,Lightweight Bout,"('charles oliveira', 'max holloway')"
f354c50b8d63d9b3,http://ufcstats.com/event-details/f354c50b8d63d9b3,,"July 18, 2026",2026-07-18,"Oklahoma City, Oklahoma, USA",ecb02ddefb8b95e86f24,,99,Anna Melisano,Dione Barbosa,Dione Barbosa,L,Women's Flyweight Bout,"('anna melisano', 'dione barbosa')"
f354c50b8d63d9b3,http://ufcstats.com/event-details/f354c50b8d63d9b3,,"July 18, 2026",2026-07-18,"Oklahoma City, Oklahoma, USA",281ce2a023a74357b7ed,,99,RJ Harris,Alvin Hines,RJ Harris,W,Heavyweight Bout,"('alvin hines', 'rj harris')"
f354c50b8d63d9b3,http://ufcstats.com/event-details/f354c50b8d63d9b3,,"July 18, 2026",2026-07-18,"Oklahoma City, Oklahoma, USA",4e1a30372d927b45148e,,99,Alden Coria,Stewart Nicoll,Alden Coria,W,Flyweight Bout,"('alden coria', 'stewart nicoll')"
f354c50b8d63d9b3,http://ufcstats.com/event-details/f354c50b8d63d9b3,,"July 18, 2026",2026-07-18,"Oklahoma City, Oklahoma, USA",7049aebfa892a85411f4,,99,Ezra Elliott,Damien Anderson,Ezra Elliott,W,Featherweight Bout,"('damien anderson', 'ezra elliott')"
f354c50b8d63d9b3,http://ufcstats.com/event-details/f354c50b8d63d9b3,,"July 18, 2026",2026-07-18,"Oklahoma City, Oklahoma, USA",b2364aa5adae45c39dea,,99,Levi Rodrigues Jr.,Felipe Franco,Felipe Franco,L,Light Heavyweight Bout,"('felipe franco', 'levi rodrigues jr')"
f354c50b8d63d9b3,http://ufcstats.com/event-details/f354c50b8d63d9b3,,"July 18, 2026",2026-07-18,"Oklahoma City, Oklahoma, USA",6e9f6397a46d31367ed9,,99,Jean-Paul Lebosnoyani,Seokhyeon Ko,Jean-Paul Lebosnoyani,W,Welterweight Bout,"('jean paul lebosnoyani', 'seokhyeon ko')"
f354c50b8d63d9b3,http://ufcstats.com/event-details/f354c50b8d63d9b3,,"July 18, 2026",2026-07-18,"Oklahoma City, Oklahoma, USA",d1e09f5dd8171f3825e3,,99,Austin Bashi,Jose Delgado,Jose Delgado,L,Featherweight Bout,"('austin bashi', 'jose delgado')"
f354c50b8d63d9b3,http://ufcstats.com/event-details/f354c50b8d63d9b3,,"July 18, 2026",2026-07-18,"Oklahoma City, Oklahoma, USA",66dc4a0ecdc2d08082e3,,99,Tommy McMillen,Alberto Montes,Tommy McMillen,W,Featherweight Bout,"('alberto montes', 'tommy mcmillen')"
f354c50b8d63d9b3,http://ufcstats.com/event-details/f354c50b8d63d9b3,,"July 18, 2026",2026-07-18,"Oklahoma City, Oklahoma, USA",8eb291ad921ad810a74e,,99,Tabatha Ricci,Fatima Kline,Fatima Kline,L,Women's Strawweight Bout,"('fatima kline', 'tabatha ricci')"
f354c50b8d63d9b3,http://ufcstats.com/event-details/f354c50b8d63d9b3,,"July 18, 2026",2026-07-18,"Oklahoma City, Oklahoma, USA",a2182e95f8fe84c52ef6,,99,Chase Hooper,Mitch Ramirez,Chase Hooper,W,Lightweight Bout,"('chase hooper', 'mitch ramirez')"
f354c50b8d63d9b3,http://ufcstats.com/event-details/f354c50b8d63d9b3,,"July 18, 2026",2026-07-18,"Oklahoma City, Oklahoma, USA",ac4b1e2d91f6b715fd6e,,99,Jared Cannonier,Christian Leroy Duncan,Christian Leroy Duncan,L,Middleweight Bout,"('christian leroy duncan', 'jared cannonier')"
f354c50b8d63d9b3,http://ufcstats.com/event-details/f354c50b8d63d9b3,,"July 18, 2026",2026-07-18,"Oklahoma City, Oklahoma, USA",7c457629f21348751be6,,99,Dricus Du Plessis,Kamaru Usman,Dricus Du Plessis,W,Middleweight Bout,"('dricus du plessis', 'kamaru usman')"
681d07e328798ec0,http://ufcstats.com/event-details/681d07e328798ec0,,"July 25, 2026",2026-07-25,"Abu Dhabi, Abu Dhabi, United Arab Emirates",a22ee15debd2086f7a41,,99,Cody Gibson,Abdul Hussein,Abdul Hussein,L,Bantamweight Bout,"('abdul hussein', 'cody gibson')"
681d07e328798ec0,http://ufcstats.com/event-details/681d07e328798ec0,,"July 25, 2026",2026-07-25,"Abu Dhabi, Abu Dhabi, United Arab Emirates",afe0ba3cb12e92511585,,99,Nurullo Aliev,Mike Davis,Nurullo Aliev,W,Lightweight Bout,"('mike davis', 'nurullo aliev')"
681d07e328798ec0,http://ufcstats.com/event-details/681d07e328798ec0,,"July 25, 2026",2026-07-25,"Abu Dhabi, Abu Dhabi, United Arab Emirates",e39c7acbd0c482c9689c,,99,Magomed Tuchalov,Brendson Ribeiro,Magomed Tuchalov,W,Light Heavyweight Bout,"('brendson ribeiro', 'magomed tuchalov')"
1a50e734bb54861a,http://ufcstats.com/event-details/1a50e734bb54861a,,"August 01, 2026",2026-08-01,"Belgrade, Vojvodina, Serbia",b4b08a33180b7b2d489f,,99,Marina Spasic,Stephanie Luciano,Stephanie Luciano,L,Women's Strawweight Bout,"('marina spasic', 'stephanie luciano')"
495add4fbede0a44,http://ufcstats.com/event-details/495add4fbede0a44,,"August 08, 2026",2026-08-08,"Las Vegas, Nevada, USA",8613cae867b6f8aa7214,,99,Gigi Canuto,Carol Foro,Carol Foro,L,Women's Strawweight Bout,"('carol foro', 'gigi canuto')"
495add4fbede0a44,http://ufcstats.com/event-details/495add4fbede0a44,,"August 08, 2026",2026-08-08,"Las Vegas, Nevada, USA",0bbb6a44b95ddfba7f49,,99,Juliana Miller,Ravena Oliveira,Juliana Miller,W,Women's Flyweight Bout,"('juliana miller', 'ravena oliveira')"
495add4fbede0a44,http://ufcstats.com/event-details/495add4fbede0a44,,"August 08, 2026",2026-08-08,"Las Vegas, Nevada, USA",f953179d398f36ab9f4c,,99,Miles Johns,Gianni Vazquez,Miles Johns,W,Featherweight Bout,"('gianni vazquez', 'miles johns')"
495add4fbede0a44,http://ufcstats.com/event-details/495add4fbede0a44,,"August 08, 2026",2026-08-08,"Las Vegas, Nevada, USA",f845a492d3340b9edbfd,,99,Manoel Sousa,Richie Miranda,Manoel Sousa,W,Lightweight Bout,"('manoel sousa', 'richie miranda')"
495add4fbede0a44,http://ufcstats.com/event-details/495add4fbede0a44,,"August 08, 2026",2026-08-08,"Las Vegas, Nevada, USA",8d097d505bbce7efec41,,99,Louie Sutherland,Jose Montanha,Jose Montanha,L,Heavyweight Bout,"('jose montanha', 'louie sutherland')"
495add4fbede0a44,http://ufcstats.com/event-details/495add4fbede0a44,,"August 08, 2026",2026-08-08,"Las Vegas, Nevada, USA",882154759bdbba4d2de9,,99,Steven Asplund,Guilherme Pat,Steven Asplund,W,Heavyweight Bout,"('guilherme pat', 'steven asplund')"
495add4fbede0a44,http://ufcstats.com/event-details/495add4fbede0a44,,"August 08, 2026",2026-08-08,"Las Vegas, Nevada, USA",f40e01554bcd9ac8b517,,99,Diyar Nurgozhay,Bruno Lopes,Diyar Nurgozhay,W,Light Heavyweight Bout,"('bruno lopes', 'diyar nurgozhay')"
495add4fbede0a44,http://ufcstats.com/event-details/495add4fbede0a44,,"August 08, 2026",2026-08-08,"Las Vegas, Nevada, USA",c9226cb007c6ac33b60c,,99,Billy Ray Goff,Ty Miller,Ty Miller,L,Welterweight Bout,"('billy ray goff', 'ty miller')"
495add4fbede0a44,http://ufcstats.com/event-details/495add4fbede0a44,,"August 08, 2026",2026-08-08,"Las Vegas, Nevada, USA",886024fece18702766ba,,99,Amanda Lemos,Alexia Thainara,Alexia Thainara,L,Women's Strawweight Bout,"('alexia thainara', 'amanda lemos')"
495add4fbede0a44,http://ufcstats.com/event-details/495add4fbede0a44,,"August 08, 2026",2026-08-08,"Las Vegas, Nevada, USA",be1cff34cb795dde46a1,,99,Darren Elkins,Yadier del Valle,Yadier del Valle,L,Featherweight Bout,"('darren elkins', 'yadier del valle')"
495add4fbede0a44,http://ufcstats.com/event-details/495add4fbede0a44,,"August 08, 2026",2026-08-08,"Las Vegas, Nevada, USA",a8d79a68d510ae9cdfd3,,99,Mateusz Gamrot,Quillan Salkilld,Quillan Salkilld,L,Lightweight Bout,"('mateusz gamrot', 'quillan salkilld')"
495add4fbede0a44,http://ufcstats.com/event-details/495add4fbede0a44,,"August 08, 2026",2026-08-08,"Las Vegas, Nevada, USA",cf3d43ecedc949bc9a6f,,99,Diego Ferreira,Billy Quarantillo,Diego Ferreira,W,Lightweight Bout,"('billy quarantillo', 'diego ferreira')"
1a50e734bb54861a,http://ufcstats.com/event-details/1a50e734bb54861a,,"August 01, 2026",2026-08-01,"Belgrade, Vojvodina, Serbia",083a0fa6e6396a8da12d,,99,Nina Milosevic,Hailey Cowan,Nina Milosevic,W,Women's Bantamweight Bout,"('hailey cowan', 'nina milosevic')"
1a50e734bb54861a,http://ufcstats.com/event-details/1a50e734bb54861a,,"August 01, 2026",2026-08-01,"Belgrade, Vojvodina, Serbia",9133902a409e189e342c,,99,Jovan Leka,Alexander Poppeck,Jovan Leka,W,Heavyweight Bout,"('alexander poppeck', 'jovan leka')"
1a50e734bb54861a,http://ufcstats.com/event-details/1a50e734bb54861a,,"August 01, 2026",2026-08-01,"Belgrade, Vojvodina, Serbia",cbcd69e82411be35787d,,99,Borislav Nikolic,Mark Vologdin,Borislav Nikolic,W,Bantamweight Bout,"('borislav nikolic', 'mark vologdin')"
1a50e734bb54861a,http://ufcstats.com/event-details/1a50e734bb54861a,,"August 01, 2026",2026-08-01,"Belgrade, Vojvodina, Serbia",46f09d9257c18b48fff4,,99,Mateusz Rebecki,Kyle Prepolec,Mateusz Rebecki,W,Lightweight Bout,"('kyle prepolec', 'mateusz rebecki')"
1a50e734bb54861a,http://ufcstats.com/event-details/1a50e734bb54861a,,"August 01, 2026",2026-08-01,"Belgrade, Vojvodina, Serbia",ef47757f79c77f3d54b4,,99,Oban Elliott,Michael Oliveira,Michael Oliveira,L,Welterweight Bout,"('michael oliveira', 'oban elliott')"
1a50e734bb54861a,http://ufcstats.com/event-details/1a50e734bb54861a,,"August 01, 2026",2026-08-01,"Belgrade, Vojvodina, Serbia",058f9aea1bb8683475e1,,99,Dennis Buzukja,Bogdan Grad,Bogdan Grad,L,Featherweight Bout,"('bogdan grad', 'dennis buzukja')"
1a50e734bb54861a,http://ufcstats.com/event-details/1a50e734bb54861a,,"August 01, 2026",2026-08-01,"Belgrade, Vojvodina, Serbia",5c9419dd61dff4b58d94,,99,Ludovit Klein,Tofiq Musayev,Tofiq Musayev,L,Lightweight Bout,"('ludovit klein', 'tofiq musayev')"
1a50e734bb54861a,http://ufcstats.com/event-details/1a50e734bb54861a,,"August 01, 2026",2026-08-01,"Belgrade, Vojvodina, Serbia",105ec9d435f1e11186f7,,99,Vlasto Cepo,Gilbert Urbina,Gilbert Urbina,L,Middleweight Bout,"('gilbert urbina', 'vlasto cepo')"
1a50e734bb54861a,http://ufcstats.com/event-details/1a50e734bb54861a,,"August 01, 2026",2026-08-01,"Belgrade, Vojvodina, Serbia",c2f2d7590556bf604804,,99,Dusko Todorovic,Robert Valentin,Robert Valentin,L,Middleweight Bout,"('dusko todorovic', 'robert valentin')"
1a50e734bb54861a,http://ufcstats.com/event-details/1a50e734bb54861a,,"August 01, 2026",2026-08-01,"Belgrade, Vojvodina, Serbia",3495b3f90d859d1832fd,,99,Milos Janicic,Noah Gugnon,Noah Gugnon,L,Lightweight Bout,"('milos janicic', 'noah gugnon')"
1a50e734bb54861a,http://ufcstats.com/event-details/1a50e734bb54861a,,"August 01, 2026",2026-08-01,"Belgrade, Vojvodina, Serbia",edb821cd03911f78b0fa,,99,Aleksandar Rakic,Marcin Tybura,Aleksandar Rakic,W,Heavyweight Bout,"('aleksandar rakic', 'marcin tybura')"
1a50e734bb54861a,http://ufcstats.com/event-details/1a50e734bb54861a,,"August 01, 2026",2026-08-01,"Belgrade, Vojvodina, Serbia",4eb0053e15c20c645034,,99,Uros Medic,Daniel Rodriguez,Uros Medic,W,Welterweight Bout,"('daniel rodriguez', 'uros medic')"
1a50e734bb54861a,http://ufcstats.com/event-details/1a50e734bb54861a,,"August 01, 2026",2026-08-01,"Belgrade, Vojvodina, Serbia",cdaf555d92c9c46baea7,,99,Jan Blachowicz,Navajo Stirling,Navajo Stirling,L,Light Heavyweight Bout,"('jan blachowicz', 'navajo stirling')"
681d07e328798ec0,http://ufcstats.com/event-details/681d07e328798ec0,,"July 25, 2026",2026-07-25,"Abu Dhabi, Abu Dhabi, United Arab Emirates",c37d7252dda9a5078114,,99,Santiago Ponzinibbio,Sam Patterson,Sam Patterson,L,Welterweight Bout,"('sam patterson', 'santiago ponzinibbio')"
681d07e328798ec0,http://ufcstats.com/event-details/681d07e328798ec0,,"July 25, 2026",2026-07-25,"Abu Dhabi, Abu Dhabi, United Arab Emirates",3b17678a95e04865565a,,99,Ismael Bonfim,Axel Sola,Axel Sola,L,Lightweight Bout,"('axel sola', 'ismael bonfim')"
681d07e328798ec0,http://ufcstats.com/event-details/681d07e328798ec0,,"July 25, 2026",2026-07-25,"Abu Dhabi, Abu Dhabi, United Arab Emirates",d910ec2287e8a70f8029,,99,Dustin Jacoby,Muhammad Saidov,Muhammad Saidov,L,Light Heavyweight Bout,"('dustin jacoby', 'muhammad saidov')"
681d07e328798ec0,http://ufcstats.com/event-details/681d07e328798ec0,,"July 25, 2026",2026-07-25,"Abu Dhabi, Abu Dhabi, United Arab Emirates",801423d5a5a7374e1cf3,,99,Abubakar Vagaev,Saygid Izagakhmaev,Abubakar Vagaev,W,Welterweight Bout,"('abubakar vagaev', 'saygid izagakhmaev')"
681d07e328798ec0,http://ufcstats.com/event-details/681d07e328798ec0,,"July 25, 2026",2026-07-25,"Abu Dhabi, Abu Dhabi, United Arab Emirates",f058f881adccadfa28b8,,99,Rizvan Kuniev,Tyrell Fortune,Rizvan Kuniev,W,Heavyweight Bout,"('rizvan kuniev', 'tyrell fortune')"
681d07e328798ec0,http://ufcstats.com/event-details/681d07e328798ec0,,"July 25, 2026",2026-07-25,"Abu Dhabi, Abu Dhabi, United Arab Emirates",f3e8a2f420b0dedd2a5e,,99,Valter Walker,Thomas Petersen,Valter Walker,W,Heavyweight Bout,"('thomas petersen', 'valter walker')"
681d07e328798ec0,http://ufcstats.com/event-details/681d07e328798ec0,,"July 25, 2026",2026-07-25,"Abu Dhabi, Abu Dhabi, United Arab Emirates",36e31ecb5e5293d338d9,,99,Magomed Zaynukov,Damian Rzepecki,Magomed Zaynukov,W,Lightweight Bout,"('damian rzepecki', 'magomed zaynukov')"
681d07e328798ec0,http://ufcstats.com/event-details/681d07e328798ec0,,"July 25, 2026",2026-07-25,"Abu Dhabi, Abu Dhabi, United Arab Emirates",352b33510046b21c4af1,,99,Magomed Ankalaev,Bogdan Guskov,Magomed Ankalaev,W,Light Heavyweight Bout,"('bogdan guskov', 'magomed ankalaev')"
681d07e328798ec0,http://ufcstats.com/event-details/681d07e328798ec0,,"July 25, 2026",2026-07-25,"Abu Dhabi, Abu Dhabi, United Arab Emirates",a0845b5e1180cce5c49f,,99,Steve Erceg,Ramazan Temirov,Ramazan Temirov,L,Flyweight Bout,"('ramazan temirov', 'steve erceg')"
